search_keyword,title,company,location,salary_min,salary_max,category,created,description,redirect_url,combined_text,extracted_skills
data analyst,Data Analyst,"Altair Data Resources, Inc.","Brentwood, Williamson County",60000.0,80000.0,IT Jobs,2026-09-25 21:59:05+00:00,"Description: Altair Data Resources is seeking a Data Analyst with professional experience in data processing, analysis, and automation who is looking for an opportunity to work in an entrepreneurial, high-growth, collaborative environment. As part of our Data Analyst group, you will help clients prepare, understand, and gain value from their data. This role emphasizes Python, SQL, and extract, transform, and load (ETL) workflows to process, validate, analyze, and deliver data. You will also lev…",https://www.adzuna.com/details/5899042199?utm_medium=api&utm_source=e45342b0,"Data Analyst Description: Altair Data Resources is seeking a Data Analyst with professional experience in data processing, analysis, and automation who is looking for an opportunity to work in an entrepreneurial, high-growth, collaborative environment. As part of our Data Analyst group, you will help clients prepare, understand, and gain value from their data. This role emphasizes Python, SQL, and extract, transform, and load (ETL) workflows to process, validate, analyze, and deliver data. You will also lev… IT Jobs","['python', 'sql', 'etl']"
data analyst,Privacy Program Data Analyst (HIPAA),WMCHealth,"Valhalla, Westchester County",76953.42,76953.42,Healthcare & Nursing Jobs,2026-08-24 02:59:05+00:00,"Job Summary : The Privacy Program Data Analyst supports the WMC Health Networks privacy program by analyzing privacy-related data, assisting in risk assessments, and ensuring compliance with HIPAA and other privacy regulations. Reporting to the Director of Privacy Program, this role helps monitor privacy incidents, track trends in privacy risks, support privacy investigations, and assist in maintaining privacy policies and training programs. The Privacy Analyst collaborates with various departm…",https://www.adzuna.com/land/ad/5854221865?se=ngjv3ja78RGomOTbcVFFeg&utm_medium=api&utm_source=e45342b0&v=8FB2E3BF57F80A54B8AF09FB0C3B3AF504CC8C4D,"Privacy Program Data Analyst (HIPAA) Job Summary : The Privacy Program Data Analyst supports the WMC Health Networks privacy program by analyzing privacy-related data, assisting in risk assessments, and ensuring compliance with HIPAA and other privacy regulations. Reporting to the Director of Privacy Program, this role helps monitor privacy incidents, track trends in privacy risks, support privacy investigations, and assist in maintaining privacy policies and training programs. The Privacy Analyst collaborates with various departm… Healthcare & Nursing Jobs",[]
data analyst,Data Analyst,Guidehouse,"Madison, Madison County",103253.55,103253.55,IT Jobs,2026-09-28 00:37:44+00:00,"Job Family : Data Science Consulting Travel Required : Up to 10% Clearance Required : Active Secret What You Will Do : Guidehouse is seeking a Data Analyst who will provide data solutions (analysis, data engineering, data science etc.) to a Department of War client. You will be a part of a multi-disciplinary, high-impact team. The ideal candidate will perform technical tasks that include, but are not limited to, building data pipelines and developing visualizations. These tasks will involve usi…",https://www.adzuna.com/land/ad/5901208184?se=ngjv3ja78RGomOTbcVFFeg&utm_medium=api&utm_source=e45342b0&v=647D21740CB536DC3C6E7ADA9097B59351E6FDA2,"Data Analyst Job Family : Data Science Consulting Travel Required : Up to 10% Clearance Required : Active Secret What You Will Do : Guidehouse is seeking a Data Analyst who will provide data solutions (analysis, data engineering, data science etc.) to a Department of War client. You will be a part of a multi-disciplinary, high-impact team. The ideal candidate will perform technical tasks that include, but are not limited to, building data pipelines and developing visualizations. These tasks will involve usi… IT Jobs",[]
data analyst,Data analyst,Vaco LLC,"Nashville, Davidson County",120640.0,120640.0,IT Jobs,2026-09-24 08:55:11+00:00,"Data Analyst Location: Hybrid | Nashville, TN Employment Type: Contract with Potential Conversion Compensation: Up to $58/hour Job Summary We are seeking a Data Analyst to join a growing team responsible for delivering data-driven solutions that support business operations, reporting, analytics, and decision-making. This role offers the opportunity to work across the full data lifecycle, including data extraction, transformation, analysis, reporting, dashboard development, and process automatio…",https://www.adzuna.com/land/ad/5896874781?se=ngjv3ja78RGomOTbcVFFeg&utm_medium=api&utm_source=e45342b0&v=9B28DE767D092B5ED93065FE73CDA4CB1009590A,"Data analyst Data Analyst Location: Hybrid | Nashville, TN Employment Type: Contract with Potential Conversion Compensation: Up to $58/hour Job Summary We are seeking a Data Analyst to join a growing team responsible for delivering data-driven solutions that support business operations, reporting, analytics, and decision-making. This role offers the opportunity to work across the full data lifecycle, including data extraction, transformation, analysis, reporting, dashboard development, and process automatio… IT Jobs",[]
data analyst,Security Assistance Data Analyst,Guidehouse,"Rosslyn, Arlington County",125443.02,125443.02,IT Jobs,2026-09-28 00:37:43+00:00,"Job Family : Data Science Consulting Travel Required : Up to 10% Clearance Required : Active Secret What You Will Do: The Security Assistance Data Analyst serves as the principal analyst and integrator for the Department of State (DoS) Political‑Military Affairs Bureau. In this role, you will lead data management, visualization, and reporting efforts related to Security Assistance accounts and interagency coordination. Your work will help drive informed decision‑making and strengthen program ex…",https://www.adzuna.com/land/ad/5901208152?se=ngjv3ja78RGomOTbcVFFeg&utm_medium=api&utm_source=e45342b0&v=6151A3FA23F3B62BDF833588FA69A88FA65CC2DC,"Security Assistance Data Analyst Job Family : Data Science Consulting Travel Required : Up to 10% Clearance Required : Active Secret What You Will Do: The Security Assistance Data Analyst serves as the principal analyst and integrator for the Department of State (DoS) Political‑Military Affairs Bureau. In this role, you will lead data management, visualization, and reporting efforts related to Security Assistance accounts and interagency coordination. Your work will help drive informed decision‑making and strengthen program ex… IT Jobs",[]
data analyst,Human Resources Data Analyst,Arnold Porter,"Washington, Washington, D.C.",82400.0,110000.0,HR & Recruitment Jobs,2026-09-16 16:12:22+00:00,"Arnold & Porter is an international law firm with offices across the United States, Europe, and Asia. The firm provides sophisticated regulatory, litigation, and transactional services to clients across a broad range of industries, including more than half of the Fortune 100. We are seeking a detail-oriented Human Resources Data Analyst to support critical compensation, pay-equity, and compliance initiatives for professional staff. This role will partner closely with the Chief Human Resources O…",https://www.adzuna.com/land/ad/5886631734?se=ngjv3ja78RGomOTbcVFFeg&utm_medium=api&utm_source=e45342b0&v=85097F6DCA7401CD7EA345DBCFFC55E7731DAA7E,"Human Resources Data Analyst Arnold & Porter is an international law firm with offices across the United States, Europe, and Asia. The firm provides sophisticated regulatory, litigation, and transactional services to clients across a broad range of industries, including more than half of the Fortune 100. We are seeking a detail-oriented Human Resources Data Analyst to support critical compensation, pay-equity, and compliance initiatives for professional staff. This role will partner closely with the Chief Human Resources O… HR & Recruitment Jobs",[]
data analyst,Data Analyst/Power Platform,Guidehouse,"Madison, Madison County",124678.16,124678.16,IT Jobs,2026-09-28 00:37:43+00:00,"Job Family : Data Science Consulting Travel Required : None Clearance Required : Active Secret What You Will Do: Collect, clean, validate, and analyze data from multiple sources to support business, operational, and reporting needs. Develop and maintain dashboards, reports, and data visualizations using Power BI and related Microsoft Power Platform tools. Build and support Power Apps solutions to streamline workflows, improve data capture, and enhance user experience. Automate recurring process…",https://www.adzuna.com/land/ad/5901208174?se=ngjv3ja78RGomOTbcVFFeg&utm_medium=api&utm_source=e45342b0&v=3148E7ECC06BE25BFA24DA906C615A07F54B500C,"Data Analyst/Power Platform Job Family : Data Science Consulting Travel Required : None Clearance Required : Active Secret What You Will Do: Collect, clean, validate, and analyze data from multiple sources to support business, operational, and reporting needs. Develop and maintain dashboards, reports, and data visualizations using Power BI and related Microsoft Power Platform tools. Build and support Power Apps solutions to streamline workflows, improve data capture, and enhance user experience. Automate recurring process… IT Jobs",['power bi']
data analyst,Data Analyst,MANTECH,"Springfield, Effingham County",78684.16,78684.16,IT Jobs,2026-09-17 22:33:05+00:00,"hackajob is collaborating with MANTECH to connect them with exceptional professionals for this role. MANTECH seeks a motivated, career and customer-oriented Data Analyst to join our team in Springfield, VA . This is a full-time onsite position. The Data Analyst shall support the maintenance of data holdings, ensure compliance to data standards, and perform quantitative analysis of data. Data analysis will involve transforming data, developing visuals to assist with data understanding, and condu…",https://www.adzuna.com/land/ad/5888579132?se=ngjv3ja78RGomOTbcVFFeg&utm_medium=api&utm_source=e45342b0&v=ADBD3D8B7ADB644A2503AE1C08689EF4B4BC5AD9,"Data Analyst hackajob is collaborating with MANTECH to connect them with exceptional professionals for this role. MANTECH seeks a motivated, career and customer-oriented Data Analyst to join our team in Springfield, VA . This is a full-time onsite position. The Data Analyst shall support the maintenance of data holdings, ensure compliance to data standards, and perform quantitative analysis of data. Data analysis will involve transforming data, developing visuals to assist with data understanding, and condu… IT Jobs",[]
data analyst,Data Analyst,MANTECH,"Tampa, Hillsborough County",82150.41,82150.41,IT Jobs,2026-08-01 06:42:49+00:00,"hackajob is collaborating with MANTECH to connect them with exceptional professionals for this role. MANTECH seeks a motivated, career and customer-oriented Data Analyst to join our team in Tampa, FL . The Data Analyst will leverage their strong technical background and knowledge to manipulate and analyze data in accordance with data management policies to support mission and business functions and tasks. Responsibilities include but are not limited to: Identifying new sources of data and metho…",https://www.adzuna.com/land/ad/5823867997?se=ngjv3ja78RGomOTbcVFFeg&utm_medium=api&utm_source=e45342b0&v=757201D9115334E84AAE7E3A8E06E978454B5FE9,"Data Analyst hackajob is collaborating with MANTECH to connect them with exceptional professionals for this role. MANTECH seeks a motivated, career and customer-oriented Data Analyst to join our team in Tampa, FL . The Data Analyst will leverage their strong technical background and knowledge to manipulate and analyze data in accordance with data management policies to support mission and business functions and tasks. Responsibilities include but are not limited to: Identifying new sources of data and metho… IT Jobs",[]
data analyst,Data Analyst,Bet365,"Denver, Colorado",105242.86,105242.86,IT Jobs,2026-09-09 19:49:00+00:00,"hackajob is collaborating with Bet365 to connect them with exceptional professionals for this role. As a Data Analyst, you will turn complex data into clear insight that supports better decisions across our business Within our AI and Automation department, the Data Team transforms large and complex datasets into practical reporting, clear insight and visual stories that support both operational and strategic decisions. This role focuses on building dashboards, responding to analytical requests …",https://www.adzuna.com/land/ad/5877658057?se=ngjv3ja78RGomOTbcVFFeg&utm_medium=api&utm_source=e45342b0&v=2B2D77C0DB38B0C76F35884A8F84CD245DB89005,"Data Analyst hackajob is collaborating with Bet365 to connect them with exceptional professionals for this role. As a Data Analyst, you will turn complex data into clear insight that supports better decisions across our business Within our AI and Automation department, the Data Team transforms large and complex datasets into practical reporting, clear insight and visual stories that support both operational and strategic decisions. This role focuses on building dashboards, responding to analytical requests … IT Jobs",[]
data analyst,Data Analyst (Financials data Analyst),"eSolutionsFirst, LLC","Vienna, Fairfax County",65915.28,65915.28,Accounting & Finance Jobs,2026-09-16 12:07:46+00:00,"Hi, We currently have an exciting opportunity for Data Analyst(Financials data Analyst) with one of our direct clients. This is an onsite position based in Vienna, VA (Onsite) .Please let me know if you would be interested in discussing this opportunity further. I d be happy to connect at a time that works for you. Role::Data Analyst (Financials data Analyst) Location::Vienna, VA (Onsite) In this role within Platforms & Partnerships, Strategic Finance and Operations team, the Data Analyst will …",https://www.adzuna.com/land/ad/5886391534?se=ngjv3ja78RGomOTbcVFFeg&utm_medium=api&utm_source=e45342b0&v=0F9C8860B8091EB0447A3644AE0FECCEF53D96F0,"Data Analyst (Financials data Analyst) Hi, We currently have an exciting opportunity for Data Analyst(Financials data Analyst) with one of our direct clients. This is an onsite position based in Vienna, VA (Onsite) .Please let me know if you would be interested in discussing this opportunity further. I d be happy to connect at a time that works for you. Role::Data Analyst (Financials data Analyst) Location::Vienna, VA (Onsite) In this role within Platforms & Partnerships, Strategic Finance and Operations team, the Data Analyst will … Accounting & Finance Jobs",[]
data analyst,Data Analyst,Na Oiwi Kane,"Mount Rainier, Prince George's County",148544.22,148544.22,IT Jobs,2026-07-23 21:24:28+00:00,"Overview Job Summary Galapagos Federal Systems LLC is looking for an enthusiastic, well-qualified individual to fill the Data Analyst position. This role offers the opportunity to work with a diverse and talented group of individuals committed to driving success. The ideal candidate is responsible for collecting, analyzing, and managing system and project data to support Tech Refresh operations, data-driven decision-making, and process improvement initiatives. The Data Analyst provides actionab…",https://www.adzuna.com/land/ad/5813141729?se=ngjv3ja78RGomOTbcVFFeg&utm_medium=api&utm_source=e45342b0&v=E73568B4D251D07DD28B4B0DC53EE801E51F7F70,"Data Analyst Overview Job Summary Galapagos Federal Systems LLC is looking for an enthusiastic, well-qualified individual to fill the Data Analyst position. This role offers the opportunity to work with a diverse and talented group of individuals committed to driving success. The ideal candidate is responsible for collecting, analyzing, and managing system and project data to support Tech Refresh operations, data-driven decision-making, and process improvement initiatives. The Data Analyst provides actionab… IT Jobs",[]
data analyst,Data Analyst,"Judge Group, Inc.","Bridgeport, Montgomery County",107764.72,107764.72,IT Jobs,2026-06-24 22:42:09+00:00,"Location: Bridgeport, PA Salary: $70,000.00 USD Annually - $85,000.00 USD Annually Description: Data Analyst (Power BI/SQL) Location: Conshohocken, PA Salary: $70,000 - $85,000 Overview We are seeking a Data Analyst with 3-5 years of experience to support reporting, analytics, and data visualization initiatives. The ideal candidate will have strong expertise in Power BI and SQL, along with a solid foundation in data modeling and analytics best practices. Key Responsibilities Develop, maintain, …",https://www.adzuna.com/land/ad/5775687128?se=ngjv3ja78RGomOTbcVFFeg&utm_medium=api&utm_source=e45342b0&v=52DE47B215F783A25B0FC96FB344E0BBB6ADA5DF,"Data Analyst Location: Bridgeport, PA Salary: $70,000.00 USD Annually - $85,000.00 USD Annually Description: Data Analyst (Power BI/SQL) Location: Conshohocken, PA Salary: $70,000 - $85,000 Overview We are seeking a Data Analyst with 3-5 years of experience to support reporting, analytics, and data visualization initiatives. The ideal candidate will have strong expertise in Power BI and SQL, along with a solid foundation in data modeling and analytics best practices. Key Responsibilities Develop, maintain, … IT Jobs","['sql', 'power bi', 'data visualization']"
data analyst,Data Analyst,Alpha Omega Integration LLC,"Millington, Shelby County",81868.15,81868.15,IT Jobs,2026-08-06 19:44:50+00:00,"Job Title: Data Analyst Clearance Required: Secret - U.S. Citizenship Required Work Location: Onsite - Millington, TN Alpha Omega is searching for an experienced Data Analyst to join one of our long-term Federal projects. Identifies and collects data sources, analyzes and extracts key data and information, evaluates and monitors data quality to meet the organization's information system needs and requirements. Applies specific functional knowledge, working/general industry knowledge. Develops o…",https://www.adzuna.com/land/ad/5831231459?se=ngjv3ja78RGomOTbcVFFeg&utm_medium=api&utm_source=e45342b0&v=805B4DED8B44D632371EB38091A8A8BB4E9A2FED,"Data Analyst Job Title: Data Analyst Clearance Required: Secret - U.S. Citizenship Required Work Location: Onsite - Millington, TN Alpha Omega is searching for an experienced Data Analyst to join one of our long-term Federal projects. Identifies and collects data sources, analyzes and extracts key data and information, evaluates and monitors data quality to meet the organization's information system needs and requirements. Applies specific functional knowledge, working/general industry knowledge. Develops o… IT Jobs",[]
data analyst,Data Analyst,Changeis Inc,US,95794.01,95794.01,IT Jobs,2026-09-03 19:57:15+00:00,"Data Analyst - 100% Remote We are seeking a Senior Data Analyst with a strong analytical mindset and a passion for improving transportation and transportation safety. This role involves working on innovative projects with our Federal partners at the Volpe National Transportation Systems Center. If you have a proven track record in data analysis, a keen eye for detail, and a desire to make meaningful contributions in solving transportation-related challenges, we’d like to hear from you. Key Resp…",https://www.adzuna.com/land/ad/5869673291?se=ngjv3ja78RGomOTbcVFFeg&utm_medium=api&utm_source=e45342b0&v=2A6B5A8298BB5142A58183D75D5E3E1EFF34853B,"Data Analyst Data Analyst - 100% Remote We are seeking a Senior Data Analyst with a strong analytical mindset and a passion for improving transportation and transportation safety. This role involves working on innovative projects with our Federal partners at the Volpe National Transportation Systems Center. If you have a proven track record in data analysis, a keen eye for detail, and a desire to make meaningful contributions in solving transportation-related challenges, we’d like to hear from you. Key Resp… IT Jobs",[]
data analyst,Data Analyst,Alpha Omega Integration LLC,"Mount Rainier, Prince George's County",92725.16,92725.16,IT Jobs,2026-09-18 20:20:12+00:00,"Job Title: Data Analyst Work Location: Hybrid; onsite 2 days a week minimum/once a month on-site customer facing meeting; in the National Capital Region (Arlington, VA or Washington, DC) (applicants must be based within a commutable distance (no more than 2 hours) within the National Capital Region Alpha Omega is currently seeking a detail-oriented Data Analyst to join one of our long-term Federal projects. The 287(g) Data Analyst is responsible for the end-to-end data lifecycle of the 287(g) p…",https://www.adzuna.com/land/ad/5889913643?se=ngjv3ja78RGomOTbcVFFeg&utm_medium=api&utm_source=e45342b0&v=3F937331BAAE967717DF2A9847423D73E7BE71C0,"Data Analyst Job Title: Data Analyst Work Location: Hybrid; onsite 2 days a week minimum/once a month on-site customer facing meeting; in the National Capital Region (Arlington, VA or Washington, DC) (applicants must be based within a commutable distance (no more than 2 hours) within the National Capital Region Alpha Omega is currently seeking a detail-oriented Data Analyst to join one of our long-term Federal projects. The 287(g) Data Analyst is responsible for the end-to-end data lifecycle of the 287(g) p… IT Jobs",[]
data analyst,Data Analyst,Booz Allen Hamilton,"Mount Rainier, Prince George's County",111172.81,111172.81,IT Jobs,2026-09-18 12:45:15+00:00,"Job Number: R0249069 Data Analyst The Opportunity: As data analyst, you love diving into data and turning it into meaningful insights. With the abundance of structured and unstructured data, you understand the importance of transforming complex data sets into useful information to solve challenges. As a data analyst at Booz Allen, you can use your skills and experience to support a mission and use data for good. We need a data expert like you to bring your expertise to empower our clients. As a…",https://www.adzuna.com/land/ad/5889617102?se=ngjv3ja78RGomOTbcVFFeg&utm_medium=api&utm_source=e45342b0&v=B252DEE7AB2D6D940C2B28F8DF076D166B70F197,"Data Analyst Job Number: R0249069 Data Analyst The Opportunity: As data analyst, you love diving into data and turning it into meaningful insights. With the abundance of structured and unstructured data, you understand the importance of transforming complex data sets into useful information to solve challenges. As a data analyst at Booz Allen, you can use your skills and experience to support a mission and use data for good. We need a data expert like you to bring your expertise to empower our clients. As a… IT Jobs",[]
data analyst,Data Analyst,Booz Allen Hamilton,"Camp Lejeune, Onslow County",114923.66,114923.66,IT Jobs,2026-09-22 18:44:56+00:00,"Job Number: R0241239 Data Analyst The Opportunity: As a Data Analyst, you enjoy diving into data and turning it into meaningful insights. With the abundance of structured and unstructured data, you understand the importance of transforming complex data sets into useful information to solve challenges. As a client-facing data analyst on our team, you'll work with and guide a multi-disciplinary team of analysts, data engineers, developers, and data consumers in a fast-paced, Agile environment. Yo…",https://www.adzuna.com/land/ad/5894382819?se=ngjv3ja78RGomOTbcVFFeg&utm_medium=api&utm_source=e45342b0&v=576277C3AFB0BDC0810EFF4AB6D8184FC206A909,"Data Analyst Job Number: R0241239 Data Analyst The Opportunity: As a Data Analyst, you enjoy diving into data and turning it into meaningful insights. With the abundance of structured and unstructured data, you understand the importance of transforming complex data sets into useful information to solve challenges. As a client-facing data analyst on our team, you'll work with and guide a multi-disciplinary team of analysts, data engineers, developers, and data consumers in a fast-paced, Agile environment. Yo… IT Jobs",['agile']
data analyst,Data Analyst,Kforce Technology Staffing,"Salt Lake City, Salt Lake County",118929.93,118929.93,IT Jobs,2026-09-21 14:34:08+00:00,"RESPONSIBILITIES: Kforce has a client that is seeking a Data Analyst in Salt Lake City, UT. Summary: We are seeking a Data Analyst to play a critical role in building and maintaining the data foundation that powers reporting, analytics, and business insights. This position focuses on integrating data from diverse source systems into modern data platforms, ensuring accuracy, quality, compliance, and usability. REQUIREMENTS: * Bachelor's degree in Data Analytics, Computer Science, Information Sys…",https://www.adzuna.com/land/ad/5893069862?se=ngjv3ja78RGomOTbcVFFeg&utm_medium=api&utm_source=e45342b0&v=FD1EEF3692B5146487A5D8F300B43851C349C6FB,"Data Analyst RESPONSIBILITIES: Kforce has a client that is seeking a Data Analyst in Salt Lake City, UT. Summary: We are seeking a Data Analyst to play a critical role in building and maintaining the data foundation that powers reporting, analytics, and business insights. This position focuses on integrating data from diverse source systems into modern data platforms, ensuring accuracy, quality, compliance, and usability. REQUIREMENTS: * Bachelor's degree in Data Analytics, Computer Science, Information Sys… IT Jobs",[]
data analyst,Data Analyst,Kforce Technology Staffing,"Creve Coeur, Saint Louis County",95726.8,95726.8,Accounting & Finance Jobs,2026-09-18 14:09:41+00:00,"RESPONSIBILITIES: Kforce has a client that is seeking a remote Data Analyst. Summary: The Data Analyst supports client-facing and internal teams by analyzing financial and real estate data to deliver accurate, actionable insights. This role focuses on data analysis, financial modeling, reporting, dashboard development, and data quality. The analyst will work with large datasets, develop KPIs and analytical models, and translate complex data into clear reporting and business insights. Key Respon…",https://www.adzuna.com/land/ad/5889697227?se=ngjv3ja78RGomOTbcVFFeg&utm_medium=api&utm_source=e45342b0&v=A58E4125ED772B801C04B950A0326894AAE35CAE,"Data Analyst RESPONSIBILITIES: Kforce has a client that is seeking a remote Data Analyst. Summary: The Data Analyst supports client-facing and internal teams by analyzing financial and real estate data to deliver accurate, actionable insights. This role focuses on data analysis, financial modeling, reporting, dashboard development, and data quality. The analyst will work with large datasets, develop KPIs and analytical models, and translate complex data into clear reporting and business insights. Key Respon… Accounting & Finance Jobs",[]
data analyst,Data Analyst,Chenega MIOS,"Trade, Alexandria City",64133.36,64133.36,IT Jobs,2026-03-27 10:10:27+00:00,"Data Analyst Alexandria, VA Data Analyst Alexandria, VA Are you ready to enhance your skills and build your career in a rapidly evolving business climate? Are you looking for a career where professional development is embedded in your employer's core culture? If so, Chenega Military, Intelligence & Operations Support (MIOS) could be the place for you! Join our team of professionals who support large-scale government operations by leveraging cutting-edge technology and take your career to the ne…",https://www.adzuna.com/land/ad/5680353927?se=ngjv3ja78RGomOTbcVFFeg&utm_medium=api&utm_source=e45342b0&v=91E49353DBA21C2AB57374AE6A7D962C2A3F700B,"Data Analyst Data Analyst Alexandria, VA Data Analyst Alexandria, VA Are you ready to enhance your skills and build your career in a rapidly evolving business climate? Are you looking for a career where professional development is embedded in your employer's core culture? If so, Chenega Military, Intelligence & Operations Support (MIOS) could be the place for you! Join our team of professionals who support large-scale government operations by leveraging cutting-edge technology and take your career to the ne… IT Jobs",[]
data analyst,Data Analyst,Intrepid,"North Springfield, Fairfax County",131073.56,131073.56,Engineering Jobs,2026-08-12 14:07:27+00:00,"Overview Systems Planning and Analysis, Inc. (SPA) delivers high-impact, technical solutions to complex national security issues. With over 50 years of business expertise and consistent growth, we are known for continuous innovation for our government customers, in both the US and abroad. Our exceptionally talented team is highly collaborative in spirit and practice, producing Results that Matter . Come work with the best! We offer opportunity, unique challenges, and clear-sighted commitment to…",https://www.adzuna.com/land/ad/5838668590?se=ngjv3ja78RGomOTbcVFFeg&utm_medium=api&utm_source=e45342b0&v=C8B9BE0713877A73118293FFFF04E9BBD7A973B6,"Data Analyst Overview Systems Planning and Analysis, Inc. (SPA) delivers high-impact, technical solutions to complex national security issues. With over 50 years of business expertise and consistent growth, we are known for continuous innovation for our government customers, in both the US and abroad. Our exceptionally talented team is highly collaborative in spirit and practice, producing Results that Matter . Come work with the best! We offer opportunity, unique challenges, and clear-sighted commitment to… Engineering Jobs",[]
data analyst,Data Analyst,Advantage Technical,"Plano, Collin County",62351.12,62351.12,IT Jobs,2026-09-18 22:13:06+00:00,"Job Title: Data Analyst Location: Plano, TX Pay Rate: 42.76hr Staffmark Workforce Solutions offers this exciting contract opportunity with a global leader in electronics, mobile devices and appliances located in Plano, TX. Data Analyst Top Skills Experience with Alteryx Experience Designing and building an AI-assisted internal reporting/dashboard solution Demonstrated hands-on experience with KNIME Analytics Platform Position Description This role primarily supports Brand Execution and Retail O…",https://www.adzuna.com/land/ad/5890073211?se=ngjv3ja78RGomOTbcVFFeg&utm_medium=api&utm_source=e45342b0&v=DD268619A93C5FCE345056ECA9213658EAEF7F42,"Data Analyst Job Title: Data Analyst Location: Plano, TX Pay Rate: 42.76hr Staffmark Workforce Solutions offers this exciting contract opportunity with a global leader in electronics, mobile devices and appliances located in Plano, TX. Data Analyst Top Skills Experience with Alteryx Experience Designing and building an AI-assisted internal reporting/dashboard solution Demonstrated hands-on experience with KNIME Analytics Platform Position Description This role primarily supports Brand Execution and Retail O… IT Jobs",[]
data analyst,Data Analyst,Chenega MIOS,"Trade, Alexandria City",68732.12,68732.12,IT Jobs,2026-09-14 21:54:03+00:00,"Req ID: 42155 Summary Data Analyst Alexandria, VA Are you ready to enhance your skills and build your career in a rapidly evolving business climate? Are you looking for a career where professional development is embedded in your employers core culture? If so, Chenega Military, Intelligence & Operations Support (MIOS) could be the place for you! Join our team of professionals who support large-scale government operations by leveraging cutting-edge technology and take your career to the next leve…",https://www.adzuna.com/land/ad/5884166245?se=ngjv3ja78RGomOTbcVFFeg&utm_medium=api&utm_source=e45342b0&v=60A2FB6D201B5EDDBB67DC167ED47C4218D7CED4,"Data Analyst Req ID: 42155 Summary Data Analyst Alexandria, VA Are you ready to enhance your skills and build your career in a rapidly evolving business climate? Are you looking for a career where professional development is embedded in your employers core culture? If so, Chenega Military, Intelligence & Operations Support (MIOS) could be the place for you! Join our team of professionals who support large-scale government operations by leveraging cutting-edge technology and take your career to the next leve… IT Jobs",[]
data analyst,Data Analyst,Chenega MIOS,"Oakton, Fairfax County",70480.59,70480.59,IT Jobs,2026-09-14 21:58:23+00:00,"Req ID: 42122 Summary Data Analyst Oakton, VA Are you ready to enhance your skills and build your career in a rapidly evolving business climate? Are you looking for a career where professional development is embedded in your employers core culture? If so, Chenega Military, Intelligence & Operations Support (MIOS) could be the place for you! Join our team of professionals who support large-scale government operations by leveraging cutting-edge technology and take your career to the next level! T…",https://www.adzuna.com/land/ad/5884167416?se=ngjv3ja78RGomOTbcVFFeg&utm_medium=api&utm_source=e45342b0&v=1468C60B81054A72B184BD1DBD1AF43BFB3EDD26,"Data Analyst Req ID: 42122 Summary Data Analyst Oakton, VA Are you ready to enhance your skills and build your career in a rapidly evolving business climate? Are you looking for a career where professional development is embedded in your employers core culture? If so, Chenega Military, Intelligence & Operations Support (MIOS) could be the place for you! Join our team of professionals who support large-scale government operations by leveraging cutting-edge technology and take your career to the next level! T… IT Jobs",[]
data analyst,Data Analyst,Chenega MIOS,"Trade, Alexandria City",59999.84,59999.84,Admin Jobs,2026-09-17 10:08:17+00:00,"Req ID: 42198 Summary Data Analyst Alexandria, VA Are you ready to enhance your skills and build your career in a rapidly evolving business climate? Are you looking for a career where professional development is embedded in your employers core culture? If so, Chenega Military, Intelligence & Operations Support (MIOS) could be the place for you! Join our team of professionals who support large-scale government operations by leveraging cutting-edge technology and take your career to the next leve…",https://www.adzuna.com/land/ad/5887737628?se=ngjv3ja78RGomOTbcVFFeg&utm_medium=api&utm_source=e45342b0&v=C9FED12863504A74E60ECC5EEC77023F1F53DEF5,"Data Analyst Req ID: 42198 Summary Data Analyst Alexandria, VA Are you ready to enhance your skills and build your career in a rapidly evolving business climate? Are you looking for a career where professional development is embedded in your employers core culture? If so, Chenega Military, Intelligence & Operations Support (MIOS) could be the place for you! Join our team of professionals who support large-scale government operations by leveraging cutting-edge technology and take your career to the next leve… Admin Jobs",[]
data analyst,Data Analyst,"Judge Group, Inc.","Raleigh, Wake County",120602.97,120602.97,IT Jobs,2026-08-20 22:06:48+00:00,"Location: Raleigh, NC Salary: $27.00 USD Hourly - $28.00 USD Hourly Description: Our client is currently seeking a Data Analyst Job Summary: Data Analytics / Data Engineer Contractor This role supports two major system overhaul projects and is expected to last at least 6 months, likely closer to 12 months. The manager is seeking someone who can quickly learn the organization's systems, become an independent contributor, and provide support across data analytics, automation, and reporting initia…",https://www.adzuna.com/land/ad/5850370220?se=ngjv3ja78RGomOTbcVFFeg&utm_medium=api&utm_source=e45342b0&v=EC003D5FA660B358402DEE6A98BFEE632ED4464B,"Data Analyst Location: Raleigh, NC Salary: $27.00 USD Hourly - $28.00 USD Hourly Description: Our client is currently seeking a Data Analyst Job Summary: Data Analytics / Data Engineer Contractor This role supports two major system overhaul projects and is expected to last at least 6 months, likely closer to 12 months. The manager is seeking someone who can quickly learn the organization's systems, become an independent contributor, and provide support across data analytics, automation, and reporting initia… IT Jobs",[]
data analyst,Data Analyst,ElevaIT Solutions,"Corning, Steuben County",85066.27,85066.27,IT Jobs,2026-08-11 18:10:25+00:00,"Job Title: Data Analyst Industry: Manufacturing Location: Corning, NY Shift: 8am to 5pm, Monday through Friday, fully onsite Interview Process: First round is a video interview, second round is onsite Client Overview This opportunity is with a global leader in materials science and advanced technology manufacturing, supporting a major innovation program within one of its research and development campuses. The team you would join works at the intersection of engineering, program management, and …",https://www.adzuna.com/land/ad/5837374981?se=ngjv3ja78RGomOTbcVFFeg&utm_medium=api&utm_source=e45342b0&v=F7BBFB8C392DF566B6B825D0C226216FEB2B207C,"Data Analyst Job Title: Data Analyst Industry: Manufacturing Location: Corning, NY Shift: 8am to 5pm, Monday through Friday, fully onsite Interview Process: First round is a video interview, second round is onsite Client Overview This opportunity is with a global leader in materials science and advanced technology manufacturing, supporting a major innovation program within one of its research and development campuses. The team you would join works at the intersection of engineering, program management, and … IT Jobs",[]
data analyst,Data Analyst,Kforce Technology Staffing,"Fountainebleau, Miami-Dade County",115856.39,115856.39,IT Jobs,2026-09-15 20:13:10+00:00,"RESPONSIBILITIES: Kforce has a client that is seeking a Data Analyst in Miami, FL (Florida). Responsibilities: * Design, develop, and maintain data pipelines and reporting solutions * Gather, cleanse, validate, and analyze data from multiple sources * Create and enhance dashboards, reports, and visualizations using BI tools * Partner with business, product, engineering, and operations teams to define KPIs and reporting requirements * Identify trends, opportunities, and process improvements thro…",https://www.adzuna.com/land/ad/5885298233?se=ngjv3ja78RGomOTbcVFFeg&utm_medium=api&utm_source=e45342b0&v=40C5B54DD6E8EFF209AF62BAF5B2B1ECB9FB0CF1,"Data Analyst RESPONSIBILITIES: Kforce has a client that is seeking a Data Analyst in Miami, FL (Florida). Responsibilities: * Design, develop, and maintain data pipelines and reporting solutions * Gather, cleanse, validate, and analyze data from multiple sources * Create and enhance dashboards, reports, and visualizations using BI tools * Partner with business, product, engineering, and operations teams to define KPIs and reporting requirements * Identify trends, opportunities, and process improvements thro… IT Jobs",[]
data analyst,Data Analyst,Kforce Technology Staffing,"Sausalito, Marin County",113147.0,113147.0,IT Jobs,2026-09-25 20:48:52+00:00,"RESPONSIBILITIES: Kforce's retail client in Northern California is seeking a Data Analyst with end-to-end experience with analytics workflow from post-ingestion data modeling through end-user consumption for a fully remote contract. Responsibilities: * Own analytics and reporting projects end to end, from requirements gathering through source data transformation, modeling, and final delivery in Sigma * Write, optimize, and maintain complex SQL including stored procedures, views, and scheduled t…",https://www.adzuna.com/land/ad/5898910111?se=ngjv3ja78RGomOTbcVFFeg&utm_medium=api&utm_source=e45342b0&v=D0C0CD53077A8D30D019549FE9734B87FA0553E5,"Data Analyst RESPONSIBILITIES: Kforce's retail client in Northern California is seeking a Data Analyst with end-to-end experience with analytics workflow from post-ingestion data modeling through end-user consumption for a fully remote contract. Responsibilities: * Own analytics and reporting projects end to end, from requirements gathering through source data transformation, modeling, and final delivery in Sigma * Write, optimize, and maintain complex SQL including stored procedures, views, and scheduled t… IT Jobs",['sql']
data analyst,Data Analyst,Kforce Technology Staffing,"Foster City, San Mateo County",111476.88,111476.88,IT Jobs,2026-09-21 18:53:35+00:00,"RESPONSIBILITIES: Kforce has a client in Foster City, CA that is seeking a Data Analyst who will work on operational modeling, forecasting, and decision-support analytics that help translate operational demand into resource and staffing strategies. Key Responsibilities: * Operational Modeling: Develop analytical models that translate operational demand forecasts into resource and staffing requirements; Apply queueing and capacity models (e.g., Erlang) to estimate staffing needs, service levels,…",https://www.adzuna.com/land/ad/5893249373?se=ngjv3ja78RGomOTbcVFFeg&utm_medium=api&utm_source=e45342b0&v=3941F1DCC1428F14205C2FF2B0A8B50B4A007823,"Data Analyst RESPONSIBILITIES: Kforce has a client in Foster City, CA that is seeking a Data Analyst who will work on operational modeling, forecasting, and decision-support analytics that help translate operational demand into resource and staffing strategies. Key Responsibilities: * Operational Modeling: Develop analytical models that translate operational demand forecasts into resource and staffing requirements; Apply queueing and capacity models (e.g., Erlang) to estimate staffing needs, service levels,… IT Jobs",[]
data analyst,Data Analyst,Randstad Digital,"West Side, Worcester County",58767.84,58767.84,IT Jobs,2026-09-17 04:15:29+00:00,"job summary: Our client is looking for a Data Analyst to join the team. Must be local to Worcester, MA Contract to Hire  No sponsorship available, W2 only. -Must have SQL and Excel - 1 to 5 years of related analytical experience LI-NB2 location: Worcester, Massachusetts job type: Contract to Perm salary: $30 - 35 per hour work hours: 8am to 5pm education: Bachelors responsibilities: Support complex business/technical processes and tools for multiple products, requiring the use of technical solu…",https://www.adzuna.com/land/ad/5887341337?se=ngjv3ja78RGomOTbcVFFeg&utm_medium=api&utm_source=e45342b0&v=8DAAC3D799706693AED5D7FB2E638DBF56DCF217,"Data Analyst job summary: Our client is looking for a Data Analyst to join the team. Must be local to Worcester, MA Contract to Hire  No sponsorship available, W2 only. -Must have SQL and Excel - 1 to 5 years of related analytical experience LI-NB2 location: Worcester, Massachusetts job type: Contract to Perm salary: $30 - 35 per hour work hours: 8am to 5pm education: Bachelors responsibilities: Support complex business/technical processes and tools for multiple products, requiring the use of technical solu… IT Jobs","['sql', 'excel']"
data analyst,Data Analyst,"Cayuse Holdings, LLC",US,100885.83,100885.83,IT Jobs,2026-09-25 22:09:49+00:00,"Overview The Data Engineer/Analyst collaborates with clients, data scientists, and software engineers to develop and optimize data pipelines, ETL processes, and database structures that support IRS compliance activities. The role involves identifying and integrating data sources, enhancing data quality and accessibility, and creating scalable solutions to extract insights on payment collections and taxpayer behaviors. This position ensures that analytical models and data solutions are validated…",https://www.adzuna.com/land/ad/5899053571?se=ngjv3ja78RGomOTbcVFFeg&utm_medium=api&utm_source=e45342b0&v=DC164DB076CA0206CC926A09350F6C29F4F4A992,"Data Analyst Overview The Data Engineer/Analyst collaborates with clients, data scientists, and software engineers to develop and optimize data pipelines, ETL processes, and database structures that support IRS compliance activities. The role involves identifying and integrating data sources, enhancing data quality and accessibility, and creating scalable solutions to extract insights on payment collections and taxpayer behaviors. This position ensures that analytical models and data solutions are validated… IT Jobs",['etl']
data analyst,Data Analyst,FedEx Office,"Collierville, Shelby County",75893.64,75893.64,IT Jobs,2026-09-26 21:08:25+00:00,"Under general supervision, designs and implements processes and solutions associated with a wide variety of data sets used for data/text mining, analysis to enable informed business decisions. Gains insight into key business problems and deliverables by applying statistical analysis techniques to examine structured and unstructured data from multiple disparate sources. Uses current and emerging technologies to evaluate trends and develop actionable insights and recommendations to management, vi…",https://www.adzuna.com/land/ad/5900142070?se=ngjv3ja78RGomOTbcVFFeg&utm_medium=api&utm_source=e45342b0&v=FEE58348D1D2B56A705592F56E6B0F684C89EA4F,"Data Analyst Under general supervision, designs and implements processes and solutions associated with a wide variety of data sets used for data/text mining, analysis to enable informed business decisions. Gains insight into key business problems and deliverables by applying statistical analysis techniques to examine structured and unstructured data from multiple disparate sources. Uses current and emerging technologies to evaluate trends and develop actionable insights and recommendations to management, vi… IT Jobs",[]
data analyst,Data Analyst,FedEx Office,"Collierville, Shelby County",83015.47,83015.47,IT Jobs,2026-09-27 18:12:22+00:00,"Under close supervision, designs and implements processes and solutions associated with a wide variety of data sets used for data/text mining, analysis to support informed business decisions. Gains insight into key business and deliverables by examining structured and unstructured data from multiple disparate sources. The role involves designing and implementing processes and solutions related to data/text mining and analysis to support informed business decisions. The role requires the ability…",https://www.adzuna.com/land/ad/5900922248?se=ngjv3ja78RGomOTbcVFFeg&utm_medium=api&utm_source=e45342b0&v=6B3194BE86AA6D2C1490C4E1EA93A1F695D67F53,"Data Analyst Under close supervision, designs and implements processes and solutions associated with a wide variety of data sets used for data/text mining, analysis to support informed business decisions. Gains insight into key business and deliverables by examining structured and unstructured data from multiple disparate sources. The role involves designing and implementing processes and solutions related to data/text mining and analysis to support informed business decisions. The role requires the ability… IT Jobs",[]
data analyst,Data Analyst,Horizontal Talent,"Northlake, DeKalb County",75843.07,75843.07,IT Jobs,2026-09-27 22:21:29+00:00,"Join a team focused on modernizing reporting and analytics by transforming legacy solutions into scalable, modern experiences on the Microsoft Power Platform. This role is ideal for a hands-on problem solver who enjoys building Power BI, Power Apps, and automation solutions that improve reporting, streamline workflows, and support broader data innovation. Responsibilities Modernize legacy reporting and self-service portal solutions into Power BI and Power Apps-based dashboards, portals, and rep…",https://www.adzuna.com/land/ad/5901141729?se=ngjv3ja78RGomOTbcVFFeg&utm_medium=api&utm_source=e45342b0&v=8A80D4BA2973344627D267809B9A0F6A9CF94717,"Data Analyst Join a team focused on modernizing reporting and analytics by transforming legacy solutions into scalable, modern experiences on the Microsoft Power Platform. This role is ideal for a hands-on problem solver who enjoys building Power BI, Power Apps, and automation solutions that improve reporting, streamline workflows, and support broader data innovation. Responsibilities Modernize legacy reporting and self-service portal solutions into Power BI and Power Apps-based dashboards, portals, and rep… IT Jobs",['power bi']
data analyst,Data Analyst III,CorVel Career Site,"Irvine, Orange County",64602.09,64602.09,IT Jobs,2026-09-25 13:56:00+00:00,"The Data Analyst III turns data into insights that inform decisions and drive profit. The Data Analyst identifies opportunities and challenges as well as their solutions across multiple departments, to support critical and strategic decisions of CorVel. This is a hybrid position but travel to Irvine, CA once yearly is required as well as travel to Irvine, CA for training within first 30 days of hire. ESSENTIAL FUNCTIONS & RESPONSIBILITIES: Performs advanced data cleaning and analysis including …",https://www.adzuna.com/land/ad/5898617857?se=ngjv3ja78RGomOTbcVFFeg&utm_medium=api&utm_source=e45342b0&v=8287F2ADB557CE8A74316FC8F50E26074DBF306C,"Data Analyst III The Data Analyst III turns data into insights that inform decisions and drive profit. The Data Analyst identifies opportunities and challenges as well as their solutions across multiple departments, to support critical and strategic decisions of CorVel. This is a hybrid position but travel to Irvine, CA once yearly is required as well as travel to Irvine, CA for training within first 30 days of hire. ESSENTIAL FUNCTIONS & RESPONSIBILITIES: Performs advanced data cleaning and analysis including … IT Jobs",[]
data analyst,Data Analyst,Medinext Global LLC,US,87527.66,87527.66,IT Jobs,2026-09-09 15:55:45+00:00,"Data Analyst Job Overview Medinext Global LLC is looking for a motivated and detail-oriented Data Analyst with 1–3 years of professional experience to join our team. The ideal candidate will have strong analytical skills, experience working with data, and the ability to transform complex datasets into meaningful business insights. The Data Analyst will work closely with business and technical teams to collect, analyze, interpret, and visualize data to support business decisions and improve oper…",https://www.adzuna.com/land/ad/5877479707?se=ngjv3ja78RGomOTbcVFFeg&utm_medium=api&utm_source=e45342b0&v=E050CD06C916E36EAA83470FF0E669580F3F1B5A,"Data Analyst Data Analyst Job Overview Medinext Global LLC is looking for a motivated and detail-oriented Data Analyst with 1–3 years of professional experience to join our team. The ideal candidate will have strong analytical skills, experience working with data, and the ability to transform complex datasets into meaningful business insights. The Data Analyst will work closely with business and technical teams to collect, analyze, interpret, and visualize data to support business decisions and improve oper… IT Jobs",[]
data analyst,Data Analyst,Turing IT Labs,"Grand Central, Manhattan",86885.45,86885.45,IT Jobs,2026-09-24 16:42:12+00:00,"Data Analyst Manhattan, NYC Location: Manhattan, NYC Work Model: Hybrid 3 days/week onsite Employment Type: Full-Time Key Skills: 10 years of experience as a Data Analyst/Business Analyst Strong SQL querying, validation, reconciliation & root-cause analysis Experience with Power BI, Tableau, or AWS QuickSight Knowledge of data quality, data lineage, metadata & governance Experience with payments, banking, or financial services data Preferred: CHIPS, Fedwire, Wire Transfers, ISO 20022 AWS experi…",https://www.adzuna.com/land/ad/5897303369?se=ngjv3ja78RGomOTbcVFFeg&utm_medium=api&utm_source=e45342b0&v=FD6BE9E4455B48681A380F7DB19F1D50EB4ED0C5,"Data Analyst Data Analyst Manhattan, NYC Location: Manhattan, NYC Work Model: Hybrid 3 days/week onsite Employment Type: Full-Time Key Skills: 10 years of experience as a Data Analyst/Business Analyst Strong SQL querying, validation, reconciliation & root-cause analysis Experience with Power BI, Tableau, or AWS QuickSight Knowledge of data quality, data lineage, metadata & governance Experience with payments, banking, or financial services data Preferred: CHIPS, Fedwire, Wire Transfers, ISO 20022 AWS experi… IT Jobs","['sql', 'tableau', 'power bi', 'aws']"
data analyst,Data Analyst,Generis TEK Inc.,"Alpharetta, Fulton County",71543.47,71543.47,IT Jobs,2026-09-11 11:50:20+00:00,"Please Contact: To discuss this amazing opportunity, reach out to our Talent Acquisition Specialist Sinchan Chakraborty at email address Sinchan Chakraborty can be reached on  . We have Contract role Data Analyst for client at Alpharetta, GA. Please let me know if you or any of your friends would be interested in this position. Position Details: Data Analyst- Alpharetta, GA Location : Alpharetta, GA 30009 Duration : 7 months contract Pay-rate : $40/Hour on W2 JOB DESCRIPTION: Role is onsite wit…",https://www.adzuna.com/land/ad/5879894786?se=ngjv3ja78RGomOTbcVFFeg&utm_medium=api&utm_source=e45342b0&v=CB9635B5BB6D5B0237C3E6BB5F84A96E171646C3,"Data Analyst Please Contact: To discuss this amazing opportunity, reach out to our Talent Acquisition Specialist Sinchan Chakraborty at email address Sinchan Chakraborty can be reached on  . We have Contract role Data Analyst for client at Alpharetta, GA. Please let me know if you or any of your friends would be interested in this position. Position Details: Data Analyst- Alpharetta, GA Location : Alpharetta, GA 30009 Duration : 7 months contract Pay-rate : $40/Hour on W2 JOB DESCRIPTION: Role is onsite wit… IT Jobs",[]
data analyst,Data Analyst,Strategic Staffing Solutions,"Charlotte, Mecklenburg County",106399.38,106399.38,IT Jobs,2026-09-24 18:03:09+00:00,"STRATEGIC STAFFING SOLUTIONS HAS AN OPENING! This is a Contract Opportunity with our company that MUST be worked on a W2 Only. No C2C eligibility for this position. Visa Sponsorship is Available! The details are below. Beware of scams. S3 never asks for money during its onboarding process. Job Title: Data Analyst Location: Charlotte, NC 28277 Work Schedule: Hybrid Onsite 3 Days/Week Contract Length: 12 Months Potential to Extend to 24 Months Job Ref : JOB-248143 Position Overview Seeking a high…",https://www.adzuna.com/land/ad/5897398541?se=ngjv3ja78RGomOTbcVFFeg&utm_medium=api&utm_source=e45342b0&v=E233099A5D6AEA19B19E54B37516CA5DE2487F10,"Data Analyst STRATEGIC STAFFING SOLUTIONS HAS AN OPENING! This is a Contract Opportunity with our company that MUST be worked on a W2 Only. No C2C eligibility for this position. Visa Sponsorship is Available! The details are below. Beware of scams. S3 never asks for money during its onboarding process. Job Title: Data Analyst Location: Charlotte, NC 28277 Work Schedule: Hybrid Onsite 3 Days/Week Contract Length: 12 Months Potential to Extend to 24 Months Job Ref : JOB-248143 Position Overview Seeking a high… IT Jobs",[]
data analyst,Data Analyst,"Motion Recruitment Partners, LLC","Richardson, Dallas",75578.23,75578.23,IT Jobs,2026-08-04 21:52:42+00:00,"Job Title: Data Analyst Job Location: Richardson, TX 75081 (Hybrid - 2/3 days onsite) Job Duration: 6 Months Contract possible extesnion and convert to FTE JOB DESCRIPTION: Team Overview: Working with other Data analysts Interfacing with internal customers ReResearchroups Engineers Product managers Scrum teams Executive leaders Candidate will report to H.M. Resource's typical working day: Collaborating with product managers and engineers and the greater team Large amounts of data analysis Givin…",https://www.adzuna.com/land/ad/5828602150?se=ngjv3ja78RGomOTbcVFFeg&utm_medium=api&utm_source=e45342b0&v=699D3469EE666A75D96DCA07B08CB6FB55F89C7D,"Data Analyst Job Title: Data Analyst Job Location: Richardson, TX 75081 (Hybrid - 2/3 days onsite) Job Duration: 6 Months Contract possible extesnion and convert to FTE JOB DESCRIPTION: Team Overview: Working with other Data analysts Interfacing with internal customers ReResearchroups Engineers Product managers Scrum teams Executive leaders Candidate will report to H.M. Resource's typical working day: Collaborating with product managers and engineers and the greater team Large amounts of data analysis Givin… IT Jobs",['scrum']
data analyst,Data Analyst,Gov Services Hub,"Connecticut, US",129366.51,129366.51,IT Jobs,2026-08-26 20:03:02+00:00,"Position Details: Position: Data Analyst Location: Everett, MA Duration: 5 months ( Possible extension) Work Hours: 37.5 hours per week Work Mode: Hybrid The client is seeking Data Analyst to support critical enterprise initiatives. This role partners closely with business stakeholders, project managers, administrators, architects, and development teams to analyze business needs, improve operational processes, and deliver scalable solutions. The ideal candidate is a proactive and highly organiz…",https://www.adzuna.com/land/ad/5857521485?se=ngjv3ja78RGomOTbcVFFeg&utm_medium=api&utm_source=e45342b0&v=EF16CC2BE0BBF11679267D92D117039EF472C870,"Data Analyst Position Details: Position: Data Analyst Location: Everett, MA Duration: 5 months ( Possible extension) Work Hours: 37.5 hours per week Work Mode: Hybrid The client is seeking Data Analyst to support critical enterprise initiatives. This role partners closely with business stakeholders, project managers, administrators, architects, and development teams to analyze business needs, improve operational processes, and deliver scalable solutions. The ideal candidate is a proactive and highly organiz… IT Jobs",[]
data analyst,DATA ANALYST,AaraTechnologies Inc,"Pennsylvania, US",57166.42,57166.42,IT Jobs,2026-09-22 12:45:37+00:00,"Data Analyst Retail & E-Commerce (2-3 Years Experience) Company: AaraTech Inc About the Role AaraTech Inc is seeking a Data Analyst Retail & E-Commerce to support reporting and analytics for retail and ecommerce platforms. This role involves analyzing sales and transaction data, building dashboards, and supporting KPI reporting. You will work closely with business teams to enable data-driven decisions. Ideal for early-career professionals building analytics expertise. Key Responsibilities Analy…",https://www.adzuna.com/land/ad/5894163152?se=ngjv3ja78RGomOTbcVFFeg&utm_medium=api&utm_source=e45342b0&v=BC024A3886D7CCE0FDD3EE48686B725460A82D9E,"DATA ANALYST Data Analyst Retail & E-Commerce (2-3 Years Experience) Company: AaraTech Inc About the Role AaraTech Inc is seeking a Data Analyst Retail & E-Commerce to support reporting and analytics for retail and ecommerce platforms. This role involves analyzing sales and transaction data, building dashboards, and supporting KPI reporting. You will work closely with business teams to enable data-driven decisions. Ideal for early-career professionals building analytics expertise. Key Responsibilities Analy… IT Jobs",[]
data analyst,DATA ANALYST,AaraTechnologies Inc,"Georgiana, Butler County",55106.75,55106.75,IT Jobs,2026-09-18 12:38:20+00:00,"Data Analyst Retail & E-Commerce ( 2-3 Years Experience) Company: AaraTech Inc About the Role AaraTech Inc is seeking a Data Analyst Retail & E-Commerce to support reporting and analytics for retail and ecommerce platforms. This role involves analyzing sales and transaction data, building dashboards, and supporting KPI reporting. You will work closely with business teams to enable data-driven decisions. Ideal for early-career professionals building analytics expertise. Key Responsibilities Anal…",https://www.adzuna.com/land/ad/5889610205?se=ngjv3ja78RGomOTbcVFFeg&utm_medium=api&utm_source=e45342b0&v=1845C85DC2AEDE74BFB022D54888E23FBC735474,"DATA ANALYST Data Analyst Retail & E-Commerce ( 2-3 Years Experience) Company: AaraTech Inc About the Role AaraTech Inc is seeking a Data Analyst Retail & E-Commerce to support reporting and analytics for retail and ecommerce platforms. This role involves analyzing sales and transaction data, building dashboards, and supporting KPI reporting. You will work closely with business teams to enable data-driven decisions. Ideal for early-career professionals building analytics expertise. Key Responsibilities Anal… IT Jobs",[]
data analyst,Data Analyst,"KnackHook, LLC",US,74958.33,74958.33,IT Jobs,2026-09-26 12:42:43+00:00,"Data Analyst Contract 100% Remote The Data Analyst supports SOW Core Task 4, Data Analytics and Process Improvement, for the HHS Digital Accessibility Program. Skills to screen for Data analytics: defining metrics, assessing available data, planning data collection and analysis • AI/ML predictive modeling: finding patterns in service requests and testing results, forecasting demand • Natural language processing (NLP): automatically categorizing user feedback and helpdesk requests • Process impr…",https://www.adzuna.com/land/ad/5899886896?se=ngjv3ja78RGomOTbcVFFeg&utm_medium=api&utm_source=e45342b0&v=72B3AC77A34F1B8475B1F0700DED6086745919FD,"Data Analyst Data Analyst Contract 100% Remote The Data Analyst supports SOW Core Task 4, Data Analytics and Process Improvement, for the HHS Digital Accessibility Program. Skills to screen for Data analytics: defining metrics, assessing available data, planning data collection and analysis • AI/ML predictive modeling: finding patterns in service requests and testing results, forecasting demand • Natural language processing (NLP): automatically categorizing user feedback and helpdesk requests • Process impr… IT Jobs",['nlp']
data analyst,: Data Analyst,Gov Services Hub,"Richmond, Richmond County",119611.38,119611.38,IT Jobs,2026-03-30 18:34:44+00:00,"Title: Data Analyst Location: Richmond, VA- Hybrid Duration: 12 Months Contract Experience required : 5 years Note: Hybrid working out of our HQ office (3 days in office, 2 days remotely) Description: We are searching for a Data Analyst reporting to our Policy & Planning department. Researches and analyses housing, economic and demographic conditions, and trends, as well as state, local and federal initiatives and policies impacting the programs and activities of Virginia Housing. Evaluates Vir…",https://www.adzuna.com/land/ad/5683630339?se=ngjv3ja78RGomOTbcVFFeg&utm_medium=api&utm_source=e45342b0&v=7D9B7EAC268FCA02A66F276987B4459E30A84613,": Data Analyst Title: Data Analyst Location: Richmond, VA- Hybrid Duration: 12 Months Contract Experience required : 5 years Note: Hybrid working out of our HQ office (3 days in office, 2 days remotely) Description: We are searching for a Data Analyst reporting to our Policy & Planning department. Researches and analyses housing, economic and demographic conditions, and trends, as well as state, local and federal initiatives and policies impacting the programs and activities of Virginia Housing. Evaluates Vir… IT Jobs",[]
data analyst,DATA ANALYST,AaraTechnologies Inc,"Texas City, Galveston County",72737.93,72737.93,IT Jobs,2026-09-17 12:26:26+00:00,"Data Analyst Healthcare ( 2-3 Years Experience) Company: AaraTech Inc About the Role AaraTech Inc is seeking a detail-oriented Data Analyst Healthcare ( 2-3 years experience) to support healthcare reporting, analytics, and data quality initiatives. This role is ideal for early-career professionals who enjoy working with healthcare data, building reports, and delivering insights that support business and operational decision-making. Key Responsibilities Collect, clean, and analyze healthcare dat…",https://www.adzuna.com/land/ad/5887965794?se=ngjv3ja78RGomOTbcVFFeg&utm_medium=api&utm_source=e45342b0&v=C704108B51EB9FA79DF83F6B4522DB3C9EAE176A,"DATA ANALYST Data Analyst Healthcare ( 2-3 Years Experience) Company: AaraTech Inc About the Role AaraTech Inc is seeking a detail-oriented Data Analyst Healthcare ( 2-3 years experience) to support healthcare reporting, analytics, and data quality initiatives. This role is ideal for early-career professionals who enjoy working with healthcare data, building reports, and delivering insights that support business and operational decision-making. Key Responsibilities Collect, clean, and analyze healthcare dat… IT Jobs",[]
data analyst,DATA ANALYST,AaraTechnologies Inc,"Kansas City, Jackson County",78110.12,78110.12,IT Jobs,2026-09-23 10:40:25+00:00,"Data Analyst Healthcare (2-3 Years Experience) Company: AaraTech Inc About the Role AaraTech Inc is seeking a detail-oriented Data Analyst Healthcare (2-3 years experience) to support healthcare reporting, analytics, and data quality initiatives. This role is ideal for early-career professionals who enjoy working with healthcare data, building reports, and delivering insights that support business and operational decision-making. Key Responsibilities Collect, clean, and analyze healthcare data …",https://www.adzuna.com/land/ad/5895253703?se=ngjv3ja78RGomOTbcVFFeg&utm_medium=api&utm_source=e45342b0&v=EFBE35BF5CC1B8646408087680E53D7BE2FAD96D,"DATA ANALYST Data Analyst Healthcare (2-3 Years Experience) Company: AaraTech Inc About the Role AaraTech Inc is seeking a detail-oriented Data Analyst Healthcare (2-3 years experience) to support healthcare reporting, analytics, and data quality initiatives. This role is ideal for early-career professionals who enjoy working with healthcare data, building reports, and delivering insights that support business and operational decision-making. Key Responsibilities Collect, clean, and analyze healthcare data … IT Jobs",[]
data analyst,DATA ANALYST,AaraTechnologies Inc,"Elkins Park, Montgomery County",79757.12,79757.12,IT Jobs,2026-09-21 10:24:55+00:00,"Data Analyst Healthcare (2-3 Years Experience) Company: AaraTech Inc About the Role AaraTech Inc is seeking a detail-oriented Data Analyst Healthcare ( 2-3 years experience) to support healthcare reporting, analytics, and data quality initiatives. This role is ideal for early-career professionals who enjoy working with healthcare data, building reports, and delivering insights that support business and operational decision-making. Key Responsibilities Collect, clean, and analyze healthcare data…",https://www.adzuna.com/land/ad/5892848686?se=ngjv3ja78RGomOTbcVFFeg&utm_medium=api&utm_source=e45342b0&v=0A79713A233894CF7C2E8D3604A15957836CF037,"DATA ANALYST Data Analyst Healthcare (2-3 Years Experience) Company: AaraTech Inc About the Role AaraTech Inc is seeking a detail-oriented Data Analyst Healthcare ( 2-3 years experience) to support healthcare reporting, analytics, and data quality initiatives. This role is ideal for early-career professionals who enjoy working with healthcare data, building reports, and delivering insights that support business and operational decision-making. Key Responsibilities Collect, clean, and analyze healthcare data… IT Jobs",[]
data analyst,Data Analyst,Apex Systems,"Minerva Park, Franklin County",77225.22,77225.22,IT Jobs,2026-09-08 17:38:24+00:00,"Job: 3050964 Job Description: Large Banking Client Data Analyst Pay Rate: $55-67/hr - w2 Location: Within Client Footprint 6 Month contract with potential to convert Job Description: The IT Finance Data Analyst partners assist our regulatory reporting business partners identifying the data for their reporting needs. This position is responsible for supporting the identification and management of critical data elements, including the associated data quality, metadata, lineage, and reference data…",https://www.adzuna.com/land/ad/5876133266?se=Flam3za78RGPpPTv87sBag&utm_medium=api&utm_source=e45342b0&v=BEBF3A93941EC83065CAC6CDEFB6AF6CB6DFF29E,"Data Analyst Job: 3050964 Job Description: Large Banking Client Data Analyst Pay Rate: $55-67/hr - w2 Location: Within Client Footprint 6 Month contract with potential to convert Job Description: The IT Finance Data Analyst partners assist our regulatory reporting business partners identifying the data for their reporting needs. This position is responsible for supporting the identification and management of critical data elements, including the associated data quality, metadata, lineage, and reference data… IT Jobs",[]
data analyst,Data Analyst,I-TEK Solutions,"Guadalupe, Maricopa County",93197.69,93197.69,IT Jobs,2026-09-04 19:54:08+00:00,"Data Analyst LOCATION: Tempe, AZ LENGTH: 12 months, with a possible extension SCHEDULE: Hybrid, with two days onsite a week and the remaining days remote. Experience Level: 1 to 3 years Overview The Supply Chain Data Analyst improves supply chain performance through data research, analysis, and reporting. This role develops dashboards, analytics, and automated solutions that combine data from multiple sources. The ideal candidate brings strong attention to detail, foundational analytical skills…",https://www.adzuna.com/land/ad/5871131301?se=Flam3za78RGPpPTv87sBag&utm_medium=api&utm_source=e45342b0&v=E67EACC98673F0E155B41EC82030D75CB15C00C7,"Data Analyst Data Analyst LOCATION: Tempe, AZ LENGTH: 12 months, with a possible extension SCHEDULE: Hybrid, with two days onsite a week and the remaining days remote. Experience Level: 1 to 3 years Overview The Supply Chain Data Analyst improves supply chain performance through data research, analysis, and reporting. This role develops dashboards, analytics, and automated solutions that combine data from multiple sources. The ideal candidate brings strong attention to detail, foundational analytical skills… IT Jobs",[]
data analyst,Data Analyst,Staffworks Inc,"Southington, Hartford County",60284.38,60284.38,IT Jobs,2026-09-15 12:18:01+00:00,"Hybrid Data Analyst Contact Center Analytics & Conversational Intelligence (BPO)  Southington, CT (Hybrid – 3 days in office) PAY Range: $80-100k About the Role We’re looking for a curious, data-driven Data Analyst who thrives on turning customer conversations into actionable business insights. In this role, you’ll analyze consumer feedback from contact center interactions and help clients understand what their customers are saying—and more importantly, what to do about it. You’ll work directly…",https://www.adzuna.com/land/ad/5884869539?se=Flam3za78RGPpPTv87sBag&utm_medium=api&utm_source=e45342b0&v=EA7F45C01F1CE93B3F0C78005CE62432469F3FE5,"Data Analyst Hybrid Data Analyst Contact Center Analytics & Conversational Intelligence (BPO)  Southington, CT (Hybrid – 3 days in office) PAY Range: $80-100k About the Role We’re looking for a curious, data-driven Data Analyst who thrives on turning customer conversations into actionable business insights. In this role, you’ll analyze consumer feedback from contact center interactions and help clients understand what their customers are saying—and more importantly, what to do about it. You’ll work directly… IT Jobs",[]
data analyst,Data Analyst,Sensiple Inc.,"Fort Sam Houston, Bexar County",74058.27,74058.27,IT Jobs,2026-08-27 15:57:13+00:00,"Data Analyst (SAP Data) Hybrid Location: Findley, OH or San Antonio, TX ( 3 days onsite) Data Modeling & Analytics Design and maintain dimensional data models (star schema, fact and dimension tables) Develop advanced DAX measures, calculated tables, and KPIs Optimize Power BI data models for performance and scalability Create reusable semantic models and standardized reporting datasets Analyze trends and identify actionable business insights from data Write and optimize SQL Server queries to ex…",https://www.adzuna.com/land/ad/5858658723?se=Flam3za78RGPpPTv87sBag&utm_medium=api&utm_source=e45342b0&v=8E30CDE4F3F4564D7187A67CBBE215E9EF25FDB0,"Data Analyst Data Analyst (SAP Data) Hybrid Location: Findley, OH or San Antonio, TX ( 3 days onsite) Data Modeling & Analytics Design and maintain dimensional data models (star schema, fact and dimension tables) Develop advanced DAX measures, calculated tables, and KPIs Optimize Power BI data models for performance and scalability Create reusable semantic models and standardized reporting datasets Analyze trends and identify actionable business insights from data Write and optimize SQL Server queries to ex… IT Jobs","['sql', 'power bi']"
data analyst,Data Analyst,Apex Systems,"South Norfolk, Chesapeake City",92484.77,92484.77,IT Jobs,2026-09-11 20:03:07+00:00,"Job: 3051820 Job Description: Data Analyst Location: Norfolk, Virginia Job Description We are seeking a Data Analyst w/ an active clearance for a position in Norfolk, VA. The role involves developing, maintaining, and enhancing interactive dashboards and reports using Power BI and Qlik Sense to provide operational and logistical visibility. This position supports military leadership by conducting exploratory and statistical analysis against complex datasets to identify trends, operational bottl…",https://www.adzuna.com/land/ad/5880286528?se=Flam3za78RGPpPTv87sBag&utm_medium=api&utm_source=e45342b0&v=847CBA5EB18459D055FC6C5D893522330015268C,"Data Analyst Job: 3051820 Job Description: Data Analyst Location: Norfolk, Virginia Job Description We are seeking a Data Analyst w/ an active clearance for a position in Norfolk, VA. The role involves developing, maintaining, and enhancing interactive dashboards and reports using Power BI and Qlik Sense to provide operational and logistical visibility. This position supports military leadership by conducting exploratory and statistical analysis against complex datasets to identify trends, operational bottl… IT Jobs","['power bi', 'qlik']"
data analyst,DATA ANALYST,Aneka Talent Solutions,"Fountainebleau, Miami-Dade County",75498.98,75498.98,IT Jobs,2026-09-24 12:28:04+00:00,"DATA ANALYST - Mid Level - & Genuine GC Length: 3-6 month CTH Interview: 2 Video Location: Miami Tech - 2 S. Biscayne Blvd No Sponsorship Job Description: The Analyst role focuses on gathering, interpreting, and presenting data to support business and technical decision-making. Analysts work closely with stakeholders to identify trends, optimize processes, and provide actionable insights. Key Responsibilities Collect, clean, and analyze large datasets from multiple sources. Develop dashboards a…",https://www.adzuna.com/land/ad/5897085225?se=Flam3za78RGPpPTv87sBag&utm_medium=api&utm_source=e45342b0&v=D79FDA4EF0B49FFA3584425798B3399D04FB18B7,"DATA ANALYST DATA ANALYST - Mid Level - & Genuine GC Length: 3-6 month CTH Interview: 2 Video Location: Miami Tech - 2 S. Biscayne Blvd No Sponsorship Job Description: The Analyst role focuses on gathering, interpreting, and presenting data to support business and technical decision-making. Analysts work closely with stakeholders to identify trends, optimize processes, and provide actionable insights. Key Responsibilities Collect, clean, and analyze large datasets from multiple sources. Develop dashboards a… IT Jobs",[]
data analyst,Data Analyst,Maverick Technology Partners,"Marlborough, Middlesex County",60995.87,60995.87,IT Jobs,2026-09-18 18:26:09+00:00,"4-month contract role, 4 days on-site in Marlborough, MA Must be able to work without sponsorship, No agenices A growing manufacturing company is modernizing its data infrastructure, building out a new data warehouse environment (Databricks, Fivetran, Azure, and ETL pipelines via Microsoft DevOps) that feeds Power BI dashboards and core business reporting. The environment is currently in UAT testing, with active development ongoing, previously supported by a third-party partner who remains enga…",https://www.adzuna.com/land/ad/5889798906?se=Flam3za78RGPpPTv87sBag&utm_medium=api&utm_source=e45342b0&v=6E4A01DFCC84D129C04DE30C519798D943C69849,"Data Analyst 4-month contract role, 4 days on-site in Marlborough, MA Must be able to work without sponsorship, No agenices A growing manufacturing company is modernizing its data infrastructure, building out a new data warehouse environment (Databricks, Fivetran, Azure, and ETL pipelines via Microsoft DevOps) that feeds Power BI dashboards and core business reporting. The environment is currently in UAT testing, with active development ongoing, previously supported by a third-party partner who remains enga… IT Jobs","['power bi', 'azure', 'etl']"
data analyst,Data Analyst,Citadel Information Services Inc,"Five Corners, Hudson County",99432.91,99432.91,IT Jobs,2026-09-24 16:39:59+00:00,"CANDIDATE Based in NJ office but willing to go to NYC for meetings with stakeholders. Summary: We are seeking a mid-level to senior Data Analyst to support the Cyber Data Operations team . This individual needs to be adept at analyzing data sources, creating technical requirements and overall scrubbing data from upstream source systems. They will work with both the stakeholders and the data development teams in order to understand the data sources being loaded into the CyberDW for the GRC progr…",https://www.adzuna.com/land/ad/5897301835?se=Flam3za78RGPpPTv87sBag&utm_medium=api&utm_source=e45342b0&v=AC62D9D62BB0D800D24518C716EE88BCB9E4846C,"Data Analyst CANDIDATE Based in NJ office but willing to go to NYC for meetings with stakeholders. Summary: We are seeking a mid-level to senior Data Analyst to support the Cyber Data Operations team . This individual needs to be adept at analyzing data sources, creating technical requirements and overall scrubbing data from upstream source systems. They will work with both the stakeholders and the data development teams in order to understand the data sources being loaded into the CyberDW for the GRC progr… IT Jobs",[]
data analyst,Data Analyst,Apex Systems,"Trammells, Harris County",84238.7,84238.7,IT Jobs,2026-09-25 20:57:54+00:00,"Job: 3053396 Job Description: Senior Data Analyst / Power BI Developer with a strong emphasis on data storytelling, finance analytics, and stakeholder engagement . Someone who can transform complex finance, grants, and contracting data into consumable business dashboards while working directly with business users. Senior Data Analyst (Power BI & Data Visualization) Position Summary We are seeking a highly skilled Senior Data Analyst to support enterprise data modernization initiatives and the d…",https://www.adzuna.com/land/ad/5898946854?se=Flam3za78RGPpPTv87sBag&utm_medium=api&utm_source=e45342b0&v=7DA42B1152CE7145E7D2ABD6379469D86270C74C,"Data Analyst Job: 3053396 Job Description: Senior Data Analyst / Power BI Developer with a strong emphasis on data storytelling, finance analytics, and stakeholder engagement . Someone who can transform complex finance, grants, and contracting data into consumable business dashboards while working directly with business users. Senior Data Analyst (Power BI & Data Visualization) Position Summary We are seeking a highly skilled Senior Data Analyst to support enterprise data modernization initiatives and the d… IT Jobs","['power bi', 'data visualization']"
data analyst,Data Analyst,"Innova Solutions, Inc","Charlotte, Mecklenburg County",65443.19,65443.19,IT Jobs,2026-09-23 15:09:00+00:00,"A client of Innova Solutions is immediately hiring for a Data Analyst. Position type: Full-time, Contract (W2) Duration: 12 Months Contract w/ extension. Location: Charlotte, NC – 3 days onsite/ 2 day remote Overview: Client is seeking a Data Analyst to support enterprise data enablement and data management initiatives. This role will focus on gathering business requirements, analysing data, developing data relationship designs, supporting data quality efforts, and producing documentation that …",https://www.adzuna.com/land/ad/5895563936?se=Flam3za78RGPpPTv87sBag&utm_medium=api&utm_source=e45342b0&v=4023ABC39C2B5DB3E33DF88542BABE3D72B8AF92,"Data Analyst A client of Innova Solutions is immediately hiring for a Data Analyst. Position type: Full-time, Contract (W2) Duration: 12 Months Contract w/ extension. Location: Charlotte, NC – 3 days onsite/ 2 day remote Overview: Client is seeking a Data Analyst to support enterprise data enablement and data management initiatives. This role will focus on gathering business requirements, analysing data, developing data relationship designs, supporting data quality efforts, and producing documentation that … IT Jobs",[]
data analyst,Data Analyst,"Mitchell Martin, Inc.","Rosemont, Cook County",64760.69,64760.69,IT Jobs,2026-09-16 15:54:45+00:00,"Data Analyst - Charlotte, NC - Contract - $47-57 per HR This is a contract position located in Charlotte, NC, with an opportunity to work on regulatory reporting solutions. The job involves data analysis, validation, and reporting using SQL and other technologies. Candidates will engage with technology stakeholders to deliver effective solutions. Key Responsibilities Support the design and development of regulatory reporting solutions. Analyze and reconcile financial data for accuracy and compl…",https://www.adzuna.com/land/ad/5886626110?se=Flam3za78RGPpPTv87sBag&utm_medium=api&utm_source=e45342b0&v=2AC88524E00F7FE5E49CE3BAD22377D4C5C4A867,"Data Analyst Data Analyst - Charlotte, NC - Contract - $47-57 per HR This is a contract position located in Charlotte, NC, with an opportunity to work on regulatory reporting solutions. The job involves data analysis, validation, and reporting using SQL and other technologies. Candidates will engage with technology stakeholders to deliver effective solutions. Key Responsibilities Support the design and development of regulatory reporting solutions. Analyze and reconcile financial data for accuracy and compl… IT Jobs",['sql']
data analyst,Data Analyst,ClifyX,US,92340.49,92340.49,IT Jobs,2026-09-21 16:32:35+00:00,"Job Title: Data Analyst Work Location: San Jose, California (Hybrid)/Remote Contract duration: Long term Contract Visa: /Only Detailed JD: Technical Skills Tableau Dashboard Development Microsoft Power BI Microsoft PowerApps Snowflake SQL Advanced Microsoft Excel Data Visualization & Reporting Data Analysis & Dashboard Automation Key Responsibilities Reporting & Analytics Prepare and maintain daily, weekly, monthly, and quarterly sales performance reports. Analyze sales bookings, pipeline, fore…",https://www.adzuna.com/land/ad/5893124110?se=Flam3za78RGPpPTv87sBag&utm_medium=api&utm_source=e45342b0&v=89076B5DFF05B3811C7DC1A683F284354D740814,"Data Analyst Job Title: Data Analyst Work Location: San Jose, California (Hybrid)/Remote Contract duration: Long term Contract Visa: /Only Detailed JD: Technical Skills Tableau Dashboard Development Microsoft Power BI Microsoft PowerApps Snowflake SQL Advanced Microsoft Excel Data Visualization & Reporting Data Analysis & Dashboard Automation Key Responsibilities Reporting & Analytics Prepare and maintain daily, weekly, monthly, and quarterly sales performance reports. Analyze sales bookings, pipeline, fore… IT Jobs","['sql', 'excel', 'tableau', 'power bi', 'snowflake', 'data visualization']"
data analyst,Data Analyst,QUANTUM TECHNOLOGIES LLC,"Pimmit, Fairfax County",98852.38,98852.38,IT Jobs,2026-09-25 18:06:17+00:00,"Job Title:Data Analyst Location: McLean, VA Duration: 12 Months  Extension Bill Rate: $75/hour Job Type: C2C/1099 Contract Client: To Be Discussed Later Work Authorization: U.S. Citizen, H-1B, OPT-EAD, GC-EAD Job Description : 7 years of experience using programming languages to manipulate and analyze data, including Python, R, and SQL Experience with data cleansing, data analytics, inferential statistics, data visualization, and system integration to provide data solutions Experience developin…",https://www.adzuna.com/land/ad/5898790665?se=Flam3za78RGPpPTv87sBag&utm_medium=api&utm_source=e45342b0&v=2B311DD0945685637744CA35AE93031B24321F56,"Data Analyst Job Title:Data Analyst Location: McLean, VA Duration: 12 Months  Extension Bill Rate: $75/hour Job Type: C2C/1099 Contract Client: To Be Discussed Later Work Authorization: U.S. Citizen, H-1B, OPT-EAD, GC-EAD Job Description : 7 years of experience using programming languages to manipulate and analyze data, including Python, R, and SQL Experience with data cleansing, data analytics, inferential statistics, data visualization, and system integration to provide data solutions Experience developin… IT Jobs","['python', 'sql', 'r', 'statistics', 'data visualization']"
data analyst,Data Analyst,IS3,"Wilmington, New Castle County",82192.41,82192.41,IT Jobs,2026-09-04 19:57:54+00:00,"We are seeking a detail-oriented Data Analyst to join our team. This role will be responsible for extracting, analyzing, and visualizing data to support business decision-making, as well as investigating and documenting existing data systems, reports, and processes. Key Responsibilities Write and optimize SQL queries to extract, transform, and analyze data from relational databases Design, build, and maintain interactive dashboards and reports in Power BI Reverse engineer existing reports, dash…",https://www.adzuna.com/land/ad/5871135145?se=Flam3za78RGPpPTv87sBag&utm_medium=api&utm_source=e45342b0&v=3105A6D8E3AB8643F49F0A4199F45AC8C0636140,"Data Analyst We are seeking a detail-oriented Data Analyst to join our team. This role will be responsible for extracting, analyzing, and visualizing data to support business decision-making, as well as investigating and documenting existing data systems, reports, and processes. Key Responsibilities Write and optimize SQL queries to extract, transform, and analyze data from relational databases Design, build, and maintain interactive dashboards and reports in Power BI Reverse engineer existing reports, dash… IT Jobs","['sql', 'power bi']"
data analyst,Data Analyst,Nexorant LLC,US,76834.18,76834.18,IT Jobs,2026-09-22 12:42:05+00:00,"We are seeking a Data Analyst with 1–4 years of experience to join our team in the United States. The ideal candidate will have strong analytical skills and experience working with data, reporting, visualization, and business intelligence tools. The role involves analyzing complex datasets, identifying trends, developing reports and dashboards, and collaborating with cross-functional teams to support data-driven business decisions. Key Responsibilities Collect, clean, transform, and analyze dat…",https://www.adzuna.com/land/ad/5894160907?se=Flam3za78RGPpPTv87sBag&utm_medium=api&utm_source=e45342b0&v=114E86E33AB591F778E0167EF2E118A2923C4D41,"Data Analyst We are seeking a Data Analyst with 1–4 years of experience to join our team in the United States. The ideal candidate will have strong analytical skills and experience working with data, reporting, visualization, and business intelligence tools. The role involves analyzing complex datasets, identifying trends, developing reports and dashboards, and collaborating with cross-functional teams to support data-driven business decisions. Key Responsibilities Collect, clean, transform, and analyze dat… IT Jobs",[]
data analyst,Data Analyst,Incedo Inc,"Highland Park, Dallas",96108.52,96108.52,IT Jobs,2026-09-22 12:42:06+00:00,"We are seeking an experienced Tableau BI Data Analyst to join the data and analytics team supporting business intelligence initiatives within the financial services and wealth management domain. The ideal candidate will have strong experience in Tableau, SQL, data analysis, dashboard development, data visualization, and business requirements gathering . The candidate will work closely with business stakeholders, data engineers, product teams, and technology teams to transform complex financial …",https://www.adzuna.com/land/ad/5894160959?se=Flam3za78RGPpPTv87sBag&utm_medium=api&utm_source=e45342b0&v=13E0DDE9E57AB287EA2853ACCA05CB1D569F85A2,"Data Analyst We are seeking an experienced Tableau BI Data Analyst to join the data and analytics team supporting business intelligence initiatives within the financial services and wealth management domain. The ideal candidate will have strong experience in Tableau, SQL, data analysis, dashboard development, data visualization, and business requirements gathering . The candidate will work closely with business stakeholders, data engineers, product teams, and technology teams to transform complex financial … IT Jobs","['sql', 'tableau', 'data visualization']"
data analyst,Data Analyst,System One,"Plano, Collin County",93570.48,93570.48,IT Jobs,2026-09-17 16:16:08+00:00,"Job Title: Data Analyst Location: Plano, TX Type: Contract To Hire Compensation: $75.00 - $90.00 per hour Work Model: Hybrid – onsite and remote Hours: 40.0 ONLY US Citizens and Green Card Holders will be considered - no C2C! Responsibilities Support the fraud data transformation project by working with the data team and IT to capture all relevant fields and metadata for the data catalog. Collaborate with data governance, metadata, and data quality teams to ensure accurate and comprehensive dat…",https://www.adzuna.com/land/ad/5888169017?se=Flam3za78RGPpPTv87sBag&utm_medium=api&utm_source=e45342b0&v=85B84F95159D722A9FA7856C6C3C69DEFB33200B,"Data Analyst Job Title: Data Analyst Location: Plano, TX Type: Contract To Hire Compensation: $75.00 - $90.00 per hour Work Model: Hybrid – onsite and remote Hours: 40.0 ONLY US Citizens and Green Card Holders will be considered - no C2C! Responsibilities Support the fraud data transformation project by working with the data team and IT to capture all relevant fields and metadata for the data catalog. Collaborate with data governance, metadata, and data quality teams to ensure accurate and comprehensive dat… IT Jobs",[]
data analyst,Data Analyst,NET2ASPIRE LLC,"Texas City, Galveston County",90318.58,90318.58,IT Jobs,2026-09-24 16:57:54+00:00,"We are seeking a detail-oriented Data Analyst to collect, analyze, and interpret data to support business decisions and operational performance. The ideal candidate will have strong analytical, technical, and problem-solving skills, with experience working with large datasets, reporting tools, databases, and business stakeholders. Key Responsibilities Collect, clean, validate, and analyze data from multiple sources. Develop and maintain dashboards, reports, and data visualizations. Analyze busi…",https://www.adzuna.com/land/ad/5897329839?se=Flam3za78RGPpPTv87sBag&utm_medium=api&utm_source=e45342b0&v=C0059651EB747242A8FA163ADB3E1F643E73F139,"Data Analyst We are seeking a detail-oriented Data Analyst to collect, analyze, and interpret data to support business decisions and operational performance. The ideal candidate will have strong analytical, technical, and problem-solving skills, with experience working with large datasets, reporting tools, databases, and business stakeholders. Key Responsibilities Collect, clean, validate, and analyze data from multiple sources. Develop and maintain dashboards, reports, and data visualizations. Analyze busi… IT Jobs",[]
data analyst,Data Analyst,Robert Half,"Travelers Rest, Greenville County",84254.28,84254.28,IT Jobs,2026-09-18 22:17:43+00:00,"Description Robert Half is hiring! We are looking for a Data Analyst to join our team in Greenville, South Carolina. In this role, you will combine technical expertise, analytical thinking, and team leadership to drive data-focused initiatives that support business goals. This position offers the opportunity to guide projects, collaborate with cross-functional partners, and strengthen the quality and efficiency of data solutions across the organization. Responsibilities: Guide and support a tea…",https://www.adzuna.com/land/ad/5890075185?se=Flam3za78RGPpPTv87sBag&utm_medium=api&utm_source=e45342b0&v=5C1447431B00217E186E012C10694102AB6A4F8E,"Data Analyst Description Robert Half is hiring! We are looking for a Data Analyst to join our team in Greenville, South Carolina. In this role, you will combine technical expertise, analytical thinking, and team leadership to drive data-focused initiatives that support business goals. This position offers the opportunity to guide projects, collaborate with cross-functional partners, and strengthen the quality and efficiency of data solutions across the organization. Responsibilities: Guide and support a tea… IT Jobs",[]
data analyst,Data Analyst,Apex Systems,"Charlotte, Mecklenburg County",73626.79,73626.79,IT Jobs,2026-09-11 20:03:06+00:00,"Job: 3051749 Job Description: Data Analyst Location: Charlotte, North Carolina (Hybrid) Duration: 12 months Role Overview We are seeking a seasoned Analyst/Developer to perform complex analysis and end-to-end business intelligence report development. This role involves utilizing technologies such as SQL at an advanced level. The individual will work closely with business and technology partners to ascertain requirements, determine data sources, apply analytics, and implement delivery strategies…",https://www.adzuna.com/land/ad/5880286523?se=Flam3za78RGPpPTv87sBag&utm_medium=api&utm_source=e45342b0&v=78EAD1F3B4D1B89A8E4E23D19927F13FBEDDCE05,"Data Analyst Job: 3051749 Job Description: Data Analyst Location: Charlotte, North Carolina (Hybrid) Duration: 12 months Role Overview We are seeking a seasoned Analyst/Developer to perform complex analysis and end-to-end business intelligence report development. This role involves utilizing technologies such as SQL at an advanced level. The individual will work closely with business and technology partners to ascertain requirements, determine data sources, apply analytics, and implement delivery strategies… IT Jobs",['sql']
data analyst,Data Analyst,Apex Systems,"Greenwood Village, Arapahoe County",64816.98,64816.98,IT Jobs,2026-09-10 09:47:02+00:00,"Job: 3051114 Job Description: Data Analyst Location: Greenwood Village, Colorado (Hybrid) Role Overview This role will support a team focused on proactively identifying and resolving internet service issues through data analysis, production investigations, monitoring, and firmware deployment reviews. This position will analyze data from multiple sources, perform ad hoc investigations, build dashboards and visualizations, and provide insights to engineers and operational teams. The environment i…",https://www.adzuna.com/land/ad/5878499710?se=Flam3za78RGPpPTv87sBag&utm_medium=api&utm_source=e45342b0&v=AC1988D625C66DA5ADF4FB8097014E313FAFAF86,"Data Analyst Job: 3051114 Job Description: Data Analyst Location: Greenwood Village, Colorado (Hybrid) Role Overview This role will support a team focused on proactively identifying and resolving internet service issues through data analysis, production investigations, monitoring, and firmware deployment reviews. This position will analyze data from multiple sources, perform ad hoc investigations, build dashboards and visualizations, and provide insights to engineers and operational teams. The environment i… IT Jobs",[]
data analyst,Data Analyst,Apex Systems,"Juno Beach, Palm Beach County",80697.27,80697.27,IT Jobs,2026-09-03 19:57:41+00:00,"Job: 3049386 Job Description: Data Analyst Location: Juno Beach, Florida (Remote) Role Overview This role supports groundbreaking AI projects for a leading renewable energy developer. The position requires a candidate with a foundation in data science and technical skills in data engineering and front-end development. The focus will be on driving the development and implementation of solutions that optimize internal processes and SCADA operations for renewable power plants. Key Responsibilities…",https://www.adzuna.com/land/ad/5869674022?se=Flam3za78RGPpPTv87sBag&utm_medium=api&utm_source=e45342b0&v=2B09D6DD7BA004318FB9CD15897B984226636922,"Data Analyst Job: 3049386 Job Description: Data Analyst Location: Juno Beach, Florida (Remote) Role Overview This role supports groundbreaking AI projects for a leading renewable energy developer. The position requires a candidate with a foundation in data science and technical skills in data engineering and front-end development. The focus will be on driving the development and implementation of solutions that optimize internal processes and SCADA operations for renewable power plants. Key Responsibilities… IT Jobs",[]
data analyst,Data Analyst,Apex Systems,"Birmingham, Jefferson County",86922.59,86922.59,IT Jobs,2026-08-12 20:06:53+00:00,"Job: 3046060 Job Description: Data Analytics Analyst Location: Birmingham, AL Travel: Up to 50% (primarily within the regional generation fleet) Overview We are seeking a detail-oriented Data Analytics Analyst I to support the management, integration, and optimization of critical asset and maintenance data across a growing generation portfolio. This role plays a key part in ensuring operational readiness for new generation projects and existing power generation assets by supporting data governa…",https://www.adzuna.com/land/ad/5839079862?se=Flam3za78RGPpPTv87sBag&utm_medium=api&utm_source=e45342b0&v=15F96F358F6D9B9C4F6745C4C97EDF95B5BEB46A,"Data Analyst Job: 3046060 Job Description: Data Analytics Analyst Location: Birmingham, AL Travel: Up to 50% (primarily within the regional generation fleet) Overview We are seeking a detail-oriented Data Analytics Analyst I to support the management, integration, and optimization of critical asset and maintenance data across a growing generation portfolio. This role plays a key part in ensuring operational readiness for new generation projects and existing power generation assets by supporting data governa… IT Jobs",[]
data analyst,Data Analyst,Robert Half,"Laurelville, Lancaster County",110634.89,110634.89,IT Jobs,2026-09-04 21:16:49+00:00,"Description Our client is seeking an experienced Senior Data Operations Analyst to play a key role in transforming enterprise data into actionable business intelligence. This individual will help drive informed decision-making across underwriting, pricing, claims operations, fraud prevention, and customer experience initiatives while ensuring the organization's reporting environment remains accurate, reliable, and scalable. The successful candidate will serve as a critical liaison between busin…",https://www.adzuna.com/land/ad/5871251204?se=Flam3za78RGPpPTv87sBag&utm_medium=api&utm_source=e45342b0&v=4AFE256469788C34C04528E70D286968A9A57BEB,"Data Analyst Description Our client is seeking an experienced Senior Data Operations Analyst to play a key role in transforming enterprise data into actionable business intelligence. This individual will help drive informed decision-making across underwriting, pricing, claims operations, fraud prevention, and customer experience initiatives while ensuring the organization's reporting environment remains accurate, reliable, and scalable. The successful candidate will serve as a critical liaison between busin… IT Jobs",[]
data analyst,Data Analyst,Aditi Consulting,"North Cambridge, Middlesex County",121117.38,121117.38,Engineering Jobs,2026-08-31 14:05:09+00:00,"Payrate: $40.00 - $42.00/hr. Summary: The position is part of the Transformative Digital Capabilities organization, supporting the Holistic Lab Execution Environment product suite. The role involves enabling digital transformation in Process Development laboratories by supporting requirements definition, backlog readiness, testing, validation, documentation, and analytics enablement. Responsibilities Partner with business stakeholders, instrument owners, Functional Area Leads, IDA engineers, Re…",https://www.adzuna.com/land/ad/5863106484?se=Flam3za78RGPpPTv87sBag&utm_medium=api&utm_source=e45342b0&v=36C640AA1A60823970D0B7784BA4585AB13407C8,"Data Analyst Payrate: $40.00 - $42.00/hr. Summary: The position is part of the Transformative Digital Capabilities organization, supporting the Holistic Lab Execution Environment product suite. The role involves enabling digital transformation in Process Development laboratories by supporting requirements definition, backlog readiness, testing, validation, documentation, and analytics enablement. Responsibilities Partner with business stakeholders, instrument owners, Functional Area Leads, IDA engineers, Re… Engineering Jobs",[]
data analyst,Data Analyst,Aroghia,"Progress, Washington County",73553.59,73553.59,IT Jobs,2026-09-18 18:22:26+00:00,"Minimum of 9 years directly relevant work experience Must also be knowledgeable in Agile and development methodologies and be familiar with Jira, including Jira automation. using Agentic AI platforms such as Claude. Success in this role requires strong communication and the candidate must be comfortable presenting findings, recommendations, and strategic insights to senior leaders and executive audiences.",https://www.adzuna.com/land/ad/5889797902?se=Flam3za78RGPpPTv87sBag&utm_medium=api&utm_source=e45342b0&v=67768FEB1EF5324EFBD13A234A68693D50038FE4,"Data Analyst Minimum of 9 years directly relevant work experience Must also be knowledgeable in Agile and development methodologies and be familiar with Jira, including Jira automation. using Agentic AI platforms such as Claude. Success in this role requires strong communication and the candidate must be comfortable presenting findings, recommendations, and strategic insights to senior leaders and executive audiences. IT Jobs","['communication', 'agile']"
data analyst,Data Analyst,"cyberThink, Inc.","O'Fallon, Saint Louis",105464.5,105464.5,IT Jobs,2026-09-18 12:38:15+00:00,"Job Description: Summary: Partner with business owners to understand new business opportunities and define the business and functional requirements. Deliver high quality business and functional requirements to the development teams for the purpose of completing the design, coding, testing, and implementation phases of the project life cycle. Major Accountabilities: Coordinate and participate in review; revisions; changes; enhancements; testing; documentation; and member notification of product …",https://www.adzuna.com/land/ad/5889610081?se=Flam3za78RGPpPTv87sBag&utm_medium=api&utm_source=e45342b0&v=26CF5C43913E7B927BBC5FC3A1941704A4EC2840,"Data Analyst Job Description: Summary: Partner with business owners to understand new business opportunities and define the business and functional requirements. Deliver high quality business and functional requirements to the development teams for the purpose of completing the design, coding, testing, and implementation phases of the project life cycle. Major Accountabilities: Coordinate and participate in review; revisions; changes; enhancements; testing; documentation; and member notification of product … IT Jobs",[]
data analyst,Senior Data Analyst,CAI,US,107348.68,107348.68,IT Jobs,2026-09-21 22:43:08+00:00,"hackajob is collaborating with CAI to connect them with exceptional professionals for this role. Senior Data Analyst Req number: R8582 Employment type: Full time Worksite flexibility: Remote Who we are CAI is a global services firm with over 9,000 associates worldwide and a yearly revenue of $1.3 billion. We have over 40 years of excellence in uniting talent and technology to power the possible for our clients, colleagues, and communities. As a privately held company, we have the freedom and fo…",https://www.adzuna.com/land/ad/5893495047?se=Flam3za78RGPpPTv87sBag&utm_medium=api&utm_source=e45342b0&v=281A7D227DECBC81A4A7CF840F154D2A6E3CAE24,"Senior Data Analyst hackajob is collaborating with CAI to connect them with exceptional professionals for this role. Senior Data Analyst Req number: R8582 Employment type: Full time Worksite flexibility: Remote Who we are CAI is a global services firm with over 9,000 associates worldwide and a yearly revenue of $1.3 billion. We have over 40 years of excellence in uniting talent and technology to power the possible for our clients, colleagues, and communities. As a privately held company, we have the freedom and fo… IT Jobs",[]
data analyst,"Data Analyst, Specialist",Vanguard,"Frazer, Chester County",89179.2,89179.2,IT Jobs,2026-09-12 19:37:30+00:00,"hackajob is collaborating with Vanguard to connect them with exceptional professionals for this role. Analyzes data, assesses trends and develops actionable insights and recommendations in support of business objectives. Trains and develops junior analysts. Role Summary The Data Analyst, Specialist is responsible for leveraging data-driven insights to support strategic business decisions and improve operational efficiency. This role involves structuring complex business requests into well-defin…",https://www.adzuna.com/land/ad/5881895281?se=Flam3za78RGPpPTv87sBag&utm_medium=api&utm_source=e45342b0&v=8CC4B0222CFBB94C5325F6F4551AFED2DF62B2B2,"Data Analyst, Specialist hackajob is collaborating with Vanguard to connect them with exceptional professionals for this role. Analyzes data, assesses trends and develops actionable insights and recommendations in support of business objectives. Trains and develops junior analysts. Role Summary The Data Analyst, Specialist is responsible for leveraging data-driven insights to support strategic business decisions and improve operational efficiency. This role involves structuring complex business requests into well-defin… IT Jobs",[]
data analyst,Data Analyst Intern,CAI,US,45228.1,45228.1,IT Jobs,2026-09-24 10:49:06+00:00,"hackajob is collaborating with CAI to connect them with exceptional professionals for this role. Data Analyst Intern Req number: R8551 Employment type: Full time Worksite flexibility: Remote Who we are CAI is a global services firm with over 9,000 associates worldwide and a yearly revenue of $1.3 billion. We have over 40 years of excellence in uniting talent and technology to power the possible for our clients, colleagues, and communities. As a privately held company, we have the freedom and fo…",https://www.adzuna.com/land/ad/5896947088?se=Flam3za78RGPpPTv87sBag&utm_medium=api&utm_source=e45342b0&v=4C1AE66227F0A36B1C439BE136987BEF036F7529,"Data Analyst Intern hackajob is collaborating with CAI to connect them with exceptional professionals for this role. Data Analyst Intern Req number: R8551 Employment type: Full time Worksite flexibility: Remote Who we are CAI is a global services firm with over 9,000 associates worldwide and a yearly revenue of $1.3 billion. We have over 40 years of excellence in uniting talent and technology to power the possible for our clients, colleagues, and communities. As a privately held company, we have the freedom and fo… IT Jobs",[]
data analyst,Senior Data Analyst,Grubhub,"New York City, New York",122284.5,122284.5,Accounting & Finance Jobs,2026-09-02 07:52:40+00:00,"hackajob is collaborating with Grubhub to connect them with exceptional professionals for this role. About Wonder Everything’s on the menu at Wonder. Except compromise. Wonder is the mealtime platform built to feed every craving in one order. With Wonder, you can mix and match hundreds of dishes from 20 exclusive restaurants in a single order, so everyone gets exactly what they’re craving. Enjoy everything from tacos to Thai with $0 delivery fees, plus dine-in or pick up at a Wonder location ne…",https://www.adzuna.com/land/ad/5867068421?se=Flam3za78RGPpPTv87sBag&utm_medium=api&utm_source=e45342b0&v=BFE2FAB497FD6D6EBC64ACD625124BFECA154E4D,"Senior Data Analyst hackajob is collaborating with Grubhub to connect them with exceptional professionals for this role. About Wonder Everything’s on the menu at Wonder. Except compromise. Wonder is the mealtime platform built to feed every craving in one order. With Wonder, you can mix and match hundreds of dishes from 20 exclusive restaurants in a single order, so everyone gets exactly what they’re craving. Enjoy everything from tacos to Thai with $0 delivery fees, plus dine-in or pick up at a Wonder location ne… Accounting & Finance Jobs",[]
data analyst,"Data Analyst, Specialist",Vanguard,"Charlotte, Clinton County",83889.32,83889.32,IT Jobs,2026-07-06 11:33:04+00:00,"hackajob is collaborating with Vanguard to connect them with exceptional professionals for this role. Personal Investor (PI) Distribution is responsible for converting Vanguard’s Personal Investor strategy into growth outcomes by acquiring clients, deepening relationships, and retaining and growing assets. As part of the PI Distribution Analytics team, you will provide actionable insights and scalable analytics that enable Personal Investor Distribution to drive growth, improve client experienc…",https://www.adzuna.com/land/ad/5789985328?se=Flam3za78RGPpPTv87sBag&utm_medium=api&utm_source=e45342b0&v=BCEF858D53F4B5CC933D7464E2F2152D908DC715,"Data Analyst, Specialist hackajob is collaborating with Vanguard to connect them with exceptional professionals for this role. Personal Investor (PI) Distribution is responsible for converting Vanguard’s Personal Investor strategy into growth outcomes by acquiring clients, deepening relationships, and retaining and growing assets. As part of the PI Distribution Analytics team, you will provide actionable insights and scalable analytics that enable Personal Investor Distribution to drive growth, improve client experienc… IT Jobs",[]
data analyst,Investment Data Analyst,Vanguard,"Frazer, Chester County",77251.07,77251.07,IT Jobs,2026-09-25 10:52:06+00:00,"hackajob is collaborating with Vanguard to connect them with exceptional professionals for this role. We are seeking an analytical, collaborative, and results-oriented Investment Data Analyst to support key Investment Data Operations initiatives involving Security Reference Data. This role combines data analysis, operational support, project coordination, and process improvement responsibilities to help deliver high-quality investment data solutions, specifically Managed Security Reference Mast…",https://www.adzuna.com/land/ad/5898401016?se=Flam3za78RGPpPTv87sBag&utm_medium=api&utm_source=e45342b0&v=D07535BB38FB57905C4AEE9103F42B026A26EA45,"Investment Data Analyst hackajob is collaborating with Vanguard to connect them with exceptional professionals for this role. We are seeking an analytical, collaborative, and results-oriented Investment Data Analyst to support key Investment Data Operations initiatives involving Security Reference Data. This role combines data analysis, operational support, project coordination, and process improvement responsibilities to help deliver high-quality investment data solutions, specifically Managed Security Reference Mast… IT Jobs",[]
data analyst,Data Analyst-AVP,Barclays,"Hanover Township, Morris County",119455.2,119455.2,Accounting & Finance Jobs,2026-09-26 22:56:10+00:00,"hackajob is collaborating with Barclays to connect them with exceptional professionals for this role. What will you be doing? Barclays Services Corp. seeks Data Analyst-AVP in Whippany, NJ (multiple positions available): Develop, implement, and apply ML/AI/NLP/Deep Learning, Predictive Analytics, and Forecasting Models to support regulatory insights, dataquality trend analysis, and risk identification. Build, train, test, evaluate, and document models using Python and associated analytical libr…",https://www.adzuna.com/land/ad/5900227302?se=Flam3za78RGPpPTv87sBag&utm_medium=api&utm_source=e45342b0&v=61CA78E3CD314E0FCB7F6D1815EB948B4A592F0F,"Data Analyst-AVP hackajob is collaborating with Barclays to connect them with exceptional professionals for this role. What will you be doing? Barclays Services Corp. seeks Data Analyst-AVP in Whippany, NJ (multiple positions available): Develop, implement, and apply ML/AI/NLP/Deep Learning, Predictive Analytics, and Forecasting Models to support regulatory insights, dataquality trend analysis, and risk identification. Build, train, test, evaluate, and document models using Python and associated analytical libr… Accounting & Finance Jobs","['python', 'deep learning', 'nlp']"
data analyst,Lead Data Analyst,Vanguard,"Charlotte, Clinton County",102459.4,102459.4,IT Jobs,2026-09-12 19:37:16+00:00,"hackajob is collaborating with Vanguard to connect them with exceptional professionals for this role. Workplace Solutions Client Experience Analytics is hiring analysts who are passionate about turning data into action. You'll work with cross-functional partners to solve complex problems, uncover opportunities, and improve the client experience through analytics. We're looking for curious, adaptable teammates who can influence decisions and drive impact with data. Workplace Solutions Client Exp…",https://www.adzuna.com/land/ad/5881895160?se=Flam3za78RGPpPTv87sBag&utm_medium=api&utm_source=e45342b0&v=231CA95DA54EC5F3D5F614DC2A658ABB1F595F47,"Lead Data Analyst hackajob is collaborating with Vanguard to connect them with exceptional professionals for this role. Workplace Solutions Client Experience Analytics is hiring analysts who are passionate about turning data into action. You'll work with cross-functional partners to solve complex problems, uncover opportunities, and improve the client experience through analytics. We're looking for curious, adaptable teammates who can influence decisions and drive impact with data. Workplace Solutions Client Exp… IT Jobs",[]
data analyst,Principal Data Analyst,Oracle,US,133450.77,133450.77,Consultancy Jobs,2026-09-15 07:46:14+00:00,"hackajob is collaborating with Oracle to connect them with exceptional professionals for this role. Description It's an exciting time to join Oracle Health! Our Government Services team is hiring a Principal Data Analyst, where you will analyze, prepare, and process data sets to be consumed for direct insights, statistical modeling or other analytical exploration for internal and external clients. In this role, some of your responsibilities will include to compile complex data sets from various…",https://www.adzuna.com/land/ad/5884583770?se=Flam3za78RGPpPTv87sBag&utm_medium=api&utm_source=e45342b0&v=0FC115C8096A827901AC5C601AE7C781CB559A1A,"Principal Data Analyst hackajob is collaborating with Oracle to connect them with exceptional professionals for this role. Description It's an exciting time to join Oracle Health! Our Government Services team is hiring a Principal Data Analyst, where you will analyze, prepare, and process data sets to be consumed for direct insights, statistical modeling or other analytical exploration for internal and external clients. In this role, some of your responsibilities will include to compile complex data sets from various… Consultancy Jobs",[]
data analyst,EHR Data Analyst,Jobot,"Alameda, Bernalillo County",75000.0,95000.0,IT Jobs,2026-09-17 06:32:22+00:00,"Jobot is seeking an EHR Data Coordinator to support accurate, secure, and insightful use of electronic health records. In this role, you will manage data quality, perform ETL tasks, and coordinate with clinical, technical, and operations teams to deliver reliable reporting and analytics. You’ll monitor data integrity, document standards, and help troubleshoot issues while ensuring compliance with privacy and security regulations. Join a collaborative, tech-forward culture with modern tools, tra…",https://www.adzuna.com/land/ad/5887498019?se=Flam3za78RGPpPTv87sBag&utm_medium=api&utm_source=e45342b0&v=089CBDF31B140092D061759D53155CEC9A5A549D,"EHR Data Analyst Jobot is seeking an EHR Data Coordinator to support accurate, secure, and insightful use of electronic health records. In this role, you will manage data quality, perform ETL tasks, and coordinate with clinical, technical, and operations teams to deliver reliable reporting and analytics. You’ll monitor data integrity, document standards, and help troubleshoot issues while ensuring compliance with privacy and security regulations. Join a collaborative, tech-forward culture with modern tools, tra… IT Jobs",['etl']
data analyst,Survey Data Analyst,Leidos,"Bethesda, Montgomery County",95000.0,125000.0,IT Jobs,2026-09-21 17:58:44+00:00,"Leidos seeks an Analytic Objectivity and Process Survey Support Specialist to design and execute survey-based assessments that inform mission-critical IT and engineering decisions. In this role, you will develop and manage surveys, analyze quantitative and qualitative data, and translate results into clear insights and recommendations. You will build dashboards and reports, support process improvement initiatives, and collaborate with cross-functional teams across national security, health, and…",https://www.adzuna.com/land/ad/5893176369?se=Flam3za78RGPpPTv87sBag&utm_medium=api&utm_source=e45342b0&v=6B82BF84E1304AB4FF231E58B7A48953825BDB14,"Survey Data Analyst Leidos seeks an Analytic Objectivity and Process Survey Support Specialist to design and execute survey-based assessments that inform mission-critical IT and engineering decisions. In this role, you will develop and manage surveys, analyze quantitative and qualitative data, and translate results into clear insights and recommendations. You will build dashboards and reports, support process improvement initiatives, and collaborate with cross-functional teams across national security, health, and… IT Jobs",[]
data analyst,Survey Data Analyst,Leidos,"Mount Rainier, Prince George's County",95000.0,125000.0,IT Jobs,2026-09-21 17:55:30+00:00,"Leidos seeks an Analytic Objectivity and Process Survey Support Specialist to design and execute survey-based assessments that inform mission-critical IT and engineering decisions. In this role, you will develop and manage surveys, analyze quantitative and qualitative data, and translate results into clear insights and recommendations. You will build dashboards and reports, support process improvement initiatives, and collaborate with cross-functional teams across national security, health, and…",https://www.adzuna.com/land/ad/5893174450?se=Flam3za78RGPpPTv87sBag&utm_medium=api&utm_source=e45342b0&v=E816D41FB4C7A110E1A7038822A69F7CD825BE74,"Survey Data Analyst Leidos seeks an Analytic Objectivity and Process Survey Support Specialist to design and execute survey-based assessments that inform mission-critical IT and engineering decisions. In this role, you will develop and manage surveys, analyze quantitative and qualitative data, and translate results into clear insights and recommendations. You will build dashboards and reports, support process improvement initiatives, and collaborate with cross-functional teams across national security, health, and… IT Jobs",[]
data analyst,Survey Data Analyst,Leidos,"Oakton, Fairfax County",95000.0,125000.0,IT Jobs,2026-09-21 18:17:06+00:00,"Leidos seeks an Analytic Objectivity and Process Survey Support Specialist to design and execute survey-based assessments that inform mission-critical IT and engineering decisions. In this role, you will develop and manage surveys, analyze quantitative and qualitative data, and translate results into clear insights and recommendations. You will build dashboards and reports, support process improvement initiatives, and collaborate with cross-functional teams across national security, health, and…",https://www.adzuna.com/land/ad/5893182791?se=Flam3za78RGPpPTv87sBag&utm_medium=api&utm_source=e45342b0&v=806B457A3AD873C05C7438ACE7F8D06083329174,"Survey Data Analyst Leidos seeks an Analytic Objectivity and Process Survey Support Specialist to design and execute survey-based assessments that inform mission-critical IT and engineering decisions. In this role, you will develop and manage surveys, analyze quantitative and qualitative data, and translate results into clear insights and recommendations. You will build dashboards and reports, support process improvement initiatives, and collaborate with cross-functional teams across national security, health, and… IT Jobs",[]
data analyst,Survey Data Analyst,Leidos,"Chillum, Prince George's County",95000.0,125000.0,IT Jobs,2026-09-21 18:17:13+00:00,"Leidos seeks an Analytic Objectivity and Process Survey Support Specialist to design and execute survey-based assessments that inform mission-critical IT and engineering decisions. In this role, you will develop and manage surveys, analyze quantitative and qualitative data, and translate results into clear insights and recommendations. You will build dashboards and reports, support process improvement initiatives, and collaborate with cross-functional teams across national security, health, and…",https://www.adzuna.com/land/ad/5893182823?se=Flam3za78RGPpPTv87sBag&utm_medium=api&utm_source=e45342b0&v=E02D6BF1896F5A80205D986E0D6F13DB6F42016C,"Survey Data Analyst Leidos seeks an Analytic Objectivity and Process Survey Support Specialist to design and execute survey-based assessments that inform mission-critical IT and engineering decisions. In this role, you will develop and manage surveys, analyze quantitative and qualitative data, and translate results into clear insights and recommendations. You will build dashboards and reports, support process improvement initiatives, and collaborate with cross-functional teams across national security, health, and… IT Jobs",[]
data analyst,Survey Data Analyst,Leidos,"West Mclean, Fairfax County",95000.0,125000.0,IT Jobs,2026-09-21 18:16:40+00:00,"Leidos seeks an Analytic Objectivity and Process Survey Support Specialist to design and execute survey-based assessments that inform mission-critical IT and engineering decisions. In this role, you will develop and manage surveys, analyze quantitative and qualitative data, and translate results into clear insights and recommendations. You will build dashboards and reports, support process improvement initiatives, and collaborate with cross-functional teams across national security, health, and…",https://www.adzuna.com/land/ad/5893182593?se=Flam3za78RGPpPTv87sBag&utm_medium=api&utm_source=e45342b0&v=77FAD43BCA5D141C679FF2E256D12062DF4AED50,"Survey Data Analyst Leidos seeks an Analytic Objectivity and Process Survey Support Specialist to design and execute survey-based assessments that inform mission-critical IT and engineering decisions. In this role, you will develop and manage surveys, analyze quantitative and qualitative data, and translate results into clear insights and recommendations. You will build dashboards and reports, support process improvement initiatives, and collaborate with cross-functional teams across national security, health, and… IT Jobs",[]
data analyst,Survey Data Analyst,Leidos,"Cabin John, Montgomery County",95000.0,125000.0,IT Jobs,2026-09-21 18:19:53+00:00,"Leidos seeks an Analytic Objectivity and Process Survey Support Specialist to design and execute survey-based assessments that inform mission-critical IT and engineering decisions. In this role, you will develop and manage surveys, analyze quantitative and qualitative data, and translate results into clear insights and recommendations. You will build dashboards and reports, support process improvement initiatives, and collaborate with cross-functional teams across national security, health, and…",https://www.adzuna.com/land/ad/5893183888?se=Flam3za78RGPpPTv87sBag&utm_medium=api&utm_source=e45342b0&v=A0C5F7A902298A956F44750EF950823D783772F6,"Survey Data Analyst Leidos seeks an Analytic Objectivity and Process Survey Support Specialist to design and execute survey-based assessments that inform mission-critical IT and engineering decisions. In this role, you will develop and manage surveys, analyze quantitative and qualitative data, and translate results into clear insights and recommendations. You will build dashboards and reports, support process improvement initiatives, and collaborate with cross-functional teams across national security, health, and… IT Jobs",[]
data analyst,Survey Data Analyst,Leidos,"Seven Corners, Fairfax County",95000.0,125000.0,IT Jobs,2026-09-21 19:03:25+00:00,"Leidos seeks an Analytic Objectivity and Process Survey Support Specialist to design and execute survey-based assessments that inform mission-critical IT and engineering decisions. In this role, you will develop and manage surveys, analyze quantitative and qualitative data, and translate results into clear insights and recommendations. You will build dashboards and reports, support process improvement initiatives, and collaborate with cross-functional teams across national security, health, and…",https://www.adzuna.com/land/ad/5893254025?se=Flam3za78RGPpPTv87sBag&utm_medium=api&utm_source=e45342b0&v=5BCB4BBFF02A0EE15BB54EEBF1D374DE7663F141,"Survey Data Analyst Leidos seeks an Analytic Objectivity and Process Survey Support Specialist to design and execute survey-based assessments that inform mission-critical IT and engineering decisions. In this role, you will develop and manage surveys, analyze quantitative and qualitative data, and translate results into clear insights and recommendations. You will build dashboards and reports, support process improvement initiatives, and collaborate with cross-functional teams across national security, health, and… IT Jobs",[]
data analyst,Survey Data Analyst,Leidos,"Chantilly, Fairfax County",95000.0,125000.0,IT Jobs,2026-09-21 18:59:28+00:00,"Leidos seeks an Analytic Objectivity and Process Survey Support Specialist to design and execute survey-based assessments that inform mission-critical IT and engineering decisions. In this role, you will develop and manage surveys, analyze quantitative and qualitative data, and translate results into clear insights and recommendations. You will build dashboards and reports, support process improvement initiatives, and collaborate with cross-functional teams across national security, health, and…",https://www.adzuna.com/land/ad/5893251345?se=Flam3za78RGPpPTv87sBag&utm_medium=api&utm_source=e45342b0&v=5DEF055E2D1B51F405AB43F2BDEABE0E145A25B7,"Survey Data Analyst Leidos seeks an Analytic Objectivity and Process Survey Support Specialist to design and execute survey-based assessments that inform mission-critical IT and engineering decisions. In this role, you will develop and manage surveys, analyze quantitative and qualitative data, and translate results into clear insights and recommendations. You will build dashboards and reports, support process improvement initiatives, and collaborate with cross-functional teams across national security, health, and… IT Jobs",[]
data analyst,Survey Data Analyst,Leidos,"Hillcrest Heights, Prince George's County",95000.0,125000.0,IT Jobs,2026-09-21 18:59:52+00:00,"Leidos seeks an Analytic Objectivity and Process Survey Support Specialist to design and execute survey-based assessments that inform mission-critical IT and engineering decisions. In this role, you will develop and manage surveys, analyze quantitative and qualitative data, and translate results into clear insights and recommendations. You will build dashboards and reports, support process improvement initiatives, and collaborate with cross-functional teams across national security, health, and…",https://www.adzuna.com/land/ad/5893252003?se=Flam3za78RGPpPTv87sBag&utm_medium=api&utm_source=e45342b0&v=FAB47726F687E2CDFCA6164647A202A6B198C4D5,"Survey Data Analyst Leidos seeks an Analytic Objectivity and Process Survey Support Specialist to design and execute survey-based assessments that inform mission-critical IT and engineering decisions. In this role, you will develop and manage surveys, analyze quantitative and qualitative data, and translate results into clear insights and recommendations. You will build dashboards and reports, support process improvement initiatives, and collaborate with cross-functional teams across national security, health, and… IT Jobs",[]
data analyst,Survey Data Analyst,Leidos,"Germantown, Montgomery County",95000.0,125000.0,IT Jobs,2026-09-21 19:00:17+00:00,"Leidos seeks an Analytic Objectivity and Process Survey Support Specialist to design and execute survey-based assessments that inform mission-critical IT and engineering decisions. In this role, you will develop and manage surveys, analyze quantitative and qualitative data, and translate results into clear insights and recommendations. You will build dashboards and reports, support process improvement initiatives, and collaborate with cross-functional teams across national security, health, and…",https://www.adzuna.com/land/ad/5893252081?se=Flam3za78RGPpPTv87sBag&utm_medium=api&utm_source=e45342b0&v=C579C22C6D38E008D9ACBF268171FBE9F4545318,"Survey Data Analyst Leidos seeks an Analytic Objectivity and Process Survey Support Specialist to design and execute survey-based assessments that inform mission-critical IT and engineering decisions. In this role, you will develop and manage surveys, analyze quantitative and qualitative data, and translate results into clear insights and recommendations. You will build dashboards and reports, support process improvement initiatives, and collaborate with cross-functional teams across national security, health, and… IT Jobs",[]
data analyst,Survey Data Analyst,Leidos,"Merrifield, Fairfax County",95000.0,125000.0,IT Jobs,2026-09-21 19:00:34+00:00,"Leidos seeks an Analytic Objectivity and Process Survey Support Specialist to design and execute survey-based assessments that inform mission-critical IT and engineering decisions. In this role, you will develop and manage surveys, analyze quantitative and qualitative data, and translate results into clear insights and recommendations. You will build dashboards and reports, support process improvement initiatives, and collaborate with cross-functional teams across national security, health, and…",https://www.adzuna.com/land/ad/5893252161?se=Flam3za78RGPpPTv87sBag&utm_medium=api&utm_source=e45342b0&v=4526E46E34EAC2767BE220723A5A0880EAA1F11C,"Survey Data Analyst Leidos seeks an Analytic Objectivity and Process Survey Support Specialist to design and execute survey-based assessments that inform mission-critical IT and engineering decisions. In this role, you will develop and manage surveys, analyze quantitative and qualitative data, and translate results into clear insights and recommendations. You will build dashboards and reports, support process improvement initiatives, and collaborate with cross-functional teams across national security, health, and… IT Jobs",[]
data analyst,Survey Data Analyst,Leidos,"Aspen Hill, Montgomery County",95000.0,125000.0,IT Jobs,2026-09-21 18:23:13+00:00,"Leidos seeks an Analytic Objectivity and Process Survey Support Specialist to design and execute survey-based assessments that inform mission-critical IT and engineering decisions. In this role, you will develop and manage surveys, analyze quantitative and qualitative data, and translate results into clear insights and recommendations. You will build dashboards and reports, support process improvement initiatives, and collaborate with cross-functional teams across national security, health, and…",https://www.adzuna.com/land/ad/5893185557?se=Flam3za78RGPpPTv87sBag&utm_medium=api&utm_source=e45342b0&v=82B8BD3BABD12888B6896BB5AAB2222187100CFF,"Survey Data Analyst Leidos seeks an Analytic Objectivity and Process Survey Support Specialist to design and execute survey-based assessments that inform mission-critical IT and engineering decisions. In this role, you will develop and manage surveys, analyze quantitative and qualitative data, and translate results into clear insights and recommendations. You will build dashboards and reports, support process improvement initiatives, and collaborate with cross-functional teams across national security, health, and… IT Jobs",[]
data analyst,Survey Data Analyst,Leidos,"North Chevy Chase, Montgomery County",95000.0,125000.0,IT Jobs,2026-09-21 18:18:27+00:00,"Leidos seeks an Analytic Objectivity and Process Survey Support Specialist to design and execute survey-based assessments that inform mission-critical IT and engineering decisions. In this role, you will develop and manage surveys, analyze quantitative and qualitative data, and translate results into clear insights and recommendations. You will build dashboards and reports, support process improvement initiatives, and collaborate with cross-functional teams across national security, health, and…",https://www.adzuna.com/land/ad/5893183253?se=Flam3za78RGPpPTv87sBag&utm_medium=api&utm_source=e45342b0&v=F568DF64E14AE8C84AC9742D605EAD2BECCC5268,"Survey Data Analyst Leidos seeks an Analytic Objectivity and Process Survey Support Specialist to design and execute survey-based assessments that inform mission-critical IT and engineering decisions. In this role, you will develop and manage surveys, analyze quantitative and qualitative data, and translate results into clear insights and recommendations. You will build dashboards and reports, support process improvement initiatives, and collaborate with cross-functional teams across national security, health, and… IT Jobs",[]
data analyst,Survey Data Analyst,Leidos,"Baileys Crossroads, Fairfax County",95000.0,125000.0,IT Jobs,2026-09-21 18:16:47+00:00,"Leidos seeks an Analytic Objectivity and Process Survey Support Specialist to design and execute survey-based assessments that inform mission-critical IT and engineering decisions. In this role, you will develop and manage surveys, analyze quantitative and qualitative data, and translate results into clear insights and recommendations. You will build dashboards and reports, support process improvement initiatives, and collaborate with cross-functional teams across national security, health, and…",https://www.adzuna.com/land/ad/5893182656?se=ME9W4Da78RGCw6kuTDrJlg&utm_medium=api&utm_source=e45342b0&v=FCEF7037BAD6535DD5B3A51F86FDC4544BE3CB6B,"Survey Data Analyst Leidos seeks an Analytic Objectivity and Process Survey Support Specialist to design and execute survey-based assessments that inform mission-critical IT and engineering decisions. In this role, you will develop and manage surveys, analyze quantitative and qualitative data, and translate results into clear insights and recommendations. You will build dashboards and reports, support process improvement initiatives, and collaborate with cross-functional teams across national security, health, and… IT Jobs",[]
data analyst,Survey Data Analyst,Leidos,"Tysons Corner, Fairfax County",95000.0,125000.0,IT Jobs,2026-09-21 19:03:59+00:00,"Leidos seeks an Analytic Objectivity and Process Survey Support Specialist to design and execute survey-based assessments that inform mission-critical IT and engineering decisions. In this role, you will develop and manage surveys, analyze quantitative and qualitative data, and translate results into clear insights and recommendations. You will build dashboards and reports, support process improvement initiatives, and collaborate with cross-functional teams across national security, health, and…",https://www.adzuna.com/land/ad/5893254590?se=ME9W4Da78RGCw6kuTDrJlg&utm_medium=api&utm_source=e45342b0&v=B33D015095CE21813A6A0B03D6D6337928B75612,"Survey Data Analyst Leidos seeks an Analytic Objectivity and Process Survey Support Specialist to design and execute survey-based assessments that inform mission-critical IT and engineering decisions. In this role, you will develop and manage surveys, analyze quantitative and qualitative data, and translate results into clear insights and recommendations. You will build dashboards and reports, support process improvement initiatives, and collaborate with cross-functional teams across national security, health, and… IT Jobs",[]
data analyst,Survey Data Analyst,Leidos,"Cabin John, Montgomery County",95000.0,125000.0,IT Jobs,2026-09-21 19:10:47+00:00,"Leidos seeks an Analytic Objectivity and Process Survey Support Specialist to strengthen data-driven decision-making for mission-critical IT and software programs. In this role, you will design and execute surveys that assess analytic rigor, process adherence, and operational performance across national security, health, and engineering projects. You will clean and analyze survey data, build clear visualizations, and translate findings into actionable recommendations. Working in a collaborative…",https://www.adzuna.com/land/ad/5893258120?se=ME9W4Da78RGCw6kuTDrJlg&utm_medium=api&utm_source=e45342b0&v=4EA8505F901DCF74AB997812100E33A89D4E6020,"Survey Data Analyst Leidos seeks an Analytic Objectivity and Process Survey Support Specialist to strengthen data-driven decision-making for mission-critical IT and software programs. In this role, you will design and execute surveys that assess analytic rigor, process adherence, and operational performance across national security, health, and engineering projects. You will clean and analyze survey data, build clear visualizations, and translate findings into actionable recommendations. Working in a collaborative… IT Jobs",[]
data analyst,Survey Data Analyst,Leidos,"Kensington, Montgomery County",95000.0,125000.0,IT Jobs,2026-09-21 19:09:54+00:00,"Leidos seeks an Analytic Objectivity and Process Survey Support Specialist to design and execute survey-based assessments that inform mission-critical IT and engineering decisions. In this role, you will develop and manage surveys, analyze quantitative and qualitative data, and translate results into clear insights and recommendations. You will build dashboards and reports, support process improvement initiatives, and collaborate with cross-functional teams across national security, health, and…",https://www.adzuna.com/land/ad/5893257989?se=ME9W4Da78RGCw6kuTDrJlg&utm_medium=api&utm_source=e45342b0&v=6DE2F7DF1D0C184F7DFA506E5E13E122B80B35CC,"Survey Data Analyst Leidos seeks an Analytic Objectivity and Process Survey Support Specialist to design and execute survey-based assessments that inform mission-critical IT and engineering decisions. In this role, you will develop and manage surveys, analyze quantitative and qualitative data, and translate results into clear insights and recommendations. You will build dashboards and reports, support process improvement initiatives, and collaborate with cross-functional teams across national security, health, and… IT Jobs",[]
data analyst,Survey Data Analyst,Leidos,"South, Arlington County",95000.0,125000.0,IT Jobs,2026-09-21 19:10:38+00:00,"Leidos seeks an Analytic Objectivity and Process Survey Support Specialist to design and execute survey-based assessments that inform mission-critical IT and engineering decisions. In this role, you will develop and manage surveys, analyze quantitative and qualitative data, and translate results into clear insights and recommendations. You will build dashboards and reports, support process improvement initiatives, and collaborate with cross-functional teams across national security, health, and…",https://www.adzuna.com/land/ad/5893258093?se=ME9W4Da78RGCw6kuTDrJlg&utm_medium=api&utm_source=e45342b0&v=808C5ECC011DD36BEBE39F88E09AFDF9614B39B9,"Survey Data Analyst Leidos seeks an Analytic Objectivity and Process Survey Support Specialist to design and execute survey-based assessments that inform mission-critical IT and engineering decisions. In this role, you will develop and manage surveys, analyze quantitative and qualitative data, and translate results into clear insights and recommendations. You will build dashboards and reports, support process improvement initiatives, and collaborate with cross-functional teams across national security, health, and… IT Jobs",[]
data analyst,Survey Data Analyst,Leidos,"Tysons, Fairfax County",95000.0,125000.0,IT Jobs,2026-09-21 19:10:58+00:00,"Leidos seeks an Analytic Objectivity and Process Survey Support Specialist to design and execute survey-based assessments that inform mission-critical IT and engineering decisions. In this role, you will develop and manage surveys, analyze quantitative and qualitative data, and translate results into clear insights and recommendations. You will build dashboards and reports, support process improvement initiatives, and collaborate with cross-functional teams across national security, health, and…",https://www.adzuna.com/land/ad/5893258162?se=ME9W4Da78RGCw6kuTDrJlg&utm_medium=api&utm_source=e45342b0&v=263C5E803F3AD42DC0AFBDCE1071E90A43A25013,"Survey Data Analyst Leidos seeks an Analytic Objectivity and Process Survey Support Specialist to design and execute survey-based assessments that inform mission-critical IT and engineering decisions. In this role, you will develop and manage surveys, analyze quantitative and qualitative data, and translate results into clear insights and recommendations. You will build dashboards and reports, support process improvement initiatives, and collaborate with cross-functional teams across national security, health, and… IT Jobs",[]
data analyst,Survey Data Analyst,Leidos,"Dulles Town Center, Loudoun County",95000.0,125000.0,IT Jobs,2026-09-21 18:40:39+00:00,"Leidos seeks an Analytic Objectivity and Process Survey Support Specialist to design and execute survey-based assessments that inform mission-critical IT and engineering decisions. In this role, you will develop and manage surveys, analyze quantitative and qualitative data, and translate results into clear insights and recommendations. You will build dashboards and reports, support process improvement initiatives, and collaborate with cross-functional teams across national security, health, and…",https://www.adzuna.com/land/ad/5893221713?se=ME9W4Da78RGCw6kuTDrJlg&utm_medium=api&utm_source=e45342b0&v=3290B454BF20D82EDBAB38F226A8C45CC867DF0E,"Survey Data Analyst Leidos seeks an Analytic Objectivity and Process Survey Support Specialist to design and execute survey-based assessments that inform mission-critical IT and engineering decisions. In this role, you will develop and manage surveys, analyze quantitative and qualitative data, and translate results into clear insights and recommendations. You will build dashboards and reports, support process improvement initiatives, and collaborate with cross-functional teams across national security, health, and… IT Jobs",[]
data analyst,Survey Data Analyst,Leidos,"Potomac, Montgomery County",95000.0,125000.0,IT Jobs,2026-09-21 18:43:03+00:00,"Leidos seeks an Analytic Objectivity and Process Survey Support Specialist to design and execute survey-based assessments that inform mission-critical IT and engineering decisions. In this role, you will develop and manage surveys, analyze quantitative and qualitative data, and translate results into clear insights and recommendations. You will build dashboards and reports, support process improvement initiatives, and collaborate with cross-functional teams across national security, health, and…",https://www.adzuna.com/land/ad/5893236728?se=ME9W4Da78RGCw6kuTDrJlg&utm_medium=api&utm_source=e45342b0&v=4A02D92F021DB0C6A2FC98A876F164863523A431,"Survey Data Analyst Leidos seeks an Analytic Objectivity and Process Survey Support Specialist to design and execute survey-based assessments that inform mission-critical IT and engineering decisions. In this role, you will develop and manage surveys, analyze quantitative and qualitative data, and translate results into clear insights and recommendations. You will build dashboards and reports, support process improvement initiatives, and collaborate with cross-functional teams across national security, health, and… IT Jobs",[]
data analyst,Survey Data Analyst,Leidos,"Green Meadow, Prince George's County",95000.0,125000.0,IT Jobs,2026-09-21 18:44:10+00:00,"Leidos seeks an Analytic Objectivity and Process Survey Support Specialist to design and execute survey-based assessments that inform mission-critical IT and engineering decisions. In this role, you will develop and manage surveys, analyze quantitative and qualitative data, and translate results into clear insights and recommendations. You will build dashboards and reports, support process improvement initiatives, and collaborate with cross-functional teams across national security, health, and…",https://www.adzuna.com/land/ad/5893240484?se=ME9W4Da78RGCw6kuTDrJlg&utm_medium=api&utm_source=e45342b0&v=C8CE0A39522294E5DD3A07B6D4DF2E8A68A70E59,"Survey Data Analyst Leidos seeks an Analytic Objectivity and Process Survey Support Specialist to design and execute survey-based assessments that inform mission-critical IT and engineering decisions. In this role, you will develop and manage surveys, analyze quantitative and qualitative data, and translate results into clear insights and recommendations. You will build dashboards and reports, support process improvement initiatives, and collaborate with cross-functional teams across national security, health, and… IT Jobs",[]
data analyst,Survey Data Analyst,Leidos,"Vienna, Fairfax County",95000.0,125000.0,IT Jobs,2026-09-21 18:42:31+00:00,"Leidos seeks an Analytic Objectivity and Process Survey Support Specialist to design and execute survey-based assessments that inform mission-critical IT and engineering decisions. In this role, you will develop and manage surveys, analyze quantitative and qualitative data, and translate results into clear insights and recommendations. You will build dashboards and reports, support process improvement initiatives, and collaborate with cross-functional teams across national security, health, and…",https://www.adzuna.com/land/ad/5893234574?se=ME9W4Da78RGCw6kuTDrJlg&utm_medium=api&utm_source=e45342b0&v=0C6B2D478C92F95499ECA86FAFE4C556F5C5F26F,"Survey Data Analyst Leidos seeks an Analytic Objectivity and Process Survey Support Specialist to design and execute survey-based assessments that inform mission-critical IT and engineering decisions. In this role, you will develop and manage surveys, analyze quantitative and qualitative data, and translate results into clear insights and recommendations. You will build dashboards and reports, support process improvement initiatives, and collaborate with cross-functional teams across national security, health, and… IT Jobs",[]
data analyst,Survey Data Analyst,Leidos,"Avondale, Prince George's County",95000.0,125000.0,IT Jobs,2026-09-21 18:43:21+00:00,"Leidos seeks an Analytic Objectivity and Process Survey Support Specialist to design and execute survey-based assessments that inform mission-critical IT and engineering decisions. In this role, you will develop and manage surveys, analyze quantitative and qualitative data, and translate results into clear insights and recommendations. You will build dashboards and reports, support process improvement initiatives, and collaborate with cross-functional teams across national security, health, and…",https://www.adzuna.com/land/ad/5893237581?se=ME9W4Da78RGCw6kuTDrJlg&utm_medium=api&utm_source=e45342b0&v=DCE6DE5B175F61A032978AD3BA5222145B86F0A9,"Survey Data Analyst Leidos seeks an Analytic Objectivity and Process Survey Support Specialist to design and execute survey-based assessments that inform mission-critical IT and engineering decisions. In this role, you will develop and manage surveys, analyze quantitative and qualitative data, and translate results into clear insights and recommendations. You will build dashboards and reports, support process improvement initiatives, and collaborate with cross-functional teams across national security, health, and… IT Jobs",[]
data analyst,Survey Data Analyst,Leidos,"Great Falls, Fairfax County",95000.0,125000.0,IT Jobs,2026-09-21 18:39:21+00:00,"Leidos seeks an Analytic Objectivity and Process Survey Support Specialist to design and execute survey-based assessments that inform mission-critical IT and engineering decisions. In this role, you will develop and manage surveys, analyze quantitative and qualitative data, and translate results into clear insights and recommendations. You will build dashboards and reports, support process improvement initiatives, and collaborate with cross-functional teams across national security, health, and…",https://www.adzuna.com/land/ad/5893217163?se=ME9W4Da78RGCw6kuTDrJlg&utm_medium=api&utm_source=e45342b0&v=1C6DCF57F0C5E9A34ADAC111A8660C2FB9F730A4,"Survey Data Analyst Leidos seeks an Analytic Objectivity and Process Survey Support Specialist to design and execute survey-based assessments that inform mission-critical IT and engineering decisions. In this role, you will develop and manage surveys, analyze quantitative and qualitative data, and translate results into clear insights and recommendations. You will build dashboards and reports, support process improvement initiatives, and collaborate with cross-functional teams across national security, health, and… IT Jobs",[]
data analyst,Survey Data Analyst,Leidos,"Springfield, Fairfax County",95000.0,125000.0,IT Jobs,2026-09-21 18:57:00+00:00,"Leidos seeks an Analytic Objectivity and Process Survey Support Specialist to design and execute survey-based assessments that inform mission-critical IT and engineering decisions. In this role, you will develop and manage surveys, analyze quantitative and qualitative data, and translate results into clear insights and recommendations. You will build dashboards and reports, support process improvement initiatives, and collaborate with cross-functional teams across national security, health, and…",https://www.adzuna.com/land/ad/5893250919?se=ME9W4Da78RGCw6kuTDrJlg&utm_medium=api&utm_source=e45342b0&v=85B5D10F92D5BA4356C4ABDE024425932F0C3712,"Survey Data Analyst Leidos seeks an Analytic Objectivity and Process Survey Support Specialist to design and execute survey-based assessments that inform mission-critical IT and engineering decisions. In this role, you will develop and manage surveys, analyze quantitative and qualitative data, and translate results into clear insights and recommendations. You will build dashboards and reports, support process improvement initiatives, and collaborate with cross-functional teams across national security, health, and… IT Jobs",[]
data analyst,Survey Data Analyst,Leidos,"Herndon, Fairfax County",95000.0,125000.0,IT Jobs,2026-09-21 18:52:32+00:00,"Leidos seeks an Analytic Objectivity and Process Survey Support Specialist to design and execute survey-based assessments that inform mission-critical IT and engineering decisions. In this role, you will develop and manage surveys, analyze quantitative and qualitative data, and translate results into clear insights and recommendations. You will build dashboards and reports, support process improvement initiatives, and collaborate with cross-functional teams across national security, health, and…",https://www.adzuna.com/land/ad/5893248416?se=ME9W4Da78RGCw6kuTDrJlg&utm_medium=api&utm_source=e45342b0&v=727A2327B980B7B362FD88743F4E048B3C497217,"Survey Data Analyst Leidos seeks an Analytic Objectivity and Process Survey Support Specialist to design and execute survey-based assessments that inform mission-critical IT and engineering decisions. In this role, you will develop and manage surveys, analyze quantitative and qualitative data, and translate results into clear insights and recommendations. You will build dashboards and reports, support process improvement initiatives, and collaborate with cross-functional teams across national security, health, and… IT Jobs",[]
data analyst,Survey Data Analyst,Leidos,"Derwood, Montgomery County",95000.0,125000.0,IT Jobs,2026-09-21 18:53:40+00:00,"Leidos seeks an Analytic Objectivity and Process Survey Support Specialist to design and execute survey-based assessments that inform mission-critical IT and engineering decisions. In this role, you will develop and manage surveys, analyze quantitative and qualitative data, and translate results into clear insights and recommendations. You will build dashboards and reports, support process improvement initiatives, and collaborate with cross-functional teams across national security, health, and…",https://www.adzuna.com/land/ad/5893249428?se=ME9W4Da78RGCw6kuTDrJlg&utm_medium=api&utm_source=e45342b0&v=84416FAE4F122B8651D3F8350412F54B6B278129,"Survey Data Analyst Leidos seeks an Analytic Objectivity and Process Survey Support Specialist to design and execute survey-based assessments that inform mission-critical IT and engineering decisions. In this role, you will develop and manage surveys, analyze quantitative and qualitative data, and translate results into clear insights and recommendations. You will build dashboards and reports, support process improvement initiatives, and collaborate with cross-functional teams across national security, health, and… IT Jobs",[]
data analyst,Survey Data Analyst,Leidos,"Annandale, Fairfax County",95000.0,125000.0,IT Jobs,2026-09-21 18:56:17+00:00,"Leidos seeks an Analytic Objectivity and Process Survey Support Specialist to design and execute survey-based assessments that inform mission-critical IT and engineering decisions. In this role, you will develop and manage surveys, analyze quantitative and qualitative data, and translate results into clear insights and recommendations. You will build dashboards and reports, support process improvement initiatives, and collaborate with cross-functional teams across national security, health, and…",https://www.adzuna.com/land/ad/5893250172?se=ME9W4Da78RGCw6kuTDrJlg&utm_medium=api&utm_source=e45342b0&v=3579C7FBF535BF84111B665A4952AB0C2DA00E2E,"Survey Data Analyst Leidos seeks an Analytic Objectivity and Process Survey Support Specialist to design and execute survey-based assessments that inform mission-critical IT and engineering decisions. In this role, you will develop and manage surveys, analyze quantitative and qualitative data, and translate results into clear insights and recommendations. You will build dashboards and reports, support process improvement initiatives, and collaborate with cross-functional teams across national security, health, and… IT Jobs",[]
data analyst,Survey Data Analyst,Leidos,"Cottage, Prince George's County",95000.0,125000.0,IT Jobs,2026-09-21 18:57:01+00:00,"Leidos seeks an Analytic Objectivity and Process Survey Support Specialist to design and execute survey-based assessments that inform mission-critical IT and engineering decisions. In this role, you will develop and manage surveys, analyze quantitative and qualitative data, and translate results into clear insights and recommendations. You will build dashboards and reports, support process improvement initiatives, and collaborate with cross-functional teams across national security, health, and…",https://www.adzuna.com/land/ad/5893250929?se=ME9W4Da78RGCw6kuTDrJlg&utm_medium=api&utm_source=e45342b0&v=624CF372728D55B375935E2F58BE8B868DF62A0B,"Survey Data Analyst Leidos seeks an Analytic Objectivity and Process Survey Support Specialist to design and execute survey-based assessments that inform mission-critical IT and engineering decisions. In this role, you will develop and manage surveys, analyze quantitative and qualitative data, and translate results into clear insights and recommendations. You will build dashboards and reports, support process improvement initiatives, and collaborate with cross-functional teams across national security, health, and… IT Jobs",[]
data analyst,Survey Data Analyst,Leidos,"North Bethesda, Montgomery County",95000.0,125000.0,IT Jobs,2026-09-21 18:56:45+00:00,"Leidos seeks an Analytic Objectivity and Process Survey Support Specialist to design and execute survey-based assessments that inform mission-critical IT and engineering decisions. In this role, you will develop and manage surveys, analyze quantitative and qualitative data, and translate results into clear insights and recommendations. You will build dashboards and reports, support process improvement initiatives, and collaborate with cross-functional teams across national security, health, and…",https://www.adzuna.com/land/ad/5893250844?se=ME9W4Da78RGCw6kuTDrJlg&utm_medium=api&utm_source=e45342b0&v=859B01FBDB82C9FA93B229799721118FF5A9ADF8,"Survey Data Analyst Leidos seeks an Analytic Objectivity and Process Survey Support Specialist to design and execute survey-based assessments that inform mission-critical IT and engineering decisions. In this role, you will develop and manage surveys, analyze quantitative and qualitative data, and translate results into clear insights and recommendations. You will build dashboards and reports, support process improvement initiatives, and collaborate with cross-functional teams across national security, health, and… IT Jobs",[]
data analyst,Survey Data Analyst,Leidos,"North Springfield, Fairfax County",95000.0,125000.0,IT Jobs,2026-09-21 18:02:44+00:00,"Leidos seeks an Analytic Objectivity and Process Survey Support Specialist to design and execute survey-based assessments that inform mission-critical IT and engineering decisions. In this role, you will develop and manage surveys, analyze quantitative and qualitative data, and translate results into clear insights and recommendations. You will build dashboards and reports, support process improvement initiatives, and collaborate with cross-functional teams across national security, health, and…",https://www.adzuna.com/land/ad/5893177850?se=ME9W4Da78RGCw6kuTDrJlg&utm_medium=api&utm_source=e45342b0&v=CC5136805029F4B284D29D4E8A664364439F863E,"Survey Data Analyst Leidos seeks an Analytic Objectivity and Process Survey Support Specialist to design and execute survey-based assessments that inform mission-critical IT and engineering decisions. In this role, you will develop and manage surveys, analyze quantitative and qualitative data, and translate results into clear insights and recommendations. You will build dashboards and reports, support process improvement initiatives, and collaborate with cross-functional teams across national security, health, and… IT Jobs",[]
data analyst,Survey Data Analyst,Leidos,"Montgomery Village, Montgomery County",95000.0,125000.0,IT Jobs,2026-09-21 18:13:31+00:00,"Leidos seeks an Analytic Objectivity and Process Survey Support Specialist to design and execute survey-based assessments that inform mission-critical IT and engineering decisions. In this role, you will develop and manage surveys, analyze quantitative and qualitative data, and translate results into clear insights and recommendations. You will build dashboards and reports, support process improvement initiatives, and collaborate with cross-functional teams across national security, health, and…",https://www.adzuna.com/land/ad/5893180707?se=ME9W4Da78RGCw6kuTDrJlg&utm_medium=api&utm_source=e45342b0&v=0CDF70D14BCF5907D71C13D7815815E2FC50514B,"Survey Data Analyst Leidos seeks an Analytic Objectivity and Process Survey Support Specialist to design and execute survey-based assessments that inform mission-critical IT and engineering decisions. In this role, you will develop and manage surveys, analyze quantitative and qualitative data, and translate results into clear insights and recommendations. You will build dashboards and reports, support process improvement initiatives, and collaborate with cross-functional teams across national security, health, and… IT Jobs",[]
data analyst,Survey Data Analyst,Leidos,"Sully Station, Fairfax County",95000.0,125000.0,IT Jobs,2026-09-21 18:07:26+00:00,"Leidos seeks an Analytic Objectivity and Process Survey Support Specialist to design and execute survey-based assessments that inform mission-critical IT and engineering decisions. In this role, you will develop and manage surveys, analyze quantitative and qualitative data, and translate results into clear insights and recommendations. You will build dashboards and reports, support process improvement initiatives, and collaborate with cross-functional teams across national security, health, and…",https://www.adzuna.com/land/ad/5893179533?se=ME9W4Da78RGCw6kuTDrJlg&utm_medium=api&utm_source=e45342b0&v=53709DC2F1F80E34323843C88975094340DCFB66,"Survey Data Analyst Leidos seeks an Analytic Objectivity and Process Survey Support Specialist to design and execute survey-based assessments that inform mission-critical IT and engineering decisions. In this role, you will develop and manage surveys, analyze quantitative and qualitative data, and translate results into clear insights and recommendations. You will build dashboards and reports, support process improvement initiatives, and collaborate with cross-functional teams across national security, health, and… IT Jobs",[]
data analyst,Survey Data Analyst,Leidos,"Washington, D.C., US",95000.0,125000.0,IT Jobs,2026-09-21 18:31:39+00:00,"Leidos seeks an Analytic Objectivity and Process Survey Support Specialist to design and execute survey-based assessments that inform mission-critical IT and engineering decisions. In this role, you will develop and manage surveys, analyze quantitative and qualitative data, and translate results into clear insights and recommendations. You will build dashboards and reports, support process improvement initiatives, and collaborate with cross-functional teams across national security, health, and…",https://www.adzuna.com/land/ad/5893190267?se=ME9W4Da78RGCw6kuTDrJlg&utm_medium=api&utm_source=e45342b0&v=710F54E8DD6DC9229EA93B8E6CDC602B6F492EC5,"Survey Data Analyst Leidos seeks an Analytic Objectivity and Process Survey Support Specialist to design and execute survey-based assessments that inform mission-critical IT and engineering decisions. In this role, you will develop and manage surveys, analyze quantitative and qualitative data, and translate results into clear insights and recommendations. You will build dashboards and reports, support process improvement initiatives, and collaborate with cross-functional teams across national security, health, and… IT Jobs",[]
data analyst,Survey Data Analyst,Leidos,"Washington Grove, Montgomery County",95000.0,125000.0,IT Jobs,2026-09-21 18:33:11+00:00,"Leidos seeks an Analytic Objectivity and Process Survey Support Specialist to design and execute survey-based assessments that inform mission-critical IT and engineering decisions. In this role, you will develop and manage surveys, analyze quantitative and qualitative data, and translate results into clear insights and recommendations. You will build dashboards and reports, support process improvement initiatives, and collaborate with cross-functional teams across national security, health, and…",https://www.adzuna.com/land/ad/5893198818?se=ME9W4Da78RGCw6kuTDrJlg&utm_medium=api&utm_source=e45342b0&v=4BFBC35BD2C171EABC740A7CF66AF5C18F4BD5B1,"Survey Data Analyst Leidos seeks an Analytic Objectivity and Process Survey Support Specialist to design and execute survey-based assessments that inform mission-critical IT and engineering decisions. In this role, you will develop and manage surveys, analyze quantitative and qualitative data, and translate results into clear insights and recommendations. You will build dashboards and reports, support process improvement initiatives, and collaborate with cross-functional teams across national security, health, and… IT Jobs",[]
data analyst,Survey Data Analyst,Leidos,"Merrifield, Fairfax County",105000.0,145000.0,IT Jobs,2026-09-21 18:50:24+00:00,"Leidos seeks an Analytic Objectivity and Process Survey Support Specialist to advance mission-critical IT and government programs. In this role, you will design and administer surveys focused on analytic rigor and process performance, collect and analyze qualitative and quantitative data, and translate insights into clear reports and dashboards. You will partner with cross-functional teams to define metrics, ensure data integrity and security, and recommend process improvements. This position o…",https://www.adzuna.com/land/ad/5893247675?se=ME9W4Da78RGCw6kuTDrJlg&utm_medium=api&utm_source=e45342b0&v=1DBA894595A035CBAE4AAE65AF45DAFD8CBF5758,"Survey Data Analyst Leidos seeks an Analytic Objectivity and Process Survey Support Specialist to advance mission-critical IT and government programs. In this role, you will design and administer surveys focused on analytic rigor and process performance, collect and analyze qualitative and quantitative data, and translate insights into clear reports and dashboards. You will partner with cross-functional teams to define metrics, ensure data integrity and security, and recommend process improvements. This position o… IT Jobs",[]
data analyst,Data Analyst /Data Analytics,"Rayomind Software Solutions LLC, DBA, Hire'in Solutions","Santa Clara, Santa Clara County",119774.95,119774.95,IT Jobs,2026-05-20 14:13:10+00:00,"Job Title: Data Analyst / Data Analytics Location: Santa Clara, CA (Onsite) Duration: C2C/W2 Job Description:- Need profiles with Strong SQL, Tableau & Data Analytics (Instead of Data Analyst), Databricks and AWS and Supply chain domain Strong in advance SQL Good at data analysis Should be able to build BI dashboards using Tableau & Power BI Experience in Databricks, AWS and Python Candidate should be able to assist business stakeholders to build their dashboards Supply chain domain knowledge S…",https://www.adzuna.com/land/ad/5735320963?se=ME9W4Da78RGCw6kuTDrJlg&utm_medium=api&utm_source=e45342b0&v=E2233E2F8DCAFBDE2C3B2EC7A94A2A0FCC082386,"Data Analyst /Data Analytics Job Title: Data Analyst / Data Analytics Location: Santa Clara, CA (Onsite) Duration: C2C/W2 Job Description:- Need profiles with Strong SQL, Tableau & Data Analytics (Instead of Data Analyst), Databricks and AWS and Supply chain domain Strong in advance SQL Good at data analysis Should be able to build BI dashboards using Tableau & Power BI Experience in Databricks, AWS and Python Candidate should be able to assist business stakeholders to build their dashboards Supply chain domain knowledge S… IT Jobs","['python', 'sql', 'tableau', 'power bi', 'aws']"
data analyst,Lead Data Analyst,GovCIO,US,109374.95,109374.95,IT Jobs,2026-04-08 13:21:20+00:00,"GovCIO is currently hiring for a Data Analyst to lead development of data strategy. This position will be located in Fort Meaded, MD and will be an onsite position. Responsibilities The Data Analyst leads development of the data strategy that transforms autonomous pentesting outputs into structured, contextualized datasets suitable for AI training and advanced analytics. This role defines data taxonomies, metadata requirements, labeling approaches, and governance considerations to ensure collec…",https://www.adzuna.com/land/ad/5693336521?se=ME9W4Da78RGCw6kuTDrJlg&utm_medium=api&utm_source=e45342b0&v=895A146634E0AF4914D47293D279C1B51223C9FE,"Lead Data Analyst GovCIO is currently hiring for a Data Analyst to lead development of data strategy. This position will be located in Fort Meaded, MD and will be an onsite position. Responsibilities The Data Analyst leads development of the data strategy that transforms autonomous pentesting outputs into structured, contextualized datasets suitable for AI training and advanced analytics. This role defines data taxonomies, metadata requirements, labeling approaches, and governance considerations to ensure collec… IT Jobs",[]
data analyst,Mid Data Analyst,Booz Allen Hamilton,"Triana, Madison County",54434.57,54434.57,IT Jobs,2026-09-18 12:46:00+00:00,"Job Number: R0249741 Data Analyst, Mid The Opportunity: As data analyst, you love diving into data and turning it into meaningful insights. With the abundance of structured and unstructured data, you understand the importance of transforming complex data sets into useful information to solve challenges. As a data analyst at Booz Allen, you can use your skills and experience to support a mission and use data for good. We need a data analyst like you to bring your knowledge. As a client-facing da…",https://www.adzuna.com/land/ad/5889617852?se=ME9W4Da78RGCw6kuTDrJlg&utm_medium=api&utm_source=e45342b0&v=2279CCB89E5C62489C9B3019D04A30175F0E7AE8,"Mid Data Analyst Job Number: R0249741 Data Analyst, Mid The Opportunity: As data analyst, you love diving into data and turning it into meaningful insights. With the abundance of structured and unstructured data, you understand the importance of transforming complex data sets into useful information to solve challenges. As a data analyst at Booz Allen, you can use your skills and experience to support a mission and use data for good. We need a data analyst like you to bring your knowledge. As a client-facing da… IT Jobs",[]
data analyst,Mid Data Analyst,Booz Allen Hamilton,"Tampa Palms, Hillsborough County",103757.07,103757.07,IT Jobs,2026-08-11 18:06:11+00:00,"Job Number: R0246618 Data Analyst, Mid The Opportunity: As a data analyst, you love diving into data and turning it into meaningful insights. With the abundance of structured and unstructured data, you understand the importance of transforming complex data sets into useful information to solve challenges. As a Data Analyst at Booz Allen, you can use your skills to support a mission and use data for good. We need a data analyst like you to bring your knowledge to USCENTCOM's data lake environmen…",https://www.adzuna.com/land/ad/5837373965?se=ME9W4Da78RGCw6kuTDrJlg&utm_medium=api&utm_source=e45342b0&v=8924C16C09C166777EB7B643A2947830C3A2F3D7,"Mid Data Analyst Job Number: R0246618 Data Analyst, Mid The Opportunity: As a data analyst, you love diving into data and turning it into meaningful insights. With the abundance of structured and unstructured data, you understand the importance of transforming complex data sets into useful information to solve challenges. As a Data Analyst at Booz Allen, you can use your skills to support a mission and use data for good. We need a data analyst like you to bring your knowledge to USCENTCOM's data lake environmen… IT Jobs",[]
data analyst,Senior Data Analyst,Advantage Technical,"Plano, Collin County",87538.44,87538.44,IT Jobs,2026-09-22 22:45:39+00:00,"Staffmark Workforce Solutions offers this exciting contract opportunity with a global leader in electronics, mobile devices, and appliances located in Plano, TX. Sr. Data Analyst Top Skills Bachelor's degree (BA or BS) in a technical field, Finance, Information Systems, Engineering, or related field required. MBA or other related advanced degree preferred 5-7 years of experience working as a data/systems analyst, project management, process improvement, or similar role Ability to structure and …",https://www.adzuna.com/land/ad/5894666504?se=ME9W4Da78RGCw6kuTDrJlg&utm_medium=api&utm_source=e45342b0&v=26DFC7A662E4E329C6511157636146BC282E2042,"Senior Data Analyst Staffmark Workforce Solutions offers this exciting contract opportunity with a global leader in electronics, mobile devices, and appliances located in Plano, TX. Sr. Data Analyst Top Skills Bachelor's degree (BA or BS) in a technical field, Finance, Information Systems, Engineering, or related field required. MBA or other related advanced degree preferred 5-7 years of experience working as a data/systems analyst, project management, process improvement, or similar role Ability to structure and … IT Jobs",[]
data analyst,Data Analyst 5,Randstad Digital,"Alaska, US",67264.66,67264.66,IT Jobs,2026-09-03 19:58:02+00:00,"job summary: Enterprise Healthcare client has an immediate opening for a highly motivated Data Analyst 5 to join their dynamic and growing team. All qualified candidates are encouraged to apply! location: Telecommute job type: Contract salary: $58.66 - 68.66 per hour work hours: 8am to 5pm education: Bachelors responsibilities: - What is the purpose of this team? - Describe the surrounding team (team culture, work environment, etc.) & key projects. - Do you have any additional upcoming hiring n…",https://www.adzuna.com/land/ad/5869674605?se=ME9W4Da78RGCw6kuTDrJlg&utm_medium=api&utm_source=e45342b0&v=07DF60E876AED57A81F26BAC3705E85F18E0A793,"Data Analyst 5 job summary: Enterprise Healthcare client has an immediate opening for a highly motivated Data Analyst 5 to join their dynamic and growing team. All qualified candidates are encouraged to apply! location: Telecommute job type: Contract salary: $58.66 - 68.66 per hour work hours: 8am to 5pm education: Bachelors responsibilities: - What is the purpose of this team? - Describe the surrounding team (team culture, work environment, etc.) & key projects. - Do you have any additional upcoming hiring n… IT Jobs",[]
data analyst,Sr. Data Analyst,Dynanet Corporation,"Mount Rainier, Prince George's County",124784.73,124784.73,IT Jobs,2026-09-17 16:11:10+00:00,"Position Details: Job Title: Sr. Data Analyst Job Type: Full-time Salary Range: $160,000 - $180,000 Location: Washington. DC (Onsite: 5 days a week) Dynanet Corporation Overview: Dynanet started with a focus on IT infrastructure and operations, helping organizations enhance their networks and overcome the limitations of 1990s technology. From strengthening communication channels to introducing innovative ways to collaborate and share information, Dynanet played a crucial role in shaping the ear…",https://www.adzuna.com/land/ad/5888163937?se=ME9W4Da78RGCw6kuTDrJlg&utm_medium=api&utm_source=e45342b0&v=F46BFB97B9F85D78851374F51FBB3AD9842A112D,"Sr. Data Analyst Position Details: Job Title: Sr. Data Analyst Job Type: Full-time Salary Range: $160,000 - $180,000 Location: Washington. DC (Onsite: 5 days a week) Dynanet Corporation Overview: Dynanet started with a focus on IT infrastructure and operations, helping organizations enhance their networks and overcome the limitations of 1990s technology. From strengthening communication channels to introducing innovative ways to collaborate and share information, Dynanet played a crucial role in shaping the ear… IT Jobs",['communication']
data analyst,AI Data Analyst,Booz Allen Hamilton,"State Farm, Arlington County",124827.59,124827.59,IT Jobs,2026-09-18 12:28:50+00:00,"Job Number: R0249104 AI Data Analyst The Opportunity: As an AI Data Analyst supporting expeditionary logistics, you will unlock the information and value held by a data set, machine learning, and artifi cia l intelligence (AI). In an increasingly connected world, massive amounts of structured and unstructured data open new opportunities to logistics. As a data scientist at Booz Allen, you can help turn these complex data sets into useful information to solve global challenges. You'll work with …",https://www.adzuna.com/land/ad/5889577181?se=ME9W4Da78RGCw6kuTDrJlg&utm_medium=api&utm_source=e45342b0&v=B3AFD9DF9E8A9E6F129280963312FC208AA684B0,"AI Data Analyst Job Number: R0249104 AI Data Analyst The Opportunity: As an AI Data Analyst supporting expeditionary logistics, you will unlock the information and value held by a data set, machine learning, and artifi cia l intelligence (AI). In an increasingly connected world, massive amounts of structured and unstructured data open new opportunities to logistics. As a data scientist at Booz Allen, you can help turn these complex data sets into useful information to solve global challenges. You'll work with … IT Jobs",['machine learning']
data analyst,Data Analyst (Analytics),Decisionpoint Corporation,US,62241.15,62241.15,IT Jobs,2026-07-28 05:15:27+00:00,"Overview DecisionPoint seeks a Data Analyst (Analytics) to transform enterprise operational, monitoring, and performance data into actionable insights within a large federal and DoD-aligned IT mission environment. This role produces executive-level visualizations, summaries, analytical narratives, heatmaps, and trend analyses that enable informed decision making across leadership, engineering teams, and mission stakeholders. The Data Scientist (Analytics) develops robust analytical models, eval…",https://www.adzuna.com/land/ad/5818187011?se=ME9W4Da78RGCw6kuTDrJlg&utm_medium=api&utm_source=e45342b0&v=45EF9BE0315F05A181CB2FB46A510902E5B7046C,"Data Analyst (Analytics) Overview DecisionPoint seeks a Data Analyst (Analytics) to transform enterprise operational, monitoring, and performance data into actionable insights within a large federal and DoD-aligned IT mission environment. This role produces executive-level visualizations, summaries, analytical narratives, heatmaps, and trend analyses that enable informed decision making across leadership, engineering teams, and mission stakeholders. The Data Scientist (Analytics) develops robust analytical models, eval… IT Jobs",[]
data analyst,Sr. Data Analyst,Horizontal Talent,"Highland Park, Dallas",94406.95,94406.95,IT Jobs,2026-08-05 21:59:15+00:00,"Join our dynamic team as a Senior Data Analyst, where you'll play a crucial role in supporting and analyzing data anomalies across various environments. This position offers an exciting opportunity to collaborate with multiple teams and contribute to complex data initiatives. Responsibilities Investigate and analyze data issues reported by business units. Collaborate with ETL, Replication, and DBA teams to document data transformations and movements. Ensure proactive support methodologies for d…",https://www.adzuna.com/land/ad/5829883763?se=ME9W4Da78RGCw6kuTDrJlg&utm_medium=api&utm_source=e45342b0&v=316588D86DA8E3F9292BB2EDBDED87A6C313DD4B,"Sr. Data Analyst Join our dynamic team as a Senior Data Analyst, where you'll play a crucial role in supporting and analyzing data anomalies across various environments. This position offers an exciting opportunity to collaborate with multiple teams and contribute to complex data initiatives. Responsibilities Investigate and analyze data issues reported by business units. Collaborate with ETL, Replication, and DBA teams to document data transformations and movements. Ensure proactive support methodologies for d… IT Jobs",['etl']
data analyst,US|Data Analyst,"Judge Group, Inc.","Coppell, Dallas",85478.48,85478.48,Accounting & Finance Jobs,2026-09-03 00:24:33+00:00,"Location: Coppell, TX Salary: $40.00 USD Hourly - $43.00 USD Hourly Description: Position: Data Analyst Location: Coppell, TX (Hybrid) Duration: 6 Month Contract Schedule: Part-Time (20-25 Hours per Week) W2 ContractNo C2C Local Candidates Only Required Qualifications Bachelor's degree in Finance, Accounting, Business, Economics, Data Analytics, or a related field preferred. Understanding of financial statements, including Income Statements, Balance Sheets, and Cash Flow Statements . Knowledge …",https://www.adzuna.com/land/ad/5868230736?se=ME9W4Da78RGCw6kuTDrJlg&utm_medium=api&utm_source=e45342b0&v=226F6FC994D0B6224901757975E12D8A2B3D4A7F,"US|Data Analyst Location: Coppell, TX Salary: $40.00 USD Hourly - $43.00 USD Hourly Description: Position: Data Analyst Location: Coppell, TX (Hybrid) Duration: 6 Month Contract Schedule: Part-Time (20-25 Hours per Week) W2 ContractNo C2C Local Candidates Only Required Qualifications Bachelor's degree in Finance, Accounting, Business, Economics, Data Analytics, or a related field preferred. Understanding of financial statements, including Income Statements, Balance Sheets, and Cash Flow Statements . Knowledge … Accounting & Finance Jobs",[]
data analyst,Cyber Data Analyst,Chenega MIOS,"Redstone Arsenal, Madison County",85214.77,85214.77,IT Jobs,2026-09-10 09:37:10+00:00,"Req ID: 42048 Summary Cyber Data Analyst Huntsville, AL Are you ready to enhance your skills and build your career in a rapidly evolving business climate? Are you looking for a career where professional development is embedded in your employers core culture? If so, Chenega Military, Intelligence & Operations Support (MIOS) could be the place for you! Join our team of professionals who support large-scale government operations by leveraging cutting-edge technology and take your career to the nex…",https://www.adzuna.com/land/ad/5878492486?se=ME9W4Da78RGCw6kuTDrJlg&utm_medium=api&utm_source=e45342b0&v=B88B24CEA4B6888F78914ACE1564D69F56D67343,"Cyber Data Analyst Req ID: 42048 Summary Cyber Data Analyst Huntsville, AL Are you ready to enhance your skills and build your career in a rapidly evolving business climate? Are you looking for a career where professional development is embedded in your employers core culture? If so, Chenega Military, Intelligence & Operations Support (MIOS) could be the place for you! Join our team of professionals who support large-scale government operations by leveraging cutting-edge technology and take your career to the nex… IT Jobs",[]
data analyst,Senior Data Analyst,GovCIO,US,75579.95,75579.95,IT Jobs,2026-09-21 22:41:13+00:00,"GovCIO is currently hiring for a Senior Data Analyst to support program management, data analytics, and reporting activities at the Department of Homeland Security (DHS) Immigration and Customs Enforcement (ICE). This role will be responsible for providing support within a team of analysts to government taskings, data calls, analytics and dashboard development, data lineage and various other programmatic needs. This role will be a fully remote position. Responsibilities Leverage experience with…",https://www.adzuna.com/land/ad/5893493990?se=ME9W4Da78RGCw6kuTDrJlg&utm_medium=api&utm_source=e45342b0&v=AA3AD3D232873204474D2EDB6ECCDA2A25D16BC1,"Senior Data Analyst GovCIO is currently hiring for a Senior Data Analyst to support program management, data analytics, and reporting activities at the Department of Homeland Security (DHS) Immigration and Customs Enforcement (ICE). This role will be responsible for providing support within a team of analysts to government taskings, data calls, analytics and dashboard development, data lineage and various other programmatic needs. This role will be a fully remote position. Responsibilities Leverage experience with… IT Jobs",[]
data analyst,Forensic Data Analyst,"Akima, LLC","State Farm, Arlington County",125052.43,125052.43,IT Jobs,2026-08-14 14:29:45+00:00,"Suvi is looking for a Forensic Data Analyst to support our government client and work in Fairfax and Arlington, VA. To join our team of outstanding professionals, apply today! Responsibilities Meet with field users to determine their forensic data requirements. Perform forensic data collection and lawfully access and extract encrypted or inaccessible data from devices. Ensure conformance with Government established Forensics SOPs and regulations. Conduct full physical extractions whenever possi…",https://www.adzuna.com/land/ad/5842112464?se=ME9W4Da78RGCw6kuTDrJlg&utm_medium=api&utm_source=e45342b0&v=421B2D342429E8DD0E89F0C3EFFD107241E3B3F7,"Forensic Data Analyst Suvi is looking for a Forensic Data Analyst to support our government client and work in Fairfax and Arlington, VA. To join our team of outstanding professionals, apply today! Responsibilities Meet with field users to determine their forensic data requirements. Perform forensic data collection and lawfully access and extract encrypted or inaccessible data from devices. Ensure conformance with Government established Forensics SOPs and regulations. Conduct full physical extractions whenever possi… IT Jobs",[]
data analyst,Data Analyst 4,Kforce Technology Staffing,"Redmond, King County",123920.33,123920.33,IT Jobs,2026-09-17 14:11:15+00:00,"RESPONSIBILITIES: Kforce has a client that is seeking a Data Analyst 4 in Redmond, WA. Duties: * Develop, maintain, and enhance staffing and workforce planning models * Build and optimize data pipelines using Azure Data Factory (ADF) and related Azure services * Develop analytical solutions and automation using SQL and Python * Manage and support Azure SQL environments, including database administration, monitoring, and performance tuning * Support data integrations, ETL processes, and reportin…",https://www.adzuna.com/land/ad/5888091503?se=ME9W4Da78RGCw6kuTDrJlg&utm_medium=api&utm_source=e45342b0&v=AE27F1989AFDE8DC122F203EDBB9A3EE8048445E,"Data Analyst 4 RESPONSIBILITIES: Kforce has a client that is seeking a Data Analyst 4 in Redmond, WA. Duties: * Develop, maintain, and enhance staffing and workforce planning models * Build and optimize data pipelines using Azure Data Factory (ADF) and related Azure services * Develop analytical solutions and automation using SQL and Python * Manage and support Azure SQL environments, including database administration, monitoring, and performance tuning * Support data integrations, ETL processes, and reportin… IT Jobs","['python', 'sql', 'azure', 'etl']"
data analyst,Data Analyst II,"Judge Group, Inc.","Bridgewater, Somerset County",130423.67,130423.67,IT Jobs,2026-03-27 10:11:28+00:00,"Location: Bridgewater, NJ Salary: $40.00 USD Hourly - $42.00 USD Hourly Description: Our client is currently seeking a Data Analyst II The CX Insights and Engagement Team designs and implements a best-in-class Voice of the Customer (VOC) program to drive customer-centric decision-making. This role requires strong communication, interpersonal, presentation, financial/analytical, and problem-solving skills. The ideal candidate has a proven track record in leading data-driven customer experience p…",https://www.adzuna.com/land/ad/5680356924?se=ME9W4Da78RGCw6kuTDrJlg&utm_medium=api&utm_source=e45342b0&v=EE54A4EC99390FFACDE318F19C8DEC552403AD1A,"Data Analyst II Location: Bridgewater, NJ Salary: $40.00 USD Hourly - $42.00 USD Hourly Description: Our client is currently seeking a Data Analyst II The CX Insights and Engagement Team designs and implements a best-in-class Voice of the Customer (VOC) program to drive customer-centric decision-making. This role requires strong communication, interpersonal, presentation, financial/analytical, and problem-solving skills. The ideal candidate has a proven track record in leading data-driven customer experience p… IT Jobs",['communication']
data analyst,Senior Data Analyst,Kforce Technology Staffing,"Southglenn, Centennial",154720.88,154720.88,IT Jobs,2026-09-11 18:24:10+00:00,"RESPONSIBILITIES: Kforce has a client that is seeking a Senior Data Analyst in Littleton, CO. What They're Doing: * Modernizing and optimizing enterprise data warehouse environments * Building and enhancing ETL processes, data ingestion frameworks, and streaming applications * Supporting large-scale cloud-based data platforms and analytical reporting environments * Maintaining and improving production data pipelines while troubleshooting critical data issues * Evaluating emerging AI tools and t…",https://www.adzuna.com/land/ad/5880141016?se=ME9W4Da78RGCw6kuTDrJlg&utm_medium=api&utm_source=e45342b0&v=3A093C15F2D5B329AC0E673E3CD5A4A822118456,"Senior Data Analyst RESPONSIBILITIES: Kforce has a client that is seeking a Senior Data Analyst in Littleton, CO. What They're Doing: * Modernizing and optimizing enterprise data warehouse environments * Building and enhancing ETL processes, data ingestion frameworks, and streaming applications * Supporting large-scale cloud-based data platforms and analytical reporting environments * Maintaining and improving production data pipelines while troubleshooting critical data issues * Evaluating emerging AI tools and t… IT Jobs",['etl']
data analyst,Principal Data Analyst,Oracle Corporation,US,126176.82,126176.82,IT Jobs,2026-09-17 08:17:07+00:00,"Job Description It's an exciting time to join Oracle Health! Our Government Services team is hiring a Principal Data Analyst, where you will analyze, prepare, and process data sets to be consumed for direct insights, statistical modeling or other analytical exploration for internal and external clients. In this role, some of your responsibilities will include to compile complex data sets from various sources for exploratory and pre-defined analyses; audit complex data sets for completeness, val…",https://www.adzuna.com/land/ad/5887681846?se=ME9W4Da78RGCw6kuTDrJlg&utm_medium=api&utm_source=e45342b0&v=56B765020DBBA5E1B0A6CA30D53D98DD33087FEE,"Principal Data Analyst Job Description It's an exciting time to join Oracle Health! Our Government Services team is hiring a Principal Data Analyst, where you will analyze, prepare, and process data sets to be consumed for direct insights, statistical modeling or other analytical exploration for internal and external clients. In this role, some of your responsibilities will include to compile complex data sets from various sources for exploratory and pre-defined analyses; audit complex data sets for completeness, val… IT Jobs",[]
data analyst,Senior Data Analyst,Booz Allen Hamilton,"North Springfield, Fairfax County",137744.48,137744.48,IT Jobs,2026-09-18 12:28:48+00:00,"Job Number: R0249284 Data Analyst, Senior The Opportunity: As a data scientist, you're excited at the prospect of unlocking the secrets held by a data set, and you're fascinated by the possibilities presented by IoT, machine learning, and artifi cia l intelligence. In an increasingly connected world, massive amounts of structured and unstructured data open new opportunities. As a data scientist at Booz Allen, you can turn these complex data sets into useful information to solve global challenge…",https://www.adzuna.com/land/ad/5889577053?se=ME9W4Da78RGCw6kuTDrJlg&utm_medium=api&utm_source=e45342b0&v=285EA816E1E76313E063251793E2F2C72B2F1D26,"Senior Data Analyst Job Number: R0249284 Data Analyst, Senior The Opportunity: As a data scientist, you're excited at the prospect of unlocking the secrets held by a data set, and you're fascinated by the possibilities presented by IoT, machine learning, and artifi cia l intelligence. In an increasingly connected world, massive amounts of structured and unstructured data open new opportunities. As a data scientist at Booz Allen, you can turn these complex data sets into useful information to solve global challenge… IT Jobs",['machine learning']
data analyst,Data Analyst III,"Judge Group, Inc.","Schiller Park, Cook County",113267.48,113267.48,IT Jobs,2026-09-01 22:34:01+00:00,"Location: Chicago, IL Salary: $45.00 USD Hourly - $50.00 USD Hourly Description: Title : Data Analyst III location: Chicago, IL Remote Contract | 3 Months Summary: This individual is charged with creating and delivering actionable insights that influence business decisions in the areas of strategy, business planning, competition, KPI development, and new/existing initiatives for analysis and operational optimization. In addition to the data and analysis collected and presented to the supported …",https://www.adzuna.com/land/ad/5866190487?se=ME9W4Da78RGCw6kuTDrJlg&utm_medium=api&utm_source=e45342b0&v=D57CE8984D2E838075E99784D07579B77444E9E7,"Data Analyst III Location: Chicago, IL Salary: $45.00 USD Hourly - $50.00 USD Hourly Description: Title : Data Analyst III location: Chicago, IL Remote Contract | 3 Months Summary: This individual is charged with creating and delivering actionable insights that influence business decisions in the areas of strategy, business planning, competition, KPI development, and new/existing initiatives for analysis and operational optimization. In addition to the data and analysis collected and presented to the supported … IT Jobs",[]
data analyst,Senior Data Analyst,Randstad Digital,"Deerfield Beach, Broward County",86021.9,86021.9,IT Jobs,2026-09-09 13:41:13+00:00,"job summary: Join a premier enterprise organization and play a pivotal role in transforming complex data into actionable, scalable solutions that drive strategic growth. You will partner closely with diverse teams to design data solutions, champion governance, and deliver high-impact analytics. This direct-hire opportunity offers a comprehensive benefits package including medical, dental, and vision coverage. location: Deerfield Beach, Florida job type: Contract salary: $60 - 70 per hour work h…",https://www.adzuna.com/land/ad/5877430969?se=ME9W4Da78RGCw6kuTDrJlg&utm_medium=api&utm_source=e45342b0&v=1F0F3DE601C3DC5C6C4FA2A4C9FEDF8289913B72,"Senior Data Analyst job summary: Join a premier enterprise organization and play a pivotal role in transforming complex data into actionable, scalable solutions that drive strategic growth. You will partner closely with diverse teams to design data solutions, champion governance, and deliver high-impact analytics. This direct-hire opportunity offers a comprehensive benefits package including medical, dental, and vision coverage. location: Deerfield Beach, Florida job type: Contract salary: $60 - 70 per hour work h… IT Jobs",[]
data analyst,Sr Data Analyst,Horizontal Talent,"Eden Prairie, Hennepin County",79669.47,79669.47,IT Jobs,2026-08-17 22:45:26+00:00,"Join a dynamic enterprise data team as a Senior Data Engineer supporting large-scale healthcare data solutions in a highly collaborative environment. This role offers the opportunity to work on meaningful data warehousing and integration initiatives using modern Microsoft Azure technologies, Snowflake, and healthcare data standards. Responsibilities Design, build, and support data pipelines and ETL solutions for complex healthcare data environments. Develop and maintain solutions using Azure Da…",https://www.adzuna.com/land/ad/5845899640?se=ME9W4Da78RGCw6kuTDrJlg&utm_medium=api&utm_source=e45342b0&v=14D17F7993B0C37909825CD074001690EB314EDE,"Sr Data Analyst Join a dynamic enterprise data team as a Senior Data Engineer supporting large-scale healthcare data solutions in a highly collaborative environment. This role offers the opportunity to work on meaningful data warehousing and integration initiatives using modern Microsoft Azure technologies, Snowflake, and healthcare data standards. Responsibilities Design, build, and support data pipelines and ETL solutions for complex healthcare data environments. Develop and maintain solutions using Azure Da… IT Jobs","['snowflake', 'azure', 'etl', 'data warehousing']"
data analyst,Sr Data Analyst,Nava Software Solutions,"Highland Park, Dallas",108991.04,108991.04,IT Jobs,2026-09-25 14:03:55+00:00,"NAVA Software is looking for a Sr Data Analyst Details: Sr Data Analyst Location: TX - 4 days/week onsite Duration: 6-12 months Description: Primary responsibilities of the Senior Data Analyst include supporting and analyzing data anomalies for multiple environments including but not limited to Data Warehouse, ODS, Data Replication/ETL Data Management initiatives. The candidate will be in a supporting role and will work closely with Business, DBA, ETL and Data Management team providing analysis…",https://www.adzuna.com/land/ad/5898620990?se=ME9W4Da78RGCw6kuTDrJlg&utm_medium=api&utm_source=e45342b0&v=4616031E33C8887133980869E03D4BE9989792F4,"Sr Data Analyst NAVA Software is looking for a Sr Data Analyst Details: Sr Data Analyst Location: TX - 4 days/week onsite Duration: 6-12 months Description: Primary responsibilities of the Senior Data Analyst include supporting and analyzing data anomalies for multiple environments including but not limited to Data Warehouse, ODS, Data Replication/ETL Data Management initiatives. The candidate will be in a supporting role and will work closely with Business, DBA, ETL and Data Management team providing analysis… IT Jobs",['etl']
data analyst,APG - Data Analyst,"Motion Recruitment Partners, LLC",US,62046.7,62046.7,IT Jobs,2026-08-29 10:09:52+00:00,"Our Client is seeking an APG Data Analyst for a long term, remote, contract opportunity. The ideal Data Analyst for their team is adept in current computing technologies, highly organized and team-oriented, and pays attention to detail. Contract Duration: 1 year The Data Analyst is responsible for creating and maintaining all aspects of data within the management system. This includes process and maintain product and vehicle data and reports directly to IT Manager. Clean, organized product and …",https://www.adzuna.com/land/ad/5861172148?se=ME9W4Da78RGCw6kuTDrJlg&utm_medium=api&utm_source=e45342b0&v=B3954E5F2ABB55D8D94C3AF887CB7B4D7DE949D1,"APG - Data Analyst Our Client is seeking an APG Data Analyst for a long term, remote, contract opportunity. The ideal Data Analyst for their team is adept in current computing technologies, highly organized and team-oriented, and pays attention to detail. Contract Duration: 1 year The Data Analyst is responsible for creating and maintaining all aspects of data within the management system. This includes process and maintain product and vehicle data and reports directly to IT Manager. Clean, organized product and … IT Jobs",[]
data analyst,Business Data Analyst,"Motion Recruitment Partners, LLC",US,80357.37,80357.37,IT Jobs,2026-09-14 21:49:12+00:00,"Job Description Business Data Analyst Location: Remote (US) Duration: 6-Month Contract (Potential Extension) Compensation: Up to $40/hr A leading business intelligence and information services organization is seeking a Business Data Analyst to support a high-visibility analytics platform used to drive strategic decision-making across multiple departments. This role is ideal for someone who enjoys working with complex datasets, uncovering meaningful insights, improving data quality, and developi…",https://www.adzuna.com/land/ad/5884165402?se=ME9W4Da78RGCw6kuTDrJlg&utm_medium=api&utm_source=e45342b0&v=9D5E9FE0D60F8AD080D9C4A8C4B6A04A52850B6C,"Business Data Analyst Job Description Business Data Analyst Location: Remote (US) Duration: 6-Month Contract (Potential Extension) Compensation: Up to $40/hr A leading business intelligence and information services organization is seeking a Business Data Analyst to support a high-visibility analytics platform used to drive strategic decision-making across multiple departments. This role is ideal for someone who enjoys working with complex datasets, uncovering meaningful insights, improving data quality, and developi… IT Jobs",[]
data analyst,Business Data Analyst,"Symbioun Technologies, Inc","Forbes Village, Hartford County",76620.45,76620.45,IT Jobs,2026-09-10 13:43:53+00:00,"The Business Data Analyst will be responsible for performing requirements planning, monitoring, and management. They will independently conduct data analysis, data discovery, and data profiling using industry standard querying tools to support the development of clear and unambiguous business requirements. This role will involve maintaining data mapping documents and other data design artifacts to define business data requirements and transformation rules. Gather requirements from business unit…",https://www.adzuna.com/land/ad/5878800352?se=ME9W4Da78RGCw6kuTDrJlg&utm_medium=api&utm_source=e45342b0&v=8085921303ECFD47B2A8535207FD3B3F13FC0B1A,"Business Data Analyst The Business Data Analyst will be responsible for performing requirements planning, monitoring, and management. They will independently conduct data analysis, data discovery, and data profiling using industry standard querying tools to support the development of clear and unambiguous business requirements. This role will involve maintaining data mapping documents and other data design artifacts to define business data requirements and transformation rules. Gather requirements from business unit… IT Jobs",[]
data scientist,Data Scientist,Guidehouse,"Sterling, Loudoun County",125438.95,125438.95,IT Jobs,2026-09-28 00:37:43+00:00,"Job Family : Data Science Consulting Travel Required : Up to 10% Clearance Required : Active Public Trust What You Will Do : The Border Security Data Scientist will join a dynamic team supporting U.S Federal border security customers. In this role, the candidate will collect, transform, integrate, and analyze data to. develop integrated data models, generate reports and analyses for key senior leaders and deploy dynamic analytical solutions. Develop integrated data pipelines and models to suppo…",https://www.adzuna.com/land/ad/5901208170?se=nMXc4Da78RGGQ9u1mQKVdw&utm_medium=api&utm_source=e45342b0&v=4B68A3D14C20BFE21D84E34FB31703249FFDAE4E,"Data Scientist Job Family : Data Science Consulting Travel Required : Up to 10% Clearance Required : Active Public Trust What You Will Do : The Border Security Data Scientist will join a dynamic team supporting U.S Federal border security customers. In this role, the candidate will collect, transform, integrate, and analyze data to. develop integrated data models, generate reports and analyses for key senior leaders and deploy dynamic analytical solutions. Develop integrated data pipelines and models to suppo… IT Jobs",[]
data scientist,Data Scientist,Guidehouse,"Fort Monroe, Hampton City",195474.58,195474.58,IT Jobs,2026-09-28 00:37:42+00:00,"Job Family : Data Science Consulting Travel Required : Up to 10% Clearance Required : Active Secret What You Will Do : Develop, implement, and validate statistical models and analytical methodologies to support client mission objectives Perform exploratory data analysis (EDA) to identify trends, patterns, and anomalies in large and complex datasets Design and deploy predictive and prescriptive models to enable data-driven decision-making Apply advanced analytics to Navy-specific domains such as…",https://www.adzuna.com/land/ad/5901208140?se=nMXc4Da78RGGQ9u1mQKVdw&utm_medium=api&utm_source=e45342b0&v=A805130529095AF4582A4297ADCA48F368691558,"Data Scientist Job Family : Data Science Consulting Travel Required : Up to 10% Clearance Required : Active Secret What You Will Do : Develop, implement, and validate statistical models and analytical methodologies to support client mission objectives Perform exploratory data analysis (EDA) to identify trends, patterns, and anomalies in large and complex datasets Design and deploy predictive and prescriptive models to enable data-driven decision-making Apply advanced analytics to Navy-specific domains such as… IT Jobs",[]
data scientist,Data Scientist,Guidehouse,"Fort Monroe, Hampton City",162458.14,162458.14,IT Jobs,2026-09-28 00:37:44+00:00,"Job Family : Data Science Consulting Travel Required : Up to 10% Clearance Required : Active Secret What You Will Do : The Data Scientist will focus on performing ETL / data cleaning, developing interactive visualizations, building predictive models, and support implementing Artificial Intelligence solutions tied to asset and material maintenance and management data, as well as policy data. The data analyst will be responsible for all of the following to include but not limited to: Dedicated to…",https://www.adzuna.com/land/ad/5901208187?se=nMXc4Da78RGGQ9u1mQKVdw&utm_medium=api&utm_source=e45342b0&v=BE21FDBD7DB8173DB5957947593F47CA289FE943,"Data Scientist Job Family : Data Science Consulting Travel Required : Up to 10% Clearance Required : Active Secret What You Will Do : The Data Scientist will focus on performing ETL / data cleaning, developing interactive visualizations, building predictive models, and support implementing Artificial Intelligence solutions tied to asset and material maintenance and management data, as well as policy data. The data analyst will be responsible for all of the following to include but not limited to: Dedicated to… IT Jobs",['etl']
data scientist,Data Scientist,Guidehouse,"Crystal, Arlington County",122986.7,122986.7,IT Jobs,2026-09-28 00:37:44+00:00,"Job Family : Data Science Consulting Travel Required : Up to 10% Clearance Required : Ability to Obtain Public Trust What You Will Do : Guidehouse is seeking a Data Scientist to join our AI & Data Defense and Security Segment, where the individual will collect and analyze data to identify trends, develop visualizations in support of organizational and mission goals, and support decision-making for large-scale programs within the Department of Homeland Security (DHS). Responsibilities include, b…",https://www.adzuna.com/land/ad/5901208186?se=nMXc4Da78RGGQ9u1mQKVdw&utm_medium=api&utm_source=e45342b0&v=327DE51756CB0C53B93EAAF24A0BDFCC8CEF60DA,"Data Scientist Job Family : Data Science Consulting Travel Required : Up to 10% Clearance Required : Ability to Obtain Public Trust What You Will Do : Guidehouse is seeking a Data Scientist to join our AI & Data Defense and Security Segment, where the individual will collect and analyze data to identify trends, develop visualizations in support of organizational and mission goals, and support decision-making for large-scale programs within the Department of Homeland Security (DHS). Responsibilities include, b… IT Jobs",[]
data scientist,Senior Data Scientist,Guidehouse,"Chantilly, Fairfax County",151490.47,151490.47,Accounting & Finance Jobs,2026-09-28 00:37:43+00:00,"Job Family : Data Science Consulting Travel Required : None Clearance Required : Active Top Secret SCI with Polygraph What You Will Do : Our Data and Analytics consultants help clients maximize the value of their data. This high performing team works with clients to implement the full spectrum of data analytics and data science, from data querying and data wrangling to data visualization and dashboarding for business intelligence (BI), to predictive analytics, machine learning, and artificial i…",https://www.adzuna.com/land/ad/5901208160?se=nMXc4Da78RGGQ9u1mQKVdw&utm_medium=api&utm_source=e45342b0&v=BCF09638DC7198AED717B37CD98E5AD9149FD0C2,"Senior Data Scientist Job Family : Data Science Consulting Travel Required : None Clearance Required : Active Top Secret SCI with Polygraph What You Will Do : Our Data and Analytics consultants help clients maximize the value of their data. This high performing team works with clients to implement the full spectrum of data analytics and data science, from data querying and data wrangling to data visualization and dashboarding for business intelligence (BI), to predictive analytics, machine learning, and artificial i… Accounting & Finance Jobs","['machine learning', 'data visualization']"
data scientist,Data Scientist,Vaco LLC,"Cranberry Township, Butler County",141384.8,141384.8,IT Jobs,2026-09-24 14:28:33+00:00,"Work Authorization Candidates must currently reside in the Pittsburgh area and be available for a hybrid schedule. This opportunity is for direct hire only and is not available for C2C, third-party submissions, or visa sponsorship Data Scientist We are seeking a versatile Data Scientist to join our team in Pittsburgh, PA. This is a direct hire position offering a hybrid work schedule for candidates who currently reside in the Pittsburgh area. This role is not open to C2C, visa sponsorship, or t…",https://www.adzuna.com/land/ad/5897266598?se=nMXc4Da78RGGQ9u1mQKVdw&utm_medium=api&utm_source=e45342b0&v=85FDBA5E8672D37448EDCC7A1A8589017B88AEF3,"Data Scientist Work Authorization Candidates must currently reside in the Pittsburgh area and be available for a hybrid schedule. This opportunity is for direct hire only and is not available for C2C, third-party submissions, or visa sponsorship Data Scientist We are seeking a versatile Data Scientist to join our team in Pittsburgh, PA. This is a direct hire position offering a hybrid work schedule for candidates who currently reside in the Pittsburgh area. This role is not open to C2C, visa sponsorship, or t… IT Jobs",[]
data scientist,Data Scientist Senior Consultant,Guidehouse,"Chantilly, Fairfax County",146421.7,146421.7,Accounting & Finance Jobs,2026-09-28 00:37:44+00:00,"Job Family : Data Science Consulting Travel Required : None Clearance Required : Active Top Secret SCI with Polygraph What You Will Do : Our Data and Analytics consultants help clients maximize the value of their data. This high performing team works with clients to implement the full spectrum of data analytics and data science, from data querying and data wrangling to data visualization and dashboarding for business intelligence (BI), to predictive analytics, machine learning, and artificial i…",https://www.adzuna.com/land/ad/5901208192?se=nMXc4Da78RGGQ9u1mQKVdw&utm_medium=api&utm_source=e45342b0&v=5DD7927169E936C6643DC5638938A5A3953BBBD9,"Data Scientist Senior Consultant Job Family : Data Science Consulting Travel Required : None Clearance Required : Active Top Secret SCI with Polygraph What You Will Do : Our Data and Analytics consultants help clients maximize the value of their data. This high performing team works with clients to implement the full spectrum of data analytics and data science, from data querying and data wrangling to data visualization and dashboarding for business intelligence (BI), to predictive analytics, machine learning, and artificial i… Accounting & Finance Jobs","['machine learning', 'data visualization']"
data scientist,Data Scientist,MANTECH,"Fort Meade, Meade County",130435.74,130435.74,IT Jobs,2026-09-02 07:52:39+00:00,"hackajob is collaborating with MANTECH to connect them with exceptional professionals for this role. We are seeking talented and motivated Data Scientists with expertise in machine learning, statistical analysis, and artificial intelligence to join our team. In these roles, you will be responsible for developing advanced algorithms and data-driven solutions that address complex challenges. These positions will be part of our Defense and Intelligence Business unit serving the Intelligence Commun…",https://www.adzuna.com/land/ad/5867068379?se=nMXc4Da78RGGQ9u1mQKVdw&utm_medium=api&utm_source=e45342b0&v=E8DF7ECB0388EFE8A5AB2B29B114DDF1203ACA75,"Data Scientist hackajob is collaborating with MANTECH to connect them with exceptional professionals for this role. We are seeking talented and motivated Data Scientists with expertise in machine learning, statistical analysis, and artificial intelligence to join our team. In these roles, you will be responsible for developing advanced algorithms and data-driven solutions that address complex challenges. These positions will be part of our Defense and Intelligence Business unit serving the Intelligence Commun… IT Jobs",['machine learning']
data scientist,Data Scientist,Lockheed Martin - US,"Fort Meade, Meade County",128449.9,128449.9,IT Jobs,2026-09-25 10:52:37+00:00,"hackajob is collaborating with Lockheed Martin - US to connect them with exceptional professionals for this role. This Program is seeking a data scientist will develop machine learning, data mining, statistical and graph-based algorithms to analyze and make sense of datasets; prototype or consider several algorithms and decide upon final model based on suitable performance metrics; build models or develop experiments to generate data when training or example datasets are unavailable; generate r…",https://www.adzuna.com/land/ad/5898401221?se=nMXc4Da78RGGQ9u1mQKVdw&utm_medium=api&utm_source=e45342b0&v=198145142992E8A932EF5166BF32FB3506A8E28B,"Data Scientist hackajob is collaborating with Lockheed Martin - US to connect them with exceptional professionals for this role. This Program is seeking a data scientist will develop machine learning, data mining, statistical and graph-based algorithms to analyze and make sense of datasets; prototype or consider several algorithms and decide upon final model based on suitable performance metrics; build models or develop experiments to generate data when training or example datasets are unavailable; generate r… IT Jobs","['r', 'machine learning']"
data scientist,Data Scientist,MANTECH,"Tampa, Hillsborough County",112013.98,112013.98,IT Jobs,2026-07-06 11:33:01+00:00,"hackajob is collaborating with MANTECH to connect them with exceptional professionals for this role. MANTECH seeks a motivated, career and customer-oriented Data Scientist to join our team in Tampa, FL . The Data Scientist will leverage their strong technical background and knowledge to interpret and analyze complex sets of data to produce actionable insights. This role requires a knowledge of programming, mathematical modeling, and statistics to carry out machine learning projects. Responsibil…",https://www.adzuna.com/land/ad/5789985191?se=nMXc4Da78RGGQ9u1mQKVdw&utm_medium=api&utm_source=e45342b0&v=ECDE68B23D3AC312E311C3894F422B9A35507C99,"Data Scientist hackajob is collaborating with MANTECH to connect them with exceptional professionals for this role. MANTECH seeks a motivated, career and customer-oriented Data Scientist to join our team in Tampa, FL . The Data Scientist will leverage their strong technical background and knowledge to interpret and analyze complex sets of data to produce actionable insights. This role requires a knowledge of programming, mathematical modeling, and statistics to carry out machine learning projects. Responsibil… IT Jobs","['machine learning', 'statistics']"
data scientist,Data Scientist,MANTECH,"Springfield, Effingham County",103764.39,103764.39,IT Jobs,2026-07-08 16:10:15+00:00,"hackajob is collaborating with MANTECH to connect them with exceptional professionals for this role. MANTECH seeks a motivated, career and customer-oriented Data Scientist to join our team in Springfield, VA . This is a full-time onsite position. The Data Scientist shall support the maintenance and implementation of the data architecture for all Program data. This position requires experience with databases, cloud architectures, and compliance with data standards. This position is responsible f…",https://www.adzuna.com/land/ad/5792991528?se=nMXc4Da78RGGQ9u1mQKVdw&utm_medium=api&utm_source=e45342b0&v=8153E7478DECFDC1171862ABD6C9D22DA42C2FBC,"Data Scientist hackajob is collaborating with MANTECH to connect them with exceptional professionals for this role. MANTECH seeks a motivated, career and customer-oriented Data Scientist to join our team in Springfield, VA . This is a full-time onsite position. The Data Scientist shall support the maintenance and implementation of the data architecture for all Program data. This position requires experience with databases, cloud architectures, and compliance with data standards. This position is responsible f… IT Jobs",[]
data scientist,Data Scientist,MANTECH,"Chantilly, Fairfax County",108394.18,108394.18,IT Jobs,2026-07-27 18:44:21+00:00,"hackajob is collaborating with MANTECH to connect them with exceptional professionals for this role. ManTech seeks a motivated, career and customer-oriented Data Scientist to join our team in Chantilly, VA . In this dynamic role, you will join a top-tier team of Information Technology and Analytic professionals dedicated to supporting national security through innovative data science and analytics. You will work in a self-contained Big Data environment where the team manages everything from inf…",https://www.adzuna.com/land/ad/5817696405?se=nMXc4Da78RGGQ9u1mQKVdw&utm_medium=api&utm_source=e45342b0&v=E9EFEB2C3A8995053BDB9D0440DD78E5568C8C77,"Data Scientist hackajob is collaborating with MANTECH to connect them with exceptional professionals for this role. ManTech seeks a motivated, career and customer-oriented Data Scientist to join our team in Chantilly, VA . In this dynamic role, you will join a top-tier team of Information Technology and Analytic professionals dedicated to supporting national security through innovative data science and analytics. You will work in a self-contained Big Data environment where the team manages everything from inf… IT Jobs",[]
data scientist,Data Scientist,MANTECH,"Fort Meade, Meade County",119148.47,119148.47,IT Jobs,2026-08-28 07:42:15+00:00,"hackajob is collaborating with MANTECH to connect them with exceptional professionals for this role. MANTECH seeks a motivated, career and customer-oriented Data Scientist in Fort Meade, MD , to drive cutting-edge statistical analytics and cloud-based data solutions for national security objectives. In this role, you will collaborate with subject matter experts and customers to guide analytic development from prototype to production, delivering high-value data-driven insights while laying the g…",https://www.adzuna.com/land/ad/5859637467?se=nMXc4Da78RGGQ9u1mQKVdw&utm_medium=api&utm_source=e45342b0&v=BDBAFE2720873F527953CC2AC05C7D43357A02A6,"Data Scientist hackajob is collaborating with MANTECH to connect them with exceptional professionals for this role. MANTECH seeks a motivated, career and customer-oriented Data Scientist in Fort Meade, MD , to drive cutting-edge statistical analytics and cloud-based data solutions for national security objectives. In this role, you will collaborate with subject matter experts and customers to guide analytic development from prototype to production, delivering high-value data-driven insights while laying the g… IT Jobs",[]
data scientist,Data Scientist,Planet Technologies,US,152785.97,152785.97,IT Jobs,2026-09-11 07:40:14+00:00,"hackajob is collaborating with Planet Technologies to connect them with exceptional professionals for this role. Planet Technologies, the Nation’s leading Microsoft services provider to the public sector, is looking for a highly motivated individual to join our growing team as Data Scientist . In this role, you will be supporting impactful projects that make a difference for our country. Responsibilities Builds, maintains, and improves dashboards, applications, and automations. Connects to APIs…",https://www.adzuna.com/land/ad/5879654944?se=nMXc4Da78RGGQ9u1mQKVdw&utm_medium=api&utm_source=e45342b0&v=9BC383D02D0CD2B95A43A14D916D21096182FCB6,"Data Scientist hackajob is collaborating with Planet Technologies to connect them with exceptional professionals for this role. Planet Technologies, the Nation’s leading Microsoft services provider to the public sector, is looking for a highly motivated individual to join our growing team as Data Scientist . In this role, you will be supporting impactful projects that make a difference for our country. Responsibilities Builds, maintains, and improves dashboards, applications, and automations. Connects to APIs… IT Jobs",[]
data scientist,Data Scientist,Jobot,"The Woodlands, Montgomery County",125000.0,150000.0,IT Jobs,2026-09-24 08:44:16+00:00,"Raw Data Wrangling - Advance Analytics This Jobot Job is hosted by: Chuck Wirtz Are you a fit? Easy Apply now by clicking the ""Quick Apply"" button and sending us your resume. Salary: $125,000 - $150,000 per year A bit about us: As a leader in our industry, we serve 40 states nationwide. This role is a dedicated Data Scientist, onsite 4x/week in The Woodlands, Stock  Bonus. Why join us? You will join an established, dedicated team led by experienced engineers. We are ingesting large volumes of d…",https://www.adzuna.com/land/ad/5896821135?se=nMXc4Da78RGGQ9u1mQKVdw&utm_medium=api&utm_source=e45342b0&v=414E3CFB164BD6918B1076D33EB8EE8441420BA7,"Data Scientist Raw Data Wrangling - Advance Analytics This Jobot Job is hosted by: Chuck Wirtz Are you a fit? Easy Apply now by clicking the ""Quick Apply"" button and sending us your resume. Salary: $125,000 - $150,000 per year A bit about us: As a leader in our industry, we serve 40 states nationwide. This role is a dedicated Data Scientist, onsite 4x/week in The Woodlands, Stock  Bonus. Why join us? You will join an established, dedicated team led by experienced engineers. We are ingesting large volumes of d… IT Jobs",[]
data scientist,Data Scientist,Cherokee Federal,"Northlake, DeKalb County",115246.44,115246.44,IT Jobs,2026-09-08 08:16:19+00:00,"Job Description Data Scientist I The Data Scientist I provides data science, statistical, and advanced analytical support to CDC programs. This role focuses on extracting knowledge from structured and unstructured public health data to support analysis, research, surveillance, improved understanding and communication, visualization, health services delivery, and data-driven decision-making. The Data Scientist I develops, implements, and monitors advanced analytic, computational, and predictive …",https://www.adzuna.com/land/ad/5875583618?se=nMXc4Da78RGGQ9u1mQKVdw&utm_medium=api&utm_source=e45342b0&v=2B75CD10138BF9BC2BDAAABBCC3A73327B9A1B63,"Data Scientist Job Description Data Scientist I The Data Scientist I provides data science, statistical, and advanced analytical support to CDC programs. This role focuses on extracting knowledge from structured and unstructured public health data to support analysis, research, surveillance, improved understanding and communication, visualization, health services delivery, and data-driven decision-making. The Data Scientist I develops, implements, and monitors advanced analytic, computational, and predictive … IT Jobs",['communication']
data scientist,Data Scientist,GovCIO,US,135406.19,135406.19,IT Jobs,2026-04-08 13:21:20+00:00,"GovCIO is currently hiring for a Data Scientist to define the characteristics of high-quality training data . This position will be located in Fort Meade, MD and will be an onsite position. Responsibilities The Data Scientist defines the characteristics of high-quality training data required to support future AI-powered cyber models. This role focuses on feature relevance, representativeness, bias, and generalization considerations rather than model training. Early data science input during IOC…",https://www.adzuna.com/land/ad/5693336505?se=nMXc4Da78RGGQ9u1mQKVdw&utm_medium=api&utm_source=e45342b0&v=B635DF88CF1E5FF84F2E4363199242CA4E7B2166,"Data Scientist GovCIO is currently hiring for a Data Scientist to define the characteristics of high-quality training data . This position will be located in Fort Meade, MD and will be an onsite position. Responsibilities The Data Scientist defines the characteristics of high-quality training data required to support future AI-powered cyber models. This role focuses on feature relevance, representativeness, bias, and generalization considerations rather than model training. Early data science input during IOC… IT Jobs",[]
data scientist,Data Scientist,Inceed,"Kansas City, Jackson County",90430.71,90430.71,IT Jobs,2026-08-28 10:05:45+00:00,"Job details Position: Data Scientist Compensation: $ 75 - 90 /hour, depending on experience Location: Full Remote Inceed has partnered with a great company to help find a skilled Data Scientist to join their team! This is a unique contract opportunity supporting a large, complex enterprise environment with evolving project needs. The work sits at the intersection of data science, technology, and energy, with potential involvement in data tied to earth and subsurface information. If you enjoy so…",https://www.adzuna.com/land/ad/5859710485?se=nMXc4Da78RGGQ9u1mQKVdw&utm_medium=api&utm_source=e45342b0&v=9C6C8A7B5694F0CCAB7D738206F1F83DA72A221A,"Data Scientist Job details Position: Data Scientist Compensation: $ 75 - 90 /hour, depending on experience Location: Full Remote Inceed has partnered with a great company to help find a skilled Data Scientist to join their team! This is a unique contract opportunity supporting a large, complex enterprise environment with evolving project needs. The work sits at the intersection of data science, technology, and energy, with potential involvement in data tied to earth and subsurface information. If you enjoy so… IT Jobs",[]
data scientist,Data Scientist,Booz Allen Hamilton,"Doral, Miami-Dade County",172655.97,172655.97,IT Jobs,2026-08-04 17:43:02+00:00,"Job Number: R0245993 Data Scientist The Opportunity: As a data scientist, you're excited at the prospect of unlocking the secrets held by a data set, and you're fascinated by the possibilities presented by IoT, machine learning, and artifi cia l intelligence. In an increasingly connected world, massive amounts of structured and unstructured data open new opportunities. As a data scientist at Booz Allen, you can turn these complex data sets into useful information to solve global challenges. Acr…",https://www.adzuna.com/land/ad/5828258656?se=nMXc4Da78RGGQ9u1mQKVdw&utm_medium=api&utm_source=e45342b0&v=9F50425842F99D905DE2B0F331360179C03BC87D,"Data Scientist Job Number: R0245993 Data Scientist The Opportunity: As a data scientist, you're excited at the prospect of unlocking the secrets held by a data set, and you're fascinated by the possibilities presented by IoT, machine learning, and artifi cia l intelligence. In an increasingly connected world, massive amounts of structured and unstructured data open new opportunities. As a data scientist at Booz Allen, you can turn these complex data sets into useful information to solve global challenges. Acr… IT Jobs",['machine learning']
data scientist,Data Scientist,SAIC,"Chantilly, Fairfax County",158680.72,158680.72,"Energy, Oil & Gas Jobs",2026-03-27 10:13:38+00:00,"Job ID: T2601217 Location: Chantilly, VA, US Date Posted: 2026-03-05 Category: Engineering and Sciences Subcategory: Modeling/Sim Engr Schedule: Full-Time Shift: Day Job Travel: No Minimum Clearance Required: TS.SCI_wPoly Clearance Level Must Be Able to Obtain: None Potential for Remote Work: ORA_ON_SITE Description ? SAIC is hiring a Data Scientist to deliver Systems Engineering Technical Advisor (SETA) support a program based in Chantilly, VA. This role will contribute to the National Reconna…",https://www.adzuna.com/land/ad/5680364313?se=nMXc4Da78RGGQ9u1mQKVdw&utm_medium=api&utm_source=e45342b0&v=C3904E88DFB492166A3348CB3DB5D8F3D5C28CB3,"Data Scientist Job ID: T2601217 Location: Chantilly, VA, US Date Posted: 2026-03-05 Category: Engineering and Sciences Subcategory: Modeling/Sim Engr Schedule: Full-Time Shift: Day Job Travel: No Minimum Clearance Required: TS.SCI_wPoly Clearance Level Must Be Able to Obtain: None Potential for Remote Work: ORA_ON_SITE Description ? SAIC is hiring a Data Scientist to deliver Systems Engineering Technical Advisor (SETA) support a program based in Chantilly, VA. This role will contribute to the National Reconna… Energy, Oil & Gas Jobs",[]
data scientist,Data Scientist,SAIC,"Chantilly, Fairfax County",154257.67,154257.67,"Energy, Oil & Gas Jobs",2026-09-15 04:03:03+00:00,"Job ID: 2616781 Location: Chantilly, VA, US Date Posted: 2026-09-14 Category: Engineering and Sciences Subcategory: Modeling/Sim Engr Schedule: Full-Time Shift: Day Job Travel: No Minimum Clearance Required: TS.SCI_wPoly Clearance Level Must Be Able to Obtain: None Potential for Remote Work: ORA_ON_SITE Description SAIC is hiring a Data Scientist to deliver Systems Engineering Technical Advisor (SETA) supporting a program based in Chantilly, VA. This role will contribute to the National Reconna…",https://www.adzuna.com/land/ad/5884438863?se=nMXc4Da78RGGQ9u1mQKVdw&utm_medium=api&utm_source=e45342b0&v=00970A2E48C9AD3909915DA66F7D002B15A27E56,"Data Scientist Job ID: 2616781 Location: Chantilly, VA, US Date Posted: 2026-09-14 Category: Engineering and Sciences Subcategory: Modeling/Sim Engr Schedule: Full-Time Shift: Day Job Travel: No Minimum Clearance Required: TS.SCI_wPoly Clearance Level Must Be Able to Obtain: None Potential for Remote Work: ORA_ON_SITE Description SAIC is hiring a Data Scientist to deliver Systems Engineering Technical Advisor (SETA) supporting a program based in Chantilly, VA. This role will contribute to the National Reconna… Energy, Oil & Gas Jobs",[]
data scientist,Data Scientist,SAIC,"Pimmit, Fairfax County",115914.74,115914.74,IT Jobs,2026-07-10 03:20:50+00:00,"Job ID: 2614421 Location: McLean, VA, US Date Posted: 2026-07-09 Category: Information Technology Subcategory: Data Scientist Schedule: Full-Time Shift: Day Job Travel: No Minimum Clearance Required: TS.SCI_wPoly Clearance Level Must Be Able to Obtain: None Potential for Remote Work: ORA_ON_SITE Description SAIC is seeking a Data Scientist to join our Data Modeling Team. This position is located in Mclean, VA and requires a TS/SCI with polygraph. Qualifications Bachelors and fourteen (14) years…",https://www.adzuna.com/land/ad/5795200467?se=nMXc4Da78RGGQ9u1mQKVdw&utm_medium=api&utm_source=e45342b0&v=E38727F7610250C99B8E6681732756A0E05D49D7,"Data Scientist Job ID: 2614421 Location: McLean, VA, US Date Posted: 2026-07-09 Category: Information Technology Subcategory: Data Scientist Schedule: Full-Time Shift: Day Job Travel: No Minimum Clearance Required: TS.SCI_wPoly Clearance Level Must Be Able to Obtain: None Potential for Remote Work: ORA_ON_SITE Description SAIC is seeking a Data Scientist to join our Data Modeling Team. This position is located in Mclean, VA and requires a TS/SCI with polygraph. Qualifications Bachelors and fourteen (14) years… IT Jobs",[]
data scientist,Data Scientist,Booz Allen Hamilton,"Haymount, Cumberland County",173536.98,173536.98,IT Jobs,2026-05-04 17:57:38+00:00,"Job Number: R0239248 Data Scientist The Opportunity: Ever-expanding technologies like IoT, machine learning, and artifi cia l intelligence are generating more structured and unstructured data than ever before. As a data scientist, you know that within this data are the patterns, trends, and insights that can drive smarter decisions and meaningful mission outcomes. We need a skilled data scientist like you to help our clients transform complex data into actionable insight that supports critical …",https://www.adzuna.com/land/ad/5718880865?se=nMXc4Da78RGGQ9u1mQKVdw&utm_medium=api&utm_source=e45342b0&v=2B9DEDB3BB0DB1F9DAF22108A80BD06A59239B1B,"Data Scientist Job Number: R0239248 Data Scientist The Opportunity: Ever-expanding technologies like IoT, machine learning, and artifi cia l intelligence are generating more structured and unstructured data than ever before. As a data scientist, you know that within this data are the patterns, trends, and insights that can drive smarter decisions and meaningful mission outcomes. We need a skilled data scientist like you to help our clients transform complex data into actionable insight that supports critical … IT Jobs",['machine learning']
data scientist,Data Scientist,Booz Allen Hamilton,"Trade, Alexandria City",181057.73,181057.73,IT Jobs,2026-08-20 17:55:59+00:00,"Job Number: R0247486 Data Scientist The Opportunity: In this role, you will apply data science techniques and met hods and leverage a suite of data-driven tools to aid the client's service leadership and subject matter experts to increase decision space, understand strategic risk, and develop courses of action. Employ expert judgment, adaptable met hodologies, repeatable analytic processes, and enterprise-wide collaboration to provide routine, spe cia l interest, and alert-triggered campaign as…",https://www.adzuna.com/land/ad/5850030129?se=nMXc4Da78RGGQ9u1mQKVdw&utm_medium=api&utm_source=e45342b0&v=B7032FE8DEE7130E83F5A25470B077501AFA11A3,"Data Scientist Job Number: R0247486 Data Scientist The Opportunity: In this role, you will apply data science techniques and met hods and leverage a suite of data-driven tools to aid the client's service leadership and subject matter experts to increase decision space, understand strategic risk, and develop courses of action. Employ expert judgment, adaptable met hodologies, repeatable analytic processes, and enterprise-wide collaboration to provide routine, spe cia l interest, and alert-triggered campaign as… IT Jobs",[]
data scientist,Data Scientist,SAIC,"Pimmit, Fairfax County",180540.45,180540.45,IT Jobs,2026-07-10 03:15:42+00:00,"Job ID: 2614424 Location: McLean, VA, US Date Posted: 2026-07-09 Category: Information Technology Subcategory: Data Scientist Schedule: Full-Time Shift: Day Job Travel: No Minimum Clearance Required: TS.SCI_wPoly Clearance Level Must Be Able to Obtain: None Potential for Remote Work: ORA_ON_SITE Description SAIC is seeking a Data Scientist to join our team to provide Subject Matter expertise and support specializing in natural language(NLP) processing and associated data preparation. The ideal …",https://www.adzuna.com/land/ad/5795192584?se=nMXc4Da78RGGQ9u1mQKVdw&utm_medium=api&utm_source=e45342b0&v=F6B10CD796B7080FBBC0C368804C3BDB0265F628,"Data Scientist Job ID: 2614424 Location: McLean, VA, US Date Posted: 2026-07-09 Category: Information Technology Subcategory: Data Scientist Schedule: Full-Time Shift: Day Job Travel: No Minimum Clearance Required: TS.SCI_wPoly Clearance Level Must Be Able to Obtain: None Potential for Remote Work: ORA_ON_SITE Description SAIC is seeking a Data Scientist to join our team to provide Subject Matter expertise and support specializing in natural language(NLP) processing and associated data preparation. The ideal … IT Jobs",['nlp']
data scientist,Data Scientist,Booz Allen Hamilton,"State Farm, Arlington County",151373.48,151373.48,IT Jobs,2026-09-23 21:09:26+00:00,"Job Number: R0249286 Data Scientist The Opportunity: Are you excited at the prospect of unlocking the secrets held by a data set? Are you fascinated by the possibilities presented by the IoT, machine learning and artificial intelligence advances? In an increasingly connected world, massive amounts of structured and unstructured data open up new opportunities. As a data scientist, you can turn these complex data sets into useful information to solve global challenges. Across private and public s…",https://www.adzuna.com/land/ad/5896011157?se=nMXc4Da78RGGQ9u1mQKVdw&utm_medium=api&utm_source=e45342b0&v=5C6A74B702411CC8DE66C21B0C40AAEEB231EDB2,"Data Scientist Job Number: R0249286 Data Scientist The Opportunity: Are you excited at the prospect of unlocking the secrets held by a data set? Are you fascinated by the possibilities presented by the IoT, machine learning and artificial intelligence advances? In an increasingly connected world, massive amounts of structured and unstructured data open up new opportunities. As a data scientist, you can turn these complex data sets into useful information to solve global challenges. Across private and public s… IT Jobs",['machine learning']
data scientist,Data Scientist,SAIC,"Rock Island, Rock Island County",163917.45,163917.45,IT Jobs,2026-09-25 04:55:33+00:00,"Job ID: 2617203 Location: Rock Island, IL, US Date Posted: 2026-09-23 Category: Information Technology Subcategory: Data Scientist Schedule: Full-Time Shift: Day Job Travel: Yes - 25% of the time Minimum Clearance Required: Interim_Secret Clearance Level Must Be Able to Obtain: Secret Potential for Remote Work: ORA_ON_SITE Description SAIC is seeking a Data Scientist to join our team at Rock Island, Illinois to support our Advanced Analytics Team to utilize the Army Vantage Data Analytics Syste…",https://www.adzuna.com/land/ad/5898067984?se=nMXc4Da78RGGQ9u1mQKVdw&utm_medium=api&utm_source=e45342b0&v=657E526D60650756E5B68FD3951DD546F4176B78,"Data Scientist Job ID: 2617203 Location: Rock Island, IL, US Date Posted: 2026-09-23 Category: Information Technology Subcategory: Data Scientist Schedule: Full-Time Shift: Day Job Travel: Yes - 25% of the time Minimum Clearance Required: Interim_Secret Clearance Level Must Be Able to Obtain: Secret Potential for Remote Work: ORA_ON_SITE Description SAIC is seeking a Data Scientist to join our team at Rock Island, Illinois to support our Advanced Analytics Team to utilize the Army Vantage Data Analytics Syste… IT Jobs",[]
data scientist,Data Scientist,Texas Instruments Incorporated,"Highland Park, Dallas",144527.3,144527.3,Scientific & QA Jobs,2026-08-12 20:06:35+00:00,"Job Description About This Role Smart Manufacturing and Automation (SMA) at Texas Instruments is looking for a Sr./Lead Data Scientist who can fundamentally change how facilities operations leverage data. This role sits at the intersection of deep time series expertise and enterprise-scale AI deployment . You will work directly with operational teams to extract signal from complex sensor, equipment, and process data, build production-grade anomaly detection and forecasting systems, and drive th…",https://www.adzuna.com/land/ad/5839078482?se=nMXc4Da78RGGQ9u1mQKVdw&utm_medium=api&utm_source=e45342b0&v=69BC5B063A110689CEE93B4A39FA80349543C71C,"Data Scientist Job Description About This Role Smart Manufacturing and Automation (SMA) at Texas Instruments is looking for a Sr./Lead Data Scientist who can fundamentally change how facilities operations leverage data. This role sits at the intersection of deep time series expertise and enterprise-scale AI deployment . You will work directly with operational teams to extract signal from complex sensor, equipment, and process data, build production-grade anomaly detection and forecasting systems, and drive th… Scientific & QA Jobs",[]
data scientist,Data Scientist,Booz Allen Hamilton,"Seaside, Monterey County",134690.11,134690.11,IT Jobs,2026-09-25 18:01:09+00:00,"Job Number: R0249178 Data Scientist The Opportunity: As a data scientist, you're excited at the prospect of unlocking the secrets held by a data set, and you're fascinated by the possibilities presented by IoT, machine learning, and artificial intelligence. In an increasingly connected world, massive amounts of structured and unstructured data open new opportunities. As a data scientist at Booz Allen, you can help turn these complex data sets into useful information to solve global challenges. …",https://www.adzuna.com/land/ad/5898785553?se=nMXc4Da78RGGQ9u1mQKVdw&utm_medium=api&utm_source=e45342b0&v=7F83FCD1821997B0C4B490DAAC5C4973DD605D43,"Data Scientist Job Number: R0249178 Data Scientist The Opportunity: As a data scientist, you're excited at the prospect of unlocking the secrets held by a data set, and you're fascinated by the possibilities presented by IoT, machine learning, and artificial intelligence. In an increasingly connected world, massive amounts of structured and unstructured data open new opportunities. As a data scientist at Booz Allen, you can help turn these complex data sets into useful information to solve global challenges. … IT Jobs",['machine learning']
data scientist,Data Scientist,Booz Allen Hamilton,"Mount Rainier, Prince George's County",136524.94,136524.94,IT Jobs,2026-08-25 18:08:22+00:00,"Job Number: R0246054 Data Scientist The Opportunity: As a data scientist, you're excited at the prospect of unlocking the secrets held by a data set, and you're fascinated by the possibilities presented by IoT, machine learning, and artifi cia l intelligence. In an increasingly connected world, massive amounts of structured and unstructured data open new opportunities. As a data scientist at Booz Allen, you can help turn these complex data sets into useful information to solve global challenges…",https://www.adzuna.com/land/ad/5855868601?se=nMXc4Da78RGGQ9u1mQKVdw&utm_medium=api&utm_source=e45342b0&v=3511E49EB3FFF676171E6CF96E94E95EF848FC9F,"Data Scientist Job Number: R0246054 Data Scientist The Opportunity: As a data scientist, you're excited at the prospect of unlocking the secrets held by a data set, and you're fascinated by the possibilities presented by IoT, machine learning, and artifi cia l intelligence. In an increasingly connected world, massive amounts of structured and unstructured data open new opportunities. As a data scientist at Booz Allen, you can help turn these complex data sets into useful information to solve global challenges… IT Jobs",['machine learning']
data scientist,Data Scientist,Booz Allen Hamilton,"Seaside, Monterey County",142397.66,142397.66,IT Jobs,2026-07-16 17:53:05+00:00,"Job Number: R0243945 Data Scientist The Opportunity: As a data scientist, you're excited at the prospect of unlocking the secrets held by a data set, and you're fascinated by the possibilities presented by IoT, machine learning, and artificial intelligence. In an increasingly connected world, massive amounts of structured and unstructured data open new opportunities. As a data scientist at Booz Allen, you can help turn these complex data sets into useful information to solve global challenges. …",https://www.adzuna.com/land/ad/5803828065?se=nMXc4Da78RGGQ9u1mQKVdw&utm_medium=api&utm_source=e45342b0&v=5D815EB0AA0B808D492C348D3E6221D4F7BAFE36,"Data Scientist Job Number: R0243945 Data Scientist The Opportunity: As a data scientist, you're excited at the prospect of unlocking the secrets held by a data set, and you're fascinated by the possibilities presented by IoT, machine learning, and artificial intelligence. In an increasingly connected world, massive amounts of structured and unstructured data open new opportunities. As a data scientist at Booz Allen, you can help turn these complex data sets into useful information to solve global challenges. … IT Jobs",['machine learning']
data scientist,Data Scientist,Booz Allen Hamilton,"State Farm, Arlington County",154526.1,154526.1,IT Jobs,2026-06-11 19:01:32+00:00,"Job Number: R0242009 Data Scientist The Opportunity: As a data scientist, you're excited at the prospect of unlocking the secrets held by a data set, and you're fascinated by the possibilities presented by IoT, machine learning, and artifi cia l intelligence. In an increasingly connected world, massive amounts of structured and unstructured data open new opportunities. As a data scientist at Booz Allen, you can help turn these complex data sets into useful information to solve global challenges…",https://www.adzuna.com/land/ad/5760666257?se=nMXc4Da78RGGQ9u1mQKVdw&utm_medium=api&utm_source=e45342b0&v=C4AC872F4C554D4FF0A899329581CE520AFB81E6,"Data Scientist Job Number: R0242009 Data Scientist The Opportunity: As a data scientist, you're excited at the prospect of unlocking the secrets held by a data set, and you're fascinated by the possibilities presented by IoT, machine learning, and artifi cia l intelligence. In an increasingly connected world, massive amounts of structured and unstructured data open new opportunities. As a data scientist at Booz Allen, you can help turn these complex data sets into useful information to solve global challenges… IT Jobs",['machine learning']
data scientist,Data Scientist,Booz Allen Hamilton,"Chantilly, Fairfax County",141270.9,141270.9,IT Jobs,2026-08-06 05:48:52+00:00,"Job Number: R0246129 Data Scientist The Opportunity: As a data scientist, you're excited at the prospect of unlocking the secrets held by a data set, and you're fascinated by the possibilities presented by IoT, machine learning, and artificial intelligence. In an increasingly connected world, massive amounts of structured and unstructured data open new opportunities. As a data scientist at Booz Allen, you can help turn these complex data sets into useful information to solve global challenges. …",https://www.adzuna.com/land/ad/5830292927?se=nMXc4Da78RGGQ9u1mQKVdw&utm_medium=api&utm_source=e45342b0&v=11BA0BB2FC5B812EAE8E6B542CF9D9245D05DD1F,"Data Scientist Job Number: R0246129 Data Scientist The Opportunity: As a data scientist, you're excited at the prospect of unlocking the secrets held by a data set, and you're fascinated by the possibilities presented by IoT, machine learning, and artificial intelligence. In an increasingly connected world, massive amounts of structured and unstructured data open new opportunities. As a data scientist at Booz Allen, you can help turn these complex data sets into useful information to solve global challenges. … IT Jobs",['machine learning']
data scientist,Data Scientist,Booz Allen Hamilton,"Triana, Madison County",116440.13,116440.13,IT Jobs,2026-08-21 18:03:30+00:00,"Job Number: R0246868 Data Scientist The Opportunity: As a data scientist, you're excited at the prospect of unlocking the secrets held by a data set, and you're fascinated by the possibilities presented by IoT, machine learning, and artificial intelligence. In an increasingly connected world, massive amounts of structured and unstructured data open new opportunities. As a data scientist at Booz Allen, you can help turn these complex data sets into useful information to solve global challenges. …",https://www.adzuna.com/land/ad/5851519308?se=nMXc4Da78RGGQ9u1mQKVdw&utm_medium=api&utm_source=e45342b0&v=30EC3CA067A04F749A6501F80623EC0CF826DDED,"Data Scientist Job Number: R0246868 Data Scientist The Opportunity: As a data scientist, you're excited at the prospect of unlocking the secrets held by a data set, and you're fascinated by the possibilities presented by IoT, machine learning, and artificial intelligence. In an increasingly connected world, massive amounts of structured and unstructured data open new opportunities. As a data scientist at Booz Allen, you can help turn these complex data sets into useful information to solve global challenges. … IT Jobs",['machine learning']
data scientist,Data Scientist,Booz Allen Hamilton,"Oakwood, Montgomery County",173480.56,173480.56,IT Jobs,2026-08-12 18:14:16+00:00,"Job Number: R0246716 Data Scientist The Opportunity: As a data scientist, you're excited at the prospect of unlocking the secrets held by a data set, and you're fascinated by the possibilities presented by IoT, machine learning, and artifi cia l intelligence. In an increasingly connected world, massive amounts of structured and unstructured data open new opportunities. As a data scientist at Booz Allen, you can help turn these complex data sets into useful information to solve global challenges…",https://www.adzuna.com/land/ad/5838973375?se=nMXc4Da78RGGQ9u1mQKVdw&utm_medium=api&utm_source=e45342b0&v=0D77A02615F6F3FEF227847B7BB4EDD2E64266A0,"Data Scientist Job Number: R0246716 Data Scientist The Opportunity: As a data scientist, you're excited at the prospect of unlocking the secrets held by a data set, and you're fascinated by the possibilities presented by IoT, machine learning, and artifi cia l intelligence. In an increasingly connected world, massive amounts of structured and unstructured data open new opportunities. As a data scientist at Booz Allen, you can help turn these complex data sets into useful information to solve global challenges… IT Jobs",['machine learning']
data scientist,Data Scientist,Booz Allen Hamilton,"Trade, Alexandria City",135972.33,135972.33,IT Jobs,2026-06-09 06:45:42+00:00,"Job Number: R0241357 Data Scientist The Opportunity: As a data scientist, you're excited at the prospect of unlocking the secrets held by a data set, and you're fascinated by the possibilities presented by IoT, machine learning, and artificial intelligence. In an increasingly connected world, massive amounts of structured and unstructured data open new opportunities. As a data scientist at Booz Allen, you can help turn these complex data sets into useful information to solve global challenges. …",https://www.adzuna.com/land/ad/5757106432?se=nMXc4Da78RGGQ9u1mQKVdw&utm_medium=api&utm_source=e45342b0&v=F730055AC46A14C4FDD766254B7C0402C65DA35D,"Data Scientist Job Number: R0241357 Data Scientist The Opportunity: As a data scientist, you're excited at the prospect of unlocking the secrets held by a data set, and you're fascinated by the possibilities presented by IoT, machine learning, and artificial intelligence. In an increasingly connected world, massive amounts of structured and unstructured data open new opportunities. As a data scientist at Booz Allen, you can help turn these complex data sets into useful information to solve global challenges. … IT Jobs",['machine learning']
data scientist,Data Scientist,Booz Allen Hamilton,"Aurora, Arapahoe County",157739.08,157739.08,IT Jobs,2026-08-18 19:44:11+00:00,"Job Number: R0247279 Data Scientist The Opportunity: As a data scientist, you're excited at the prospect of unlocking the secrets held by a data set, and you're fascinated by the possibilities presented by IoT, machine learning, and artifi cia l intelligence. In an increasingly connected world, massive amounts of structured and unstructured data open new opportunities. As a data scientist at Booz Allen, you can help turn these complex data sets into useful information to solve global challenges…",https://www.adzuna.com/land/ad/5847464165?se=nMXc4Da78RGGQ9u1mQKVdw&utm_medium=api&utm_source=e45342b0&v=60FCD67FECAB3773D1D051DF660972AA3217A90D,"Data Scientist Job Number: R0247279 Data Scientist The Opportunity: As a data scientist, you're excited at the prospect of unlocking the secrets held by a data set, and you're fascinated by the possibilities presented by IoT, machine learning, and artifi cia l intelligence. In an increasingly connected world, massive amounts of structured and unstructured data open new opportunities. As a data scientist at Booz Allen, you can help turn these complex data sets into useful information to solve global challenges… IT Jobs",['machine learning']
data scientist,Data Scientist,Booz Allen Hamilton,"Fort George G Meade, Anne Arundel County",119380.84,119380.84,IT Jobs,2026-09-18 12:28:50+00:00,"Job Number: R0248776 Data Scientist The Opportunity: As a data scientist, you're excited at the prospect of unlocking the secrets held by a data set, and you're fascinated by the possibilities presented by IoT, machine learning, and artifi cia l intelligence. In an increasingly connected world, massive amounts of structured and unstructured data open new opportunities. As a data scientist at Booz Allen, you can help turn these complex data sets into useful information to solve global challenges…",https://www.adzuna.com/land/ad/5889577176?se=nMXc4Da78RGGQ9u1mQKVdw&utm_medium=api&utm_source=e45342b0&v=6747503F1AED19CE77898C40DC709DFC89BEBC07,"Data Scientist Job Number: R0248776 Data Scientist The Opportunity: As a data scientist, you're excited at the prospect of unlocking the secrets held by a data set, and you're fascinated by the possibilities presented by IoT, machine learning, and artifi cia l intelligence. In an increasingly connected world, massive amounts of structured and unstructured data open new opportunities. As a data scientist at Booz Allen, you can help turn these complex data sets into useful information to solve global challenges… IT Jobs",['machine learning']
data scientist,Data Scientist,Booz Allen Hamilton,"Mount Rainier, Prince George's County",143047.31,143047.31,IT Jobs,2026-09-23 20:43:19+00:00,"Job Number: R0250185 Data Scientist The Opportunity: As a data scientist, you're excited at the prospect of unlocking the secrets held by a data set, and you're fascinated by the possibilities presented by IoT, machine learning, and artificial intelligence. In an increasingly connected world, massive amounts of structured and unstructured data open new opportunities. As a data scientist at Booz Allen, you can help turn these complex data sets into useful information to solve global challenges. …",https://www.adzuna.com/land/ad/5895813703?se=nMXc4Da78RGGQ9u1mQKVdw&utm_medium=api&utm_source=e45342b0&v=0FD9E779A4FFCC9A56EA35C320921F4D3BDE6953,"Data Scientist Job Number: R0250185 Data Scientist The Opportunity: As a data scientist, you're excited at the prospect of unlocking the secrets held by a data set, and you're fascinated by the possibilities presented by IoT, machine learning, and artificial intelligence. In an increasingly connected world, massive amounts of structured and unstructured data open new opportunities. As a data scientist at Booz Allen, you can help turn these complex data sets into useful information to solve global challenges. … IT Jobs",['machine learning']
data scientist,Data Scientist,Booz Allen Hamilton,"Chantilly, Fairfax County",146472.81,146472.81,IT Jobs,2026-09-18 12:29:16+00:00,"Job Number: R0249049 Data Scientist The Opportunity: As a data scientist, you're excited at the prospect of unlocking the secrets held by a data set, and you're fascinated by the possibilities presented by IoT, machine learning, and artificial intelligence. In an increasingly connected world, massive amounts of structured and unstructured data open new opportunities. As a data scientist at Booz Allen, you can help turn these complex data sets into useful information to solve global challenges. …",https://www.adzuna.com/land/ad/5889579328?se=nMXc4Da78RGGQ9u1mQKVdw&utm_medium=api&utm_source=e45342b0&v=CB7F4974EF7DF96E8B35A9FCE80F41B3362E764A,"Data Scientist Job Number: R0249049 Data Scientist The Opportunity: As a data scientist, you're excited at the prospect of unlocking the secrets held by a data set, and you're fascinated by the possibilities presented by IoT, machine learning, and artificial intelligence. In an increasingly connected world, massive amounts of structured and unstructured data open new opportunities. As a data scientist at Booz Allen, you can help turn these complex data sets into useful information to solve global challenges. … IT Jobs",['machine learning']
data scientist,Data Scientist,Booz Allen Hamilton,"State Farm, Arlington County",162517.8,162517.8,IT Jobs,2026-09-18 12:29:15+00:00,"Job Number: R0248430 Data Scientist The Opportunity: As a data scientist, you're excited at the prospect of unlocking the secrets held by a data set, and you're fascinated by the possibilities presented by IoT, machine learning, and artifi cia l intelligence (AI). In an increasingly connected world, massive amounts of structured and unstructured data open new opportunities. As a data scientist at Booz Allen, you can help turn these complex data sets into useful information to solve global chall…",https://www.adzuna.com/land/ad/5889579225?se=nMXc4Da78RGGQ9u1mQKVdw&utm_medium=api&utm_source=e45342b0&v=30EAEAC66ABFF7F0E1FFD9F1BAAB16C6F33BA1E5,"Data Scientist Job Number: R0248430 Data Scientist The Opportunity: As a data scientist, you're excited at the prospect of unlocking the secrets held by a data set, and you're fascinated by the possibilities presented by IoT, machine learning, and artifi cia l intelligence (AI). In an increasingly connected world, massive amounts of structured and unstructured data open new opportunities. As a data scientist at Booz Allen, you can help turn these complex data sets into useful information to solve global chall… IT Jobs",['machine learning']
data scientist,Data Scientist,Booz Allen Hamilton,"State Farm, Arlington County",141367.0,141367.0,IT Jobs,2026-09-18 12:45:15+00:00,"Job Number: R0248351 Data Scientist The Opportunity: As a data scientist, you're excited at the prospect of unlocking the secrets held by a data set, and you're fascinated by the possibilities presented by IoT, machine learning, and artificial intelligence. In an increasingly connected world, massive amounts of structured and unstructured data open new opportunities. As a data scientist at Booz Allen, you can help turn these complex data sets into useful information to solve global challenges. …",https://www.adzuna.com/land/ad/5889617077?se=nMXc4Da78RGGQ9u1mQKVdw&utm_medium=api&utm_source=e45342b0&v=E10EAABD6FC9CAD9598300D785478FF1C723E6F0,"Data Scientist Job Number: R0248351 Data Scientist The Opportunity: As a data scientist, you're excited at the prospect of unlocking the secrets held by a data set, and you're fascinated by the possibilities presented by IoT, machine learning, and artificial intelligence. In an increasingly connected world, massive amounts of structured and unstructured data open new opportunities. As a data scientist at Booz Allen, you can help turn these complex data sets into useful information to solve global challenges. … IT Jobs",['machine learning']
data scientist,Data Scientist,Booz Allen Hamilton,"Mount Rainier, Prince George's County",150704.7,150704.7,IT Jobs,2026-08-04 17:52:07+00:00,"Job Number: R0245950 Data Scientist The Opportunity: As a data scientist, you're excited at the prospect of unlocking the secrets held by a data set, and you're fascinated by the possibilities presented by IoT, machine learning, and artifi cia l intelligence. In an increasingly connected world, massive amounts of structured and unstructured data open new opportunities. As a data scientist at Booz Allen, you can help turn these complex data sets into useful information to solve global challenges…",https://www.adzuna.com/land/ad/5828318384?se=nMXc4Da78RGGQ9u1mQKVdw&utm_medium=api&utm_source=e45342b0&v=A0EC35226D5FB922BC5A6157078B270448B57CD8,"Data Scientist Job Number: R0245950 Data Scientist The Opportunity: As a data scientist, you're excited at the prospect of unlocking the secrets held by a data set, and you're fascinated by the possibilities presented by IoT, machine learning, and artifi cia l intelligence. In an increasingly connected world, massive amounts of structured and unstructured data open new opportunities. As a data scientist at Booz Allen, you can help turn these complex data sets into useful information to solve global challenges… IT Jobs",['machine learning']
data scientist,Data Scientist,Booz Allen Hamilton,"Chantilly, Fairfax County",129330.0,129330.0,IT Jobs,2026-07-10 17:26:03+00:00,"Job Number: R0244172 Data Scientist The Opportunity: As a data scientist, you're excited at the prospect of unlocking the secrets held by a data set, and you're fascinated by the possibilities presented by IoT, machine learning, and artifi cia l intelligence. In an increasingly connected world, massive amounts of structured and unstructured data open new opportunities. As a data scientist at Booz Allen, you can help turn these complex data sets into useful information to solve global challenges…",https://www.adzuna.com/land/ad/5795987150?se=nMXc4Da78RGGQ9u1mQKVdw&utm_medium=api&utm_source=e45342b0&v=0501171CFD359817C30E3C66E69579D61894A23D,"Data Scientist Job Number: R0244172 Data Scientist The Opportunity: As a data scientist, you're excited at the prospect of unlocking the secrets held by a data set, and you're fascinated by the possibilities presented by IoT, machine learning, and artifi cia l intelligence. In an increasingly connected world, massive amounts of structured and unstructured data open new opportunities. As a data scientist at Booz Allen, you can help turn these complex data sets into useful information to solve global challenges… IT Jobs",['machine learning']
data scientist,Data Scientist,Booz Allen Hamilton,"Pimmit, Fairfax County",152491.92,152491.92,IT Jobs,2026-09-18 12:52:55+00:00,"Job Number: R0249694 Data Scientist The Opportunity: As a data scientist, you're excited at the prospect of unlocking the secrets held by a data set, and you're fascinated by the possibilities presented by IoT, machine learning, and artifi cia l intelligence. In an increasingly connected world, massive amounts of structured and unstructured data open new opportunities. As a data scientist at Booz Allen, you can help turn these complex data sets into useful information to solve global challenges…",https://www.adzuna.com/land/ad/5889627337?se=nMXc4Da78RGGQ9u1mQKVdw&utm_medium=api&utm_source=e45342b0&v=708E5AD3B4E324ECBDE62EF26891F771C426FF7F,"Data Scientist Job Number: R0249694 Data Scientist The Opportunity: As a data scientist, you're excited at the prospect of unlocking the secrets held by a data set, and you're fascinated by the possibilities presented by IoT, machine learning, and artifi cia l intelligence. In an increasingly connected world, massive amounts of structured and unstructured data open new opportunities. As a data scientist at Booz Allen, you can help turn these complex data sets into useful information to solve global challenges… IT Jobs",['machine learning']
data scientist,Data Scientist,Booz Allen Hamilton,"Dearborn, Wayne County",127873.12,127873.12,IT Jobs,2026-09-18 12:45:15+00:00,"Job Number: R0249703 Data Scientist The Opportunity: As a data scientist, you're excited at the prospect of unlocking the secrets held by a data set, and you're fascinated by the possibilities presented by IoT, machine learning, and artifi cia l intelligence (AI). In an increasingly connected world, massive amounts of structured and unstructured data open new opportunities. As a data scientist at Booz Allen, you can help turn these complex data sets into useful information to solve global chall…",https://www.adzuna.com/land/ad/5889617092?se=nMXc4Da78RGGQ9u1mQKVdw&utm_medium=api&utm_source=e45342b0&v=13E3750E3C0F54ACDEBA5512F5AF128A8D99D144,"Data Scientist Job Number: R0249703 Data Scientist The Opportunity: As a data scientist, you're excited at the prospect of unlocking the secrets held by a data set, and you're fascinated by the possibilities presented by IoT, machine learning, and artifi cia l intelligence (AI). In an increasingly connected world, massive amounts of structured and unstructured data open new opportunities. As a data scientist at Booz Allen, you can help turn these complex data sets into useful information to solve global chall… IT Jobs",['machine learning']
data scientist,Data Scientist,Booz Allen Hamilton,"Trade, Alexandria City",149156.47,149156.47,IT Jobs,2026-08-27 06:07:46+00:00,"Job Number: R0248011 Data Scientist The Opportunity: As a data scientist, you're excited at the prospect of unlocking the secrets held by a data set, and you're fascinated by the possibilities presented by IoT, machine learning, and artifi cia l intelligence. In an increasingly connected world, massive amounts of structured and unstructured data open new opportunities. As a data scientist at Booz Allen, you can help turn these complex data sets into useful information to solve global challenges…",https://www.adzuna.com/land/ad/5858097406?se=nMXc4Da78RGGQ9u1mQKVdw&utm_medium=api&utm_source=e45342b0&v=7085219D978A394BAE625E8D7725A8BB50113966,"Data Scientist Job Number: R0248011 Data Scientist The Opportunity: As a data scientist, you're excited at the prospect of unlocking the secrets held by a data set, and you're fascinated by the possibilities presented by IoT, machine learning, and artifi cia l intelligence. In an increasingly connected world, massive amounts of structured and unstructured data open new opportunities. As a data scientist at Booz Allen, you can help turn these complex data sets into useful information to solve global challenges… IT Jobs",['machine learning']
data scientist,Data Scientist,Booz Allen Hamilton,"Chantilly, Fairfax County",124598.04,124598.04,IT Jobs,2026-07-03 07:13:11+00:00,"Job Number: R0243682 Data Scientist The Opportunity: As a data scientist, you're excited at the prospect of unlocking the secrets held by a data set, and you're fascinated by the possibilities presented by IoT, machine learning, and artifi cia l intelligence (AI). In an increasingly connected world, massive amounts of structured and unstructured data open new opportunities. As a data scientist at Booz Allen, you can help turn these complex data sets into useful information to solve global chall…",https://www.adzuna.com/land/ad/5786753167?se=nMXc4Da78RGGQ9u1mQKVdw&utm_medium=api&utm_source=e45342b0&v=5899B765BD45E2B826E7DEFCDAB9ACED03C03043,"Data Scientist Job Number: R0243682 Data Scientist The Opportunity: As a data scientist, you're excited at the prospect of unlocking the secrets held by a data set, and you're fascinated by the possibilities presented by IoT, machine learning, and artifi cia l intelligence (AI). In an increasingly connected world, massive amounts of structured and unstructured data open new opportunities. As a data scientist at Booz Allen, you can help turn these complex data sets into useful information to solve global chall… IT Jobs",['machine learning']
data scientist,Data Scientist,Booz Allen Hamilton,"State Farm, Arlington County",160921.55,160921.55,IT Jobs,2026-06-11 18:56:56+00:00,"Job Number: R0242010 Data Scientist The Opportunity: As a data scientist, you're excited at the prospect of unlocking the secrets held by a data set, and you're fascinated by the possibilities presented by IoT, machine learning, and artifi cia l intelligence. In an increasingly connected world, massive amounts of structured and unstructured data open new opportunities. As a data scientist at Booz Allen, you can help turn these complex data sets into useful information to solve global challenges…",https://www.adzuna.com/land/ad/5760650278?se=nMXc4Da78RGGQ9u1mQKVdw&utm_medium=api&utm_source=e45342b0&v=B934FC5E46055B5BA8C06CF83E1F5A7ACFE01667,"Data Scientist Job Number: R0242010 Data Scientist The Opportunity: As a data scientist, you're excited at the prospect of unlocking the secrets held by a data set, and you're fascinated by the possibilities presented by IoT, machine learning, and artifi cia l intelligence. In an increasingly connected world, massive amounts of structured and unstructured data open new opportunities. As a data scientist at Booz Allen, you can help turn these complex data sets into useful information to solve global challenges… IT Jobs",['machine learning']
data scientist,Data Scientist,Booz Allen Hamilton,"Mount Rainier, Prince George's County",144003.39,144003.39,IT Jobs,2026-09-23 20:58:57+00:00,"Job Number: R0250173 Data Scientist The Opportunity: As a data scientist, you're excited at the prospect of unlocking the secrets held by a data set, and you're fascinated by the possibilities presented by IoT, machine learning, and artificial intelligence. In an increasingly connected world, massive amounts of structured and unstructured data open new opportunities. As a data scientist at Booz Allen, you can help turn these complex data sets into useful information to solve global challenges. …",https://www.adzuna.com/land/ad/5895929567?se=nMXc4Da78RGGQ9u1mQKVdw&utm_medium=api&utm_source=e45342b0&v=CD9ECD6BF1893EE364527299F5D356795009CF30,"Data Scientist Job Number: R0250173 Data Scientist The Opportunity: As a data scientist, you're excited at the prospect of unlocking the secrets held by a data set, and you're fascinated by the possibilities presented by IoT, machine learning, and artificial intelligence. In an increasingly connected world, massive amounts of structured and unstructured data open new opportunities. As a data scientist at Booz Allen, you can help turn these complex data sets into useful information to solve global challenges. … IT Jobs",['machine learning']
data scientist,Data Scientist,Booz Allen Hamilton,"Aurora, Arapahoe County",163383.53,163383.53,IT Jobs,2026-09-18 12:45:59+00:00,"Job Number: R0248952 Data Scientist The Opportunity: As a data scientist, you're excited at the prospect of unlocking the secrets held by a data set, and you're fascinated by the possibilities presented by IoT, machine learning, and artifi cia l intelligence. In an increasingly connected world, massive amounts of structured and unstructured data open new opportunities. As a data scientist at Booz Allen, you can help turn these complex data sets into useful information to solve global challenges…",https://www.adzuna.com/land/ad/5889617828?se=kKhB4Ta78RGGQ9u1mQKVdw&utm_medium=api&utm_source=e45342b0&v=F62D78E6A440B6BB094E0F9B5FD45C02426F4A01,"Data Scientist Job Number: R0248952 Data Scientist The Opportunity: As a data scientist, you're excited at the prospect of unlocking the secrets held by a data set, and you're fascinated by the possibilities presented by IoT, machine learning, and artifi cia l intelligence. In an increasingly connected world, massive amounts of structured and unstructured data open new opportunities. As a data scientist at Booz Allen, you can help turn these complex data sets into useful information to solve global challenges… IT Jobs",['machine learning']
data scientist,Data Scientist,Booz Allen Hamilton,"State Farm, Arlington County",149860.83,149860.83,IT Jobs,2026-08-19 06:05:58+00:00,"Job Number: R0247320 Data Scientist The Opportunity: As a data scientist, you're excited at the prospect of unlocking the secrets held by a data set, and you're fascinated by the possibilities presented by IoT, machine learning, and artificial intelligence. In an increasingly connected world, massive amounts of structured and unstructured data open new opportunities. As a data scientist at Booz Allen, you can help turn these complex data sets into useful information to solve global challenges. …",https://www.adzuna.com/land/ad/5848033683?se=kKhB4Ta78RGGQ9u1mQKVdw&utm_medium=api&utm_source=e45342b0&v=2D13F7DE0FEA3C67777F3AB28F706033399FDEC6,"Data Scientist Job Number: R0247320 Data Scientist The Opportunity: As a data scientist, you're excited at the prospect of unlocking the secrets held by a data set, and you're fascinated by the possibilities presented by IoT, machine learning, and artificial intelligence. In an increasingly connected world, massive amounts of structured and unstructured data open new opportunities. As a data scientist at Booz Allen, you can help turn these complex data sets into useful information to solve global challenges. … IT Jobs",['machine learning']
data scientist,Data Scientist,SAIC,US,127569.47,127569.47,IT Jobs,2026-09-24 04:50:22+00:00,"Job ID: 2617149 Location: Camp Smith, HI, US Date Posted: 2026-09-22 Category: Information Technology Subcategory: Data Scientist Schedule: Full-Time Shift: Day Job Travel: Yes - 10% of the time Minimum Clearance Required: Secret Clearance Level Must Be Able to Obtain: TS/SCI Potential for Remote Work: ORA_ON_SITE Description SAIC is seeking a Data Scientist located at Camp Smith in Hawaii to support the USPACOM J7 Directorate to manage the collection, cleaning, processing, and analysis of larg…",https://www.adzuna.com/land/ad/5896551504?se=kKhB4Ta78RGGQ9u1mQKVdw&utm_medium=api&utm_source=e45342b0&v=0CDD5905084BD8C7A26044F080E2341BFF40A382,"Data Scientist Job ID: 2617149 Location: Camp Smith, HI, US Date Posted: 2026-09-22 Category: Information Technology Subcategory: Data Scientist Schedule: Full-Time Shift: Day Job Travel: Yes - 10% of the time Minimum Clearance Required: Secret Clearance Level Must Be Able to Obtain: TS/SCI Potential for Remote Work: ORA_ON_SITE Description SAIC is seeking a Data Scientist located at Camp Smith in Hawaii to support the USPACOM J7 Directorate to manage the collection, cleaning, processing, and analysis of larg… IT Jobs",[]
data scientist,Data Scientist,Booz Allen Hamilton,"Belle Isle, Hancock County",172967.62,172967.62,IT Jobs,2026-07-24 19:12:57+00:00,"Job Number: R0245289 Data Scientist The Opportunity: As a data scientist, you're excited at the prospect of unlocking the secrets held by a data set, and you're fascinated by the possibilities presented by IoT, machine learning, and artifi cia l intelligence. In an increasingly connected world, massive amounts of structured and unstructured data open new opportunities. As a data scientist at Booz Allen, you can help turn these complex data sets into useful information to solve global challenges…",https://www.adzuna.com/land/ad/5814581440?se=kKhB4Ta78RGGQ9u1mQKVdw&utm_medium=api&utm_source=e45342b0&v=0E702BFE5A4811E99D639B62ACD62805670A722D,"Data Scientist Job Number: R0245289 Data Scientist The Opportunity: As a data scientist, you're excited at the prospect of unlocking the secrets held by a data set, and you're fascinated by the possibilities presented by IoT, machine learning, and artifi cia l intelligence. In an increasingly connected world, massive amounts of structured and unstructured data open new opportunities. As a data scientist at Booz Allen, you can help turn these complex data sets into useful information to solve global challenges… IT Jobs",['machine learning']
data scientist,Data Scientist,Booz Allen Hamilton,"Pimmit, Fairfax County",134576.34,134576.34,IT Jobs,2026-09-18 12:38:05+00:00,"Job Number: R0249554 Data Scientist The Opportunity: As an Enterprise Cybersecurity Data Scientist supporting our next-generation artifi cia l intelligence ( AI ) -enabled Cyber Fusion Center ( CFC ) , you will help architect and operationalize the analytic foundation enabling cyber defense at machine speed. Your work will directly support our enterprise initiative to embed AI across cybersecurity workflows, accelerating detection, improving efficiency, and increasing the autonomy of CFC operat…",https://www.adzuna.com/land/ad/5889609816?se=kKhB4Ta78RGGQ9u1mQKVdw&utm_medium=api&utm_source=e45342b0&v=1703E6C64ACF007FBBB002EE4AE6ACD587DEC4E4,"Data Scientist Job Number: R0249554 Data Scientist The Opportunity: As an Enterprise Cybersecurity Data Scientist supporting our next-generation artifi cia l intelligence ( AI ) -enabled Cyber Fusion Center ( CFC ) , you will help architect and operationalize the analytic foundation enabling cyber defense at machine speed. Your work will directly support our enterprise initiative to embed AI across cybersecurity workflows, accelerating detection, improving efficiency, and increasing the autonomy of CFC operat… IT Jobs",[]
data scientist,Data Scientist,Booz Allen Hamilton,"Edgewood, Harford County",137802.69,137802.69,IT Jobs,2026-04-23 18:03:51+00:00,"Job Number: R0238506 Data Scientist The Opportunity: As a data scientist, you're excited at the prospect of unlocking the secrets held by a data set, and you're fascinated by the possibilities presented by IoT, machine learning, and artifi cia l intelligence. In an increasingly connected world, massive amounts of structured and unstructured data open new opportunities. As a data scientist at Booz Allen, you can help turn these complex data sets into useful information to solve global challenges…",https://www.adzuna.com/land/ad/5708759258?se=kKhB4Ta78RGGQ9u1mQKVdw&utm_medium=api&utm_source=e45342b0&v=30D73EF97906F9CFB7C4A135D7CC2EB675F74E17,"Data Scientist Job Number: R0238506 Data Scientist The Opportunity: As a data scientist, you're excited at the prospect of unlocking the secrets held by a data set, and you're fascinated by the possibilities presented by IoT, machine learning, and artifi cia l intelligence. In an increasingly connected world, massive amounts of structured and unstructured data open new opportunities. As a data scientist at Booz Allen, you can help turn these complex data sets into useful information to solve global challenges… IT Jobs",['machine learning']
data scientist,Data Scientist,SAIC,"Chantilly, Fairfax County",165303.62,165303.62,Engineering Jobs,2026-06-30 02:54:07+00:00,"Job ID: 2614085 Location: Chantilly, VA, US Date Posted: 2026-07-07 Category: Engineering and Sciences Subcategory: Modeling/Sim Engr Schedule: Full-Time Shift: Day Job Travel: No Minimum Clearance Required: TS.SCI_wPoly Clearance Level Must Be Able to Obtain: None Potential for Remote Work: ORA_ON_SITE Description SAIC is seeking a Data Scientist to provide Systems Engineer Technical Advisor (SETA) services for a critical position on SAIC's Prime Program, Landmark AOS. Landmark AOS is a large …",https://www.adzuna.com/land/ad/5781884951?se=kKhB4Ta78RGGQ9u1mQKVdw&utm_medium=api&utm_source=e45342b0&v=09D37B8462AAD2B727813670B55F8EC303350B11,"Data Scientist Job ID: 2614085 Location: Chantilly, VA, US Date Posted: 2026-07-07 Category: Engineering and Sciences Subcategory: Modeling/Sim Engr Schedule: Full-Time Shift: Day Job Travel: No Minimum Clearance Required: TS.SCI_wPoly Clearance Level Must Be Able to Obtain: None Potential for Remote Work: ORA_ON_SITE Description SAIC is seeking a Data Scientist to provide Systems Engineer Technical Advisor (SETA) services for a critical position on SAIC's Prime Program, Landmark AOS. Landmark AOS is a large … Engineering Jobs",[]
data scientist,Data Scientist,SAIC,"Chantilly, Fairfax County",186206.06,186206.06,IT Jobs,2026-08-22 03:37:10+00:00,"Job ID: 2615913 Location: Chantilly, VA, US Date Posted: 2026-08-20 Category: Engineering and Sciences Subcategory: Modeling/Sim Engr Schedule: Full-Time Shift: Day Job Travel: No Minimum Clearance Required: TS.SCI_wPoly Clearance Level Must Be Able to Obtain: None Potential for Remote Work: ORA_ON_SITE Description SAIC is seeking a Data Scientist to provide Systems Engineer Technical Advisor (SETA) services supporting the NRO's Ground Enterprise Directorate (GED) in Chantilly, VA, responsible …",https://www.adzuna.com/land/ad/5852199557?se=kKhB4Ta78RGGQ9u1mQKVdw&utm_medium=api&utm_source=e45342b0&v=FBA82D858B75C4F11628D378038CF626D300F467,"Data Scientist Job ID: 2615913 Location: Chantilly, VA, US Date Posted: 2026-08-20 Category: Engineering and Sciences Subcategory: Modeling/Sim Engr Schedule: Full-Time Shift: Day Job Travel: No Minimum Clearance Required: TS.SCI_wPoly Clearance Level Must Be Able to Obtain: None Potential for Remote Work: ORA_ON_SITE Description SAIC is seeking a Data Scientist to provide Systems Engineer Technical Advisor (SETA) services supporting the NRO's Ground Enterprise Directorate (GED) in Chantilly, VA, responsible … IT Jobs",[]
data scientist,Data Scientist,Booz Allen Hamilton,"Haymount, Cumberland County",179228.1,179228.1,IT Jobs,2026-08-21 05:59:32+00:00,"Job Number: R0247577 Data Scientist The Opportunity: As a Data Scientist at Booz Allen Hamilton, you will serve as both the primary intake point for requirements and the developer responsible for transforming those requirements into modern, automated, data-driven solutions. You will work across multiple teams to address organizational data challenges holistically - from assessing raw data sources and modernizing storage solutions, to identifying inefficiencies, improving data quality, and devel…",https://www.adzuna.com/land/ad/5850848945?se=kKhB4Ta78RGGQ9u1mQKVdw&utm_medium=api&utm_source=e45342b0&v=837723864A790BE017FA66C26BFC7C2D8C63827B,"Data Scientist Job Number: R0247577 Data Scientist The Opportunity: As a Data Scientist at Booz Allen Hamilton, you will serve as both the primary intake point for requirements and the developer responsible for transforming those requirements into modern, automated, data-driven solutions. You will work across multiple teams to address organizational data challenges holistically - from assessing raw data sources and modernizing storage solutions, to identifying inefficiencies, improving data quality, and devel… IT Jobs",[]
data scientist,Data Scientist,Booz Allen Hamilton,US,131289.88,131289.88,Scientific & QA Jobs,2026-09-18 12:30:08+00:00,"Job Number: R0238939 Data Scientist The Opportunity: As an analytics professional, you're excited at the prospect of unlocking the secrets held by a data set, and you're fascinated by the possibilities presented by IoT, machine learning, and artificial intelligence. If you care about moving a mission forward as much as advancing the field of data science, this is the opportunity for you. Your deep AI and analytics expertise and advisory mindset, coupled with an original approach to your work, w…",https://www.adzuna.com/land/ad/5889584529?se=kKhB4Ta78RGGQ9u1mQKVdw&utm_medium=api&utm_source=e45342b0&v=DCD7DC6DF5415530362B4355F112C3D69DC14011,"Data Scientist Job Number: R0238939 Data Scientist The Opportunity: As an analytics professional, you're excited at the prospect of unlocking the secrets held by a data set, and you're fascinated by the possibilities presented by IoT, machine learning, and artificial intelligence. If you care about moving a mission forward as much as advancing the field of data science, this is the opportunity for you. Your deep AI and analytics expertise and advisory mindset, coupled with an original approach to your work, w… Scientific & QA Jobs",['machine learning']
data scientist,Data Scientist,Booz Allen Hamilton,US,142056.11,142056.11,IT Jobs,2026-09-18 12:28:48+00:00,"Job Number: R0249308 Data Scientist The Opportunity: We are seeking a Data Scientist to serve as the client program's primary data integrator and Power Platform administrator. This position will support the development, maintenance, integration, and continuous improvement of digital tools used to manage program information, improve decision-making, automate business processes, and provide leadership with actionable insights. The successful candidate will work closely with program leadership, pr…",https://www.adzuna.com/land/ad/5889577103?se=kKhB4Ta78RGGQ9u1mQKVdw&utm_medium=api&utm_source=e45342b0&v=1C7F8A67BA45B9A99F44CC1B738DE0472A95EA51,"Data Scientist Job Number: R0249308 Data Scientist The Opportunity: We are seeking a Data Scientist to serve as the client program's primary data integrator and Power Platform administrator. This position will support the development, maintenance, integration, and continuous improvement of digital tools used to manage program information, improve decision-making, automate business processes, and provide leadership with actionable insights. The successful candidate will work closely with program leadership, pr… IT Jobs",[]
data scientist,Data Scientist,Booz Allen Hamilton,"El Segundo, Los Angeles County",151860.19,151860.19,IT Jobs,2026-09-18 12:45:14+00:00,"Job Number: R0248937 Data Scientist The Opportunity: Are you excited at the prospect of unlocking the secrets held by data? In an increasingly connected world, massive amounts of structured and unstructured data open up new opportunities. As a data scientist, you can turn complex data sets into useful information to solve global challenges. We have an opportunity for you to use your analytical skills to improve the U.S. Space Force. You'll work closely with your customer to understand their que…",https://www.adzuna.com/land/ad/5889617064?se=kKhB4Ta78RGGQ9u1mQKVdw&utm_medium=api&utm_source=e45342b0&v=15680C6EE47267E2E81501952230BF90C4D848FD,"Data Scientist Job Number: R0248937 Data Scientist The Opportunity: Are you excited at the prospect of unlocking the secrets held by data? In an increasingly connected world, massive amounts of structured and unstructured data open up new opportunities. As a data scientist, you can turn complex data sets into useful information to solve global challenges. We have an opportunity for you to use your analytical skills to improve the U.S. Space Force. You'll work closely with your customer to understand their que… IT Jobs",[]
data scientist,Data Scientist,Booz Allen Hamilton,"State Farm, Arlington County",167488.39,167488.39,IT Jobs,2026-09-18 12:45:14+00:00,"Job Number: R0248936 Data Scientist The Opportunity: Are you excited at the prospect of unlocking the secrets held by data? In an increasingly connected world, massive amounts of structured and unstructured data open-up new opportunities. As a data scientist, you can turn complex data sets into useful information to solve global challenges. We have an opportunity for you to use your analytical skills to improve the U.S. Space Force. You'll work closely with your customer to understand their que…",https://www.adzuna.com/land/ad/5889617067?se=kKhB4Ta78RGGQ9u1mQKVdw&utm_medium=api&utm_source=e45342b0&v=93B969CEAA2E76DFDEEE1520CBF73FB8DFC0D579,"Data Scientist Job Number: R0248936 Data Scientist The Opportunity: Are you excited at the prospect of unlocking the secrets held by data? In an increasingly connected world, massive amounts of structured and unstructured data open-up new opportunities. As a data scientist, you can turn complex data sets into useful information to solve global challenges. We have an opportunity for you to use your analytical skills to improve the U.S. Space Force. You'll work closely with your customer to understand their que… IT Jobs",[]
data scientist,Data Scientist,BigBear.ai,"Pimmit, Fairfax County",154500.6,154500.6,IT Jobs,2026-09-01 20:14:38+00:00,"Residency All applicants must currently reside in the United States Overview The Data Scientist designs and builds the v1 rule-weighted composite scoring logic that turns normalized risk signals into a transparent, defensible score. This role also prepares the scoring approach and model architecture for future interpretable ML-based scoring-ensuring explainability is preserved for adjudicator-facing workflows and audit needs. The ideal candidate blends practical applied data science with strong…",https://www.adzuna.com/land/ad/5865897744?se=kKhB4Ta78RGGQ9u1mQKVdw&utm_medium=api&utm_source=e45342b0&v=83BA7AA60402EF7D5EF065D6541971D16CC7D187,"Data Scientist Residency All applicants must currently reside in the United States Overview The Data Scientist designs and builds the v1 rule-weighted composite scoring logic that turns normalized risk signals into a transparent, defensible score. This role also prepares the scoring approach and model architecture for future interpretable ML-based scoring-ensuring explainability is preserved for adjudicator-facing workflows and audit needs. The ideal candidate blends practical applied data science with strong… IT Jobs",[]
data scientist,Data Scientist,M9 Solutions,"Mount Rainier, Prince George's County",108331.25,108331.25,IT Jobs,2026-09-11 03:49:53+00:00,"M9 Solutions is dedicated to providing IT services and solutions to the Federal Government by mobilizing the right people, skills, clearance levels, and technologies to help organizations that desire improved performance and modern, sustainable change. M9 has provided quality IT services and support to more than 30 Federal Agencies and multiple commercial customers nationwide. Our capabilities include IT Talent Solutions, Data Delivery & Analytics, Cyber Security, Cloud Migration, Applications …",https://www.adzuna.com/land/ad/5879424118?se=kKhB4Ta78RGGQ9u1mQKVdw&utm_medium=api&utm_source=e45342b0&v=EA31F9EA3463965E680DBB13BA83D27F0CA174C6,"Data Scientist M9 Solutions is dedicated to providing IT services and solutions to the Federal Government by mobilizing the right people, skills, clearance levels, and technologies to help organizations that desire improved performance and modern, sustainable change. M9 has provided quality IT services and support to more than 30 Federal Agencies and multiple commercial customers nationwide. Our capabilities include IT Talent Solutions, Data Delivery & Analytics, Cyber Security, Cloud Migration, Applications … IT Jobs",[]
data scientist,Data Scientist,Booz Allen Hamilton,"South Norfolk, Chesapeake City",137936.53,137936.53,Engineering Jobs,2026-07-27 19:13:55+00:00,"Job Number: R0245322 Data Scientist The Opportunity: Design and implement effective AI solution architecture utilizing approaches of various AI technologies and met hods to address Marine Corps operational needs. Apply advanced technical expertise and full industry knowledge. Develop innovative solutions to complex problems. Work without considerable direction. Mentor and supervise team members, as needed. Contribute to the direction of critical solutions by applying best-fit ML algorithms and …",https://www.adzuna.com/land/ad/5817722552?se=kKhB4Ta78RGGQ9u1mQKVdw&utm_medium=api&utm_source=e45342b0&v=EDFC93D713764475D67AD2C3465B7290D14F08EC,"Data Scientist Job Number: R0245322 Data Scientist The Opportunity: Design and implement effective AI solution architecture utilizing approaches of various AI technologies and met hods to address Marine Corps operational needs. Apply advanced technical expertise and full industry knowledge. Develop innovative solutions to complex problems. Work without considerable direction. Mentor and supervise team members, as needed. Contribute to the direction of critical solutions by applying best-fit ML algorithms and … Engineering Jobs",[]
data scientist,Data Scientist,Booz Allen Hamilton,"Mount Rainier, Prince George's County",140170.6,140170.6,Engineering Jobs,2026-08-20 05:57:54+00:00,"Job Number: R0247406 Data Scientist The Opportunity: Design and implement effective AI solution architecture utilizing approaches of various AI technologies and met hods to address Marine Corps operational needs. Apply advanced technical expertise and full industry knowledge. Develop innovative solutions to complex problems. Work without considerable direction. Mentor and supervise team members, as needed. Contribute to the direction of critical solutions by applying best-fit ML algorithms and …",https://www.adzuna.com/land/ad/5849505182?se=kKhB4Ta78RGGQ9u1mQKVdw&utm_medium=api&utm_source=e45342b0&v=FBB651A57B2F2EB52407207B22AFE29F532FA424,"Data Scientist Job Number: R0247406 Data Scientist The Opportunity: Design and implement effective AI solution architecture utilizing approaches of various AI technologies and met hods to address Marine Corps operational needs. Apply advanced technical expertise and full industry knowledge. Develop innovative solutions to complex problems. Work without considerable direction. Mentor and supervise team members, as needed. Contribute to the direction of critical solutions by applying best-fit ML algorithms and … Engineering Jobs",[]
data scientist,DATA SCIENTIST,City Of Chicago,"Schiller Park, Cook County",105560.7,105560.7,IT Jobs,2026-09-15 09:58:38+00:00,"Description BID/JOB ANNOUNCEMENT Data Scientist Chicago Police Department Strategic Initiatives Division Number of Positions: 1 (Additional vacancies possible pending budget approval) This position is open to the public and all current city employees covered under the City's Collective Bargaining Agreement with AMERICAN FEDERATION OF STATE, COUNTY, AND MUNICIPAL EMPLOYEES (AFSCME) - BARGAINING UNIT 1, 3, 4 & 5. Only employees in City job titles in this bargaining unit are eligible to bid. BID I…",https://www.adzuna.com/land/ad/5884647536?se=kKhB4Ta78RGGQ9u1mQKVdw&utm_medium=api&utm_source=e45342b0&v=8B53F689F1507ACBA995CF6F3AC93ED7916E944B,"DATA SCIENTIST Description BID/JOB ANNOUNCEMENT Data Scientist Chicago Police Department Strategic Initiatives Division Number of Positions: 1 (Additional vacancies possible pending budget approval) This position is open to the public and all current city employees covered under the City's Collective Bargaining Agreement with AMERICAN FEDERATION OF STATE, COUNTY, AND MUNICIPAL EMPLOYEES (AFSCME) - BARGAINING UNIT 1, 3, 4 & 5. Only employees in City job titles in this bargaining unit are eligible to bid. BID I… IT Jobs",[]
data scientist,Data Scientist,FanDuel,"Grand Central, Manhattan",209398.64,209398.64,IT Jobs,2026-08-12 20:25:39+00:00,"THE POSITION Our roster has an opening with your name on it FanDuel is looking for a Data Scientist, to drive our Sportsbook customer generosity distribution and bonus spend optimization. In this role you will be responsible for customer segmentation, modeling, automation, reporting and data analysis across all areas of Sportsbook generosity distribution. Using your numerical and technology capabilities you will play a key role in bonus spend research, optimization and communication of results …",https://www.adzuna.com/land/ad/5839116653?se=kKhB4Ta78RGGQ9u1mQKVdw&utm_medium=api&utm_source=e45342b0&v=A369F9487F7D8BBCBFD9F4D7E9B99D8A51454914,"Data Scientist THE POSITION Our roster has an opening with your name on it FanDuel is looking for a Data Scientist, to drive our Sportsbook customer generosity distribution and bonus spend optimization. In this role you will be responsible for customer segmentation, modeling, automation, reporting and data analysis across all areas of Sportsbook generosity distribution. Using your numerical and technology capabilities you will play a key role in bonus spend research, optimization and communication of results … IT Jobs",['communication']
data scientist,Data Scientist,LinTech Global Inc.,"State Farm, Arlington County",108529.79,108529.79,IT Jobs,2026-09-24 21:01:04+00:00,"Dexian Government Solutions is recruiting for a Data Scientist to support our contract with USPS in Arlington, Virginia. Position Description: Works independently and within teams to use the necessary data extraction, manipulation, and aggregation techniques to prepare, clean, normalize, and validate data to complete varied projects and tasks. Research, designs, and develop visualization solutions using a range of methods which support investigative and audit products. Designs experiments, test…",https://www.adzuna.com/land/ad/5897644423?se=kKhB4Ta78RGGQ9u1mQKVdw&utm_medium=api&utm_source=e45342b0&v=D88E7CBE9A462092A9EF836B0CDC57D45926DC61,"Data Scientist Dexian Government Solutions is recruiting for a Data Scientist to support our contract with USPS in Arlington, Virginia. Position Description: Works independently and within teams to use the necessary data extraction, manipulation, and aggregation techniques to prepare, clean, normalize, and validate data to complete varied projects and tasks. Research, designs, and develop visualization solutions using a range of methods which support investigative and audit products. Designs experiments, test… IT Jobs",[]
data scientist,Data Scientist,"Capgemini America, Inc.",US,100097.01,100097.01,IT Jobs,2026-09-25 22:09:45+00:00,"Choosing Capgemini means choosing a company where you will be empowered to shape your career in the way you'd like, where you'll be supported and inspired by a collaborative community of colleagues around the world, and where you'll be able to reimagine what's possible. Join us and help the world's leading organizations unlock the value of technology and build a more sustainable, more inclusive world. The Junior AI-Native Consultant is an early-career, client-facing role focused on applying AI,…",https://www.adzuna.com/land/ad/5899053406?se=kKhB4Ta78RGGQ9u1mQKVdw&utm_medium=api&utm_source=e45342b0&v=E3054EA54A247B60D7FE9475C1B79A4FE90FA7B5,"Data Scientist Choosing Capgemini means choosing a company where you will be empowered to shape your career in the way you'd like, where you'll be supported and inspired by a collaborative community of colleagues around the world, and where you'll be able to reimagine what's possible. Join us and help the world's leading organizations unlock the value of technology and build a more sustainable, more inclusive world. The Junior AI-Native Consultant is an early-career, client-facing role focused on applying AI,… IT Jobs",[]
data scientist,Data Scientist,Software Technology Inc,"Corpus Christi, Nueces County",146721.11,146721.11,IT Jobs,2026-09-18 18:11:34+00:00,"Data Scientist Position: Data Scientist Duration: 9–12 Months Location: 539 N Carancahua St, Corpus Christi, TX 78401 Work Arrangement: On-site – Relocation OK Job Description We are seeking an experienced Data Scientist with strong expertise in AI/ML, Computer Vision, Generative AI, RAG, and Agentic AI workflows . The ideal candidate will have hands-on experience developing and implementing AI/ML solutions and be comfortable working in a collaborative, onsite environment. Key Responsibilities …",https://www.adzuna.com/land/ad/5889794440?se=kKhB4Ta78RGGQ9u1mQKVdw&utm_medium=api&utm_source=e45342b0&v=B29B62223AF08277B443444EF5057064438E6BFF,"Data Scientist Data Scientist Position: Data Scientist Duration: 9–12 Months Location: 539 N Carancahua St, Corpus Christi, TX 78401 Work Arrangement: On-site – Relocation OK Job Description We are seeking an experienced Data Scientist with strong expertise in AI/ML, Computer Vision, Generative AI, RAG, and Agentic AI workflows . The ideal candidate will have hands-on experience developing and implementing AI/ML solutions and be comfortable working in a collaborative, onsite environment. Key Responsibilities … IT Jobs",[]
data scientist,Data scientist,GARGI TECHNOLOGIES INC,"Austin, Lander County",122348.43,122348.43,IT Jobs,2026-09-22 21:01:51+00:00,"Data Scientist Location: Austin Employment Type: Full-time Experience: [1–5 years] Department: Data & Analytics Reports To: [Hiring Manager / Head of Data] About the Role We are looking for a talented and analytical Data Scientist to join our team. In this role, you will work with large and complex datasets to uncover actionable insights, build predictive models, and develop data-driven solutions that support business objectives. The ideal candidate combines strong statistical and machine-learn…",https://www.adzuna.com/land/ad/5894498715?se=kKhB4Ta78RGGQ9u1mQKVdw&utm_medium=api&utm_source=e45342b0&v=423F3ADB857256E18F984819EB30230E29C77046,"Data scientist Data Scientist Location: Austin Employment Type: Full-time Experience: [1–5 years] Department: Data & Analytics Reports To: [Hiring Manager / Head of Data] About the Role We are looking for a talented and analytical Data Scientist to join our team. In this role, you will work with large and complex datasets to uncover actionable insights, build predictive models, and develop data-driven solutions that support business objectives. The ideal candidate combines strong statistical and machine-learn… IT Jobs",[]
data scientist,Data Scientist,GARGI TECHNOLOGIES INC,"Texas City, Galveston County",146696.62,146696.62,IT Jobs,2026-09-22 20:53:26+00:00,"Data Scientist Location: Texas Employment Type: Full-time Experience: [2–5 years] Department: Data & Analytics Reports To: [Hiring Manager / Head of Data] About the Role We are looking for a talented and analytical Data Scientist to join our team. In this role, you will work with large and complex datasets to uncover actionable insights, build predictive models, and develop data-driven solutions that support business objectives. The ideal candidate combines strong statistical and machine-learni…",https://www.adzuna.com/land/ad/5894476117?se=kKhB4Ta78RGGQ9u1mQKVdw&utm_medium=api&utm_source=e45342b0&v=6B05A6AE6E5C499CB2EDAA7A3BA8A262F492B337,"Data Scientist Data Scientist Location: Texas Employment Type: Full-time Experience: [2–5 years] Department: Data & Analytics Reports To: [Hiring Manager / Head of Data] About the Role We are looking for a talented and analytical Data Scientist to join our team. In this role, you will work with large and complex datasets to uncover actionable insights, build predictive models, and develop data-driven solutions that support business objectives. The ideal candidate combines strong statistical and machine-learni… IT Jobs",[]
data scientist,Data Scientist,GARGI TECHNOLOGIES INC,"Fort Sam Houston, Bexar County",135964.55,135964.55,IT Jobs,2026-09-22 21:02:25+00:00,"Data Scientist Location: San Antonio, TX, USA Employment Type: Full-time Experience: [2–5 years] Department: Data & Analytics Reports To: [Hiring Manager / Head of Data] About the Role We are looking for a talented and analytical Data Scientist to join our team. In this role, you will work with large and complex datasets to uncover actionable insights, build predictive models, and develop data-driven solutions that support business objectives. The ideal candidate combines strong statistical and…",https://www.adzuna.com/land/ad/5894501100?se=kKhB4Ta78RGGQ9u1mQKVdw&utm_medium=api&utm_source=e45342b0&v=9A336CFF3C28D968DDA846BB9E0D86B9A28BC54E,"Data Scientist Data Scientist Location: San Antonio, TX, USA Employment Type: Full-time Experience: [2–5 years] Department: Data & Analytics Reports To: [Hiring Manager / Head of Data] About the Role We are looking for a talented and analytical Data Scientist to join our team. In this role, you will work with large and complex datasets to uncover actionable insights, build predictive models, and develop data-driven solutions that support business objectives. The ideal candidate combines strong statistical and… IT Jobs",[]
data scientist,Data scientist,GARGI TECHNOLOGIES INC,"Harahan, Jefferson Parish",136496.56,136496.56,IT Jobs,2026-09-22 21:02:24+00:00,"Data Scientist Location: New Orelans Skills Required: Python, SQL, Machine Learning, Deep Learning, Statistics, Probability, Data Analysis, Data Visualization, Pandas, NumPy, Scikit-learn, TensorFlow, PyTorch, Power BI, Tableau, Excel, NLP, Predictive Modeling, Feature Engineering, Model Evaluation, ETL, Git, AWS/Azure/Google Cloud Platform, Generative AI, Large Language Models (LLMs) Employment Type: Full-time Experience: [2–5 years] Department: Data & Analytics Reports To: [Hiring Manager / H…",https://www.adzuna.com/land/ad/5894501042?se=kKhB4Ta78RGGQ9u1mQKVdw&utm_medium=api&utm_source=e45342b0&v=AA220BE40B3ACB8C527527C1DEA5C27A17534D57,"Data scientist Data Scientist Location: New Orelans Skills Required: Python, SQL, Machine Learning, Deep Learning, Statistics, Probability, Data Analysis, Data Visualization, Pandas, NumPy, Scikit-learn, TensorFlow, PyTorch, Power BI, Tableau, Excel, NLP, Predictive Modeling, Feature Engineering, Model Evaluation, ETL, Git, AWS/Azure/Google Cloud Platform, Generative AI, Large Language Models (LLMs) Employment Type: Full-time Experience: [2–5 years] Department: Data & Analytics Reports To: [Hiring Manager / H… IT Jobs","['python', 'sql', 'excel', 'tableau', 'power bi', 'pandas', 'numpy', 'scikit-learn', 'tensorflow', 'pytorch', 'aws', 'azure', 'google cloud', 'machine learning', 'deep learning', 'statistics', 'data visualization', 'etl', 'nlp']"
data scientist,Data Scientist,iCUBE Solutions,US,104562.16,104562.16,IT Jobs,2026-09-23 15:04:42+00:00,"Hello, Hope you are doing great! If you are actively or passively searching for new opportunities, I would like to make you aware of the Data Scientist role . I will be happy to discuss what you may be looking for in your next role and what this position will offer your career. Job Title: Data Scientist Location: Remote (USA) Duration: 6-month contract Experience Required: 10 Years Job Overview We are looking for a skilled Data Scientist to join our team and support the broader data and analyti…",https://www.adzuna.com/land/ad/5895558743?se=kKhB4Ta78RGGQ9u1mQKVdw&utm_medium=api&utm_source=e45342b0&v=9F653C6F4AFF56E0637A646A86D00A55738F40B2,"Data Scientist Hello, Hope you are doing great! If you are actively or passively searching for new opportunities, I would like to make you aware of the Data Scientist role . I will be happy to discuss what you may be looking for in your next role and what this position will offer your career. Job Title: Data Scientist Location: Remote (USA) Duration: 6-month contract Experience Required: 10 Years Job Overview We are looking for a skilled Data Scientist to join our team and support the broader data and analyti… IT Jobs",[]
data scientist,Data Scientist,"Ardent Technologies, Inc.",US,92130.97,92130.97,IT Jobs,2026-09-24 16:58:21+00:00,"Ardent Technologies, Inc. is an accredited small business providing a full range of IT support services, cybersecurity services, staff augmentation, fiscal management, and administrative support. Headquarters in Dayton, OH, near Wright-Patterson Air Force Base, Ardent has served federal, state/local government, commercial, and higher education markets across the US since 2000. Our commitment to excellence, integrity, and client satisfaction drives our growth—and yours. Job Description · We are …",https://www.adzuna.com/land/ad/5897330059?se=kKhB4Ta78RGGQ9u1mQKVdw&utm_medium=api&utm_source=e45342b0&v=A6A21275285DFED56E557BAD5856E42476F52CAE,"Data Scientist Ardent Technologies, Inc. is an accredited small business providing a full range of IT support services, cybersecurity services, staff augmentation, fiscal management, and administrative support. Headquarters in Dayton, OH, near Wright-Patterson Air Force Base, Ardent has served federal, state/local government, commercial, and higher education markets across the US since 2000. Our commitment to excellence, integrity, and client satisfaction drives our growth—and yours. Job Description · We are … IT Jobs",[]
data scientist,data scientist,LiveMindz,"Johnston, Providence County",116126.07,116126.07,IT Jobs,2026-09-11 13:42:52+00:00,"Data Scientist with Python, ML, SQL & Large-Scale Data Analysis, Statistical Modeling & Predictive Analytics, PySpark / Apache Spark, Feature Engineering & Model Development, Machine Learning Classification, Regression, Clustering No sponsership",https://www.adzuna.com/land/ad/5880038829?se=kKhB4Ta78RGGQ9u1mQKVdw&utm_medium=api&utm_source=e45342b0&v=873BCBA6F678AB34B35DB20D81E92A9F81C00754,"data scientist Data Scientist with Python, ML, SQL & Large-Scale Data Analysis, Statistical Modeling & Predictive Analytics, PySpark / Apache Spark, Feature Engineering & Model Development, Machine Learning Classification, Regression, Clustering No sponsership IT Jobs","['python', 'sql', 'spark', 'machine learning']"
data scientist,Data Scientist,TalentBridge,"Phoenix, Maricopa County",113449.97,113449.97,IT Jobs,2026-09-02 16:10:54+00:00,"Data Scientist Position Summary The Data Scientist supports internal AI and analytics initiatives by applying data science, machine learning, statistical modeling, and programming expertise to solve business problems. This role focuses on developing, evaluating, and documenting analytical, machine learning, and AI-driven solutions while ensuring results are accurate, explainable, and aligned with business objectives. A successful candidate will possess a strong foundation in machine learning, s…",https://www.adzuna.com/land/ad/5867547271?se=kKhB4Ta78RGGQ9u1mQKVdw&utm_medium=api&utm_source=e45342b0&v=A62557B0233ADE54A856123823E339E9901E8599,"Data Scientist Data Scientist Position Summary The Data Scientist supports internal AI and analytics initiatives by applying data science, machine learning, statistical modeling, and programming expertise to solve business problems. This role focuses on developing, evaluating, and documenting analytical, machine learning, and AI-driven solutions while ensuring results are accurate, explainable, and aligned with business objectives. A successful candidate will possess a strong foundation in machine learning, s… IT Jobs",['machine learning']
data scientist,Data Scientist,FlairTech Solutions,US,114502.25,114502.25,IT Jobs,2026-09-22 12:38:29+00:00,"Role: Data Scientist Location: Remote Duration: Long Term Min Exp: 4 Years Required NOTE: Must have valid LinkedIn Strong exp in SQL and Python Programming Strong exp in Cloud Azure, Google Cloud Platform or AWS Must have strong exp in AIML, LLM",https://www.adzuna.com/land/ad/5894159258?se=kKhB4Ta78RGGQ9u1mQKVdw&utm_medium=api&utm_source=e45342b0&v=8CE47147EB497C72352D6FDA0E26DFFDCF6C4819,"Data Scientist Role: Data Scientist Location: Remote Duration: Long Term Min Exp: 4 Years Required NOTE: Must have valid LinkedIn Strong exp in SQL and Python Programming Strong exp in Cloud Azure, Google Cloud Platform or AWS Must have strong exp in AIML, LLM IT Jobs","['python', 'sql', 'aws', 'azure', 'google cloud']"
data scientist,Data Scientist,Nityo Infotech Corporation,"Santa Clara, Santa Clara County",245057.55,245057.55,Scientific & QA Jobs,2026-09-17 16:04:54+00:00,"Title: Lead AI Engineer / Data Scientist Focus area: GenAI, Agentic & Computer Vision Solutions Location: On-site (Santa Clara) About the Role We are looking for a Lead AI Engineer / Data Scientist: an AI-engineering-heavy practitioner who combines deep algorithmic and deep learning expertise with strong solutioning and customer-facing skills. This is a hybrid role: part senior AI engineer, part technical lead, and part trusted advisor to customers. You will design and build production AI syste…",https://www.adzuna.com/land/ad/5888159663?se=kKhB4Ta78RGGQ9u1mQKVdw&utm_medium=api&utm_source=e45342b0&v=8AA198C3B86E7EA2E3FE3882F30BA37E4B0EB928,"Data Scientist Title: Lead AI Engineer / Data Scientist Focus area: GenAI, Agentic & Computer Vision Solutions Location: On-site (Santa Clara) About the Role We are looking for a Lead AI Engineer / Data Scientist: an AI-engineering-heavy practitioner who combines deep algorithmic and deep learning expertise with strong solutioning and customer-facing skills. This is a hybrid role: part senior AI engineer, part technical lead, and part trusted advisor to customers. You will design and build production AI syste… Scientific & QA Jobs",['deep learning']
data scientist,Data Scientists,4 Consulting Inc,"Leesburg, Loudoun County",81883.53,81883.53,IT Jobs,2026-09-23 15:14:15+00:00,"Job Title: Data Scientists Location: Leesburg, VA Employer: 4Consulting, Inc Position Type: Full Time Worksite: Onsite Position Summary 4Consulting, Inc is seeking a qualified Data Scientists to support technology consulting, application development, systems analysis, testing, data management, cybersecurity, infrastructure, or project delivery services for client projects. The selected candidate will perform duties consistent with the client’s project requirements and company delivery standards…",https://www.adzuna.com/land/ad/5895567280?se=kKhB4Ta78RGGQ9u1mQKVdw&utm_medium=api&utm_source=e45342b0&v=994034DA7FE281AAE8F2E81569ACCB1D0C5B5AB1,"Data Scientists Job Title: Data Scientists Location: Leesburg, VA Employer: 4Consulting, Inc Position Type: Full Time Worksite: Onsite Position Summary 4Consulting, Inc is seeking a qualified Data Scientists to support technology consulting, application development, systems analysis, testing, data management, cybersecurity, infrastructure, or project delivery services for client projects. The selected candidate will perform duties consistent with the client’s project requirements and company delivery standards… IT Jobs",[]
data scientist,Data Scientist,Amtex Systems Inc.,"Highland Park, Dallas",98523.34,98523.34,IT Jobs,2026-09-16 15:58:56+00:00,"Amtex Systems Inc is an information technology and talent solutions company offering talent and BI consulting to the companies in US for over 25 years. Our solutions are designed to fill resource gaps, by providing the right candidates who deliver value to the organization. Our propensity to nurture and build strong relationships with our clients helps us better understand their business demands and gives us the ability to provide services that are on time and rise above the rest. Job Title: Da…",https://www.adzuna.com/land/ad/5886627587?se=kKhB4Ta78RGGQ9u1mQKVdw&utm_medium=api&utm_source=e45342b0&v=43635F58438C6FDC29CD5D2A50D96737FF374BFA,"Data Scientist Amtex Systems Inc is an information technology and talent solutions company offering talent and BI consulting to the companies in US for over 25 years. Our solutions are designed to fill resource gaps, by providing the right candidates who deliver value to the organization. Our propensity to nurture and build strong relationships with our clients helps us better understand their business demands and gives us the ability to provide services that are on time and rise above the rest. Job Title: Da… IT Jobs",[]
data scientist,Data Scientist,Robert Half,"Bala Cynwyd, Montgomery County",133370.23,133370.23,IT Jobs,2026-09-25 22:09:47+00:00,"Description We are looking for a Data Scientist to join a healthcare-focused technology team in Bala Cynwyd, Pennsylvania on a Long-term Contract basis. This position will support predictive analytics initiatives tied to state programs, quality oversight, compliance monitoring, and risk evaluation. The role is well suited for someone who can work comfortably across technical analysis, stakeholder communication, and team guidance while using modern Microsoft-based data tools. Responsibilities: B…",https://www.adzuna.com/land/ad/5899053529?se=kKhB4Ta78RGGQ9u1mQKVdw&utm_medium=api&utm_source=e45342b0&v=051167036C00BFA326F7C8A5FBDDAF10FE1CBD5E,"Data Scientist Description We are looking for a Data Scientist to join a healthcare-focused technology team in Bala Cynwyd, Pennsylvania on a Long-term Contract basis. This position will support predictive analytics initiatives tied to state programs, quality oversight, compliance monitoring, and risk evaluation. The role is well suited for someone who can work comfortably across technical analysis, stakeholder communication, and team guidance while using modern Microsoft-based data tools. Responsibilities: B… IT Jobs",['communication']
data scientist,Data Scientist,"York Solutions, LLC","Minnetonka Mills, Hennepin County",144845.22,144845.22,IT Jobs,2026-08-27 18:09:36+00:00,"Hybrid onsite Tuesday Wednesday and Thursday Data Scientist / Machine Learning Engineer Position Overview As a Data Scientist / Machine Learning Engineer on our AI Builder program, you will design, develop, and operationalize advanced analytics and machine learning solutions focused on anomaly detection, pattern recognition, predictive modeling, and intelligent monitoring across large, complex healthcare and operational datasets. You?ll identify meaningful patterns, emerging signals, and behavi…",https://www.adzuna.com/land/ad/5858856886?se=kKhB4Ta78RGGQ9u1mQKVdw&utm_medium=api&utm_source=e45342b0&v=E8F5295A573762C0BD46F28DAAA90DD1E8C7DDA8,"Data Scientist Hybrid onsite Tuesday Wednesday and Thursday Data Scientist / Machine Learning Engineer Position Overview As a Data Scientist / Machine Learning Engineer on our AI Builder program, you will design, develop, and operationalize advanced analytics and machine learning solutions focused on anomaly detection, pattern recognition, predictive modeling, and intelligent monitoring across large, complex healthcare and operational datasets. You?ll identify meaningful patterns, emerging signals, and behavi… IT Jobs",['machine learning']
data scientist,Data Scientist,Apex Systems,"Forest, Clayton County",96948.25,96948.25,IT Jobs,2026-09-11 19:59:22+00:00,"Job: 3051690 Job Description: Senior Data Scientist Position Summary We are seeking an experienced Senior Data Scientist to join our team and drive data-driven innovation across the organization. This role is responsible for leveraging advanced analytics, machine learning, and predictive modeling techniques to solve complex business challenges and influence strategic decision-making. The ideal candidate has a strong technical foundation, proven leadership experience, and a passion for transform…",https://www.adzuna.com/land/ad/5880284101?se=kKhB4Ta78RGGQ9u1mQKVdw&utm_medium=api&utm_source=e45342b0&v=E8613A36BA11F56D32EE4074C8E54FEEDC7916D7,"Data Scientist Job: 3051690 Job Description: Senior Data Scientist Position Summary We are seeking an experienced Senior Data Scientist to join our team and drive data-driven innovation across the organization. This role is responsible for leveraging advanced analytics, machine learning, and predictive modeling techniques to solve complex business challenges and influence strategic decision-making. The ideal candidate has a strong technical foundation, proven leadership experience, and a passion for transform… IT Jobs",['machine learning']
data scientist,Data Scientist,Apex Systems,"Greenwood Village, Arapahoe County",93518.02,93518.02,IT Jobs,2026-09-26 18:18:12+00:00,"Job: 3052766 Job Description: Data Scientist Location: Greenwood Village, Colorado (On-site) Role Overview A data science team is responsible for developing analytics solutions for product owners. As part of this team, the Data Scientist will play a pivotal role in aggregating and visualizing ML model results, conducting ad hoc analyses, and creating new ML models and pipelines. This role requires a self-starter who can drive new projects forward from ideation to model development to delivery, …",https://www.adzuna.com/land/ad/5900003531?se=kKhB4Ta78RGGQ9u1mQKVdw&utm_medium=api&utm_source=e45342b0&v=BD54A510FCE56044307D364CB448327C2C91F7E9,"Data Scientist Job: 3052766 Job Description: Data Scientist Location: Greenwood Village, Colorado (On-site) Role Overview A data science team is responsible for developing analytics solutions for product owners. As part of this team, the Data Scientist will play a pivotal role in aggregating and visualizing ML model results, conducting ad hoc analyses, and creating new ML models and pipelines. This role requires a self-starter who can drive new projects forward from ideation to model development to delivery, … IT Jobs",[]
data scientist,Data Scientist,Apex Systems,"Cupertino, Santa Clara County",124558.72,124558.72,IT Jobs,2026-09-16 08:17:40+00:00,"Job: 3052098 Job Description: Data Scientist Location: Sunnyvale, California (Remote) Role Overview Our organization is accelerating the adoption of mature advertising technology capabilities across multiple business units and international markets. We are seeking experienced Data Scientists to customize, operationalize, and scale existing solutions across new business domains. This role will focus on adapting machine learning solutions, understanding model behavior, optimizing performance for …",https://www.adzuna.com/land/ad/5886130851?se=kKhB4Ta78RGGQ9u1mQKVdw&utm_medium=api&utm_source=e45342b0&v=1B5327426DC09FA7C5B5C875E803791B03E64EF7,"Data Scientist Job: 3052098 Job Description: Data Scientist Location: Sunnyvale, California (Remote) Role Overview Our organization is accelerating the adoption of mature advertising technology capabilities across multiple business units and international markets. We are seeking experienced Data Scientists to customize, operationalize, and scale existing solutions across new business domains. This role will focus on adapting machine learning solutions, understanding model behavior, optimizing performance for … IT Jobs",['machine learning']
data scientist,Data Scientist,Kani Solutions,"Chillicothe, Peoria County",175084.62,175084.62,IT Jobs,2026-09-17 12:26:10+00:00,"Job Title: Data Scientist Location: Irving, TX (Onsite) Hire Type: Contract (12 months) Work Timings: 7:00 am – 4:30 pm CDT JOB DETAILS Education: Bachelor's degree in AI, Data Science, Computer Science or any other relevant field (required) Master's or PhD also acceptable. Experience: 5–7 years of professional experience 2 years of experience applying Python (NumPy, SciPy, pandas, etc.) to solve business challenges Experience with cloud technologies (AWS, Azure, Google Cloud, etc.) Top 3 Criti…",https://www.adzuna.com/land/ad/5887965324?se=kKhB4Ta78RGGQ9u1mQKVdw&utm_medium=api&utm_source=e45342b0&v=468D6EB3E8AD596267093A2CC162FEE8CD4B953F,"Data Scientist Job Title: Data Scientist Location: Irving, TX (Onsite) Hire Type: Contract (12 months) Work Timings: 7:00 am – 4:30 pm CDT JOB DETAILS Education: Bachelor's degree in AI, Data Science, Computer Science or any other relevant field (required) Master's or PhD also acceptable. Experience: 5–7 years of professional experience 2 years of experience applying Python (NumPy, SciPy, pandas, etc.) to solve business challenges Experience with cloud technologies (AWS, Azure, Google Cloud, etc.) Top 3 Criti… IT Jobs","['python', 'pandas', 'numpy', 'aws', 'azure', 'google cloud']"
data scientist,Data Scientist,Robert Half,"Jacksonville, Duval County",147749.08,147749.08,Consultancy Jobs,2026-09-10 21:56:53+00:00,"Description We are looking for a Data Scientist to join our team in Jacksonville, Florida, and deliver advanced analytics solutions that support decision-making in a financial services environment. In this role, you will transform complex data into scalable models, actionable insights, and clear visual narratives for business and technical partners. The ideal candidate brings strong experience across machine learning, big data platforms, and model deployment, along with the ability to turn expl…",https://www.adzuna.com/land/ad/5879126889?se=kKhB4Ta78RGGQ9u1mQKVdw&utm_medium=api&utm_source=e45342b0&v=D5CCD671F2E3859FB9D00C1A0D14159FFDBF0316,"Data Scientist Description We are looking for a Data Scientist to join our team in Jacksonville, Florida, and deliver advanced analytics solutions that support decision-making in a financial services environment. In this role, you will transform complex data into scalable models, actionable insights, and clear visual narratives for business and technical partners. The ideal candidate brings strong experience across machine learning, big data platforms, and model deployment, along with the ability to turn expl… Consultancy Jobs",['machine learning']
data scientist,Data Scientist,"Unissant, Inc.","Ashburn, Loudoun County",88733.82,88733.82,IT Jobs,2026-09-16 14:00:57+00:00,"Unissant, Inc. delivers innovative capabilities to the agencies that keep our nation healthy and safe. We apply our domain expertise, data acumen, and technology know-how to achieve breakthrough results for our clients. Working collaboratively, we advance missions and careers through a focus on honesty, integrity, and dependability. We continuously look for talent, excited to join that effort. To learn more about our exciting organization, please visit us at . We are seeking a Data Scientist to…",https://www.adzuna.com/land/ad/5886569483?se=kKhB4Ta78RGGQ9u1mQKVdw&utm_medium=api&utm_source=e45342b0&v=66FBCA425C036EE75D0A52A47D2E653DAED400BA,"Data Scientist Unissant, Inc. delivers innovative capabilities to the agencies that keep our nation healthy and safe. We apply our domain expertise, data acumen, and technology know-how to achieve breakthrough results for our clients. Working collaboratively, we advance missions and careers through a focus on honesty, integrity, and dependability. We continuously look for talent, excited to join that effort. To learn more about our exciting organization, please visit us at . We are seeking a Data Scientist to… IT Jobs",[]
data scientist,Data Scientist,Apex Systems,"Greenwood Village, Arapahoe County",113395.56,113395.56,IT Jobs,2026-09-26 18:14:52+00:00,"Job: 3052874 Job Description: Data Scientist Location: Greenwood Village, Colorado (On-site) Role Overview This role involves building and evaluating the AI agents that consume anomaly detection model outputs and data from the data lake to perform automated investigation, diagnosis, and remediation for Network Engineers and the Network Security Operations Center. This position spans the full agent lifecycle: designing and building agents programmatically, integrating them with data sources and …",https://www.adzuna.com/land/ad/5900003334?se=kKhB4Ta78RGGQ9u1mQKVdw&utm_medium=api&utm_source=e45342b0&v=F3DE87E9B58187DF50DE7F7DDA3B5418EDC144F4,"Data Scientist Job: 3052874 Job Description: Data Scientist Location: Greenwood Village, Colorado (On-site) Role Overview This role involves building and evaluating the AI agents that consume anomaly detection model outputs and data from the data lake to perform automated investigation, diagnosis, and remediation for Network Engineers and the Network Security Operations Center. This position spans the full agent lifecycle: designing and building agents programmatically, integrating them with data sources and … IT Jobs",[]
data scientist,Data Scientist,Newt Global,"Irving, Dallas",94686.28,94686.28,IT Jobs,2026-09-25 16:47:32+00:00,Strong Data Structures Any Language Code Comprehension Python or Java Ability to do hands on coding in the interview realtime for given scenario with right solution approach Proficient in Data manipulation and cleansing preprocess large datasets handle missing values perform feature engineering ensure data integrity AIML Strong NLP Deep Learning Concepts with transformer architecture understanding LLM fine tuning exposure on one or few leading LLM like Dolly Llama2 or any other Experience in de…,https://www.adzuna.com/land/ad/5898702233?se=kKhB4Ta78RGGQ9u1mQKVdw&utm_medium=api&utm_source=e45342b0&v=12F117D4255A0168A36237B024D5ED488F0B152E,Data Scientist Strong Data Structures Any Language Code Comprehension Python or Java Ability to do hands on coding in the interview realtime for given scenario with right solution approach Proficient in Data manipulation and cleansing preprocess large datasets handle missing values perform feature engineering ensure data integrity AIML Strong NLP Deep Learning Concepts with transformer architecture understanding LLM fine tuning exposure on one or few leading LLM like Dolly Llama2 or any other Experience in de… IT Jobs,"['python', 'java', 'deep learning', 'nlp']"
data scientist,Data Scientist,"Datum Software, Inc.","Charlotte, Mecklenburg County",146243.48,146243.48,IT Jobs,2026-09-16 20:41:13+00:00,JOB DESCRIPTION: Key Responsibilities Design and implement endtoend machine learning ML pipelines using services such as Amazon SageMaker AWS Glue AWS Lambda and Amazon S3 Perform data collection cleaning and feature engineering to prepare datasets for modelling Develop predictive models and statistical analyses using Python R or similar tools Deploy monitor and optimize ML models in production environments using AWS ML Ops best practices Collaborate with data engineers to design ETL pipelines …,https://www.adzuna.com/land/ad/5886848665?se=kKhB4Ta78RGGQ9u1mQKVdw&utm_medium=api&utm_source=e45342b0&v=18675A5E5E5005BEFEEBABB7126048E553A72E5C,Data Scientist JOB DESCRIPTION: Key Responsibilities Design and implement endtoend machine learning ML pipelines using services such as Amazon SageMaker AWS Glue AWS Lambda and Amazon S3 Perform data collection cleaning and feature engineering to prepare datasets for modelling Develop predictive models and statistical analyses using Python R or similar tools Deploy monitor and optimize ML models in production environments using AWS ML Ops best practices Collaborate with data engineers to design ETL pipelines … IT Jobs,"['python', 'r', 'aws', 'machine learning', 'etl']"
data scientist,Lead Data Scientist,LexisNexis,"Raleigh, Smith County",164090.44,164090.44,IT Jobs,2026-07-06 11:33:19+00:00,"hackajob is collaborating with LexisNexis to connect them with exceptional professionals for this role. About Us : LexisNexis, a part of RELX, is a leading global provider of legal, regulatory, and business information. We help customers increase productivity and improve decision-making and outcomes. Our 10,500 experts and innovative tools help us shape a better world for our customers and communities. About the Role : Are you looking to develop your Data Scientist career? Do you enjoy coaching…",https://www.adzuna.com/land/ad/5789986069?se=kKhB4Ta78RGGQ9u1mQKVdw&utm_medium=api&utm_source=e45342b0&v=F22439E3495F86E1B7EF099DAA5CADD187385603,"Lead Data Scientist hackajob is collaborating with LexisNexis to connect them with exceptional professionals for this role. About Us : LexisNexis, a part of RELX, is a leading global provider of legal, regulatory, and business information. We help customers increase productivity and improve decision-making and outcomes. Our 10,500 experts and innovative tools help us shape a better world for our customers and communities. About the Role : Are you looking to develop your Data Scientist career? Do you enjoy coaching… IT Jobs",[]
data scientist,"Data Scientist, Specialist",Vanguard,"Frazer, Chester County",146858.16,146858.16,IT Jobs,2026-09-01 20:02:32+00:00,"hackajob is collaborating with Vanguard to connect them with exceptional professionals for this role. As a Senior Data Scientist, you will lead the development of the next generation AI/ML solutions for Vanguard Workplace Solutions. Leveraging state-of-the-art AI capabilities in machine learning, advanced analytics and generative AI, you will design and build innovative solutions to enhance efficiency, improve client experience and drive impactful strategies. You will explore emerging AI method…",https://www.adzuna.com/land/ad/5865858211?se=kKhB4Ta78RGGQ9u1mQKVdw&utm_medium=api&utm_source=e45342b0&v=3690C033D511001AF1B2AD4259B81EB0A4908230,"Data Scientist, Specialist hackajob is collaborating with Vanguard to connect them with exceptional professionals for this role. As a Senior Data Scientist, you will lead the development of the next generation AI/ML solutions for Vanguard Workplace Solutions. Leveraging state-of-the-art AI capabilities in machine learning, advanced analytics and generative AI, you will design and build innovative solutions to enhance efficiency, improve client experience and drive impactful strategies. You will explore emerging AI method… IT Jobs",['machine learning']
data scientist,Senior Data Scientist,Bet365,"Denver, Colorado",211329.78,211329.78,IT Jobs,2026-09-15 07:45:51+00:00,"hackajob is collaborating with Bet365 to connect them with exceptional professionals for this role. As a Senior Data Scientist, you will accelerate our end-to-end machine learning lifecycle, building on our strong data science foundation to scale impact and automate business decisions. The data science team is at the forefront of driving business decisions; we are now scaling our impact with a focus on automation and advanced MLOps practices on Google Cloud. This is a key technical leadership r…",https://www.adzuna.com/land/ad/5884583116?se=kKhB4Ta78RGGQ9u1mQKVdw&utm_medium=api&utm_source=e45342b0&v=47626EB7711F85CE992E0FED6FEDB9AF57042AB4,"Senior Data Scientist hackajob is collaborating with Bet365 to connect them with exceptional professionals for this role. As a Senior Data Scientist, you will accelerate our end-to-end machine learning lifecycle, building on our strong data science foundation to scale impact and automate business decisions. The data science team is at the forefront of driving business decisions; we are now scaling our impact with a focus on automation and advanced MLOps practices on Google Cloud. This is a key technical leadership r… IT Jobs","['r', 'google cloud', 'machine learning']"
data scientist,"Data Scientist, Specialist",Vanguard,"Charlotte, Clinton County",120495.94,120495.94,IT Jobs,2026-09-26 10:57:07+00:00,"hackajob is collaborating with Vanguard to connect them with exceptional professionals for this role. Leads and executes deep dive diagnostic, predictive, and prescriptive analytics to support data-driven business decision making. Mentors and develops junior data scientists and analysts. Core Responsibilities Leads the execution of large scale, more complex analytics projects. Applies significant quality control and risk assessment of the model, methodologies, outputs, and processes for major d…",https://www.adzuna.com/land/ad/5899778894?se=kKhB4Ta78RGGQ9u1mQKVdw&utm_medium=api&utm_source=e45342b0&v=126DA921F49BF7E2E4AD17A91376C7752701C85F,"Data Scientist, Specialist hackajob is collaborating with Vanguard to connect them with exceptional professionals for this role. Leads and executes deep dive diagnostic, predictive, and prescriptive analytics to support data-driven business decision making. Mentors and develops junior data scientists and analysts. Core Responsibilities Leads the execution of large scale, more complex analytics projects. Applies significant quality control and risk assessment of the model, methodologies, outputs, and processes for major d… IT Jobs",[]
data scientist,Principal Data Scientist,Vanguard,"Charlotte, Clinton County",159570.45,159570.45,IT Jobs,2026-09-26 10:56:43+00:00,"hackajob is collaborating with Vanguard to connect them with exceptional professionals for this role. Leads and executes deep dive diagnostic, predictive, and prescriptive analytics to support data-driven business decision making. Creates alternative model approaches to assess complex model design and advance future capabilities. Mentors and develops junior data scientists and analysts. Core Responsibilities Leads the execution of large scale, more complex analytics projects. Applies significan…",https://www.adzuna.com/land/ad/5899778692?se=kKhB4Ta78RGGQ9u1mQKVdw&utm_medium=api&utm_source=e45342b0&v=DCA3DA2417694DD12DECE441E14B07EC5822326C,"Principal Data Scientist hackajob is collaborating with Vanguard to connect them with exceptional professionals for this role. Leads and executes deep dive diagnostic, predictive, and prescriptive analytics to support data-driven business decision making. Creates alternative model approaches to assess complex model design and advance future capabilities. Mentors and develops junior data scientists and analysts. Core Responsibilities Leads the execution of large scale, more complex analytics projects. Applies significan… IT Jobs",[]
data scientist,"Data Scientist, Specialist",Vanguard,"Frazer, Chester County",118694.48,118694.48,IT Jobs,2026-08-13 07:06:41+00:00,"hackajob is collaborating with Vanguard to connect them with exceptional professionals for this role. Leads and executes deep dive diagnostic, predictive, and prescriptive analytics to support data-driven business decision making. Mentors and develops junior data scientists and analysts. Core Responsibilities 1. Develops complex queries and performs extensive programming to access, transform, and prepare data for statistical modeling. 2. Leads and executes deep dive diagnostic, predictive, and …",https://www.adzuna.com/land/ad/5840230643?se=Xqi54Ta78RGGQ9u1mQKVdw&utm_medium=api&utm_source=e45342b0&v=84E8EF10A7EA99D0231BABD726B9912F7ED7E7BB,"Data Scientist, Specialist hackajob is collaborating with Vanguard to connect them with exceptional professionals for this role. Leads and executes deep dive diagnostic, predictive, and prescriptive analytics to support data-driven business decision making. Mentors and develops junior data scientists and analysts. Core Responsibilities 1. Develops complex queries and performs extensive programming to access, transform, and prepare data for statistical modeling. 2. Leads and executes deep dive diagnostic, predictive, and … IT Jobs",[]
data scientist,"Data Scientist, Specialist",Vanguard,"Dallas, Texas",130819.06,130819.06,IT Jobs,2026-09-05 07:25:27+00:00,"hackajob is collaborating with Vanguard to connect them with exceptional professionals for this role. Vanguard is one of the world's largest and most respected investment management companies, known for its client-centric approach, low-cost investment products, and commitment to long-term, data-driven investment strategies. Our Center for Analytics and Insights (CAI) team is actively working on advancing AI innovation and building AI driven products for our business lines. The team aims to ulti…",https://www.adzuna.com/land/ad/5871901494?se=Xqi54Ta78RGGQ9u1mQKVdw&utm_medium=api&utm_source=e45342b0&v=BDE6BEE7AAFB8E2C8E624CA45249FC7BC196E051,"Data Scientist, Specialist hackajob is collaborating with Vanguard to connect them with exceptional professionals for this role. Vanguard is one of the world's largest and most respected investment management companies, known for its client-centric approach, low-cost investment products, and commitment to long-term, data-driven investment strategies. Our Center for Analytics and Insights (CAI) team is actively working on advancing AI innovation and building AI driven products for our business lines. The team aims to ulti… IT Jobs",[]
data scientist,Senior Data Scientist,MANTECH,"Springfield, Effingham County",121887.36,121887.36,IT Jobs,2026-09-02 07:52:40+00:00,"hackajob is collaborating with MANTECH to connect them with exceptional professionals for this role. MANTECH seeks a motivated, career and customer-oriented Senior Data Scientist to join our team in Springfield, VA . This is a full-time onsite position. Responsibilities include but are not limited to: Assist in the creation of the necessary data pipelines to store and process data related to emergent sensors and platforms. This includes creation of any database tables and schemas, establishing …",https://www.adzuna.com/land/ad/5867068458?se=Xqi54Ta78RGGQ9u1mQKVdw&utm_medium=api&utm_source=e45342b0&v=49CB6C1292C4904CCE8162E4B657510848F12112,"Senior Data Scientist hackajob is collaborating with MANTECH to connect them with exceptional professionals for this role. MANTECH seeks a motivated, career and customer-oriented Senior Data Scientist to join our team in Springfield, VA . This is a full-time onsite position. Responsibilities include but are not limited to: Assist in the creation of the necessary data pipelines to store and process data related to emergent sensors and platforms. This includes creation of any database tables and schemas, establishing … IT Jobs",[]
data scientist,Senior Data Scientist,MANTECH,"Springfield, Effingham County",109358.37,109358.37,IT Jobs,2026-09-16 22:30:00+00:00,"hackajob is collaborating with MANTECH to connect them with exceptional professionals for this role. MANTECH seeks a motivated, career and customer-oriented Senior Data Scientist to join our team in Springfield, VA . This is a full-time onsite position. This position requires experience with databases, cloud architectures, and compliance with data standards. This position is responsible for maintaining data backend workflows that allow for data operations across security domains and across syst…",https://www.adzuna.com/land/ad/5887016380?se=Xqi54Ta78RGGQ9u1mQKVdw&utm_medium=api&utm_source=e45342b0&v=87F67FE1D99F889BEA71D1F3E77038009AE52212,"Senior Data Scientist hackajob is collaborating with MANTECH to connect them with exceptional professionals for this role. MANTECH seeks a motivated, career and customer-oriented Senior Data Scientist to join our team in Springfield, VA . This is a full-time onsite position. This position requires experience with databases, cloud architectures, and compliance with data standards. This position is responsible for maintaining data backend workflows that allow for data operations across security domains and across syst… IT Jobs",[]
data scientist,"Data Scientist, Specialist",Vanguard,"Dallas, Texas",111802.78,111802.78,IT Jobs,2026-09-10 07:37:28+00:00,"hackajob is collaborating with Vanguard to connect them with exceptional professionals for this role. Job Description Summary Leads the design, development, validation, and continuous improvement of Vanguard's proprietary AI-powered human simulation capability. This emerging technology models client behaviors, preferences, decision-making, and responses. The system combines advanced data science, behavioral science, marketing analytics, and generative AI techniques to build trusted digital repr…",https://www.adzuna.com/land/ad/5878384173?se=Xqi54Ta78RGGQ9u1mQKVdw&utm_medium=api&utm_source=e45342b0&v=E2879C4014FE459473D4E0135581634DCDFF7FAE,"Data Scientist, Specialist hackajob is collaborating with Vanguard to connect them with exceptional professionals for this role. Job Description Summary Leads the design, development, validation, and continuous improvement of Vanguard's proprietary AI-powered human simulation capability. This emerging technology models client behaviors, preferences, decision-making, and responses. The system combines advanced data science, behavioral science, marketing analytics, and generative AI techniques to build trusted digital repr… IT Jobs",[]
data scientist,Lead Data Scientist,Transunion,"Chicago, Cook County",126849.45,126849.45,Accounting & Finance Jobs,2026-08-29 07:46:50+00:00,"hackajob is collaborating with TransUnion to connect them with exceptional professionals for this role. TransUnion's Job Applicant Privacy Notice Personal Information We Collect Your Privacy Choices Team Overview This role reports into a Director of Data Science & Analytics. The Financial Services Analytics team is an industry recognized, client-facing department that rewards an entrepreneurial spirit. We have deep technical expertise and an established reputation as an analytic solutions provi…",https://www.adzuna.com/land/ad/5861047743?se=Xqi54Ta78RGGQ9u1mQKVdw&utm_medium=api&utm_source=e45342b0&v=BC4F702E2189F8B5BBE1203C1BAFBC9431E1676A,"Lead Data Scientist hackajob is collaborating with TransUnion to connect them with exceptional professionals for this role. TransUnion's Job Applicant Privacy Notice Personal Information We Collect Your Privacy Choices Team Overview This role reports into a Director of Data Science & Analytics. The Financial Services Analytics team is an industry recognized, client-facing department that rewards an entrepreneurial spirit. We have deep technical expertise and an established reputation as an analytic solutions provi… Accounting & Finance Jobs",[]
data scientist,Principal Data Scientist,Transunion,"Chicago, Cook County",160266.05,160266.05,Consultancy Jobs,2026-08-19 19:21:08+00:00,"hackajob is collaborating with TransUnion to connect them with exceptional professionals for this role. TransUnion's Job Applicant Privacy Notice Personal Information We Collect Your Privacy Choices Team Overview This role reports into a Senior Manager of Data Science & Analytics, joining the Financial Services Consulting team. The Financial Services Consulting team at TransUnion is an industry recognized, client-facing department that rewards an entrepreneurial spirit. We have deep technical e…",https://www.adzuna.com/land/ad/5848964540?se=Xqi54Ta78RGGQ9u1mQKVdw&utm_medium=api&utm_source=e45342b0&v=DFD0D70282D65F9CAD87F9DE981EB19962764176,"Principal Data Scientist hackajob is collaborating with TransUnion to connect them with exceptional professionals for this role. TransUnion's Job Applicant Privacy Notice Personal Information We Collect Your Privacy Choices Team Overview This role reports into a Senior Manager of Data Science & Analytics, joining the Financial Services Consulting team. The Financial Services Consulting team at TransUnion is an industry recognized, client-facing department that rewards an entrepreneurial spirit. We have deep technical e… Consultancy Jobs",[]
data scientist,Staff Data Scientist,Stord,US,144468.31,144468.31,IT Jobs,2026-09-08 19:48:26+00:00,"hackajob is collaborating with Stord to connect them with exceptional professionals for this role. Stord is The Consumer Experience Company, powering seamless checkout through delivery for today's leading brands. Stord is rapidly growing and is on track to double our revenue in the next 18 months. To meet and exceed this target, Stord is strategically scaling teams across the entire company, and seeking energetic experts to help us achieve our mission. By combining comprehensive commerce-enable…",https://www.adzuna.com/land/ad/5876206809?se=Xqi54Ta78RGGQ9u1mQKVdw&utm_medium=api&utm_source=e45342b0&v=6158B756594FF8A9F57AACD1998FA65A9F2FD99A,"Staff Data Scientist hackajob is collaborating with Stord to connect them with exceptional professionals for this role. Stord is The Consumer Experience Company, powering seamless checkout through delivery for today's leading brands. Stord is rapidly growing and is on track to double our revenue in the next 18 months. To meet and exceed this target, Stord is strategically scaling teams across the entire company, and seeking energetic experts to help us achieve our mission. By combining comprehensive commerce-enable… IT Jobs",[]
data scientist,Senior Data Scientist,MANTECH,"Springfield, Effingham County",146846.95,146846.95,IT Jobs,2026-09-02 07:52:40+00:00,"hackajob is collaborating with MANTECH to connect them with exceptional professionals for this role. MANTECH seeks a motivated, career and customer-oriented Senior Data Scientist to join our team in Springfield, VA. This role is 100% on-site. The Senior Data Scientist leads the integration and application of advanced data analytics to solve complex business challenges and enhance mission security. The contractor will serve as a subject matter expert (SME), responsible for the entire lifecycle o…",https://www.adzuna.com/land/ad/5867068430?se=Xqi54Ta78RGGQ9u1mQKVdw&utm_medium=api&utm_source=e45342b0&v=DE8321E1B7B3256B19BAE25AB5BB94354FA6D02D,"Senior Data Scientist hackajob is collaborating with MANTECH to connect them with exceptional professionals for this role. MANTECH seeks a motivated, career and customer-oriented Senior Data Scientist to join our team in Springfield, VA. This role is 100% on-site. The Senior Data Scientist leads the integration and application of advanced data analytics to solve complex business challenges and enhance mission security. The contractor will serve as a subject matter expert (SME), responsible for the entire lifecycle o… IT Jobs",[]
data scientist,Senior Data Scientist,MANTECH,"Springfield, Effingham County",119884.66,119884.66,IT Jobs,2026-09-17 22:32:54+00:00,"hackajob is collaborating with MANTECH to connect them with exceptional professionals for this role. MANTECH seeks a motivated, career and customer-oriented Senior Data Scientist to join our team in Springfield, VA. The Data Scientist shall perform data analysis via statistical and quantitative methods, develop visualizations to support decision making, and develop software to enable thorough monitoring and management of data pipeline tasks. Responsibilities include but are not limited to: Inte…",https://www.adzuna.com/land/ad/5888578581?se=Xqi54Ta78RGGQ9u1mQKVdw&utm_medium=api&utm_source=e45342b0&v=9F732D342D7ADD8D561C6F422D7843C490ABD301,"Senior Data Scientist hackajob is collaborating with MANTECH to connect them with exceptional professionals for this role. MANTECH seeks a motivated, career and customer-oriented Senior Data Scientist to join our team in Springfield, VA. The Data Scientist shall perform data analysis via statistical and quantitative methods, develop visualizations to support decision making, and develop software to enable thorough monitoring and management of data pipeline tasks. Responsibilities include but are not limited to: Inte… IT Jobs",[]
data scientist,Senior Data Scientist,Leidos,"Edwardsville, Madison County",145000.0,195000.0,IT Jobs,2026-09-21 18:44:43+00:00,"Leidos seeks a Data Scientist SME to develop advanced analytics and machine learning solutions for high-impact national security, health, and engineering missions. In this role, you will design and deploy models on complex, large-scale datasets, collaborate with cross-functional teams, and translate mission needs into robust, data-driven solutions. You will present insights to technical and non-technical stakeholders, ensure compliance in secure environments, and mentor junior team members, all…",https://www.adzuna.com/land/ad/5893240765?se=Xqi54Ta78RGGQ9u1mQKVdw&utm_medium=api&utm_source=e45342b0&v=7FFFD47621A3BC951C923447EF1338534B502DB1,"Senior Data Scientist Leidos seeks a Data Scientist SME to develop advanced analytics and machine learning solutions for high-impact national security, health, and engineering missions. In this role, you will design and deploy models on complex, large-scale datasets, collaborate with cross-functional teams, and translate mission needs into robust, data-driven solutions. You will present insights to technical and non-technical stakeholders, ensure compliance in secure environments, and mentor junior team members, all… IT Jobs",['machine learning']
data scientist,Senior Data Scientist,Leidos,"Venice, Madison County",155000.0,205000.0,IT Jobs,2026-09-21 18:48:54+00:00,"Leidos seeks a Data Scientist SME to lead design and delivery of advanced analytics and ML solutions supporting national security, health, and engineering missions. In this role, you will work with large, complex datasets to build models, develop features, and deliver production-grade solutions in partnership with engineers and mission stakeholders. You will guide data strategy, mentor junior staff, and communicate insights to technical and non-technical audiences in a collaborative, mission-dr…",https://www.adzuna.com/land/ad/5893246382?se=Xqi54Ta78RGGQ9u1mQKVdw&utm_medium=api&utm_source=e45342b0&v=C9F61C9381F54EA686D11CCA64DABBE62A811BBF,"Senior Data Scientist Leidos seeks a Data Scientist SME to lead design and delivery of advanced analytics and ML solutions supporting national security, health, and engineering missions. In this role, you will work with large, complex datasets to build models, develop features, and deliver production-grade solutions in partnership with engineers and mission stakeholders. You will guide data strategy, mentor junior staff, and communicate insights to technical and non-technical audiences in a collaborative, mission-dr… IT Jobs",[]
data scientist,Senior Data Scientist,Leidos,"South Riding, Loudoun County",150000.0,200000.0,IT Jobs,2026-09-21 18:03:02+00:00,"Leidos is seeking a Data Scientist SME to design and deploy advanced analytics and machine learning solutions for mission-critical programs in national security, health, and engineering. You will work with large, complex datasets, build predictive and prescriptive models, and partner closely with engineers and mission stakeholders to translate requirements into impactful data products. In a highly collaborative, mission-driven culture, you’ll apply modern MLOps, cloud, and visualization tools w…",https://www.adzuna.com/land/ad/5893177910?se=Xqi54Ta78RGGQ9u1mQKVdw&utm_medium=api&utm_source=e45342b0&v=6C11BD8C9EBA5AE61D706551EC5797B852A3C269,"Senior Data Scientist Leidos is seeking a Data Scientist SME to design and deploy advanced analytics and machine learning solutions for mission-critical programs in national security, health, and engineering. You will work with large, complex datasets, build predictive and prescriptive models, and partner closely with engineers and mission stakeholders to translate requirements into impactful data products. In a highly collaborative, mission-driven culture, you’ll apply modern MLOps, cloud, and visualization tools w… IT Jobs",['machine learning']
data scientist,Senior Data Scientist,Leidos,"Ballwin, Saint Louis County",150000.0,200000.0,IT Jobs,2026-09-21 17:56:19+00:00,"Leidos is seeking a Data Scientist SME to design and deploy advanced analytics and machine learning solutions for mission-critical programs in national security, health, and engineering. You will work with large, complex datasets, build predictive and prescriptive models, and partner closely with engineers and mission stakeholders to translate requirements into impactful data products. In a highly collaborative, mission-driven culture, you’ll apply modern MLOps, cloud, and visualization tools w…",https://www.adzuna.com/land/ad/5893174884?se=Xqi54Ta78RGGQ9u1mQKVdw&utm_medium=api&utm_source=e45342b0&v=247D592EB43919EDA63A04A50A5649719C01B3AA,"Senior Data Scientist Leidos is seeking a Data Scientist SME to design and deploy advanced analytics and machine learning solutions for mission-critical programs in national security, health, and engineering. You will work with large, complex datasets, build predictive and prescriptive models, and partner closely with engineers and mission stakeholders to translate requirements into impactful data products. In a highly collaborative, mission-driven culture, you’ll apply modern MLOps, cloud, and visualization tools w… IT Jobs",['machine learning']
data scientist,Senior Data Scientist,Leidos,"Coronado, Pima County",150000.0,200000.0,IT Jobs,2026-09-21 17:57:46+00:00,"Leidos is seeking a Data Scientist SME to design and deploy advanced analytics and machine learning solutions for mission-critical programs in national security, health, and engineering. You will work with large, complex datasets, build predictive and prescriptive models, and partner closely with engineers and mission stakeholders to translate requirements into impactful data products. In a highly collaborative, mission-driven culture, you’ll apply modern MLOps, cloud, and visualization tools w…",https://www.adzuna.com/land/ad/5893175581?se=Xqi54Ta78RGGQ9u1mQKVdw&utm_medium=api&utm_source=e45342b0&v=0AD132E415050E70FE944EA93E0DEEA9E15B8908,"Senior Data Scientist Leidos is seeking a Data Scientist SME to design and deploy advanced analytics and machine learning solutions for mission-critical programs in national security, health, and engineering. You will work with large, complex datasets, build predictive and prescriptive models, and partner closely with engineers and mission stakeholders to translate requirements into impactful data products. In a highly collaborative, mission-driven culture, you’ll apply modern MLOps, cloud, and visualization tools w… IT Jobs",['machine learning']
data scientist,Senior Data Scientist,Leidos,"Maryville, Madison County",150000.0,200000.0,IT Jobs,2026-09-21 17:58:11+00:00,"Leidos is seeking a Data Scientist SME to design and deploy advanced analytics and machine learning solutions for mission-critical programs in national security, health, and engineering. You will work with large, complex datasets, build predictive and prescriptive models, and partner closely with engineers and mission stakeholders to translate requirements into impactful data products. In a highly collaborative, mission-driven culture, you’ll apply modern MLOps, cloud, and visualization tools w…",https://www.adzuna.com/land/ad/5893175784?se=Xqi54Ta78RGGQ9u1mQKVdw&utm_medium=api&utm_source=e45342b0&v=246AA83C696BFFA91EF4550A3A0BFC64CE14A6AE,"Senior Data Scientist Leidos is seeking a Data Scientist SME to design and deploy advanced analytics and machine learning solutions for mission-critical programs in national security, health, and engineering. You will work with large, complex datasets, build predictive and prescriptive models, and partner closely with engineers and mission stakeholders to translate requirements into impactful data products. In a highly collaborative, mission-driven culture, you’ll apply modern MLOps, cloud, and visualization tools w… IT Jobs",['machine learning']
data scientist,Senior Data Scientist,Leidos,"Manassas, Prince William County",150000.0,200000.0,IT Jobs,2026-09-21 17:57:42+00:00,"Leidos is seeking a Data Scientist SME to design and deploy advanced analytics and machine learning solutions for mission-critical programs in national security, health, and engineering. You will work with large, complex datasets, build predictive and prescriptive models, and partner closely with engineers and mission stakeholders to translate requirements into impactful data products. In a highly collaborative, mission-driven culture, you’ll apply modern MLOps, cloud, and visualization tools w…",https://www.adzuna.com/land/ad/5893175544?se=Xqi54Ta78RGGQ9u1mQKVdw&utm_medium=api&utm_source=e45342b0&v=CCEFA6DA286801E09E4E79F76D1C459D151A29CB,"Senior Data Scientist Leidos is seeking a Data Scientist SME to design and deploy advanced analytics and machine learning solutions for mission-critical programs in national security, health, and engineering. You will work with large, complex datasets, build predictive and prescriptive models, and partner closely with engineers and mission stakeholders to translate requirements into impactful data products. In a highly collaborative, mission-driven culture, you’ll apply modern MLOps, cloud, and visualization tools w… IT Jobs",['machine learning']
data scientist,Senior Data Scientist,Leidos,"Fairview Heights, Saint Clair County",150000.0,200000.0,IT Jobs,2026-09-21 19:01:18+00:00,"Leidos is seeking a Data Scientist SME to design and deploy advanced analytics and machine learning solutions for mission-critical programs in national security, health, and engineering. You will work with large, complex datasets, build predictive and prescriptive models, and partner closely with engineers and mission stakeholders to translate requirements into impactful data products. In a highly collaborative, mission-driven culture, you’ll apply modern MLOps, cloud, and visualization tools w…",https://www.adzuna.com/land/ad/5893252397?se=Xqi54Ta78RGGQ9u1mQKVdw&utm_medium=api&utm_source=e45342b0&v=3FAD607C5EDAE2F22AF331A546D910F186418B39,"Senior Data Scientist Leidos is seeking a Data Scientist SME to design and deploy advanced analytics and machine learning solutions for mission-critical programs in national security, health, and engineering. You will work with large, complex datasets, build predictive and prescriptive models, and partner closely with engineers and mission stakeholders to translate requirements into impactful data products. In a highly collaborative, mission-driven culture, you’ll apply modern MLOps, cloud, and visualization tools w… IT Jobs",['machine learning']
data scientist,Senior Data Scientist,Leidos,"Fairmont City, Saint Clair County",150000.0,200000.0,IT Jobs,2026-09-21 19:01:47+00:00,"Leidos is seeking a Data Scientist SME to design and deploy advanced analytics and machine learning solutions for mission-critical programs in national security, health, and engineering. You will work with large, complex datasets, build predictive and prescriptive models, and partner closely with engineers and mission stakeholders to translate requirements into impactful data products. In a highly collaborative, mission-driven culture, you’ll apply modern MLOps, cloud, and visualization tools w…",https://www.adzuna.com/land/ad/5893252523?se=Xqi54Ta78RGGQ9u1mQKVdw&utm_medium=api&utm_source=e45342b0&v=3863B0E22160F6C6D1349D1207AEB002D0F76327,"Senior Data Scientist Leidos is seeking a Data Scientist SME to design and deploy advanced analytics and machine learning solutions for mission-critical programs in national security, health, and engineering. You will work with large, complex datasets, build predictive and prescriptive models, and partner closely with engineers and mission stakeholders to translate requirements into impactful data products. In a highly collaborative, mission-driven culture, you’ll apply modern MLOps, cloud, and visualization tools w… IT Jobs",['machine learning']
data scientist,Senior Data Scientist,Leidos,"Montgomery Village, Montgomery County",150000.0,200000.0,IT Jobs,2026-09-21 19:02:46+00:00,"Leidos is seeking a Data Scientist SME to design and deploy advanced analytics and machine learning solutions for mission-critical programs in national security, health, and engineering. You will work with large, complex datasets, build predictive and prescriptive models, and partner closely with engineers and mission stakeholders to translate requirements into impactful data products. In a highly collaborative, mission-driven culture, you’ll apply modern MLOps, cloud, and visualization tools w…",https://www.adzuna.com/land/ad/5893253343?se=Xqi54Ta78RGGQ9u1mQKVdw&utm_medium=api&utm_source=e45342b0&v=1897E3D7D138C06A8010C5A6B864F16E12A6D831,"Senior Data Scientist Leidos is seeking a Data Scientist SME to design and deploy advanced analytics and machine learning solutions for mission-critical programs in national security, health, and engineering. You will work with large, complex datasets, build predictive and prescriptive models, and partner closely with engineers and mission stakeholders to translate requirements into impactful data products. In a highly collaborative, mission-driven culture, you’ll apply modern MLOps, cloud, and visualization tools w… IT Jobs",['machine learning']
data scientist,Senior Data Scientist,Leidos,"Valley Park, Saint Louis County",150000.0,200000.0,IT Jobs,2026-09-21 19:00:04+00:00,"Leidos is seeking a Data Scientist SME to design and deploy advanced analytics and machine learning solutions for mission-critical programs in national security, health, and engineering. You will work with large, complex datasets, build predictive and prescriptive models, and partner closely with engineers and mission stakeholders to translate requirements into impactful data products. In a highly collaborative, mission-driven culture, you’ll apply modern MLOps, cloud, and visualization tools w…",https://www.adzuna.com/land/ad/5893252041?se=Xqi54Ta78RGGQ9u1mQKVdw&utm_medium=api&utm_source=e45342b0&v=6E64AFD1A7D5DF0F76BADB2698375D5910D8C16F,"Senior Data Scientist Leidos is seeking a Data Scientist SME to design and deploy advanced analytics and machine learning solutions for mission-critical programs in national security, health, and engineering. You will work with large, complex datasets, build predictive and prescriptive models, and partner closely with engineers and mission stakeholders to translate requirements into impactful data products. In a highly collaborative, mission-driven culture, you’ll apply modern MLOps, cloud, and visualization tools w… IT Jobs",['machine learning']
data scientist,Senior Data Scientist,Leidos,"Merrifield, Fairfax County",150000.0,200000.0,IT Jobs,2026-09-21 19:00:41+00:00,"Leidos is seeking a Data Scientist SME to design and deploy advanced analytics and machine learning solutions for mission-critical programs in national security, health, and engineering. You will work with large, complex datasets, build predictive and prescriptive models, and partner closely with engineers and mission stakeholders to translate requirements into impactful data products. In a highly collaborative, mission-driven culture, you’ll apply modern MLOps, cloud, and visualization tools w…",https://www.adzuna.com/land/ad/5893252193?se=Xqi54Ta78RGGQ9u1mQKVdw&utm_medium=api&utm_source=e45342b0&v=44AA3C2EBE421CF9B487B7738A6EC907F6602E41,"Senior Data Scientist Leidos is seeking a Data Scientist SME to design and deploy advanced analytics and machine learning solutions for mission-critical programs in national security, health, and engineering. You will work with large, complex datasets, build predictive and prescriptive models, and partner closely with engineers and mission stakeholders to translate requirements into impactful data products. In a highly collaborative, mission-driven culture, you’ll apply modern MLOps, cloud, and visualization tools w… IT Jobs",['machine learning']
data scientist,Senior Data Scientist,Leidos,"Glen Carbon, Madison County",150000.0,200000.0,IT Jobs,2026-09-21 18:21:23+00:00,"Leidos is seeking a Data Scientist SME to design and deploy advanced analytics and machine learning solutions for mission-critical programs in national security, health, and engineering. You will work with large, complex datasets, build predictive and prescriptive models, and partner closely with engineers and mission stakeholders to translate requirements into impactful data products. In a highly collaborative, mission-driven culture, you’ll apply modern MLOps, cloud, and visualization tools w…",https://www.adzuna.com/land/ad/5893184978?se=Xqi54Ta78RGGQ9u1mQKVdw&utm_medium=api&utm_source=e45342b0&v=D7FE7ECF6E37EA223D424CEA7375BFD38B8ADF03,"Senior Data Scientist Leidos is seeking a Data Scientist SME to design and deploy advanced analytics and machine learning solutions for mission-critical programs in national security, health, and engineering. You will work with large, complex datasets, build predictive and prescriptive models, and partner closely with engineers and mission stakeholders to translate requirements into impactful data products. In a highly collaborative, mission-driven culture, you’ll apply modern MLOps, cloud, and visualization tools w… IT Jobs",['machine learning']
data scientist,Senior Data Scientist,Leidos,"Castlewood, Centennial",150000.0,200000.0,IT Jobs,2026-09-21 18:14:41+00:00,"Leidos is seeking a Data Scientist SME to design and deploy advanced analytics and machine learning solutions for mission-critical programs in national security, health, and engineering. You will work with large, complex datasets, build predictive and prescriptive models, and partner closely with engineers and mission stakeholders to translate requirements into impactful data products. In a highly collaborative, mission-driven culture, you’ll apply modern MLOps, cloud, and visualization tools w…",https://www.adzuna.com/land/ad/5893181288?se=Xqi54Ta78RGGQ9u1mQKVdw&utm_medium=api&utm_source=e45342b0&v=85B260D77A3F375D8233B5BBD85D693FF026F24A,"Senior Data Scientist Leidos is seeking a Data Scientist SME to design and deploy advanced analytics and machine learning solutions for mission-critical programs in national security, health, and engineering. You will work with large, complex datasets, build predictive and prescriptive models, and partner closely with engineers and mission stakeholders to translate requirements into impactful data products. In a highly collaborative, mission-driven culture, you’ll apply modern MLOps, cloud, and visualization tools w… IT Jobs",['machine learning']
data scientist,Senior Data Scientist,Leidos,"Mosby, Fairfax County",150000.0,200000.0,IT Jobs,2026-09-21 18:30:47+00:00,"Leidos is seeking a Data Scientist SME to design and deploy advanced analytics and machine learning solutions for mission-critical programs in national security, health, and engineering. You will work with large, complex datasets, build predictive and prescriptive models, and partner closely with engineers and mission stakeholders to translate requirements into impactful data products. In a highly collaborative, mission-driven culture, you’ll apply modern MLOps, cloud, and visualization tools w…",https://www.adzuna.com/land/ad/5893189343?se=Xqi54Ta78RGGQ9u1mQKVdw&utm_medium=api&utm_source=e45342b0&v=E2FDA0F1355A37F41F2033B714B417F2E63D1EAC,"Senior Data Scientist Leidos is seeking a Data Scientist SME to design and deploy advanced analytics and machine learning solutions for mission-critical programs in national security, health, and engineering. You will work with large, complex datasets, build predictive and prescriptive models, and partner closely with engineers and mission stakeholders to translate requirements into impactful data products. In a highly collaborative, mission-driven culture, you’ll apply modern MLOps, cloud, and visualization tools w… IT Jobs",['machine learning']
data scientist,Senior Data Scientist,Leidos,"Granite City, Madison County",150000.0,200000.0,IT Jobs,2026-09-21 18:30:57+00:00,"Leidos is seeking a Data Scientist SME to design and deploy advanced analytics and machine learning solutions for mission-critical programs in national security, health, and engineering. You will work with large, complex datasets, build predictive and prescriptive models, and partner closely with engineers and mission stakeholders to translate requirements into impactful data products. In a highly collaborative, mission-driven culture, you’ll apply modern MLOps, cloud, and visualization tools w…",https://www.adzuna.com/land/ad/5893189389?se=Xqi54Ta78RGGQ9u1mQKVdw&utm_medium=api&utm_source=e45342b0&v=43CE36531A0D49047A1F51E2C0FC2F2EDCF8645C,"Senior Data Scientist Leidos is seeking a Data Scientist SME to design and deploy advanced analytics and machine learning solutions for mission-critical programs in national security, health, and engineering. You will work with large, complex datasets, build predictive and prescriptive models, and partner closely with engineers and mission stakeholders to translate requirements into impactful data products. In a highly collaborative, mission-driven culture, you’ll apply modern MLOps, cloud, and visualization tools w… IT Jobs",['machine learning']
data scientist,Senior Data Scientist,Leidos,"Saint Ann, Saint Louis County",150000.0,200000.0,IT Jobs,2026-09-21 19:05:49+00:00,"Leidos is seeking a Data Scientist SME to design and deploy advanced analytics and machine learning solutions for mission-critical programs in national security, health, and engineering. You will work with large, complex datasets, build predictive and prescriptive models, and partner closely with engineers and mission stakeholders to translate requirements into impactful data products. In a highly collaborative, mission-driven culture, you’ll apply modern MLOps, cloud, and visualization tools w…",https://www.adzuna.com/land/ad/5893256069?se=Xqi54Ta78RGGQ9u1mQKVdw&utm_medium=api&utm_source=e45342b0&v=33E47AB215BDAA8D8C17FBAA9083180F42E5ECF4,"Senior Data Scientist Leidos is seeking a Data Scientist SME to design and deploy advanced analytics and machine learning solutions for mission-critical programs in national security, health, and engineering. You will work with large, complex datasets, build predictive and prescriptive models, and partner closely with engineers and mission stakeholders to translate requirements into impactful data products. In a highly collaborative, mission-driven culture, you’ll apply modern MLOps, cloud, and visualization tools w… IT Jobs",['machine learning']
data scientist,Senior Data Scientist,Leidos,"Trade, Alexandria City",150000.0,200000.0,IT Jobs,2026-09-21 19:12:00+00:00,"Leidos is seeking a Data Scientist SME to design and deploy advanced analytics and machine learning solutions for mission-critical programs in national security, health, and engineering. You will work with large, complex datasets, build predictive and prescriptive models, and partner closely with engineers and mission stakeholders to translate requirements into impactful data products. In a highly collaborative, mission-driven culture, you’ll apply modern MLOps, cloud, and visualization tools w…",https://www.adzuna.com/land/ad/5893260689?se=Xqi54Ta78RGGQ9u1mQKVdw&utm_medium=api&utm_source=e45342b0&v=9054B6872696D65FFF5120CCA182063783FFA3D8,"Senior Data Scientist Leidos is seeking a Data Scientist SME to design and deploy advanced analytics and machine learning solutions for mission-critical programs in national security, health, and engineering. You will work with large, complex datasets, build predictive and prescriptive models, and partner closely with engineers and mission stakeholders to translate requirements into impactful data products. In a highly collaborative, mission-driven culture, you’ll apply modern MLOps, cloud, and visualization tools w… IT Jobs",['machine learning']
data scientist,Senior Data Scientist,Leidos,"Fenton, Saint Louis County",150000.0,200000.0,IT Jobs,2026-09-21 19:11:39+00:00,"Leidos is seeking a Data Scientist SME to design and deploy advanced analytics and machine learning solutions for mission-critical programs in national security, health, and engineering. You will work with large, complex datasets, build predictive and prescriptive models, and partner closely with engineers and mission stakeholders to translate requirements into impactful data products. In a highly collaborative, mission-driven culture, you’ll apply modern MLOps, cloud, and visualization tools w…",https://www.adzuna.com/land/ad/5893259252?se=Xqi54Ta78RGGQ9u1mQKVdw&utm_medium=api&utm_source=e45342b0&v=1C14BDB8EEC4CC7A1DFD79B0ACE6A7BD05DFA2F3,"Senior Data Scientist Leidos is seeking a Data Scientist SME to design and deploy advanced analytics and machine learning solutions for mission-critical programs in national security, health, and engineering. You will work with large, complex datasets, build predictive and prescriptive models, and partner closely with engineers and mission stakeholders to translate requirements into impactful data products. In a highly collaborative, mission-driven culture, you’ll apply modern MLOps, cloud, and visualization tools w… IT Jobs",['machine learning']
data scientist,Senior Data Scientist,Leidos,"Roxana, Madison County",150000.0,200000.0,IT Jobs,2026-09-21 19:15:46+00:00,"Leidos is seeking a Data Scientist SME to design and deploy advanced analytics and machine learning solutions for mission-critical programs in national security, health, and engineering. You will work with large, complex datasets, build predictive and prescriptive models, and partner closely with engineers and mission stakeholders to translate requirements into impactful data products. In a highly collaborative, mission-driven culture, you’ll apply modern MLOps, cloud, and visualization tools w…",https://www.adzuna.com/land/ad/5893261641?se=Xqi54Ta78RGGQ9u1mQKVdw&utm_medium=api&utm_source=e45342b0&v=09EC97A0911BA49A6CC09AF0AC6D94A9B464A4C0,"Senior Data Scientist Leidos is seeking a Data Scientist SME to design and deploy advanced analytics and machine learning solutions for mission-critical programs in national security, health, and engineering. You will work with large, complex datasets, build predictive and prescriptive models, and partner closely with engineers and mission stakeholders to translate requirements into impactful data products. In a highly collaborative, mission-driven culture, you’ll apply modern MLOps, cloud, and visualization tools w… IT Jobs",['machine learning']
data scientist,Senior Data Scientist,Leidos,"Arnold, Jefferson County",150000.0,200000.0,IT Jobs,2026-09-21 19:13:17+00:00,"Leidos is seeking a Data Scientist SME to design and deploy advanced analytics and machine learning solutions for mission-critical programs in national security, health, and engineering. You will work with large, complex datasets, build predictive and prescriptive models, and partner closely with engineers and mission stakeholders to translate requirements into impactful data products. In a highly collaborative, mission-driven culture, you’ll apply modern MLOps, cloud, and visualization tools w…",https://www.adzuna.com/land/ad/5893261179?se=Xqi54Ta78RGGQ9u1mQKVdw&utm_medium=api&utm_source=e45342b0&v=9F3E89C007894202065678FF820C01A41EBFB31D,"Senior Data Scientist Leidos is seeking a Data Scientist SME to design and deploy advanced analytics and machine learning solutions for mission-critical programs in national security, health, and engineering. You will work with large, complex datasets, build predictive and prescriptive models, and partner closely with engineers and mission stakeholders to translate requirements into impactful data products. In a highly collaborative, mission-driven culture, you’ll apply modern MLOps, cloud, and visualization tools w… IT Jobs",['machine learning']
data scientist,Senior Data Scientist,Leidos,"Hartford, Madison County",150000.0,200000.0,IT Jobs,2026-09-21 19:14:53+00:00,"Leidos is seeking a Data Scientist SME to design and deploy advanced analytics and machine learning solutions for mission-critical programs in national security, health, and engineering. You will work with large, complex datasets, build predictive and prescriptive models, and partner closely with engineers and mission stakeholders to translate requirements into impactful data products. In a highly collaborative, mission-driven culture, you’ll apply modern MLOps, cloud, and visualization tools w…",https://www.adzuna.com/land/ad/5893261471?se=Xqi54Ta78RGGQ9u1mQKVdw&utm_medium=api&utm_source=e45342b0&v=CAD84C1AE3E179F23229E2C601C7F420E35816FF,"Senior Data Scientist Leidos is seeking a Data Scientist SME to design and deploy advanced analytics and machine learning solutions for mission-critical programs in national security, health, and engineering. You will work with large, complex datasets, build predictive and prescriptive models, and partner closely with engineers and mission stakeholders to translate requirements into impactful data products. In a highly collaborative, mission-driven culture, you’ll apply modern MLOps, cloud, and visualization tools w… IT Jobs",['machine learning']
data scientist,Senior Data Scientist,Leidos,"North Springfield, Fairfax County",150000.0,200000.0,IT Jobs,2026-09-21 19:15:29+00:00,"Leidos is seeking a Data Scientist SME to design and deploy advanced analytics and machine learning solutions for mission-critical programs in national security, health, and engineering. You will work with large, complex datasets, build predictive and prescriptive models, and partner closely with engineers and mission stakeholders to translate requirements into impactful data products. In a highly collaborative, mission-driven culture, you’ll apply modern MLOps, cloud, and visualization tools w…",https://www.adzuna.com/land/ad/5893261580?se=Xqi54Ta78RGGQ9u1mQKVdw&utm_medium=api&utm_source=e45342b0&v=E52CBF616015A8DD9FC64B3423EEFB32A146F02F,"Senior Data Scientist Leidos is seeking a Data Scientist SME to design and deploy advanced analytics and machine learning solutions for mission-critical programs in national security, health, and engineering. You will work with large, complex datasets, build predictive and prescriptive models, and partner closely with engineers and mission stakeholders to translate requirements into impactful data products. In a highly collaborative, mission-driven culture, you’ll apply modern MLOps, cloud, and visualization tools w… IT Jobs",['machine learning']
data scientist,Senior Data Scientist,Leidos,"Wood River, Madison County",150000.0,200000.0,IT Jobs,2026-09-21 18:36:28+00:00,"Leidos is seeking a Data Scientist SME to design and deploy advanced analytics and machine learning solutions for mission-critical programs in national security, health, and engineering. You will work with large, complex datasets, build predictive and prescriptive models, and partner closely with engineers and mission stakeholders to translate requirements into impactful data products. In a highly collaborative, mission-driven culture, you’ll apply modern MLOps, cloud, and visualization tools w…",https://www.adzuna.com/land/ad/5893208598?se=Xqi54Ta78RGGQ9u1mQKVdw&utm_medium=api&utm_source=e45342b0&v=62A97CDDC6D49737967AA4CB4D507ED031F9B790,"Senior Data Scientist Leidos is seeking a Data Scientist SME to design and deploy advanced analytics and machine learning solutions for mission-critical programs in national security, health, and engineering. You will work with large, complex datasets, build predictive and prescriptive models, and partner closely with engineers and mission stakeholders to translate requirements into impactful data products. In a highly collaborative, mission-driven culture, you’ll apply modern MLOps, cloud, and visualization tools w… IT Jobs",['machine learning']
data scientist,Senior Data Scientist,Leidos,"Robertson, Saint Louis County",150000.0,200000.0,IT Jobs,2026-09-21 18:39:31+00:00,"Leidos is seeking a Data Scientist SME to design and deploy advanced analytics and machine learning solutions for mission-critical programs in national security, health, and engineering. You will work with large, complex datasets, build predictive and prescriptive models, and partner closely with engineers and mission stakeholders to translate requirements into impactful data products. In a highly collaborative, mission-driven culture, you’ll apply modern MLOps, cloud, and visualization tools w…",https://www.adzuna.com/land/ad/5893217631?se=Xqi54Ta78RGGQ9u1mQKVdw&utm_medium=api&utm_source=e45342b0&v=CDBA5F47D0C8A2DEC7AF80BF61A191501D530BDA,"Senior Data Scientist Leidos is seeking a Data Scientist SME to design and deploy advanced analytics and machine learning solutions for mission-critical programs in national security, health, and engineering. You will work with large, complex datasets, build predictive and prescriptive models, and partner closely with engineers and mission stakeholders to translate requirements into impactful data products. In a highly collaborative, mission-driven culture, you’ll apply modern MLOps, cloud, and visualization tools w… IT Jobs",['machine learning']
data scientist,Senior Data Scientist,Leidos,"Dupo, Saint Clair County",150000.0,200000.0,IT Jobs,2026-09-21 18:43:57+00:00,"Leidos is seeking a Data Scientist SME to design and deploy advanced analytics and machine learning solutions for mission-critical programs in national security, health, and engineering. You will work with large, complex datasets, build predictive and prescriptive models, and partner closely with engineers and mission stakeholders to translate requirements into impactful data products. In a highly collaborative, mission-driven culture, you’ll apply modern MLOps, cloud, and visualization tools w…",https://www.adzuna.com/land/ad/5893240213?se=Xqi54Ta78RGGQ9u1mQKVdw&utm_medium=api&utm_source=e45342b0&v=F700002A3216209CF38BA7AA47CE4D633AAD6BD0,"Senior Data Scientist Leidos is seeking a Data Scientist SME to design and deploy advanced analytics and machine learning solutions for mission-critical programs in national security, health, and engineering. You will work with large, complex datasets, build predictive and prescriptive models, and partner closely with engineers and mission stakeholders to translate requirements into impactful data products. In a highly collaborative, mission-driven culture, you’ll apply modern MLOps, cloud, and visualization tools w… IT Jobs",['machine learning']
data scientist,Senior Data Scientist,Leidos,"Olivette, Saint Louis County",150000.0,200000.0,IT Jobs,2026-09-21 18:39:01+00:00,"Leidos is seeking a Data Scientist SME to design and deploy advanced analytics and machine learning solutions for mission-critical programs in national security, health, and engineering. You will work with large, complex datasets, build predictive and prescriptive models, and partner closely with engineers and mission stakeholders to translate requirements into impactful data products. In a highly collaborative, mission-driven culture, you’ll apply modern MLOps, cloud, and visualization tools w…",https://www.adzuna.com/land/ad/5893216062?se=Xqi54Ta78RGGQ9u1mQKVdw&utm_medium=api&utm_source=e45342b0&v=F53B729095F20E46D85FBAF1D41FB41FA195E37F,"Senior Data Scientist Leidos is seeking a Data Scientist SME to design and deploy advanced analytics and machine learning solutions for mission-critical programs in national security, health, and engineering. You will work with large, complex datasets, build predictive and prescriptive models, and partner closely with engineers and mission stakeholders to translate requirements into impactful data products. In a highly collaborative, mission-driven culture, you’ll apply modern MLOps, cloud, and visualization tools w… IT Jobs",['machine learning']
data scientist,Senior Data Scientist,Leidos,"Vigus, Saint Louis County",150000.0,200000.0,IT Jobs,2026-09-21 18:41:22+00:00,"Leidos is seeking a Data Scientist SME to design and deploy advanced analytics and machine learning solutions for mission-critical programs in national security, health, and engineering. You will work with large, complex datasets, build predictive and prescriptive models, and partner closely with engineers and mission stakeholders to translate requirements into impactful data products. In a highly collaborative, mission-driven culture, you’ll apply modern MLOps, cloud, and visualization tools w…",https://www.adzuna.com/land/ad/5893224236?se=Xqi54Ta78RGGQ9u1mQKVdw&utm_medium=api&utm_source=e45342b0&v=2F1DDBA4AFE66998DDA4AF957E083C9332A055E4,"Senior Data Scientist Leidos is seeking a Data Scientist SME to design and deploy advanced analytics and machine learning solutions for mission-critical programs in national security, health, and engineering. You will work with large, complex datasets, build predictive and prescriptive models, and partner closely with engineers and mission stakeholders to translate requirements into impactful data products. In a highly collaborative, mission-driven culture, you’ll apply modern MLOps, cloud, and visualization tools w… IT Jobs",['machine learning']
data scientist,Senior Data Scientist,Leidos,"Herndon, Fairfax County",150000.0,200000.0,IT Jobs,2026-09-21 18:55:35+00:00,"Leidos is seeking a Data Scientist SME to design and deploy advanced analytics and machine learning solutions for mission-critical programs in national security, health, and engineering. You will work with large, complex datasets, build predictive and prescriptive models, and partner closely with engineers and mission stakeholders to translate requirements into impactful data products. In a highly collaborative, mission-driven culture, you’ll apply modern MLOps, cloud, and visualization tools w…",https://www.adzuna.com/land/ad/5893249964?se=Xqi54Ta78RGGQ9u1mQKVdw&utm_medium=api&utm_source=e45342b0&v=B00C07E8AEE2AD238DBF5B255F8AF233C3E5C4AE,"Senior Data Scientist Leidos is seeking a Data Scientist SME to design and deploy advanced analytics and machine learning solutions for mission-critical programs in national security, health, and engineering. You will work with large, complex datasets, build predictive and prescriptive models, and partner closely with engineers and mission stakeholders to translate requirements into impactful data products. In a highly collaborative, mission-driven culture, you’ll apply modern MLOps, cloud, and visualization tools w… IT Jobs",['machine learning']
data scientist,Senior Data Scientist,Leidos,"Collinsville, Madison County",150000.0,200000.0,IT Jobs,2026-09-21 18:56:04+00:00,"Leidos is seeking a Data Scientist SME to design and deploy advanced analytics and machine learning solutions for mission-critical programs in national security, health, and engineering. You will work with large, complex datasets, build predictive and prescriptive models, and partner closely with engineers and mission stakeholders to translate requirements into impactful data products. In a highly collaborative, mission-driven culture, you’ll apply modern MLOps, cloud, and visualization tools w…",https://www.adzuna.com/land/ad/5893250076?se=Xqi54Ta78RGGQ9u1mQKVdw&utm_medium=api&utm_source=e45342b0&v=9F777AD98705A651FA2AB3191D2BD4FEDE628B60,"Senior Data Scientist Leidos is seeking a Data Scientist SME to design and deploy advanced analytics and machine learning solutions for mission-critical programs in national security, health, and engineering. You will work with large, complex datasets, build predictive and prescriptive models, and partner closely with engineers and mission stakeholders to translate requirements into impactful data products. In a highly collaborative, mission-driven culture, you’ll apply modern MLOps, cloud, and visualization tools w… IT Jobs",['machine learning']
data scientist,Senior Data Scientist,Leidos,"Chesterfield, Saint Louis County",150000.0,200000.0,IT Jobs,2026-09-21 18:57:29+00:00,"Leidos is seeking a Data Scientist SME to design and deploy advanced analytics and machine learning solutions for mission-critical programs in national security, health, and engineering. You will work with large, complex datasets, build predictive and prescriptive models, and partner closely with engineers and mission stakeholders to translate requirements into impactful data products. In a highly collaborative, mission-driven culture, you’ll apply modern MLOps, cloud, and visualization tools w…",https://www.adzuna.com/land/ad/5893251017?se=Xqi54Ta78RGGQ9u1mQKVdw&utm_medium=api&utm_source=e45342b0&v=85E3F3FB8271A2C7720A59509D5772234B9E8FC8,"Senior Data Scientist Leidos is seeking a Data Scientist SME to design and deploy advanced analytics and machine learning solutions for mission-critical programs in national security, health, and engineering. You will work with large, complex datasets, build predictive and prescriptive models, and partner closely with engineers and mission stakeholders to translate requirements into impactful data products. In a highly collaborative, mission-driven culture, you’ll apply modern MLOps, cloud, and visualization tools w… IT Jobs",['machine learning']
data scientist,Senior Data Scientist,Leidos,"Chantilly, Fairfax County",150000.0,200000.0,IT Jobs,2026-09-21 18:53:13+00:00,"Leidos is seeking a Data Scientist SME to design and deploy advanced analytics and machine learning solutions for mission-critical programs in national security, health, and engineering. You will work with large, complex datasets, build predictive and prescriptive models, and partner closely with engineers and mission stakeholders to translate requirements into impactful data products. In a highly collaborative, mission-driven culture, you’ll apply modern MLOps, cloud, and visualization tools w…",https://www.adzuna.com/land/ad/5893249256?se=Xqi54Ta78RGGQ9u1mQKVdw&utm_medium=api&utm_source=e45342b0&v=BA9F828B12B6982DDA3B088199FAF68E4F5006AB,"Senior Data Scientist Leidos is seeking a Data Scientist SME to design and deploy advanced analytics and machine learning solutions for mission-critical programs in national security, health, and engineering. You will work with large, complex datasets, build predictive and prescriptive models, and partner closely with engineers and mission stakeholders to translate requirements into impactful data products. In a highly collaborative, mission-driven culture, you’ll apply modern MLOps, cloud, and visualization tools w… IT Jobs",['machine learning']
data scientist,Senior Data Scientist,Leidos,"Dulles Town Center, Loudoun County",150000.0,200000.0,IT Jobs,2026-09-21 18:53:53+00:00,"Leidos is seeking a Data Scientist SME to design and deploy advanced analytics and machine learning solutions for mission-critical programs in national security, health, and engineering. You will work with large, complex datasets, build predictive and prescriptive models, and partner closely with engineers and mission stakeholders to translate requirements into impactful data products. In a highly collaborative, mission-driven culture, you’ll apply modern MLOps, cloud, and visualization tools w…",https://www.adzuna.com/land/ad/5893249544?se=Xqi54Ta78RGGQ9u1mQKVdw&utm_medium=api&utm_source=e45342b0&v=57545062D19AAC8B104B3FBCACCA85603339C0FA,"Senior Data Scientist Leidos is seeking a Data Scientist SME to design and deploy advanced analytics and machine learning solutions for mission-critical programs in national security, health, and engineering. You will work with large, complex datasets, build predictive and prescriptive models, and partner closely with engineers and mission stakeholders to translate requirements into impactful data products. In a highly collaborative, mission-driven culture, you’ll apply modern MLOps, cloud, and visualization tools w… IT Jobs",['machine learning']
data scientist,Senior Data Scientist,Leidos,"Maryland Heights, Saint Louis County",150000.0,200000.0,IT Jobs,2026-09-21 18:53:04+00:00,"Leidos is seeking a Data Scientist SME to design and deploy advanced analytics and machine learning solutions for mission-critical programs in national security, health, and engineering. You will work with large, complex datasets, build predictive and prescriptive models, and partner closely with engineers and mission stakeholders to translate requirements into impactful data products. In a highly collaborative, mission-driven culture, you’ll apply modern MLOps, cloud, and visualization tools w…",https://www.adzuna.com/land/ad/5893249202?se=Xqi54Ta78RGGQ9u1mQKVdw&utm_medium=api&utm_source=e45342b0&v=095DF2511326DF4E70D81EA343C9A629C4F794CC,"Senior Data Scientist Leidos is seeking a Data Scientist SME to design and deploy advanced analytics and machine learning solutions for mission-critical programs in national security, health, and engineering. You will work with large, complex datasets, build predictive and prescriptive models, and partner closely with engineers and mission stakeholders to translate requirements into impactful data products. In a highly collaborative, mission-driven culture, you’ll apply modern MLOps, cloud, and visualization tools w… IT Jobs",['machine learning']
data scientist,Senior Data Scientist,Leidos,"Oakville, Saint Louis County",150000.0,200000.0,IT Jobs,2026-09-21 18:56:58+00:00,"Leidos is seeking a Data Scientist SME to design and deploy advanced analytics and machine learning solutions for mission-critical programs in national security, health, and engineering. You will work with large, complex datasets, build predictive and prescriptive models, and partner closely with engineers and mission stakeholders to translate requirements into impactful data products. In a highly collaborative, mission-driven culture, you’ll apply modern MLOps, cloud, and visualization tools w…",https://www.adzuna.com/land/ad/5893250910?se=Xqi54Ta78RGGQ9u1mQKVdw&utm_medium=api&utm_source=e45342b0&v=E9EE28C374A4CB0135F80418479FC32205C72055,"Senior Data Scientist Leidos is seeking a Data Scientist SME to design and deploy advanced analytics and machine learning solutions for mission-critical programs in national security, health, and engineering. You will work with large, complex datasets, build predictive and prescriptive models, and partner closely with engineers and mission stakeholders to translate requirements into impactful data products. In a highly collaborative, mission-driven culture, you’ll apply modern MLOps, cloud, and visualization tools w… IT Jobs",['machine learning']
data scientist,Senior Data Scientist,Leidos,"Bridgeton, Saint Louis County",150000.0,200000.0,IT Jobs,2026-09-21 18:00:55+00:00,"Leidos is seeking a Data Scientist SME to design and deploy advanced analytics and machine learning solutions for mission-critical programs in national security, health, and engineering. You will work with large, complex datasets, build predictive and prescriptive models, and partner closely with engineers and mission stakeholders to translate requirements into impactful data products. In a highly collaborative, mission-driven culture, you’ll apply modern MLOps, cloud, and visualization tools w…",https://www.adzuna.com/land/ad/5893177535?se=Xqi54Ta78RGGQ9u1mQKVdw&utm_medium=api&utm_source=e45342b0&v=97825690FF1A1C4D6FF825CDD749EF9B5D75CBE7,"Senior Data Scientist Leidos is seeking a Data Scientist SME to design and deploy advanced analytics and machine learning solutions for mission-critical programs in national security, health, and engineering. You will work with large, complex datasets, build predictive and prescriptive models, and partner closely with engineers and mission stakeholders to translate requirements into impactful data products. In a highly collaborative, mission-driven culture, you’ll apply modern MLOps, cloud, and visualization tools w… IT Jobs",['machine learning']
data scientist,Senior Data Scientist,Leidos,"Stone Ridge, Loudoun County",150000.0,200000.0,IT Jobs,2026-09-21 18:05:15+00:00,"Leidos is seeking a Data Scientist SME to design and deploy advanced analytics and machine learning solutions for mission-critical programs in national security, health, and engineering. You will work with large, complex datasets, build predictive and prescriptive models, and partner closely with engineers and mission stakeholders to translate requirements into impactful data products. In a highly collaborative, mission-driven culture, you’ll apply modern MLOps, cloud, and visualization tools w…",https://www.adzuna.com/land/ad/5893178433?se=Xqi54Ta78RGGQ9u1mQKVdw&utm_medium=api&utm_source=e45342b0&v=C313586612DE5E15AF708148558767B64C7617EC,"Senior Data Scientist Leidos is seeking a Data Scientist SME to design and deploy advanced analytics and machine learning solutions for mission-critical programs in national security, health, and engineering. You will work with large, complex datasets, build predictive and prescriptive models, and partner closely with engineers and mission stakeholders to translate requirements into impactful data products. In a highly collaborative, mission-driven culture, you’ll apply modern MLOps, cloud, and visualization tools w… IT Jobs",['machine learning']
data scientist,Senior Data Scientist,Leidos,"Springfield, Fairfax County",145000.0,185000.0,IT Jobs,2026-09-21 18:13:23+00:00,"Leidos seeks a Data Scientist SME to design and deliver advanced analytics solutions supporting national security, health, and engineering missions. In this role, you will apply machine learning, statistical modeling, and data engineering techniques to complex, large-scale datasets, turning data into actionable insights for critical government and commercial programs. You will partner closely with cross-functional teams, mentor junior staff, and help shape analytic strategy in a mission-driven,…",https://www.adzuna.com/land/ad/5893180679?se=Xqi54Ta78RGGQ9u1mQKVdw&utm_medium=api&utm_source=e45342b0&v=B4589D84E01CDB7315180FBC1F2772E8B85EAAED,"Senior Data Scientist Leidos seeks a Data Scientist SME to design and deliver advanced analytics solutions supporting national security, health, and engineering missions. In this role, you will apply machine learning, statistical modeling, and data engineering techniques to complex, large-scale datasets, turning data into actionable insights for critical government and commercial programs. You will partner closely with cross-functional teams, mentor junior staff, and help shape analytic strategy in a mission-driven,… IT Jobs",['machine learning']
data scientist,Senior Data Scientist,Leidos,"Kampville Court, Saint Charles County",150000.0,200000.0,IT Jobs,2026-09-21 18:32:46+00:00,"Leidos is seeking a Data Scientist SME to design and deploy advanced analytics and machine learning solutions for mission-critical programs in national security, health, and engineering. You will work with large, complex datasets, build predictive and prescriptive models, and partner closely with engineers and mission stakeholders to translate requirements into impactful data products. In a highly collaborative, mission-driven culture, you’ll apply modern MLOps, cloud, and visualization tools w…",https://www.adzuna.com/land/ad/5893196358?se=Xqi54Ta78RGGQ9u1mQKVdw&utm_medium=api&utm_source=e45342b0&v=FBFE69D89106D24B6D1980C43C1B75B71C47F364,"Senior Data Scientist Leidos is seeking a Data Scientist SME to design and deploy advanced analytics and machine learning solutions for mission-critical programs in national security, health, and engineering. You will work with large, complex datasets, build predictive and prescriptive models, and partner closely with engineers and mission stakeholders to translate requirements into impactful data products. In a highly collaborative, mission-driven culture, you’ll apply modern MLOps, cloud, and visualization tools w… IT Jobs",['machine learning']
data scientist,Senior Data Scientist,Leidos,"Reston, Fairfax County",150000.0,200000.0,IT Jobs,2026-09-21 18:34:47+00:00,"Leidos is seeking a Data Scientist SME to design and deploy advanced analytics and machine learning solutions for mission-critical programs in national security, health, and engineering. You will work with large, complex datasets, build predictive and prescriptive models, and partner closely with engineers and mission stakeholders to translate requirements into impactful data products. In a highly collaborative, mission-driven culture, you’ll apply modern MLOps, cloud, and visualization tools w…",https://www.adzuna.com/land/ad/5893203677?se=Xqi54Ta78RGGQ9u1mQKVdw&utm_medium=api&utm_source=e45342b0&v=5D2174C6782ACD01A905CD4293C6DA3F62BE92E4,"Senior Data Scientist Leidos is seeking a Data Scientist SME to design and deploy advanced analytics and machine learning solutions for mission-critical programs in national security, health, and engineering. You will work with large, complex datasets, build predictive and prescriptive models, and partner closely with engineers and mission stakeholders to translate requirements into impactful data products. In a highly collaborative, mission-driven culture, you’ll apply modern MLOps, cloud, and visualization tools w… IT Jobs",['machine learning']
junior data analyst,Junior Data Analyst with Security Clearance,"PrimCorp, LLC","Reston, Fairfax County",78557.6,78557.6,IT Jobs,2026-07-06 15:03:58+00:00,"Job Details Junior Data Analyst - (291) Share this job as a link in your status update to LinkedIn. Job Title Junior Data Analyst Opportunity DIA Job Type Full-time Location Reston, VA US (Primary) Category Professional Career Level Junior Level Education Bachelor's Degree Travel Security Clearance Required TS/SCI Job Description Job Description * Minimum 2-3 years in related field; Bachelors degree in related field. * The following experience/abilities are desired for all data analysts support…",https://www.adzuna.com/land/ad/5790082342?se=JHJb4ja78RGV2Kx8uUfkiA&utm_medium=api&utm_source=e45342b0&v=B07308F914EE6813798874679F166E5D300EAFF3,"Junior Data Analyst with Security Clearance Job Details Junior Data Analyst - (291) Share this job as a link in your status update to LinkedIn. Job Title Junior Data Analyst Opportunity DIA Job Type Full-time Location Reston, VA US (Primary) Category Professional Career Level Junior Level Education Bachelor's Degree Travel Security Clearance Required TS/SCI Job Description Job Description * Minimum 2-3 years in related field; Bachelors degree in related field. * The following experience/abilities are desired for all data analysts support… IT Jobs",[]
junior data analyst,Junior Data Analyst- UTEP with Security Clearance,steampunk,"El Paso, El Paso County",69457.47,69457.47,IT Jobs,2026-09-09 15:41:36+00:00,"Overview We are looking for you to join our team as a Data Analyst. This position focuses on data analysis for law enforcement support, requiring a combination of investigative data expertise, analytical skills, and the ability to work under high-pressure, mission-critical environments. This role will involve working with diverse data sets, ensuring accuracy and integrity while supporting ongoing criminal and civil investigations. Our ideal candidate has a blend of technical acumen, attention t…",https://www.adzuna.com/land/ad/5877469513?se=JHJb4ja78RGV2Kx8uUfkiA&utm_medium=api&utm_source=e45342b0&v=30C9461BD294E64B3B442725657455BE2D41C60D,"Junior Data Analyst- UTEP with Security Clearance Overview We are looking for you to join our team as a Data Analyst. This position focuses on data analysis for law enforcement support, requiring a combination of investigative data expertise, analytical skills, and the ability to work under high-pressure, mission-critical environments. This role will involve working with diverse data sets, ensuring accuracy and integrity while supporting ongoing criminal and civil investigations. Our ideal candidate has a blend of technical acumen, attention t… IT Jobs",[]
junior data analyst,Junior Investment Data Analyst,Vanguard,"Frazer, Chester County",84896.48,84896.48,Accounting & Finance Jobs,2026-09-27 10:58:45+00:00,"hackajob is collaborating with Vanguard to connect them with exceptional professionals for this role. To produce timely and accurate gold-copy investment data per assigned data domain with a focus on operational efficiency and output quality. To execute and analyze a wide variety of complex data exception reports, quality control queries, and periodic reports in a timely and accurate manner. Proactively engages and works collaboratively with colleagues across FFS and IMG to improve and sustain …",https://www.adzuna.com/land/ad/5900652643?se=JHJb4ja78RGV2Kx8uUfkiA&utm_medium=api&utm_source=e45342b0&v=4232C011117ABFFE97297093F17031AA60BE6117,"Junior Investment Data Analyst hackajob is collaborating with Vanguard to connect them with exceptional professionals for this role. To produce timely and accurate gold-copy investment data per assigned data domain with a focus on operational efficiency and output quality. To execute and analyze a wide variety of complex data exception reports, quality control queries, and periodic reports in a timely and accurate manner. Proactively engages and works collaboratively with colleagues across FFS and IMG to improve and sustain … Accounting & Finance Jobs",[]
junior data analyst,Junior Business & Data Analyst,Ellianse LLC,"Schiller Park, Cook County",91060.73,91060.73,IT Jobs,2026-09-01 16:12:52+00:00," Quick Junior Business & Data Analyst Requirement – Chicago, IL Candidates Preferred Position: Junior Business & Data Analyst Location: Chicago, IL Job Type: Full-Time Job Overview: We are seeking a highly motivated and detail-oriented Junior Business & Data Analyst to join our growing team on an immediate basis. This is an urgent hiring requirement, and we are actively prioritizing candidates based in Chicago, IL . The ideal candidate will be responsible for gathering, analyzing, validating, a…",https://www.adzuna.com/land/ad/5865221918?se=JHJb4ja78RGV2Kx8uUfkiA&utm_medium=api&utm_source=e45342b0&v=0D13B04CDFDA794A03C713D9582D38E9DB58221C,"Junior Business & Data Analyst  Quick Junior Business & Data Analyst Requirement – Chicago, IL Candidates Preferred Position: Junior Business & Data Analyst Location: Chicago, IL Job Type: Full-Time Job Overview: We are seeking a highly motivated and detail-oriented Junior Business & Data Analyst to join our growing team on an immediate basis. This is an urgent hiring requirement, and we are actively prioritizing candidates based in Chicago, IL . The ideal candidate will be responsible for gathering, analyzing, validating, a… IT Jobs",[]
junior data analyst,Junior Data Analyst,Advocate Aurora Health,"Tampa, Hillsborough County",55000.0,70000.0,IT Jobs,2026-09-28 07:30:16+00:00,"We are seeking a detail-oriented and analytical Junior Data Analyst to support our team with data collection, analysis, reporting, and business insights. This is an excellent opportunity for an early-career professional who enjoys working with data and wants to develop their skills in analytics, reporting, and business intelligence. This is a full-time position offering $55,000–$70,000 per year , depending on experience, technical skills, education, and qualifications. Candidates with strong Ex…",https://www.adzuna.com/details/5901540559?utm_medium=api&utm_source=e45342b0,"Junior Data Analyst We are seeking a detail-oriented and analytical Junior Data Analyst to support our team with data collection, analysis, reporting, and business insights. This is an excellent opportunity for an early-career professional who enjoys working with data and wants to develop their skills in analytics, reporting, and business intelligence. This is a full-time position offering $55,000–$70,000 per year , depending on experience, technical skills, education, and qualifications. Candidates with strong Ex… IT Jobs",[]
junior data analyst,Junior Data Analyst,Silvi Concrete Products,"Fairless Hills, Bucks County",46661.39,46661.39,IT Jobs,2026-08-18 10:30:49+00:00,"Title of Position: Junior Data Analyst Location: Fairless Hills, PA (Fully On-Site) Industry Leading Benefits : Medical, Prescription, Dental, Vision, 401K, Pension, Short- and Long-Term Disability, Life Insurance, Tuition Reimbursement. Silvi Materials has been expanding our “A” Team of employees since 1947! Our team has grown to 15 companies, employing over 950 people across 30 locations in Southeastern Pennsylvania, New Jersey, and North Carolina. Silvi is large enough to provide the stabili…",https://www.adzuna.com/details/5846867418?utm_medium=api&utm_source=e45342b0,"Junior Data Analyst Title of Position: Junior Data Analyst Location: Fairless Hills, PA (Fully On-Site) Industry Leading Benefits : Medical, Prescription, Dental, Vision, 401K, Pension, Short- and Long-Term Disability, Life Insurance, Tuition Reimbursement. Silvi Materials has been expanding our “A” Team of employees since 1947! Our team has grown to 15 companies, employing over 950 people across 30 locations in Southeastern Pennsylvania, New Jersey, and North Carolina. Silvi is large enough to provide the stabili… IT Jobs",[]
junior data analyst,Junior Data Analyst,"Founded in 1995, ESN",US,49478.7,49478.7,Engineering Jobs,2026-08-03 01:36:49+00:00,"Description Founded in 1995, ESN is a Small Disadvantaged Business (SDB), Service-Disabled Veteran-Owned Small Business (SDVOSB) and Veteran Owned Small Business (VOSB). ESN delivers trusted solutions that support our nation's defense. For more than two decades, we have been providing our military and government customers with mission-critical services including engineering and technical support, strategic and program management, testing and evaluation, operations, support, and information tech…",https://www.adzuna.com/details/5826352715?utm_medium=api&utm_source=e45342b0,"Junior Data Analyst Description Founded in 1995, ESN is a Small Disadvantaged Business (SDB), Service-Disabled Veteran-Owned Small Business (SDVOSB) and Veteran Owned Small Business (VOSB). ESN delivers trusted solutions that support our nation's defense. For more than two decades, we have been providing our military and government customers with mission-critical services including engineering and technical support, strategic and program management, testing and evaluation, operations, support, and information tech… Engineering Jobs",[]
junior data analyst,Junior Data Analyst,Robert Half,"Southeastern, Chester County",59890.82,59890.82,IT Jobs,2026-09-13 07:11:54+00:00,"Description We are seeking a detail-oriented Junior Data Analyst to support critical data quality and Master Data Management (MDM) initiatives. This is an excellent opportunity for an early-career data professional who enjoys working with data, troubleshooting quality issues, and ensuring information is accurate and reliable across enterprise systems. Key Responsibilities  Review and investigate data records that fail automated matching and validation processes.  Research and resolve data discr…",https://www.adzuna.com/details/5882574779?utm_medium=api&utm_source=e45342b0,"Junior Data Analyst Description We are seeking a detail-oriented Junior Data Analyst to support critical data quality and Master Data Management (MDM) initiatives. This is an excellent opportunity for an early-career data professional who enjoys working with data, troubleshooting quality issues, and ensuring information is accurate and reliable across enterprise systems. Key Responsibilities  Review and investigate data records that fail automated matching and validation processes.  Research and resolve data discr… IT Jobs",[]
junior data analyst,Junior Data Analyst,Careerswift,US,55000.0,70000.0,IT Jobs,2026-09-11 06:37:03+00:00,"CerebriOS is a software company building B2B SaaS products that help businesses make better decisions, streamline operations, and get more value from their data. Our products combine practical business workflows with intuitive technology designed for everyday use. We are looking for a Junior Data Analyst to support our growing Data and Analytics team and help turn business data into useful insights. You will work with structured data, prepare reports, identify trends, and support more experienc…",https://www.adzuna.com/details/5879534174?utm_medium=api&utm_source=e45342b0,"Junior Data Analyst CerebriOS is a software company building B2B SaaS products that help businesses make better decisions, streamline operations, and get more value from their data. Our products combine practical business workflows with intuitive technology designed for everyday use. We are looking for a Junior Data Analyst to support our growing Data and Analytics team and help turn business data into useful insights. You will work with structured data, prepare reports, identify trends, and support more experienc… IT Jobs",[]
junior data analyst,Junior Data Analyst,Hart,"Detroit, Wayne County",69891.57,69891.57,IT Jobs,2026-07-30 06:10:39+00:00,"SUMMARY We’re looking for a proactive and insightful Junior Data Analyst to join our Analytics team. This role is perfect for someone who’s not just good with numbers, but who understands how to turn data into stories that guide decisions. You’ll help build client-facing reports, identify meaningful KPIs, and develop visualizations that clearly show performance and opportunities. You’ll work across departments, helping translate performance data into insights that matter to bring clarity to com…",https://www.adzuna.com/details/5820968410?utm_medium=api&utm_source=e45342b0,"Junior Data Analyst SUMMARY We’re looking for a proactive and insightful Junior Data Analyst to join our Analytics team. This role is perfect for someone who’s not just good with numbers, but who understands how to turn data into stories that guide decisions. You’ll help build client-facing reports, identify meaningful KPIs, and develop visualizations that clearly show performance and opportunities. You’ll work across departments, helping translate performance data into insights that matter to bring clarity to com… IT Jobs",[]
junior data analyst,Junior Data Analyst,Morgan Stanley,"Dallas, Texas",80000.0,100000.0,Accounting & Finance Jobs,2026-08-18 03:15:49+00:00,"We're seeking someone to join our team as a Junior Data Analyst in NFR Data & Analytics to support data wrangling, reconciliation, and reporting workflows for Crypto-related investigative analytics within our Financial Crime Risk program. In the Legal & Compliance division, we assist the Firm in achieving its business objectives by facilitating and overseeing the Firm's management of legal, regulatory and franchise risk. This is an Analyst level position within the NFR Data & Analytics team, wh…",https://www.adzuna.com/details/5846239316?utm_medium=api&utm_source=e45342b0,"Junior Data Analyst We're seeking someone to join our team as a Junior Data Analyst in NFR Data & Analytics to support data wrangling, reconciliation, and reporting workflows for Crypto-related investigative analytics within our Financial Crime Risk program. In the Legal & Compliance division, we assist the Firm in achieving its business objectives by facilitating and overseeing the Firm's management of legal, regulatory and franchise risk. This is an Analyst level position within the NFR Data & Analytics team, wh… Accounting & Finance Jobs",[]
junior data analyst,Junior Data Analyst,TSTC,"Arlington, Arlington County",50000.0,75000.0,"Energy, Oil & Gas Jobs",2026-05-16 05:33:59+00:00,"Who Are We? TSTC is an award-winning, Woman Owned, HUBZone certified Small Business providing services to federal intelligence, law enforcement, civilian and defense agencies. Built upon our Total Service - Total Commitment® cornerstone, TSTC takes pride in our commitment to delivering excellence. Total Service - Total Commitment® is our commitment to our employees, to our teams, and to our clients. WHAT WE'RE LOOKING FOR: TSTC is seeking a full-time Junior Data Analyst to provide research serv…",https://www.adzuna.com/details/5731295163?utm_medium=api&utm_source=e45342b0,"Junior Data Analyst Who Are We? TSTC is an award-winning, Woman Owned, HUBZone certified Small Business providing services to federal intelligence, law enforcement, civilian and defense agencies. Built upon our Total Service - Total Commitment® cornerstone, TSTC takes pride in our commitment to delivering excellence. Total Service - Total Commitment® is our commitment to our employees, to our teams, and to our clients. WHAT WE'RE LOOKING FOR: TSTC is seeking a full-time Junior Data Analyst to provide research serv… Energy, Oil & Gas Jobs",[]
junior data analyst,Junior Data Analyst,Calibrate,US,60000.0,65000.0,IT Jobs,2026-09-06 00:04:23+00:00,"ABOUT THE ROLE We are looking for a Junior Data Analyst to join our data team and support us in the use of analytics in both running our business and providing scorecards and insights to our clients and partners. In this role, you will help analyze operational and business data; create and maintain dashboards and scorecards for both running the company and for clients; and ensure our teams have access to timely insights. You will partner with teams across clinical, coaching, engineering, produc…",https://www.adzuna.com/details/5872721219?utm_medium=api&utm_source=e45342b0,"Junior Data Analyst ABOUT THE ROLE We are looking for a Junior Data Analyst to join our data team and support us in the use of analytics in both running our business and providing scorecards and insights to our clients and partners. In this role, you will help analyze operational and business data; create and maintain dashboards and scorecards for both running the company and for clients; and ensure our teams have access to timely insights. You will partner with teams across clinical, coaching, engineering, produc… IT Jobs",[]
junior data analyst,Junior Data Analyst,steampunk,"Fort Bliss, El Paso County",64124.06,64124.06,IT Jobs,2026-09-22 11:36:10+00:00,"Overview We are looking for you to join our team as a Data Analyst . This position focuses on data analysis for law enforcement support, requiring a combination of investigative data expertise, analytical skills, and the ability to work under high-pressure, mission-critical environments. This role will involve working with diverse data sets, ensuring accuracy and integrity while supporting ongoing criminal and civil investigations. Our ideal candidate has a blend of technical acumen, attention …",https://www.adzuna.com/details/5894067686?utm_medium=api&utm_source=e45342b0,"Junior Data Analyst Overview We are looking for you to join our team as a Data Analyst . This position focuses on data analysis for law enforcement support, requiring a combination of investigative data expertise, analytical skills, and the ability to work under high-pressure, mission-critical environments. This role will involve working with diverse data sets, ensuring accuracy and integrity while supporting ongoing criminal and civil investigations. Our ideal candidate has a blend of technical acumen, attention … IT Jobs",[]
junior data analyst,Junior Data Analyst,Blue Water Thinking,US,70000.0,100000.0,Scientific & QA Jobs,2026-09-24 03:36:12+00:00,"About Blue Water Thinking Guided by our principles of value generation, continuous innovation, customer-centricity, and vested collaboration, Blue Water Thinking proudly supports our Federal clients in achieving their Agency goals. Founded by a decorated twenty-eight year Veteran of the United States Army, Blue Water Thinking understands and supports the mission of our Nation's war fighters, Veterans, their families and caretakers. Leveraging our executive team's military experience and private…",https://www.adzuna.com/details/5896481917?utm_medium=api&utm_source=e45342b0,"Junior Data Analyst About Blue Water Thinking Guided by our principles of value generation, continuous innovation, customer-centricity, and vested collaboration, Blue Water Thinking proudly supports our Federal clients in achieving their Agency goals. Founded by a decorated twenty-eight year Veteran of the United States Army, Blue Water Thinking understands and supports the mission of our Nation's war fighters, Veterans, their families and caretakers. Leveraging our executive team's military experience and private… Scientific & QA Jobs",[]
junior data analyst,Junior Data Analyst,steampunk,"Fort Bliss, El Paso County",60285.13,60285.13,IT Jobs,2026-08-20 10:27:53+00:00,"We are looking for you to join our team as a Data Analyst . This position focuses on data analysis for law enforcement support, requiring a combination of investigative data expertise, analytical skills, and the ability to work under high-pressure, mission-critical environments. This role will involve working with diverse data sets, ensuring accuracy and integrity while supporting ongoing criminal and civil investigations. Our ideal candidate has a blend of technical acumen, attention to detail…",https://www.adzuna.com/details/5849634443?utm_medium=api&utm_source=e45342b0,"Junior Data Analyst We are looking for you to join our team as a Data Analyst . This position focuses on data analysis for law enforcement support, requiring a combination of investigative data expertise, analytical skills, and the ability to work under high-pressure, mission-critical environments. This role will involve working with diverse data sets, ensuring accuracy and integrity while supporting ongoing criminal and civil investigations. Our ideal candidate has a blend of technical acumen, attention to detail… IT Jobs",[]
junior data analyst,Junior Data Analyst,PrimCorp,"Reston, Fairfax County",69048.52,69048.52,IT Jobs,2026-09-10 01:29:16+00:00,"Description Job Description Minimum 2-3 years in related field; Bachelors degree in related field. The following experience/abilities are desired for all data analysts supporting this contract Using the hardware/software/tools, to include analysis and reporting tools (required) Experience in data management, analysis, predictive analysis, modeling, analyzing and visualization of current and future readiness data Designing and building data warehouses. Extracting, transforming, and loading data …",https://www.adzuna.com/details/5878039102?utm_medium=api&utm_source=e45342b0,"Junior Data Analyst Description Job Description Minimum 2-3 years in related field; Bachelors degree in related field. The following experience/abilities are desired for all data analysts supporting this contract Using the hardware/software/tools, to include analysis and reporting tools (required) Experience in data management, analysis, predictive analysis, modeling, analyzing and visualization of current and future readiness data Designing and building data warehouses. Extracting, transforming, and loading data … IT Jobs",[]
junior data analyst,Job Title: Junior Data Analyst,The Giant Bullseye,"Saint Louis, Saint Louis County",50000.0,50000.0,IT Jobs,2026-07-14 23:21:49+00:00,"Job Title: Junior Data Analyst (0–2 Years) Location: Remote (United States) Employment Type: Full-Time (W2) or Independent Contractor (1099) Experience: 0–2 Years Salary: $50,000 per year Benefits: None Visa Sponsorship: Not Available Job Summary We are looking for a Junior Data Analyst to collect, analyze, and interpret data to help drive business decisions. This is an excellent opportunity for candidates beginning their careers in data analytics. Responsibilities Collect, clean, and validate …",https://www.adzuna.com/details/5800675294?utm_medium=api&utm_source=e45342b0,"Job Title: Junior Data Analyst Job Title: Junior Data Analyst (0–2 Years) Location: Remote (United States) Employment Type: Full-Time (W2) or Independent Contractor (1099) Experience: 0–2 Years Salary: $50,000 per year Benefits: None Visa Sponsorship: Not Available Job Summary We are looking for a Junior Data Analyst to collect, analyze, and interpret data to help drive business decisions. This is an excellent opportunity for candidates beginning their careers in data analytics. Responsibilities Collect, clean, and validate … IT Jobs",[]
junior data analyst,Junior Data Analyst- UTEP,steampunk,"Fort Bliss, El Paso County",64138.98,64138.98,IT Jobs,2026-09-22 11:36:10+00:00,"Overview We are looking for you to join our team as a Data Analyst . This position focuses on data analysis for law enforcement support, requiring a combination of investigative data expertise, analytical skills, and the ability to work under high-pressure, mission-critical environments. This role will involve working with diverse data sets, ensuring accuracy and integrity while supporting ongoing criminal and civil investigations. Our ideal candidate has a blend of technical acumen, attention …",https://www.adzuna.com/details/5894067720?utm_medium=api&utm_source=e45342b0,"Junior Data Analyst- UTEP Overview We are looking for you to join our team as a Data Analyst . This position focuses on data analysis for law enforcement support, requiring a combination of investigative data expertise, analytical skills, and the ability to work under high-pressure, mission-critical environments. This role will involve working with diverse data sets, ensuring accuracy and integrity while supporting ongoing criminal and civil investigations. Our ideal candidate has a blend of technical acumen, attention … IT Jobs",[]
junior data analyst,Junior Metrics Data Analyst with Security Clearance,Sawdey Solution Services Inc,"Norfolk, Norfolk City",109373.59,109373.59,IT Jobs,2026-08-25 14:00:38+00:00,"Pay Rate: The annual base salary range for this position TBD. Please note that the salary information is a general guideline only. At Sawdey Solution Services, we recognize that attracting the best talent is key to our strategy and success as a company. We will consider several factors when extending an offer to an applicant. These factors include (but are not limited to) the position, associated responsibilities, work experience, education, related training, and related skills. Position Locati…",https://www.adzuna.com/land/ad/5855651367?se=JHJb4ja78RGV2Kx8uUfkiA&utm_medium=api&utm_source=e45342b0&v=5400F757EC678C6BFD3F42BFB32A4B5D6F365CA3,"Junior Metrics Data Analyst with Security Clearance Pay Rate: The annual base salary range for this position TBD. Please note that the salary information is a general guideline only. At Sawdey Solution Services, we recognize that attracting the best talent is key to our strategy and success as a company. We will consider several factors when extending an offer to an applicant. These factors include (but are not limited to) the position, associated responsibilities, work experience, education, related training, and related skills. Position Locati… IT Jobs",[]
junior data analyst,Junior Data Analyst - Direct Lending,Golub Capital,"Chicago, Cook County",62473.49,62473.49,Accounting & Finance Jobs,2026-09-02 02:48:05+00:00,Position Information Hiring Manager: Associate Manager Department: DL - Data & Technology Golub Capital is looking for a skilled Junior Data Analyst to assist in the review and maintenance of key client information for the Firm and provide support to end users with data quality initiatives. Execute action plans to remediate data quality issues; this will include but is not limited to actions such as: creating and editing / updating records documenting business process and data flows using repor…,https://www.adzuna.com/details/5866643838?utm_medium=api&utm_source=e45342b0,Junior Data Analyst - Direct Lending Position Information Hiring Manager: Associate Manager Department: DL - Data & Technology Golub Capital is looking for a skilled Junior Data Analyst to assist in the review and maintenance of key client information for the Firm and provide support to end users with data quality initiatives. Execute action plans to remediate data quality issues; this will include but is not limited to actions such as: creating and editing / updating records documenting business process and data flows using repor… Accounting & Finance Jobs,[]
junior data analyst,Junior Energy Data Analyst,Cadmus,"Portland, Multnomah County",92204.8,92204.8,Consultancy Jobs,2026-09-27 06:53:12+00:00,"Overview _What You'll Be Doing_ The qualified candidate will apply their knowledge of and experience with statistical and economic analysis to support senior staff in delivering consulting services to utility, government, non-profit, and corporate clients. They will work on a range of complex issues related to demand side management (DSM), which encompasses distributed energy resources, electrification, virtual power plants, data centers, decarbonization, demand response, energy efficiency, fle…",https://www.adzuna.com/land/ad/5900549275?se=JHJb4ja78RGV2Kx8uUfkiA&utm_medium=api&utm_source=e45342b0&v=8D82653F70825F3C85EBA69D9FDEF3CAA12A9812,"Junior Energy Data Analyst Overview _What You'll Be Doing_ The qualified candidate will apply their knowledge of and experience with statistical and economic analysis to support senior staff in delivering consulting services to utility, government, non-profit, and corporate clients. They will work on a range of complex issues related to demand side management (DSM), which encompasses distributed energy resources, electrification, virtual power plants, data centers, decarbonization, demand response, energy efficiency, fle… Consultancy Jobs",[]
junior data analyst,Junior Energy Data Analyst,Cadmus,"Eldorado Springs, Boulder County",114961.8,114961.8,Consultancy Jobs,2026-09-27 06:48:20+00:00,"Overview _What You'll Be Doing_ The qualified candidate will apply their knowledge of and experience with statistical and economic analysis to support senior staff in delivering consulting services to utility, government, non-profit, and corporate clients. They will work on a range of complex issues related to demand side management (DSM), which encompasses distributed energy resources, electrification, virtual power plants, data centers, decarbonization, demand response, energy efficiency, fle…",https://www.adzuna.com/land/ad/5900531904?se=JHJb4ja78RGV2Kx8uUfkiA&utm_medium=api&utm_source=e45342b0&v=9143404CF8A32E53A4B410265249264C17D0351F,"Junior Energy Data Analyst Overview _What You'll Be Doing_ The qualified candidate will apply their knowledge of and experience with statistical and economic analysis to support senior staff in delivering consulting services to utility, government, non-profit, and corporate clients. They will work on a range of complex issues related to demand side management (DSM), which encompasses distributed energy resources, electrification, virtual power plants, data centers, decarbonization, demand response, energy efficiency, fle… Consultancy Jobs",[]
junior data analyst,Junior Energy Data Analyst,Cadmus,"Grand Central, Manhattan",131768.78,131768.78,Consultancy Jobs,2026-09-27 06:55:01+00:00,"Overview _What You'll Be Doing_ The qualified candidate will apply their knowledge of and experience with statistical and economic analysis to support senior staff in delivering consulting services to utility, government, non-profit, and corporate clients. They will work on a range of complex issues related to demand side management (DSM), which encompasses distributed energy resources, electrification, virtual power plants, data centers, decarbonization, demand response, energy efficiency, fle…",https://www.adzuna.com/land/ad/5900558559?se=JHJb4ja78RGV2Kx8uUfkiA&utm_medium=api&utm_source=e45342b0&v=616357749D1841C2EBA2C40FD72B3B71C1037B4B,"Junior Energy Data Analyst Overview _What You'll Be Doing_ The qualified candidate will apply their knowledge of and experience with statistical and economic analysis to support senior staff in delivering consulting services to utility, government, non-profit, and corporate clients. They will work on a range of complex issues related to demand side management (DSM), which encompasses distributed energy resources, electrification, virtual power plants, data centers, decarbonization, demand response, energy efficiency, fle… Consultancy Jobs",[]
junior data analyst,Junior Data Solutions Analyst,TEKsystems,"Berthoud, Larimer County",94296.27,94296.27,IT Jobs,2026-09-19 06:50:51+00:00,"NO C2C - PLEASE DO NOT APPLY IF YOU REQUIRE C2C Description: Data Solutions Analyst We are seeking a motivated Data Solutions Analyst to help bridge the gap between business stakeholders and technical delivery teams. This individual will work closely with business leaders to understand data and reporting needs, translate requirements into actionable solutions, and drive initiatives from concept through delivery. The ideal candidate combines strong communication and relationship-building skills …",https://www.adzuna.com/land/ad/5890511434?se=JHJb4ja78RGV2Kx8uUfkiA&utm_medium=api&utm_source=e45342b0&v=90279754A66C850C9E318D30C41E1158C637DFAD,"Junior Data Solutions Analyst NO C2C - PLEASE DO NOT APPLY IF YOU REQUIRE C2C Description: Data Solutions Analyst We are seeking a motivated Data Solutions Analyst to help bridge the gap between business stakeholders and technical delivery teams. This individual will work closely with business leaders to understand data and reporting needs, translate requirements into actionable solutions, and drive initiatives from concept through delivery. The ideal candidate combines strong communication and relationship-building skills … IT Jobs",['communication']
junior data analyst,Junior Business Data Analyst (Hybrid) with Security Clearance,Marathon TS Inc,"Hampton Roads, Hampton City",72996.71,72996.71,Accounting & Finance Jobs,2026-09-03 01:17:07+00:00,"Marathon TS is looking for a Junior Business Data Analyst to support the US Army on a Hybrid basis (3 days onsite) in Crystal City, VA. We are seeking qualified Data Analysts to (1) improve the completeness, accuracy, reliability and timeliness of Army financial data and information, (2) identify business process risk and establish an effective financial internal control environment, processes and procedures, (3) understand and improve the production of Army's annual and quarterly Financial Sta…",https://www.adzuna.com/land/ad/5868366403?se=JHJb4ja78RGV2Kx8uUfkiA&utm_medium=api&utm_source=e45342b0&v=2A22456795D8A30BEA8E169DEC11BFA2A87C2BB4,"Junior Business Data Analyst (Hybrid) with Security Clearance Marathon TS is looking for a Junior Business Data Analyst to support the US Army on a Hybrid basis (3 days onsite) in Crystal City, VA. We are seeking qualified Data Analysts to (1) improve the completeness, accuracy, reliability and timeliness of Army financial data and information, (2) identify business process risk and establish an effective financial internal control environment, processes and procedures, (3) understand and improve the production of Army's annual and quarterly Financial Sta… Accounting & Finance Jobs",[]
junior data analyst,Junior Data Analyst(Active Top Secret Clearance Required),SiloSmashers,"Forest Heights, Prince George's County",75000.0,85000.0,IT Jobs,2026-06-16 16:42:45+00:00,"Junior Data Analyst (Top Secret Required) SiloSmashers is seeking a Junior Data Analyst to support our federal law enforcement client with data support. The Junior Data Analyst performs analysis on relevant information from a variety of sources to prepare documents, reports, summaries and replies to inquiries, ensuring accuracy and proper format of the information provided. Work Description: · Participate in Ad hoc data projects and analyses that produce actionable recommendations that build re…",https://www.adzuna.com/details/5765818443?utm_medium=api&utm_source=e45342b0,"Junior Data Analyst(Active Top Secret Clearance Required) Junior Data Analyst (Top Secret Required) SiloSmashers is seeking a Junior Data Analyst to support our federal law enforcement client with data support. The Junior Data Analyst performs analysis on relevant information from a variety of sources to prepare documents, reports, summaries and replies to inquiries, ensuring accuracy and proper format of the information provided. Work Description: · Participate in Ad hoc data projects and analyses that produce actionable recommendations that build re… IT Jobs",[]
junior data analyst,Junior Metrics Data Analyst,Sawdey Solution Services,"Norfolk, Norfolk City",85739.66,85739.66,IT Jobs,2026-08-27 01:16:57+00:00,"Pay Rate: The annual base salary range for this position TBD. Please note that the salary information is a general guideline only. At Sawdey Solution Services, we recognize that attracting the best talent is key to our strategy and success as a company. We will consider several factors when extending an offer to an applicant. These factors include (but are not limited to) the position, associated responsibilities, work experience, education, related training, and related skills. Position Locati…",https://www.adzuna.com/details/5857915067?utm_medium=api&utm_source=e45342b0,"Junior Metrics Data Analyst Pay Rate: The annual base salary range for this position TBD. Please note that the salary information is a general guideline only. At Sawdey Solution Services, we recognize that attracting the best talent is key to our strategy and success as a company. We will consider several factors when extending an offer to an applicant. These factors include (but are not limited to) the position, associated responsibilities, work experience, education, related training, and related skills. Position Locati… IT Jobs",[]
junior data analyst,Junior Energy Data Analyst,The Cadmus Group,"Prince, Manhattan",84947.26,84947.26,Consultancy Jobs,2026-09-25 10:55:07+00:00,"What You’ll Be Doing The qualified candidate will apply their knowledge of and experience with statistical and economic analysis to support senior staff in delivering consulting services to utility, government, non-profit, and corporate clients. They will work on a range of complex issues related to demand side management (DSM), which encompasses distributed energy resources, electrification, virtual power plants, data centers, decarbonization, demand response, energy efficiency, flexible load …",https://www.adzuna.com/details/5898402336?utm_medium=api&utm_source=e45342b0,"Junior Energy Data Analyst What You’ll Be Doing The qualified candidate will apply their knowledge of and experience with statistical and economic analysis to support senior staff in delivering consulting services to utility, government, non-profit, and corporate clients. They will work on a range of complex issues related to demand side management (DSM), which encompasses distributed energy resources, electrification, virtual power plants, data centers, decarbonization, demand response, energy efficiency, flexible load … Consultancy Jobs",[]
junior data analyst,Junior Manufacturing Data Analyst,Pride Mobility & Quantum Rehab,"Duryea, Luzerne County",51480.0,51480.0,IT Jobs,2026-09-27 02:20:12+00:00,"Starting Salary: $51,480 Schedule: 6:00 AM to 2:30 PM DESCRIPTION/JOB SUMMARY Support manufacturing operations by collecting, validating, organizing, analyzing, and reporting data to monitor performance and identify opportunities to improve efficiency, quality, and productivity RESPONSIBILITIES/DUTIES •Review assigned operational data using established procedures, identify potential bottlenecks and inefficiencies, and prepare findings for review by the Manufacturing Data Analyst •Collect, clean…",https://www.adzuna.com/details/5900394240?utm_medium=api&utm_source=e45342b0,"Junior Manufacturing Data Analyst Starting Salary: $51,480 Schedule: 6:00 AM to 2:30 PM DESCRIPTION/JOB SUMMARY Support manufacturing operations by collecting, validating, organizing, analyzing, and reporting data to monitor performance and identify opportunities to improve efficiency, quality, and productivity RESPONSIBILITIES/DUTIES •Review assigned operational data using established procedures, identify potential bottlenecks and inefficiencies, and prepare findings for review by the Manufacturing Data Analyst •Collect, clean… IT Jobs",[]
junior data analyst,Junior Software Engineer/Data Analyst with Security Clearance,"Tiber Technologies, Inc.","Savage, Anne Arundel County",108734.09,108734.09,IT Jobs,2026-06-17 19:03:02+00:00,"When You Love the Work You Do, Any Mission Is Possible Position: Software Engineer/ Data Analyst (Active Clearance with a Polygraph is Required) We’re on multiple contracts and have many opportunities. It is encouraged if applicants don’t meet all the technical requirements to still apply. Join Our Team: At Tiber, we believe our people are our greatest investment. We are committed to creating an environment where employees can grow, contribute, and build meaningful careers. From professional de…",https://www.adzuna.com/land/ad/5767324641?se=JHJb4ja78RGV2Kx8uUfkiA&utm_medium=api&utm_source=e45342b0&v=D1E11783177596C32F77986949EFA4BE7BB8E5DE,"Junior Software Engineer/Data Analyst with Security Clearance When You Love the Work You Do, Any Mission Is Possible Position: Software Engineer/ Data Analyst (Active Clearance with a Polygraph is Required) We’re on multiple contracts and have many opportunities. It is encouraged if applicants don’t meet all the technical requirements to still apply. Join Our Team: At Tiber, we believe our people are our greatest investment. We are committed to creating an environment where employees can grow, contribute, and build meaningful careers. From professional de… IT Jobs",[]
junior data analyst,Operations Junior Data & Staffing Analyst,Kahana & Feld Llp,"Woodside, Houston",72800.0,83200.0,Legal Jobs,2026-08-09 07:03:21+00:00,"The Operations Junior Data & Staffing Analyst supports the firm’s leadership, practice groups, and administrative departments by collecting, organizing, and analyzing data across multiple systems to drive strategic and operational initiatives. This position works closely with Practice Group Management, Legal and People Operations, Finance, and Practice Group leadership to support workload management, utilization tracking, staffing coordination, and operational efficiency across the firm’s pract…",https://www.adzuna.com/details/5834596663?utm_medium=api&utm_source=e45342b0,"Operations Junior Data & Staffing Analyst The Operations Junior Data & Staffing Analyst supports the firm’s leadership, practice groups, and administrative departments by collecting, organizing, and analyzing data across multiple systems to drive strategic and operational initiatives. This position works closely with Practice Group Management, Legal and People Operations, Finance, and Practice Group leadership to support workload management, utilization tracking, staffing coordination, and operational efficiency across the firm’s pract… Legal Jobs",[]
junior data analyst,Operations Junior Data & Staffing Analyst,Kahana & Feld Llp,"West Lake Hills, Travis County",72800.0,83200.0,Legal Jobs,2026-08-09 04:24:18+00:00,"The Operations Junior Data & Staffing Analyst supports the firm’s leadership, practice groups, and administrative departments by collecting, organizing, and analyzing data across multiple systems to drive strategic and operational initiatives. This position works closely with Practice Group Management, Legal and People Operations, Finance, and Practice Group leadership to support workload management, utilization tracking, staffing coordination, and operational efficiency across the firm’s pract…",https://www.adzuna.com/details/5834464648?utm_medium=api&utm_source=e45342b0,"Operations Junior Data & Staffing Analyst The Operations Junior Data & Staffing Analyst supports the firm’s leadership, practice groups, and administrative departments by collecting, organizing, and analyzing data across multiple systems to drive strategic and operational initiatives. This position works closely with Practice Group Management, Legal and People Operations, Finance, and Practice Group leadership to support workload management, utilization tracking, staffing coordination, and operational efficiency across the firm’s pract… Legal Jobs",[]
junior data analyst,Operations Junior Data & Staffing Analyst,Kahana & Feld Llp,"Huntington, Orange County",72800.0,83200.0,Legal Jobs,2026-08-09 06:24:44+00:00,"The Operations Junior Data & Staffing Analyst supports the firm’s leadership, practice groups, and administrative departments by collecting, organizing, and analyzing data across multiple systems to drive strategic and operational initiatives. This position works closely with Practice Group Management, Legal and People Operations, Finance, and Practice Group leadership to support workload management, utilization tracking, staffing coordination, and operational efficiency across the firm’s pract…",https://www.adzuna.com/details/5834549985?utm_medium=api&utm_source=e45342b0,"Operations Junior Data & Staffing Analyst The Operations Junior Data & Staffing Analyst supports the firm’s leadership, practice groups, and administrative departments by collecting, organizing, and analyzing data across multiple systems to drive strategic and operational initiatives. This position works closely with Practice Group Management, Legal and People Operations, Finance, and Practice Group leadership to support workload management, utilization tracking, staffing coordination, and operational efficiency across the firm’s pract… Legal Jobs",[]
junior data analyst,Operations Junior Data & Staffing Analyst,Kahana & Feld Llp,"Financial District, San Francisco",72800.0,83200.0,Legal Jobs,2026-08-08 23:29:26+00:00,"The Operations Junior Data & Staffing Analyst supports the firm’s leadership, practice groups, and administrative departments by collecting, organizing, and analyzing data across multiple systems to drive strategic and operational initiatives. This position works closely with Practice Group Management, Legal and People Operations, Finance, and Practice Group leadership to support workload management, utilization tracking, staffing coordination, and operational efficiency across the firm’s pract…",https://www.adzuna.com/details/5834299973?utm_medium=api&utm_source=e45342b0,"Operations Junior Data & Staffing Analyst The Operations Junior Data & Staffing Analyst supports the firm’s leadership, practice groups, and administrative departments by collecting, organizing, and analyzing data across multiple systems to drive strategic and operational initiatives. This position works closely with Practice Group Management, Legal and People Operations, Finance, and Practice Group leadership to support workload management, utilization tracking, staffing coordination, and operational efficiency across the firm’s pract… Legal Jobs",[]
junior data analyst,Junior Health Data Analyst - Hybrid/On Site,GBMC Healthcare,US,58489.0,93582.0,Healthcare & Nursing Jobs,2026-08-26 04:52:36+00:00,"Under general supervision, works collaboratively across teams within GBMC to develop and maintain data collection, measurement tools, and databases to support data analysis in support of health improvement initiatives, value-based care programs, and other health outcome data monitoring requirements. Analyses produced will assist in carrying out GBHA’s goals of improving the health and quality of care of the populations for which it is responsible, to improve their experience of care, and to red…",https://www.adzuna.com/details/5856599807?utm_medium=api&utm_source=e45342b0,"Junior Health Data Analyst - Hybrid/On Site Under general supervision, works collaboratively across teams within GBMC to develop and maintain data collection, measurement tools, and databases to support data analysis in support of health improvement initiatives, value-based care programs, and other health outcome data monitoring requirements. Analyses produced will assist in carrying out GBHA’s goals of improving the health and quality of care of the populations for which it is responsible, to improve their experience of care, and to red… Healthcare & Nursing Jobs",[]
junior data analyst,LEAD DATA SYSTEMS DEVELOPER with Security Clearance,"Alliance Global Group, LLC ","Redstone Arsenal, Madison County",99871.02,99871.02,IT Jobs,2026-08-19 15:24:41+00:00,"Lead Data Systems Developer Redstone Arsenal, Huntsville, Alabama | Contingent Upon Award Alliance Global Group LLC (AGG) is a growing Small Service-Disabled Veteran-Owned company providing Foreign Military Sales (FMS), Administrative and Program Management, Financial Management, Information Technology, Logistics and Facilities Support Services, and Litigation Support. AGG prides itself on providing outstanding customer service and expert solutions to complex challenges. About the Opportunity A…",https://www.adzuna.com/land/ad/5848678513?se=JHJb4ja78RGV2Kx8uUfkiA&utm_medium=api&utm_source=e45342b0&v=79F8F64534A9F9AFA62E5DD088FA095E5951DA39,"LEAD DATA SYSTEMS DEVELOPER with Security Clearance Lead Data Systems Developer Redstone Arsenal, Huntsville, Alabama | Contingent Upon Award Alliance Global Group LLC (AGG) is a growing Small Service-Disabled Veteran-Owned company providing Foreign Military Sales (FMS), Administrative and Program Management, Financial Management, Information Technology, Logistics and Facilities Support Services, and Litigation Support. AGG prides itself on providing outstanding customer service and expert solutions to complex challenges. About the Opportunity A… IT Jobs",[]
junior data analyst,Senior Data Analyst with Security Clearance,Cape Fox,"Redstone Arsenal, Madison County",130419.95,130419.95,IT Jobs,2026-08-25 23:54:21+00:00,"Cape Fox subsidiary, Cape Fox Federal Integrators, LLC (CFFI) is seeking an experienced Senior Data Analyst to join our team in support of U.S. Army Aviation and Missile Command (AMCOM) AMCOM Logistics Center (ALC) Supply Chain Management Directorate (SCMD) requirements at Redstone Arsenal in Huntsville, Alabama. In this role, the Senior Data Analyst serves as the Lead for Data Analytics and Modeling and leads advanced data analytics and predictive modeling in support of supply chain analysis. …",https://www.adzuna.com/land/ad/5856340309?se=JHJb4ja78RGV2Kx8uUfkiA&utm_medium=api&utm_source=e45342b0&v=9E97F8CDF4954E33A41747CE8819C9AE83C76EA1,"Senior Data Analyst with Security Clearance Cape Fox subsidiary, Cape Fox Federal Integrators, LLC (CFFI) is seeking an experienced Senior Data Analyst to join our team in support of U.S. Army Aviation and Missile Command (AMCOM) AMCOM Logistics Center (ALC) Supply Chain Management Directorate (SCMD) requirements at Redstone Arsenal in Huntsville, Alabama. In this role, the Senior Data Analyst serves as the Lead for Data Analytics and Modeling and leads advanced data analytics and predictive modeling in support of supply chain analysis. … IT Jobs",[]
junior data analyst,Economic Data Analyst (Junior Economist) with Security Clearance,Guidehouse,"State Farm, Arlington County",152439.72,152439.72,Consultancy Jobs,2026-09-15 16:05:42+00:00,"Job Family : Data Science Consulting Travel Required : Up to 10% Clearance Required : Ability to Obtain Public Trust What You Will Do: Guidehouse is seeking a Junior Economic Analyst to support federal and state workforce, labor market, and program integrity initiatives. The successful candidate will leverage economic research, statistical analysis, and data analytics techniques to evaluate program performance, identify trends, and provide actionable insights that support evidence-based decisio…",https://www.adzuna.com/land/ad/5885090443?se=JHJb4ja78RGV2Kx8uUfkiA&utm_medium=api&utm_source=e45342b0&v=4E175954B0151620EC54DE40D6F688DAF5D74D67,"Economic Data Analyst (Junior Economist) with Security Clearance Job Family : Data Science Consulting Travel Required : Up to 10% Clearance Required : Ability to Obtain Public Trust What You Will Do: Guidehouse is seeking a Junior Economic Analyst to support federal and state workforce, labor market, and program integrity initiatives. The successful candidate will leverage economic research, statistical analysis, and data analytics techniques to evaluate program performance, identify trends, and provide actionable insights that support evidence-based decisio… Consultancy Jobs",[]
junior data analyst,Logistics Data Analyst with Security Clearance,Ataero,"Huntsville, Madison County",111453.17,111453.17,IT Jobs,2026-09-22 14:36:36+00:00,"POSITION SUMMARY The Senior Data Analyst leads data analytics and modeling activities supporting Centralized Distribution Activities operations. The analyst oversees descriptive and predictive analytical products, establishes sound analytical methods and quality controls, and mentors junior analysts supporting Army logistics and supply-chain decisions. ESSENTIAL DUTIES AND RESPONSIBILITIES * Lead descriptive, diagnostic, and predictive analysis of Army logistics and supply-chain data. * Apply d…",https://www.adzuna.com/land/ad/5894255757?se=JHJb4ja78RGV2Kx8uUfkiA&utm_medium=api&utm_source=e45342b0&v=D408A98A37D3D1716DE03E39BF4345E71C78A27C,"Logistics Data Analyst with Security Clearance POSITION SUMMARY The Senior Data Analyst leads data analytics and modeling activities supporting Centralized Distribution Activities operations. The analyst oversees descriptive and predictive analytical products, establishes sound analytical methods and quality controls, and mentors junior analysts supporting Army logistics and supply-chain decisions. ESSENTIAL DUTIES AND RESPONSIBILITIES * Lead descriptive, diagnostic, and predictive analysis of Army logistics and supply-chain data. * Apply d… IT Jobs",[]
junior data analyst,Junior Systems Developer & Data Analyst,Saalex,"Ridgecrest, Kern County",80806.47,80806.47,IT Jobs,2026-09-15 16:52:44+00:00,"Saalex is seeking a Junior Systems Developer & Data Analyst in Ridgecrest, CA to support the Aircrew Electronic Warfare Tactical Training Ranges Integrated Product Team. This position is responsible for maintaining and enhancing an internal operations and project management application, automating workflows, developing data pipelines, and creating Power BI dashboards that provide program leadership with visibility into training range activities. The position will primarily support a custom Shar…",https://www.adzuna.com/details/5885139171?utm_medium=api&utm_source=e45342b0,"Junior Systems Developer & Data Analyst Saalex is seeking a Junior Systems Developer & Data Analyst in Ridgecrest, CA to support the Aircrew Electronic Warfare Tactical Training Ranges Integrated Product Team. This position is responsible for maintaining and enhancing an internal operations and project management application, automating workflows, developing data pipelines, and creating Power BI dashboards that provide program leadership with visibility into training range activities. The position will primarily support a custom Shar… IT Jobs",['power bi']
junior data analyst,Junior Data Scientist/Analyst/Java full stack developer,SynergisticIT,"Highland Park, Dallas",78000.0,127000.0,IT Jobs,2026-09-27 20:51:38+00:00,"Your Resume Isn't the Problem — Your Positioning Is No Interviews or no Offers Isn't for a Lack of Experience. It's for the Lack of a relevant Updated Tech stack! Most job seekers blame their resume when they don't get interviews, but the real issue is positioning. Employers want candidates who demonstrate practical skills, confidence, and readiness. SynergisticIT helps you build that profile through hands‐on training, real projects, and personalized interview coaching. The program also markets…",https://www.adzuna.com/details/5900999577?utm_medium=api&utm_source=e45342b0,"Junior Data Scientist/Analyst/Java full stack developer Your Resume Isn't the Problem — Your Positioning Is No Interviews or no Offers Isn't for a Lack of Experience. It's for the Lack of a relevant Updated Tech stack! Most job seekers blame their resume when they don't get interviews, but the real issue is positioning. Employers want candidates who demonstrate practical skills, confidence, and readiness. SynergisticIT helps you build that profile through hands‐on training, real projects, and personalized interview coaching. The program also markets… IT Jobs",['java']
junior data analyst,Junior Data Scientist/Analyst/Java full stack developer,SynergisticIT,"North Branch, Dallas",83000.0,127000.0,IT Jobs,2026-09-27 20:47:48+00:00,"Your Tech Skills Are Still Relevant — Let’s Prove It ! Let’s Get you Hired with a Process Many job seekers assume their skills have expired simply because they’ve been out of the workforce or recently laid off. But the truth is, your foundation is still valuable — it just needs sharpening. SynergisticIT helps you refresh your technical abilities through hands‑on tech stack updation, real‑world projects, and updated tools that match today’s hiring standards. You’ll also receive interview prepara…",https://www.adzuna.com/details/5900972541?utm_medium=api&utm_source=e45342b0,"Junior Data Scientist/Analyst/Java full stack developer Your Tech Skills Are Still Relevant — Let’s Prove It ! Let’s Get you Hired with a Process Many job seekers assume their skills have expired simply because they’ve been out of the workforce or recently laid off. But the truth is, your foundation is still valuable — it just needs sharpening. SynergisticIT helps you refresh your technical abilities through hands‑on tech stack updation, real‑world projects, and updated tools that match today’s hiring standards. You’ll also receive interview prepara… IT Jobs",['java']
junior data analyst,Junior Data Scientist/data Engineer/Analyst - Junior (Remote),SynergisticIT,"Minneapolis, Hennepin County",78000.0,127000.0,IT Jobs,2026-09-27 20:53:31+00:00,"Easy Apply Is Not a Job Search One-Click Apply Trains You to Expect Silence LinkedIn Easy Apply feels like work. It is not. Data analyst hiring managers want SQL, a visual portfolio, and a story about a KPI you moved. They do not want another generic ""detail-oriented Excel user.” If you never hear back, the button is doing what it was designed to do: collect volume, not champion you. Show the Work in 30 Seconds You create dashboards, data-quality stories, and business cases a recruiter can scan…",https://www.adzuna.com/details/5901008991?utm_medium=api&utm_source=e45342b0,"Junior Data Scientist/data Engineer/Analyst - Junior (Remote) Easy Apply Is Not a Job Search One-Click Apply Trains You to Expect Silence LinkedIn Easy Apply feels like work. It is not. Data analyst hiring managers want SQL, a visual portfolio, and a story about a KPI you moved. They do not want another generic ""detail-oriented Excel user.” If you never hear back, the button is doing what it was designed to do: collect volume, not champion you. Show the Work in 30 Seconds You create dashboards, data-quality stories, and business cases a recruiter can scan… IT Jobs","['sql', 'excel']"
junior data analyst,Neuroimaging Data Analyst Junior,University of Pennsylvania,US,55452.0,68640.0,Scientific & QA Jobs,2026-08-18 03:11:57+00:00,"University Overview The University of Pennsylvania, the largest private employer in Philadelphia, is a world-renowned leader in education, research, and innovation. This historic, Ivy League school consistently ranks among the top 10 universities in the annual U.S. News & World Report survey. Penn has 12 highly-regarded schools that provide opportunities for undergraduate, graduate and continuing education, all influenced by Penn’s distinctive interdisciplinary approach to scholarship and learn…",https://www.adzuna.com/details/5846229337?utm_medium=api&utm_source=e45342b0,"Neuroimaging Data Analyst Junior University Overview The University of Pennsylvania, the largest private employer in Philadelphia, is a world-renowned leader in education, research, and innovation. This historic, Ivy League school consistently ranks among the top 10 universities in the annual U.S. News & World Report survey. Penn has 12 highly-regarded schools that provide opportunities for undergraduate, graduate and continuing education, all influenced by Penn’s distinctive interdisciplinary approach to scholarship and learn… Scientific & QA Jobs",[]
junior data analyst,Neuroimaging Data Analyst Junior,University of Pennsylvania,"William Penn Annex East, Philadelphia County",56032.66,56032.66,Scientific & QA Jobs,2026-06-03 20:51:58+00:00,"Hybrid Eligible Med Sch Richards Building - 5th Floor Full time JR00121050 University Overview The University of Pennsylvania, the largest private employer in Philadelphia, is a world-renowned leader in education, research, and innovation. This historic, Ivy League school consistently ranks among the top 10 universities in the annual U.S. News & World Report survey. Penn has 12 highly-regarded schools that provide opportunities for undergraduate, graduate and continuing education, all influence…",https://www.adzuna.com/details/5751323083?utm_medium=api&utm_source=e45342b0,"Neuroimaging Data Analyst Junior Hybrid Eligible Med Sch Richards Building - 5th Floor Full time JR00121050 University Overview The University of Pennsylvania, the largest private employer in Philadelphia, is a world-renowned leader in education, research, and innovation. This historic, Ivy League school consistently ranks among the top 10 universities in the annual U.S. News & World Report survey. Penn has 12 highly-regarded schools that provide opportunities for undergraduate, graduate and continuing education, all influence… Scientific & QA Jobs",[]
junior data analyst,Data Analyst – Junior / Middle,Careerswift,US,65000.0,100000.0,IT Jobs,2026-08-30 08:08:52+00:00,"We are looking for a Data Analyst to join our team and help turn data into actionable insights. You will work with business and product teams to analyze data, identify trends, and create reports that support better decision-making. This role is suitable for both Junior and Middle-level candidates , depending on experience. Responsibilities Collect, clean, and analyze data from different sources. Prepare reports, dashboards, and data visualizations. Identify trends, patterns, and opportunities i…",https://www.adzuna.com/details/5862211308?utm_medium=api&utm_source=e45342b0,"Data Analyst – Junior / Middle We are looking for a Data Analyst to join our team and help turn data into actionable insights. You will work with business and product teams to analyze data, identify trends, and create reports that support better decision-making. This role is suitable for both Junior and Middle-level candidates , depending on experience. Responsibilities Collect, clean, and analyze data from different sources. Prepare reports, dashboards, and data visualizations. Identify trends, patterns, and opportunities i… IT Jobs",[]
junior data analyst,Senior Architectural Modeler with Security Clearance,Soliel LLC,"Lee Hall, Newport News City",214673.3,214673.3,IT Jobs,2026-09-24 10:06:05+00:00,"Senior Architectural Modeler / Data Steward ABOUT US: Soliel is an innovative, premium engineering company specializing in providing Enterprise Architecture, Network Design, Engineering, and Operations Support, Software Design and Development, Data Center Design, Deployment and Migration, and Systems Engineering services for both public and private sectors. Our Federal systems integration team manages the complexity inherent with technology change, from requirements planning to architecture, te…",https://www.adzuna.com/land/ad/5896927703?se=JHJb4ja78RGV2Kx8uUfkiA&utm_medium=api&utm_source=e45342b0&v=CC84AB4F0DF873F5E960CC17B95583045DF302E8,"Senior Architectural Modeler with Security Clearance Senior Architectural Modeler / Data Steward ABOUT US: Soliel is an innovative, premium engineering company specializing in providing Enterprise Architecture, Network Design, Engineering, and Operations Support, Software Design and Development, Data Center Design, Deployment and Migration, and Systems Engineering services for both public and private sectors. Our Federal systems integration team manages the complexity inherent with technology change, from requirements planning to architecture, te… IT Jobs",[]
junior data analyst,Junior java developer /Data Analyst/Scientist,SynergisticIT,"Los Angeles, Los Angeles County",82000.0,127000.0,IT Jobs,2026-09-27 20:45:30+00:00,"Your Tech Career Is Still Within Reach? Rebuild Momentum With a Placement Process Even if you’ve been rejected, laid off, or out of the field for years, your tech career is still within reach. SynergisticIT helps you rebuild your confidence and sharpen your skills through hands‑on real‑world projects. You’ll also receive interview coaching and resume optimization that highlight your strengths. Also get marketed directly to Fortune 500 companies, giving you access to opportunities that most job …",https://www.adzuna.com/details/5900960811?utm_medium=api&utm_source=e45342b0,"Junior java developer /Data Analyst/Scientist Your Tech Career Is Still Within Reach? Rebuild Momentum With a Placement Process Even if you’ve been rejected, laid off, or out of the field for years, your tech career is still within reach. SynergisticIT helps you rebuild your confidence and sharpen your skills through hands‑on real‑world projects. You’ll also receive interview coaching and resume optimization that highlight your strengths. Also get marketed directly to Fortune 500 companies, giving you access to opportunities that most job … IT Jobs",['java']
junior data analyst,Senior Data Analyst with Security Clearance,"Castellum, Inc.","Washington, D.C., US",131874.77,131874.77,IT Jobs,2026-09-11 12:10:49+00:00,"JOB SUMMARY Corvus Consulting, LLC is seeking a highly skilled and detail‑oriented Senior Data Analyst to support mission-critical initiatives for the U.S. Department of Justice (USDOJ). This role serves as a key technical and analytical lead responsible for evaluating complex systems, optimizing data flows, and delivering advanced insights across multiple platforms and environments. The Senior Data Analyst will partner closely with legal, operational, and IT teams to run sophisticated queries,…",https://www.adzuna.com/land/ad/5879943840?se=pLTt4ja78RGGQ9u1mQKVdw&utm_medium=api&utm_source=e45342b0&v=A6D63DE1A2D95123BE8DAC130C02B92FEF7D93BB,"Senior Data Analyst with Security Clearance JOB SUMMARY Corvus Consulting, LLC is seeking a highly skilled and detail‑oriented Senior Data Analyst to support mission-critical initiatives for the U.S. Department of Justice (USDOJ). This role serves as a key technical and analytical lead responsible for evaluating complex systems, optimizing data flows, and delivering advanced insights across multiple platforms and environments. The Senior Data Analyst will partner closely with legal, operational, and IT teams to run sophisticated queries,… IT Jobs",[]
junior data analyst,Risk and Data Analytics Junior Analyst,Archer Daniels Midland,US,97301.62,97301.62,Accounting & Finance Jobs,2026-09-17 11:15:07+00:00,"Risk and Data Analytics Junior Analyst (m/f/d) Your Key Responsibilities Provide back up support for daily risk reporting (VaR, Margin At Risk (MaR), stress testing, Greeks, etc.). Support and improve risk reporting cycle (data source structures, production process, early delivery of critical reports, etc.). Ensure the four-eyes principle is applied. Improve current reconciliation structure, develop validation and quality controls with new data models to increase transparency. Support projects …",https://www.adzuna.com/details/5887834189?utm_medium=api&utm_source=e45342b0,"Risk and Data Analytics Junior Analyst Risk and Data Analytics Junior Analyst (m/f/d) Your Key Responsibilities Provide back up support for daily risk reporting (VaR, Margin At Risk (MaR), stress testing, Greeks, etc.). Support and improve risk reporting cycle (data source structures, production process, early delivery of critical reports, etc.). Ensure the four-eyes principle is applied. Improve current reconciliation structure, develop validation and quality controls with new data models to increase transparency. Support projects … Accounting & Finance Jobs",[]
junior data analyst,Business Analyst IV with Security Clearance,Keaki Technologies,"Rosslyn, Arlington County",132590.17,132590.17,IT Jobs,2026-08-01 03:21:54+00:00,"Bering-Alaka`ina Holdings, LLC is looking for a Junior Data Analyst/BI Analyst to support our government customer located in the National Capital Region (NCR) . DESCRIPTION OF RESPONSIBILITIES: * Design, develop, and maintain Power BI dashboards, reports, and reusable datasets. * Create interactive visualizations that communicate KPIs, trends, and operational performance. * Build and optimize data models using DAX, Power Query, and Dataflows. * Integrate data from multiple sources, including SQ…",https://www.adzuna.com/land/ad/5823499466?se=pLTt4ja78RGGQ9u1mQKVdw&utm_medium=api&utm_source=e45342b0&v=2116276C3966DDACB933B3293A092D9CBE5B2E15,"Business Analyst IV with Security Clearance Bering-Alaka`ina Holdings, LLC is looking for a Junior Data Analyst/BI Analyst to support our government customer located in the National Capital Region (NCR) . DESCRIPTION OF RESPONSIBILITIES: * Design, develop, and maintain Power BI dashboards, reports, and reusable datasets. * Create interactive visualizations that communicate KPIs, trends, and operational performance. * Build and optimize data models using DAX, Power Query, and Dataflows. * Integrate data from multiple sources, including SQ… IT Jobs",['power bi']
junior data analyst,Senior Data Analyst - Redstone Arsenal,MbSolutions Inc,"Redstone Arsenal, Madison County",89128.02,89128.02,IT Jobs,2026-08-15 18:03:55+00:00,"Position Summary The Senior Data Analyst will serve as the lead for Data Analytics and Modeling , in accordance with PWS 2.5.8.2 . This position is responsible for overseeing the development of descriptive and predictive analytical products that support operational, logistics, and supply chain decision-making. The Senior Data Analyst will apply advanced analytical techniques to complex datasets, develop models and visualizations, identify meaningful trends, and translate analytical findings int…",https://www.adzuna.com/details/5843457115?utm_medium=api&utm_source=e45342b0,"Senior Data Analyst - Redstone Arsenal Position Summary The Senior Data Analyst will serve as the lead for Data Analytics and Modeling , in accordance with PWS 2.5.8.2 . This position is responsible for overseeing the development of descriptive and predictive analytical products that support operational, logistics, and supply chain decision-making. The Senior Data Analyst will apply advanced analytical techniques to complex datasets, develop models and visualizations, identify meaningful trends, and translate analytical findings int… IT Jobs",[]
junior data analyst,Economic Data Analyst (Junior Economist),Guidehouse,"Arlington, Arlington County",132884.36,132884.36,Consultancy Jobs,2026-09-17 06:42:23+00:00,"Job Family : Data Science Consulting Travel Required : Up to 10% Clearance Required : Ability to Obtain Public Trust What You Will Do: Guidehouse is seeking a Junior Economic Analyst to support federal and state workforce, labor market, and program integrity initiatives. The successful candidate will leverage economic research, statistical analysis, and data analytics techniques to evaluate program performance, identify trends, and provide actionable insights that support evidence-based decisio…",https://www.adzuna.com/details/5887517065?utm_medium=api&utm_source=e45342b0,"Economic Data Analyst (Junior Economist) Job Family : Data Science Consulting Travel Required : Up to 10% Clearance Required : Ability to Obtain Public Trust What You Will Do: Guidehouse is seeking a Junior Economic Analyst to support federal and state workforce, labor market, and program integrity initiatives. The successful candidate will leverage economic research, statistical analysis, and data analytics techniques to evaluate program performance, identify trends, and provide actionable insights that support evidence-based decisio… Consultancy Jobs",[]
junior data analyst,Economic Data Analyst (Junior Economist),Guidehouse,"Fort Myer, Arlington County",130711.06,130711.06,Consultancy Jobs,2026-09-20 07:00:44+00:00,"Job Family : Data Science Consulting Travel Required : Up to 10% Clearance Required : Ability to Obtain Public Trust What You Will Do: Guidehouse is seeking a Junior Economic Analyst to support federal and state workforce, labor market, and program integrity initiatives. The successful candidate will leverage economic research, statistical analysis, and data analytics techniques to evaluate program performance, identify trends, and provide actionable insights that support evidence-based decisio…",https://www.adzuna.com/details/5891649727?utm_medium=api&utm_source=e45342b0,"Economic Data Analyst (Junior Economist) Job Family : Data Science Consulting Travel Required : Up to 10% Clearance Required : Ability to Obtain Public Trust What You Will Do: Guidehouse is seeking a Junior Economic Analyst to support federal and state workforce, labor market, and program integrity initiatives. The successful candidate will leverage economic research, statistical analysis, and data analytics techniques to evaluate program performance, identify trends, and provide actionable insights that support evidence-based decisio… Consultancy Jobs",[]
junior data analyst,SENIOR DATA ANALYST,Dayton Roger's,"Mississippi, US",66423.71,66423.71,IT Jobs,2026-09-13 07:45:28+00:00,"Position: Senior Data Analyst Job Type: (Remote) Dayton Roger's Contract is a leading provider of contract services in the Dayton area. We specialize in providing high-quality, reliable, and cost-effective solutions to our clients. With over 20 years of experience, we have built a strong reputation for delivering exceptional services and exceeding client expectations. Job Summary: We are seeking a highly skilled Senior Data Analyst to join our growing team. The Senior Data Analyst will be respo…",https://www.adzuna.com/details/5882586037?utm_medium=api&utm_source=e45342b0,"SENIOR DATA ANALYST Position: Senior Data Analyst Job Type: (Remote) Dayton Roger's Contract is a leading provider of contract services in the Dayton area. We specialize in providing high-quality, reliable, and cost-effective solutions to our clients. With over 20 years of experience, we have built a strong reputation for delivering exceptional services and exceeding client expectations. Job Summary: We are seeking a highly skilled Senior Data Analyst to join our growing team. The Senior Data Analyst will be respo… IT Jobs",[]
junior data analyst,SAP BRIM CONSULTANTS,"Advent Global Solutions, Inc.","Elkins Park, Montgomery County",69137.41,69137.41,IT Jobs,2026-08-31 02:05:51+00:00,"MUST : While applying send 3 Professional manager or director level references with there email ID, designation and contact number., Job Role of the below younlike to apply needed  SAP BRIM Data Migration Architect (Senior, Architect, Junior) SAP Functional BRIM Specialist - CI (Convergent Invoicing) (Senior, Specialist, Junior) SAP Functional BRIM Specialist - FICA (Contract Accounts Receivable & Payable) (Senior, Specialist, Junior) SAP ABAP Developer - SAP S/4HANA / BRIM / FICA / Fiori - (Se…",https://www.adzuna.com/land/ad/5862791985?se=pLTt4ja78RGGQ9u1mQKVdw&utm_medium=api&utm_source=e45342b0&v=4EDACF723FF9954057217E4F45623905C7FF7969,"SAP BRIM CONSULTANTS MUST : While applying send 3 Professional manager or director level references with there email ID, designation and contact number., Job Role of the below younlike to apply needed  SAP BRIM Data Migration Architect (Senior, Architect, Junior) SAP Functional BRIM Specialist - CI (Convergent Invoicing) (Senior, Specialist, Junior) SAP Functional BRIM Specialist - FICA (Contract Accounts Receivable & Payable) (Senior, Specialist, Junior) SAP ABAP Developer - SAP S/4HANA / BRIM / FICA / Fiori - (Se… IT Jobs",[]
junior data analyst,Senior Data Analyst,Systems Technology & Research Inc.,"Redstone Arsenal, Madison County",107283.59,107283.59,IT Jobs,2026-09-01 17:59:26+00:00,"Job Description: Systems Technology & Research, Inc. (STaR) is seeking a Senior Data Analyst to support a U.S. Army organization located at Redstone Arsenal, Alabama. The Senior Data Analyst will serve as the lead for data analytics and modeling, overseeing the development and delivery of descriptive and predictive analytical products. This role will also provide technical leadership and mentorship to junior data analysts, ensuring high-quality, data-driven solutions that support organizational…",https://www.adzuna.com/details/5865339088?utm_medium=api&utm_source=e45342b0,"Senior Data Analyst Job Description: Systems Technology & Research, Inc. (STaR) is seeking a Senior Data Analyst to support a U.S. Army organization located at Redstone Arsenal, Alabama. The Senior Data Analyst will serve as the lead for data analytics and modeling, overseeing the development and delivery of descriptive and predictive analytical products. This role will also provide technical leadership and mentorship to junior data analysts, ensuring high-quality, data-driven solutions that support organizational… IT Jobs",[]
junior data analyst,Senior Data Analyst with Security Clearance,PingWind Inc.,"Huntsville, Madison County",120602.52,120602.52,IT Jobs,2026-08-26 15:54:10+00:00,"Location: Redstone Arsenal - Huntsville, AL Required Clearance: Secret Certifications: None Required Education: Bachelor's degree in Data Science, Data Analytics, Operations Research, Statistics, Mathematics, Computer Science, Business Analytics, or a closely related quantitative field. Required Experience: Minimum of seven (7) years of professional experience in data analytics, data science, statistical analysis, operations research, or a related analytical discipline.Minimum of three (3) year…",https://www.adzuna.com/land/ad/5857229792?se=pLTt4ja78RGGQ9u1mQKVdw&utm_medium=api&utm_source=e45342b0&v=5B045E8D57C0EAD79867322294D6803DCBD8D293,"Senior Data Analyst with Security Clearance Location: Redstone Arsenal - Huntsville, AL Required Clearance: Secret Certifications: None Required Education: Bachelor's degree in Data Science, Data Analytics, Operations Research, Statistics, Mathematics, Computer Science, Business Analytics, or a closely related quantitative field. Required Experience: Minimum of seven (7) years of professional experience in data analytics, data science, statistical analysis, operations research, or a related analytical discipline.Minimum of three (3) year… IT Jobs",['statistics']
junior data analyst,BI Data Analyst /Data scientist- Junior Level (Remote),SynergisticIT,"Washington, Washington, D.C.",79000.0,127000.0,IT Jobs,2026-09-27 20:44:37+00:00,"Interviews and Job offers? Let’s make it happen with a Process which works Since 2010, we’ve helped thousands of candidates land full-time jobs at tech leaders like Google, Apple, PayPal, Visa, Western Union, Wells Fargo, Intel, Paypal, JPMC, Wayfair, BOA, CITI and hundreds more with Job offers of $95k to $154k. Synergisticit focuses on closing the gap between your tech skills and what employers want now. You’re not alone—and you’re not the problem. The reality? Most CS grads struggle to land i…",https://www.adzuna.com/details/5900956601?utm_medium=api&utm_source=e45342b0,"BI Data Analyst /Data scientist- Junior Level (Remote) Interviews and Job offers? Let’s make it happen with a Process which works Since 2010, we’ve helped thousands of candidates land full-time jobs at tech leaders like Google, Apple, PayPal, Visa, Western Union, Wells Fargo, Intel, Paypal, JPMC, Wayfair, BOA, CITI and hundreds more with Job offers of $95k to $154k. Synergisticit focuses on closing the gap between your tech skills and what employers want now. You’re not alone—and you’re not the problem. The reality? Most CS grads struggle to land i… IT Jobs",[]
junior data analyst,Junior data scientist/Data BI analyst,SynergisticIT,US,79000.0,127000.0,IT Jobs,2026-09-27 20:44:01+00:00,"100’s of Job Applications and No Interviews or Job offers? Get Hired with a Process If you’ve been unemployed for over 3-6 months, you’re not alone—and you’re not out of options. The tech industry is competitive, and having a career gap can make it harder to get callbacks. But at SynergisticIT, we specialize in helping candidates like you regain momentum, rebuild confidence, and get hired. Why You’re Being Overlooked—and How We Can Help Many employers today don’t just want a degree—they’re look…",https://www.adzuna.com/details/5900954742?utm_medium=api&utm_source=e45342b0,"Junior data scientist/Data BI analyst 100’s of Job Applications and No Interviews or Job offers? Get Hired with a Process If you’ve been unemployed for over 3-6 months, you’re not alone—and you’re not out of options. The tech industry is competitive, and having a career gap can make it harder to get callbacks. But at SynergisticIT, we specialize in helping candidates like you regain momentum, rebuild confidence, and get hired. Why You’re Being Overlooked—and How We Can Help Many employers today don’t just want a degree—they’re look… IT Jobs",[]
junior data analyst,"Data Architect (Snowflake & DBT) - Chicago, IL","Lorven Technologies, Inc.","Schiller Park, Cook County",117137.58,117137.58,IT Jobs,2026-09-18 16:11:44+00:00,"Job Title: Data Architect (Snowflake & DBT) Location: Chicago, IL About the Role: We are seeking a skilled Data Architect with deep expertise in cloud data warehousing, particularly with Snowflake, and experience building robust data transformation pipelines using DBT (Data Build Tool). The ideal candidate will design scalable data architectures, implement best practices for data modelling, and collaborate with cross-functional teams to ensure data quality, accessibility, and security. Key Resp…",https://www.adzuna.com/land/ad/5889749804?se=pLTt4ja78RGGQ9u1mQKVdw&utm_medium=api&utm_source=e45342b0&v=9CCBDC851DF88F3E1B15C1B120D483142B68A8BC,"Data Architect (Snowflake & DBT) - Chicago, IL Job Title: Data Architect (Snowflake & DBT) Location: Chicago, IL About the Role: We are seeking a skilled Data Architect with deep expertise in cloud data warehousing, particularly with Snowflake, and experience building robust data transformation pipelines using DBT (Data Build Tool). The ideal candidate will design scalable data architectures, implement best practices for data modelling, and collaborate with cross-functional teams to ensure data quality, accessibility, and security. Key Resp… IT Jobs","['snowflake', 'data warehousing']"
junior data analyst,Jr. Data Analyst,Continuus Technologies LLC,"Germantown, Washington County",64452.99,64452.99,IT Jobs,2026-02-11 14:56:37+00:00,"Role Summary The Junior Data Analyst supports data collection, analysis, and reporting efforts to help teams make informed business decisions. This role focuses on transforming raw data into clear insights through dashboards, reports, and basic analytical models, while developing strong data and business acumen. Key Responsibilities Collect, clean, and validate data from multiple sources Create and maintain reports, dashboards, and visualizations Analyze trends, patterns, and performance metric…",https://www.adzuna.com/details/5624661076?utm_medium=api&utm_source=e45342b0,"Jr. Data Analyst Role Summary The Junior Data Analyst supports data collection, analysis, and reporting efforts to help teams make informed business decisions. This role focuses on transforming raw data into clear insights through dashboards, reports, and basic analytical models, while developing strong data and business acumen. Key Responsibilities Collect, clean, and validate data from multiple sources Create and maintain reports, dashboards, and visualizations Analyze trends, patterns, and performance metric… IT Jobs",[]
junior data analyst,Senior Data Analyst,Alliance Global Group,US,105924.95,105924.95,IT Jobs,2026-09-24 08:53:15+00:00,"Senior Data Analyst Alliance Global Group LLC | Redstone Arsenal, Huntsville, Alabama | Contingent Upon Award Alliance Global Group LLC (AGG) is a growing Small Service-Disabled Veteran-Owned company providing Foreign Military Sales (FMS), Administrative and Program Management, Financial Management, Information Technology, Logistics and Facilities Support Services, and Litigation Support. AGG prides itself on providing outstanding customer service and expert solutions to complex challenges. Abo…",https://www.adzuna.com/details/5896865639?utm_medium=api&utm_source=e45342b0,"Senior Data Analyst Senior Data Analyst Alliance Global Group LLC | Redstone Arsenal, Huntsville, Alabama | Contingent Upon Award Alliance Global Group LLC (AGG) is a growing Small Service-Disabled Veteran-Owned company providing Foreign Military Sales (FMS), Administrative and Program Management, Financial Management, Information Technology, Logistics and Facilities Support Services, and Litigation Support. AGG prides itself on providing outstanding customer service and expert solutions to complex challenges. Abo… IT Jobs",[]
junior data analyst,Senior Data Analyst,"LogZone, Inc.","Redstone Arsenal, Madison County",112311.57,112311.57,IT Jobs,2026-09-26 19:31:48+00:00,"LOGZONE is a premier Veterans Administration-Certified Service-Disabled Veteran-Owned (SDVOSB) firm. Since 2007, LOGZONE has provided services in Logistics and Material Management, Facilities Operations and Maintenance, Integrated Logistics Support and Planning, and Medical Support. We strive to provide quality support services throughout the project life cycle. Our ability to remain a responsive resource to our customers and partner companies has allowed us to earn their trust and build positi…",https://www.adzuna.com/details/5900033015?utm_medium=api&utm_source=e45342b0,"Senior Data Analyst LOGZONE is a premier Veterans Administration-Certified Service-Disabled Veteran-Owned (SDVOSB) firm. Since 2007, LOGZONE has provided services in Logistics and Material Management, Facilities Operations and Maintenance, Integrated Logistics Support and Planning, and Medical Support. We strive to provide quality support services throughout the project life cycle. Our ability to remain a responsive resource to our customers and partner companies has allowed us to earn their trust and build positi… IT Jobs",[]
junior data analyst,Senior Data Analyst,The Lockwood Group,"Huntsville, Madison County",91278.19,91278.19,Trade & Construction Jobs,2026-08-18 05:17:40+00:00,"Project Overview: U.S. Army Aviation and Missile Command (AMCOM) is responsible for life-cycle fleet management, sustainment, logistics, and maintenance for Army aviation platforms and missile systems. The Senior Data Analyst will work at Redstone Arsenal and be the lead for Data Analytics and Modeling and oversee descriptive/predictive products and mentor junior data analysts. Required experience: Bachelor’s in Data Science, Operations Research or related field 7 years experience in analytics,…",https://www.adzuna.com/details/5846410095?utm_medium=api&utm_source=e45342b0,"Senior Data Analyst Project Overview: U.S. Army Aviation and Missile Command (AMCOM) is responsible for life-cycle fleet management, sustainment, logistics, and maintenance for Army aviation platforms and missile systems. The Senior Data Analyst will work at Redstone Arsenal and be the lead for Data Analytics and Modeling and oversee descriptive/predictive products and mentor junior data analysts. Required experience: Bachelor’s in Data Science, Operations Research or related field 7 years experience in analytics,… Trade & Construction Jobs",[]
junior data analyst,Economic Research Analyst / Junior Data Scientist - 1089,Lightcast,"University, Latah County",44395.25,44395.25,Scientific & QA Jobs,2026-09-26 23:12:00+00:00,"Economic Research Analyst / Junior Data Scientist - 1089 Important information before applying: Location: This position is based on-site in Moscow, Idaho, and requires five days per week in the office. We will consider only candidates who currently live locally or are willing to relocate. Work Authorization: To respect your time, we cannot provide employment visa sponsorship for this position now or in the future. Before applying, please confirm that you are authorized to work in the United Sta…",https://www.adzuna.com/details/5900235263?utm_medium=api&utm_source=e45342b0,"Economic Research Analyst / Junior Data Scientist - 1089 Economic Research Analyst / Junior Data Scientist - 1089 Important information before applying: Location: This position is based on-site in Moscow, Idaho, and requires five days per week in the office. We will consider only candidates who currently live locally or are willing to relocate. Work Authorization: To respect your time, we cannot provide employment visa sponsorship for this position now or in the future. Before applying, please confirm that you are authorized to work in the United Sta… Scientific & QA Jobs",[]
junior data analyst,UAC Analyst - Junior,Spry Methods,"Nashville, Davidson County",50000.0,58000.0,IT Jobs,2026-08-11 22:50:22+00:00,"UAC Analyst - Junior Company Overview Spry Methods is a proven provider of mission-focused technology, cybersecurity, and program management solutions supporting critical Federal missions. We specialize in delivering integrated, high-impact solutions across cyber operations, enterprise resource management, and mission support services. Our culture emphasizes collaboration, accountability, and innovation - empowering our teams to deliver meaningful outcomes in complex, high-security environments…",https://www.adzuna.com/details/5837663008?utm_medium=api&utm_source=e45342b0,"UAC Analyst - Junior UAC Analyst - Junior Company Overview Spry Methods is a proven provider of mission-focused technology, cybersecurity, and program management solutions supporting critical Federal missions. We specialize in delivering integrated, high-impact solutions across cyber operations, enterprise resource management, and mission support services. Our culture emphasizes collaboration, accountability, and innovation - empowering our teams to deliver meaningful outcomes in complex, high-security environments… IT Jobs",[]
junior data analyst,Logistics Data Analyst,Atkinson Aeronautics,"Redstone Arsenal, Madison County",120000.0,125000.0,IT Jobs,2026-08-27 03:26:13+00:00,"Ataero is hiring! Data Analyst, Senior Redstone Arsenal, Alabama (Contingent upon contract award) POSITION SUMMARY The Senior Data Analyst leads data analytics and modeling activities supporting Centralized Distribution Activities operations. The analyst oversees descriptive and predictive analytical products, establishes sound analytical methods and quality controls, and mentors junior analysts supporting Army logistics and supply-chain decisions. ESSENTIAL DUTIES AND RESPONSIBILITIES Lead des…",https://www.adzuna.com/details/5858003298?utm_medium=api&utm_source=e45342b0,"Logistics Data Analyst Ataero is hiring! Data Analyst, Senior Redstone Arsenal, Alabama (Contingent upon contract award) POSITION SUMMARY The Senior Data Analyst leads data analytics and modeling activities supporting Centralized Distribution Activities operations. The analyst oversees descriptive and predictive analytical products, establishes sound analytical methods and quality controls, and mentors junior analysts supporting Army logistics and supply-chain decisions. ESSENTIAL DUTIES AND RESPONSIBILITIES Lead des… IT Jobs",[]
junior data analyst,SENIOR DATA ANALYST,Dayton Roger's,"Georgia, US",70778.11,70778.11,IT Jobs,2026-09-11 07:43:09+00:00,"Position: Senior Data Analyst Job Type: (Remote) Dayton Roger's Contract is a leading provider of contract services in the Dayton area. We specialize in providing high-quality, reliable and cost-effective solutions to our clients. Our team is made up of experienced professionals who are passionate about delivering exceptional results and exceeding client expectations. Job Overview: We are seeking a Senior Data Analyst to join our team on a full-time, on-site basis. The ideal candidate will have…",https://www.adzuna.com/details/5879663508?utm_medium=api&utm_source=e45342b0,"SENIOR DATA ANALYST Position: Senior Data Analyst Job Type: (Remote) Dayton Roger's Contract is a leading provider of contract services in the Dayton area. We specialize in providing high-quality, reliable and cost-effective solutions to our clients. Our team is made up of experienced professionals who are passionate about delivering exceptional results and exceeding client expectations. Job Overview: We are seeking a Senior Data Analyst to join our team on a full-time, on-site basis. The ideal candidate will have… IT Jobs",[]
junior data analyst,Entry-Level Data Analyst,Mike construction,"Los Angeles, Los Angeles County",75999.17,75999.17,IT Jobs,2023-10-25 18:56:03+00:00,"We are looking to hire a data analyst to join our data team. You will take responsibility for managing our master data set, developing reports, and troubleshooting data issues. To do well in this role you need a very fine eye for detail, experience as a data analyst, and a deep understanding of the popular data analysis tools and databases. Entry-level data analysts work on small parts of larger data analysis projects . As a junior data analyst, your broad responsibilities are to collect and an…",https://www.adzuna.com/details/4393754954?utm_medium=api&utm_source=e45342b0,"Entry-Level Data Analyst We are looking to hire a data analyst to join our data team. You will take responsibility for managing our master data set, developing reports, and troubleshooting data issues. To do well in this role you need a very fine eye for detail, experience as a data analyst, and a deep understanding of the popular data analysis tools and databases. Entry-level data analysts work on small parts of larger data analysis projects . As a junior data analyst, your broad responsibilities are to collect and an… IT Jobs",[]
junior data analyst,Senior Data & BI Specialist,Vistra,"Irving, Dallas",111930.91,111930.91,Consultancy Jobs,2026-05-20 00:15:29+00:00,"If you have what it takes to become part of the Vistra family and would like to start a promising career with a global leader, take a look at the exciting employment opportunities that are currently available and apply online. Job Summary Job Description Key Accountabilities: Developing and implementing data strategy and analytics initiatives that align with business objectives. Leading and managing cross-functional teams to execute on data initiatives and drive insights that impact business de…",https://www.adzuna.com/details/5734759112?utm_medium=api&utm_source=e45342b0,"Senior Data & BI Specialist If you have what it takes to become part of the Vistra family and would like to start a promising career with a global leader, take a look at the exciting employment opportunities that are currently available and apply online. Job Summary Job Description Key Accountabilities: Developing and implementing data strategy and analytics initiatives that align with business objectives. Leading and managing cross-functional teams to execute on data initiatives and drive insights that impact business de… Consultancy Jobs",[]
junior data analyst,Scientific Data Analyst 3,Chenega Corporation,"Fort Rucker, Dale County",93975.59,93975.59,Scientific & QA Jobs,2026-09-03 07:39:51+00:00,"Summary Come join a company that strives for _Extraordinary People and Exceptional Performance_ ! Chenega Services & Federal Solutions, LLC , a Chenega Professional Services company, is looking for a Scientific Data Analyst 3 to support the Injury Biomechanics and Protection Group (IBP) of the U.S. Army Aeromedical Research Laboratory (USAARL) to provide the scientific, programmatic, and technical support to allow responsive, high quality, and timely mission accomplishment within a flexible and…",https://www.adzuna.com/land/ad/5868816821?se=pLTt4ja78RGGQ9u1mQKVdw&utm_medium=api&utm_source=e45342b0&v=A8539259B6CE84595BE7B33A52FEFBFB8C5CD9C0,"Scientific Data Analyst 3 Summary Come join a company that strives for _Extraordinary People and Exceptional Performance_ ! Chenega Services & Federal Solutions, LLC , a Chenega Professional Services company, is looking for a Scientific Data Analyst 3 to support the Injury Biomechanics and Protection Group (IBP) of the U.S. Army Aeromedical Research Laboratory (USAARL) to provide the scientific, programmatic, and technical support to allow responsive, high quality, and timely mission accomplishment within a flexible and… Scientific & QA Jobs",[]
junior data analyst,Senior Data Analyst,Prolog,"Redstone Arsenal, Madison County",138865.2,138865.2,IT Jobs,2026-08-23 08:03:32+00:00,"ProLog, Inc. is seeking a Senior Data Analyst to lead data analytics and predictive modeling efforts supporting the U.S. Army Aviation and Missile Command (AMCOM) Logistics Center (ALC) Supply Chain Management Directorate (SCMD) at Redstone Arsenal, Alabama. The Senior Data Analyst will serve as the technical lead for data mining, statistical modeling, machine learning, and business intelligence development. This position is responsible for transforming raw Army logistics data into advanced des…",https://www.adzuna.com/details/5853618867?utm_medium=api&utm_source=e45342b0,"Senior Data Analyst ProLog, Inc. is seeking a Senior Data Analyst to lead data analytics and predictive modeling efforts supporting the U.S. Army Aviation and Missile Command (AMCOM) Logistics Center (ALC) Supply Chain Management Directorate (SCMD) at Redstone Arsenal, Alabama. The Senior Data Analyst will serve as the technical lead for data mining, statistical modeling, machine learning, and business intelligence development. This position is responsible for transforming raw Army logistics data into advanced des… IT Jobs",['machine learning']
junior data analyst,Data Scientist,Find Data Science,"San Francisco, California",115247.87,115247.87,IT Jobs,2026-08-07 02:45:39+00:00,"Data Scientist - San Francisco We are seeking a talented and experienced Data Scientist to join our dynamic team in San Francisco. As a Data Scientist, you will play a pivotal role in harnessing data to drive strategic decision-making processes and enhance our product offerings. You will work within a collaborative, innovative environment where your insights will shape our business strategies and help us remain competitive in an increasingly data-driven world. Your expertise in data analysis, m…",https://www.adzuna.com/details/5831643825?utm_medium=api&utm_source=e45342b0,"Data Scientist Data Scientist - San Francisco We are seeking a talented and experienced Data Scientist to join our dynamic team in San Francisco. As a Data Scientist, you will play a pivotal role in harnessing data to drive strategic decision-making processes and enhance our product offerings. You will work within a collaborative, innovative environment where your insights will shape our business strategies and help us remain competitive in an increasingly data-driven world. Your expertise in data analysis, m… IT Jobs",[]
junior data analyst,Jr. Data Analyst,Data Insight Partners,"College Park, Clark County",54580.53,54580.53,IT Jobs,2026-08-22 06:29:26+00:00,"Make a difference with data. Are you passionate about using data to drive positive change in education? Join our mission to help K–12 schools turn complex education data into clear, actionable insights that empower students, families, and staff. We’re looking for a Junior Data Analyst to support the creation of interactive, user-friendly data reports that make information accessible to students, families, and staff. This is an entry-level, remote role with a flexible schedule , comprehensive he…",https://www.adzuna.com/details/5852328104?utm_medium=api&utm_source=e45342b0,"Jr. Data Analyst Make a difference with data. Are you passionate about using data to drive positive change in education? Join our mission to help K–12 schools turn complex education data into clear, actionable insights that empower students, families, and staff. We’re looking for a Junior Data Analyst to support the creation of interactive, user-friendly data reports that make information accessible to students, families, and staff. This is an entry-level, remote role with a flexible schedule , comprehensive he… IT Jobs",[]
junior data analyst,Junior java microservices developer/Jr data analyst,SynergisticIT,"New York City, New York",79000.0,136000.0,IT Jobs,2026-09-27 20:44:07+00:00,"Recent Graduates: First Tech Job Support for CS, Math, and Engineering Majors Junior Java, Python, data analyst, and data scientist openings A degree proves you can learn. It does not automatically prove you can pass a production-style interview. Recent graduates are competing with bootcamp alumni, career changers, and experienced people applying down-level. That is why “I applied everywhere” still yields silence. JOPP is designed for recent CS, engineering, math, and statistics grads with limi…",https://www.adzuna.com/details/5900955091?utm_medium=api&utm_source=e45342b0,"Junior java microservices developer/Jr data analyst Recent Graduates: First Tech Job Support for CS, Math, and Engineering Majors Junior Java, Python, data analyst, and data scientist openings A degree proves you can learn. It does not automatically prove you can pass a production-style interview. Recent graduates are competing with bootcamp alumni, career changers, and experienced people applying down-level. That is why “I applied everywhere” still yields silence. JOPP is designed for recent CS, engineering, math, and statistics grads with limi… IT Jobs","['python', 'java', 'statistics']"
junior data analyst,Junior java microservices developer/Jr data analyst,SynergisticIT,"Boston, Suffolk County",79000.0,136000.0,IT Jobs,2026-09-27 20:50:59+00:00,"You’re Not Getting Rejected — You’re Getting Filtered Out Get Hired with a Process which is definite-When you want Surety not a Maybe Most rejections happen before a human ever sees your resume. Applicant tracking systems filter out thousands of qualified candidates every day. SynergisticIT helps you beat the system by optimizing your resume, preparing you for technical interviews, and getting your profile directly to Fortune 500 clients. No more getting lost in automated filters. Whether you’r…",https://www.adzuna.com/details/5900995047?utm_medium=api&utm_source=e45342b0,"Junior java microservices developer/Jr data analyst You’re Not Getting Rejected — You’re Getting Filtered Out Get Hired with a Process which is definite-When you want Surety not a Maybe Most rejections happen before a human ever sees your resume. Applicant tracking systems filter out thousands of qualified candidates every day. SynergisticIT helps you beat the system by optimizing your resume, preparing you for technical interviews, and getting your profile directly to Fortune 500 clients. No more getting lost in automated filters. Whether you’r… IT Jobs","['r', 'java']"
junior data analyst,Vehicle Systems Engineer,General Motors,"Warren, Macomb County",124637.26,124637.26,Engineering Jobs,2026-09-12 07:26:25+00:00,"Onsite Warren, Michigan, United States of America Full time JR-202619890 Job Description DUTIES: Understand core strategies, feature requirements, UX requirements and operational process requirements for OTA programming. Understand implementation project timelines and vehicle program rollout timing. Lead multi-functional effort of Product Development, Aftersales Engineering, CX, and other resources who support software updates, from project inception, validation, approval process through delive…",https://www.adzuna.com/land/ad/5880934157?se=pLTt4ja78RGGQ9u1mQKVdw&utm_medium=api&utm_source=e45342b0&v=789245B2A2F0BF75EC0F80F0290E62B342AF4D83,"Vehicle Systems Engineer Onsite Warren, Michigan, United States of America Full time JR-202619890 Job Description DUTIES: Understand core strategies, feature requirements, UX requirements and operational process requirements for OTA programming. Understand implementation project timelines and vehicle program rollout timing. Lead multi-functional effort of Product Development, Aftersales Engineering, CX, and other resources who support software updates, from project inception, validation, approval process through delive… Engineering Jobs",[]
junior data analyst,Data Analyst IV - Contingent,"J29, Inc","Millersville, Anne Arundel County",63370.94,63370.94,IT Jobs,2026-09-03 19:45:39+00:00,"* This position is contingent upon the successful award of the associated contract. Employment is not guaranteed until the contract is awarded, and the position is officially activated. Job responsibilities and requirements are subject to change. Position: Data Analyst IV Location: Remote Salary: $75,000-90,000 depending on years of experience About J29 J29 is an employee centered healthcare management consulting company that specializes in processing, reviewing, and analyzing medical claims, r…",https://www.adzuna.com/details/5869660283?utm_medium=api&utm_source=e45342b0,"Data Analyst IV - Contingent * This position is contingent upon the successful award of the associated contract. Employment is not guaranteed until the contract is awarded, and the position is officially activated. Job responsibilities and requirements are subject to change. Position: Data Analyst IV Location: Remote Salary: $75,000-90,000 depending on years of experience About J29 J29 is an employee centered healthcare management consulting company that specializes in processing, reviewing, and analyzing medical claims, r… IT Jobs",['r']
junior data analyst,Reporting Analyst,Triad Financial Services,"Atlantic Beach, Duval County",86342.44,86342.44,IT Jobs,2026-08-22 02:30:58+00:00,"Position Overview Reporting Analyst will be responsible for expanding and optimizing our data and reporting pipeline architecture, as well as optimizing data flow and collection for cross functional teams. Reporting Analyst will support the business, reporting and data teams on reporting initiatives and will ensure optimal reporting delivery architecture is consistent throughout ongoing projects. They must be self-directed and comfortable supporting the reporting needs of multiple teams, system…",https://www.adzuna.com/details/5852162727?utm_medium=api&utm_source=e45342b0,"Reporting Analyst Position Overview Reporting Analyst will be responsible for expanding and optimizing our data and reporting pipeline architecture, as well as optimizing data flow and collection for cross functional teams. Reporting Analyst will support the business, reporting and data teams on reporting initiatives and will ensure optimal reporting delivery architecture is consistent throughout ongoing projects. They must be self-directed and comfortable supporting the reporting needs of multiple teams, system… IT Jobs",[]
junior data analyst,Redstone Arsenal AL Senior Data Analyst,TotalSource,"Redstone Arsenal, Madison County",93019.03,93019.03,IT Jobs,2026-08-28 09:13:26+00:00,"Senior Data Analyst Location: Redstone Arsenal, Alabama Position Type: Full-Time Pay Type : Salary Clearance: SECRET — Must currently possess or be eligible to obtain and maintain a SECRET clearance Position Summary We are seeking an experienced Senior Data Analyst to lead advanced analytics supporting Army logistics and supply-chain operations at Redstone Arsenal, Alabama. The Senior Data Analyst will lead the development of descriptive and predictive analytical products, analyze complex logis…",https://www.adzuna.com/details/5859669859?utm_medium=api&utm_source=e45342b0,"Redstone Arsenal AL Senior Data Analyst Senior Data Analyst Location: Redstone Arsenal, Alabama Position Type: Full-Time Pay Type : Salary Clearance: SECRET — Must currently possess or be eligible to obtain and maintain a SECRET clearance Position Summary We are seeking an experienced Senior Data Analyst to lead advanced analytics supporting Army logistics and supply-chain operations at Redstone Arsenal, Alabama. The Senior Data Analyst will lead the development of descriptive and predictive analytical products, analyze complex logis… IT Jobs",[]
junior data analyst,Data Scientist/Bi Analyst - Junior (Remote),SynergisticIT,"Washington, D.C., US",78000.0,127000.0,IT Jobs,2026-09-28 02:34:12+00:00,"Mid-Career Reset: Roles for Jobseekers Starting Over After 36 Age Bias Is Real. Unpreparedness Makes It Worse. You are not a new grad. You may be changing careers, returning after a long break, or coming back from a non-coding role. Interviewers assume you are expensive, slow, or outdated before you speak. Jobseekers in this position often over-explain biography and under-show code. That is reversible. SynergisticIT JOPP works with jobseekers who need handholding to enter or reenter software en…",https://www.adzuna.com/details/5901290781?utm_medium=api&utm_source=e45342b0,"Data Scientist/Bi Analyst - Junior (Remote) Mid-Career Reset: Roles for Jobseekers Starting Over After 36 Age Bias Is Real. Unpreparedness Makes It Worse. You are not a new grad. You may be changing careers, returning after a long break, or coming back from a non-coding role. Interviewers assume you are expensive, slow, or outdated before you speak. Jobseekers in this position often over-explain biography and under-show code. That is reversible. SynergisticIT JOPP works with jobseekers who need handholding to enter or reenter software en… IT Jobs",[]
junior data analyst,Government Healthcare Data Manager,Marsh McLennan,"Phoenix, Maricopa County",135788.05,135788.05,IT Jobs,2026-09-04 04:41:30+00:00,"Company: Mercer Description: We are seeking a talented individual to join our Government Healthcare Consulting (GHSC) team at Mercer. The Government Healthcare Data Manager will serve as a data team leader, working directly with actuarial, financial and data analysts, clinicians and health policy consultants, on large, complex projects. We will count on you to: Act as a project lead and partner with the client to define and manage the scope of the project, serve as an expert on data methodologi…",https://www.adzuna.com/details/5870263925?utm_medium=api&utm_source=e45342b0,"Government Healthcare Data Manager Company: Mercer Description: We are seeking a talented individual to join our Government Healthcare Consulting (GHSC) team at Mercer. The Government Healthcare Data Manager will serve as a data team leader, working directly with actuarial, financial and data analysts, clinicians and health policy consultants, on large, complex projects. We will count on you to: Act as a project lead and partner with the client to define and manage the scope of the project, serve as an expert on data methodologi… IT Jobs",[]
junior data analyst,Senior Data Analyst,Castellum,"Washington, D.C., US",90000.0,125000.0,IT Jobs,2026-09-24 03:46:16+00:00,"JOB SUMMARY Corvus Consulting, LLC is seeking a highly skilled and detail ‑ oriented Senior Data Analyst to support mission-critical initiatives for the U.S. Department of Justice (USDOJ). This role serves as a key technical and analytical lead responsible for evaluating complex systems, optimizing data flows, and delivering advanced insights across multiple platforms and environments. The Senior Data Analyst will partner closely with legal, operational, and IT teams to run sophisticated querie…",https://www.adzuna.com/details/5896486262?utm_medium=api&utm_source=e45342b0,"Senior Data Analyst JOB SUMMARY Corvus Consulting, LLC is seeking a highly skilled and detail ‑ oriented Senior Data Analyst to support mission-critical initiatives for the U.S. Department of Justice (USDOJ). This role serves as a key technical and analytical lead responsible for evaluating complex systems, optimizing data flows, and delivering advanced insights across multiple platforms and environments. The Senior Data Analyst will partner closely with legal, operational, and IT teams to run sophisticated querie… IT Jobs",[]
junior data analyst,"Manager, Strategic Analytics",Berkeley Research Group,US,180000.0,220000.0,IT Jobs,2026-08-29 07:01:23+00:00,"We Do Consulting Differently Second Sight Solutions, a subsidiary of Berkeley Research Group (BRG), is a health technology company, and our innovative technology reimagines how drug discount data is exchanged, establishing new connections and improving transparency for drug manufacturers and their customers. Our customers and partners trust us to deliver reliable, first-to-market solutions and safeguard the data we receive. We trust our employees, and our culture gives them the freedom to creat…",https://www.adzuna.com/details/5861035070?utm_medium=api&utm_source=e45342b0,"Manager, Strategic Analytics We Do Consulting Differently Second Sight Solutions, a subsidiary of Berkeley Research Group (BRG), is a health technology company, and our innovative technology reimagines how drug discount data is exchanged, establishing new connections and improving transparency for drug manufacturers and their customers. Our customers and partners trust us to deliver reliable, first-to-market solutions and safeguard the data we receive. We trust our employees, and our culture gives them the freedom to creat… IT Jobs",[]
junior data analyst,"Data Analyst, Specialist",The Vanguard Group,US,74034.89,74034.89,IT Jobs,2026-09-13 04:08:09+00:00,"Role Summary The Data Analyst, Specialist is responsible for leveraging data-driven insights to support strategic business decisions and improve operational efficiency. This role involves structuring complex business requests into well-defined analytical projects, extracting and analyzing large datasets from multiple sources, and developing automated reporting and decision-support solutions to enhance data accessibility and business outcomes. The role will also evaluate and support emerging ana…",https://www.adzuna.com/details/5882397822?utm_medium=api&utm_source=e45342b0,"Data Analyst, Specialist Role Summary The Data Analyst, Specialist is responsible for leveraging data-driven insights to support strategic business decisions and improve operational efficiency. This role involves structuring complex business requests into well-defined analytical projects, extracting and analyzing large datasets from multiple sources, and developing automated reporting and decision-support solutions to enhance data accessibility and business outcomes. The role will also evaluate and support emerging ana… IT Jobs",[]
junior data analyst,Senior Architectural Modeler,Soliel,US,120000.0,130000.0,IT Jobs,2026-09-27 07:08:06+00:00,"Senior Architectural Modeler / Data Steward ABOUT US: Soliel is an innovative, premium engineering company specializing in providing Enterprise Architecture, Network Design, Engineering, and Operations Support, Software Design and Development, Data Center Design, Deployment and Migration, and Systems Engineering services for both public and private sectors. Our Federal systems integration team manages the complexity inherent with technology change, from requirements planning to architecture, te…",https://www.adzuna.com/details/5900592162?utm_medium=api&utm_source=e45342b0,"Senior Architectural Modeler Senior Architectural Modeler / Data Steward ABOUT US: Soliel is an innovative, premium engineering company specializing in providing Enterprise Architecture, Network Design, Engineering, and Operations Support, Software Design and Development, Data Center Design, Deployment and Migration, and Systems Engineering services for both public and private sectors. Our Federal systems integration team manages the complexity inherent with technology change, from requirements planning to architecture, te… IT Jobs",[]
junior data analyst,Data Architect with Security Clearance,"Prism, Inc.","Washington, D.C., US",103295.3,103295.3,IT Jobs,2026-05-25 12:40:13+00:00,"Data Architect Job Description PRISM is seeking a strategic and technically adept Data Architect to drive enterprise analytics initiatives using the Microsoft data ecosystem. This role blends hands-on data science with leadership responsibilities, guiding a team in delivering scalable, secure, and actionable insights through tools like SQL Server, SSIS, Power BI, and Active Directory. The successful candidate will develop and support SSIS/ETL jobs and SQL Server databases to meet organizational…",https://www.adzuna.com/land/ad/5740524325?se=pLTt4ja78RGGQ9u1mQKVdw&utm_medium=api&utm_source=e45342b0&v=A2311AC84962F6935002A83CA72EF3C858A1BA71,"Data Architect with Security Clearance Data Architect Job Description PRISM is seeking a strategic and technically adept Data Architect to drive enterprise analytics initiatives using the Microsoft data ecosystem. This role blends hands-on data science with leadership responsibilities, guiding a team in delivering scalable, secure, and actionable insights through tools like SQL Server, SSIS, Power BI, and Active Directory. The successful candidate will develop and support SSIS/ETL jobs and SQL Server databases to meet organizational… IT Jobs","['sql', 'power bi', 'etl']"
junior data analyst,Senior Data Analyst,PingWind,"Huntsville, Madison County",121655.68,121655.68,IT Jobs,2026-08-27 22:56:29+00:00,"Senior Data Analyst Location: Redstone Arsenal – Huntsville, AL Required Clearance: Secret Certifications: None Required Education: Bachelor's degree in Data Science, Data Analytics, Operations Research, Statistics, Mathematics, Computer Science, Business Analytics, or a closely related quantitative field. Required Experience: Minimum of seven (7) years of professional experience in data analytics, data science, statistical analysis, operations research, or a related analytical discipline.Minim…",https://www.adzuna.com/details/5859183473?utm_medium=api&utm_source=e45342b0,"Senior Data Analyst Senior Data Analyst Location: Redstone Arsenal – Huntsville, AL Required Clearance: Secret Certifications: None Required Education: Bachelor's degree in Data Science, Data Analytics, Operations Research, Statistics, Mathematics, Computer Science, Business Analytics, or a closely related quantitative field. Required Experience: Minimum of seven (7) years of professional experience in data analytics, data science, statistical analysis, operations research, or a related analytical discipline.Minim… IT Jobs",['statistics']
junior data analyst,Vehicle Systems Engineer,General Motors,"Warren, Macomb County",120143.44,120143.44,Engineering Jobs,2026-09-10 04:57:02+00:00,"Job Description DUTIES: Understand core strategies, feature requirements, UX requirements and operational process requirements for OTA programming. Understand implementation project timelines and vehicle program rollout timing. Lead multi-functional effort of Product Development, Aftersales Engineering, CX, and other resources who support software updates, from project inception, validation, approval process through delivery. Collaborate with the Validation organization to develop and execute a…",https://www.adzuna.com/details/5878206930?utm_medium=api&utm_source=e45342b0,"Vehicle Systems Engineer Job Description DUTIES: Understand core strategies, feature requirements, UX requirements and operational process requirements for OTA programming. Understand implementation project timelines and vehicle program rollout timing. Lead multi-functional effort of Product Development, Aftersales Engineering, CX, and other resources who support software updates, from project inception, validation, approval process through delivery. Collaborate with the Validation organization to develop and execute a… Engineering Jobs",[]
junior data analyst,Biostatistician 3,University of Miami,"Miami, Miami-Dade County",84043.47,84043.47,Scientific & QA Jobs,2026-08-18 03:32:36+00:00,"Current Employees: If you are a current Staff, Faculty or Temporary employee at the University of Miami, please click here to log in to Workday to use the internal application process. To learn how to apply for a faculty or staff position, please review this tip sheet . The University of Miami/UHealth's Department of Pediatrics has an exciting opportunity for a full-time Biostatistician 3 to work in Miami, FL. The Biostatistician 3 provides advanced statistical support and implements new strate…",https://www.adzuna.com/details/5846275682?utm_medium=api&utm_source=e45342b0,"Biostatistician 3 Current Employees: If you are a current Staff, Faculty or Temporary employee at the University of Miami, please click here to log in to Workday to use the internal application process. To learn how to apply for a faculty or staff position, please review this tip sheet . The University of Miami/UHealth's Department of Pediatrics has an exciting opportunity for a full-time Biostatistician 3 to work in Miami, FL. The Biostatistician 3 provides advanced statistical support and implements new strate… Scientific & QA Jobs",[]
junior data analyst,Data Migration Analystwith Finance & ERP Systems,"Techouts, Inc",US,119568.27,119568.27,Accounting & Finance Jobs,2026-09-18 18:26:09+00:00,"Data Migration Analyst with Finance & ERP Systems Must have: 5 years of Accounting or Financial operations and ERP data Migration experience. Position Overview: As a Data Migration Analyst Finance & ERP Systems, you'll play a critical role, Client s multi-OpCo ERP transformation initiative. You will own the accounting accuracy and financial integrity of data migration workstreams as we deploy Procore, Sage Intacct, and BuildOps across acquired operating companies. This role serves as the essent…",https://www.adzuna.com/land/ad/5889798904?se=hkCd4za78RGCw6kuTDrJlg&utm_medium=api&utm_source=e45342b0&v=7618E100B67DC2E0C16D93CF7BE7A1BADD99735F,"Data Migration Analystwith Finance & ERP Systems Data Migration Analyst with Finance & ERP Systems Must have: 5 years of Accounting or Financial operations and ERP data Migration experience. Position Overview: As a Data Migration Analyst Finance & ERP Systems, you'll play a critical role, Client s multi-OpCo ERP transformation initiative. You will own the accounting accuracy and financial integrity of data migration workstreams as we deploy Procore, Sage Intacct, and BuildOps across acquired operating companies. This role serves as the essent… Accounting & Finance Jobs",[]
junior data analyst,Senior Data Analyst,PingWind,"Huntsville, Madison County",99000.0,138000.0,IT Jobs,2026-08-28 06:24:29+00:00,"Location: Redstone Arsenal – Huntsville, AL Required Clearance: Secret Certifications: None Required Education: Bachelor's degree in Data Science, Data Analytics, Operations Research, Statistics, Mathematics, Computer Science, Business Analytics, or a closely related quantitative field. Required Experience: Minimum of seven (7) years of professional experience in data analytics, data science, statistical analysis, operations research, or a related analytical discipline.Minimum of three (3) year…",https://www.adzuna.com/details/5859564560?utm_medium=api&utm_source=e45342b0,"Senior Data Analyst Location: Redstone Arsenal – Huntsville, AL Required Clearance: Secret Certifications: None Required Education: Bachelor's degree in Data Science, Data Analytics, Operations Research, Statistics, Mathematics, Computer Science, Business Analytics, or a closely related quantitative field. Required Experience: Minimum of seven (7) years of professional experience in data analytics, data science, statistical analysis, operations research, or a related analytical discipline.Minimum of three (3) year… IT Jobs",['statistics']
junior data analyst,Business Analyst,Jobs for Humanity,"Alexandria, Alexandria City",68513.14,68513.14,IT Jobs,2026-09-24 14:54:51+00:00,"Job Description The Business Analyst is responsible for providing strong analytical, process optimization, and project management support, a desire to be part of something that changes the valuation industry, and a drive to turn complex operational challenges into scalable solutions. the Analyst provides in-depth analytical and strategic program support to several key initiatives simultaneously. This role goes beyond tactical support to drive strategic process improvement and bridge the gap bet…",https://www.adzuna.com/details/5897276834?utm_medium=api&utm_source=e45342b0,"Business Analyst Job Description The Business Analyst is responsible for providing strong analytical, process optimization, and project management support, a desire to be part of something that changes the valuation industry, and a drive to turn complex operational challenges into scalable solutions. the Analyst provides in-depth analytical and strategic program support to several key initiatives simultaneously. This role goes beyond tactical support to drive strategic process improvement and bridge the gap bet… IT Jobs",[]
junior data analyst,Data Analyst III,"Sunrise Systems, Inc.","Windsor, Hartford County",80407.27,80407.27,IT Jobs,2026-08-26 18:03:49+00:00,"Job Title: Data Analyst III Job Id:26-04291 Location: WINDSOR, CT Duration: 06 months on W2 contract JOB DESCRIPTION We are looking for a motivated Junior to Mid-Level Data & Integration Analyst to support data integration, reporting, and troubleshooting efforts. This role involves working with APIs, SQL databases, and Power BI while collaborating closely with business and IT teams. The ideal candidate is eager to learn, has solid foundational technical skills, and can effectively communicate w…",https://www.adzuna.com/land/ad/5857323665?se=hkCd4za78RGCw6kuTDrJlg&utm_medium=api&utm_source=e45342b0&v=6168B91B20E7074B25ABADB7077FD13E7D5EB00C,"Data Analyst III Job Title: Data Analyst III Job Id:26-04291 Location: WINDSOR, CT Duration: 06 months on W2 contract JOB DESCRIPTION We are looking for a motivated Junior to Mid-Level Data & Integration Analyst to support data integration, reporting, and troubleshooting efforts. This role involves working with APIs, SQL databases, and Power BI while collaborating closely with business and IT teams. The ideal candidate is eager to learn, has solid foundational technical skills, and can effectively communicate w… IT Jobs","['sql', 'power bi']"
junior data analyst,Lead Data Analyst,Matic,"Columbus, Franklin County",115000.0,135000.0,Engineering Jobs,2026-09-11 03:41:32+00:00,"Importance of the Role As the Data Analytics Lead at Matic, you will act as a subject matter expert and a crucial bridge between our foundational data execution and our overarching data strategy. Sitting perfectly between our Data Analysts and the Director of Data Analytics, you will take ownership of complex data projects, generating analytical insights that drive business outcomes and help scale our vast data ecosystem efficiently. We rely on data to set the direction of our business. In this…",https://www.adzuna.com/details/5879418832?utm_medium=api&utm_source=e45342b0,"Lead Data Analyst Importance of the Role As the Data Analytics Lead at Matic, you will act as a subject matter expert and a crucial bridge between our foundational data execution and our overarching data strategy. Sitting perfectly between our Data Analysts and the Director of Data Analytics, you will take ownership of complex data projects, generating analytical insights that drive business outcomes and help scale our vast data ecosystem efficiently. We rely on data to set the direction of our business. In this… Engineering Jobs",[]
junior data analyst,DATA SCIENTIST II with Security Clearance,VSolvit,"Norco, Riverside County",95562.25,95562.25,IT Jobs,2026-08-18 00:44:21+00:00,"*100% On-site in Norco, CA* Job Summary We are seeking a talented and driven mid-level Data Scientist to join our evolving and dynamic team. In this role, you will apply advanced data analytics and machine learning techniques to explore large, complex datasets for unknown trends and patterns regarding customer behavior, product performance, and operation efficiency to develop predictive models and support decision-making processes while adhering to the highest standards of security and confiden…",https://www.adzuna.com/land/ad/5846076266?se=hkCd4za78RGCw6kuTDrJlg&utm_medium=api&utm_source=e45342b0&v=5E9AEC0949AA5D76AF473709267353A941314284,"DATA SCIENTIST II with Security Clearance *100% On-site in Norco, CA* Job Summary We are seeking a talented and driven mid-level Data Scientist to join our evolving and dynamic team. In this role, you will apply advanced data analytics and machine learning techniques to explore large, complex datasets for unknown trends and patterns regarding customer behavior, product performance, and operation efficiency to develop predictive models and support decision-making processes while adhering to the highest standards of security and confiden… IT Jobs",['machine learning']
junior data analyst,Chemist,Halff,"Castle Hills, Bexar County",90733.06,90733.06,Scientific & QA Jobs,2026-08-23 07:24:45+00:00,"Chemist, San Antonio, TX Halff is seeking a highly skilled and detail-oriented Chemist or Senior Chemist to join our growing Environmental team in our San Antonio office. This position would be responsible for leading our project chemistry efforts, specializing in data validation, quality control oversight, and regulatory compliance for federal programs. As a Chemist/Senior Chemist, you will serve as the technical authority on chemical data quality for federal projects. You will ensure all envi…",https://www.adzuna.com/details/5853599816?utm_medium=api&utm_source=e45342b0,"Chemist Chemist, San Antonio, TX Halff is seeking a highly skilled and detail-oriented Chemist or Senior Chemist to join our growing Environmental team in our San Antonio office. This position would be responsible for leading our project chemistry efforts, specializing in data validation, quality control oversight, and regulatory compliance for federal programs. As a Chemist/Senior Chemist, you will serve as the technical authority on chemical data quality for federal projects. You will ensure all envi… Scientific & QA Jobs",[]
junior data analyst,Junior Data Scientist,"AITHERAS, LLC","Arlington, Arlington County",111788.7,111788.7,IT Jobs,2026-05-23 01:45:21+00:00,"Junior Data Scientist / Performance Data Analyst I Location: Washington, DC / Hybrid / Government Facility as Required Clearance / Background: U.S. Citizen required; ability to obtain DOJ Public Trust and Secret clearance; active Secret preferred Experience Level: 1–3 years Role Summary The Junior Data Scientist / Performance Data Analyst I supports a federal Management Information System program by helping collect, clean, validate, analyze, and visualize operational and performance data. This …",https://www.adzuna.com/details/5738480887?utm_medium=api&utm_source=e45342b0,"Junior Data Scientist Junior Data Scientist / Performance Data Analyst I Location: Washington, DC / Hybrid / Government Facility as Required Clearance / Background: U.S. Citizen required; ability to obtain DOJ Public Trust and Secret clearance; active Secret preferred Experience Level: 1–3 years Role Summary The Junior Data Scientist / Performance Data Analyst I supports a federal Management Information System program by helping collect, clean, validate, analyze, and visualize operational and performance data. This … IT Jobs",[]
junior data analyst,Senior Fraud Operations Analyst,Mountain America Credit Union,"Sandy, Salt Lake County",93023.47,93023.47,Accounting & Finance Jobs,2026-09-27 05:39:57+00:00,"Please reference the schedule and minimum qualifications listed below before applying. If you need assistance with filling out our application form or during any phase of the application, interview, or employment process, please notify our Human Resources Team at 801-366-6947 option 1 or email macurecruiting@macu.com and every reasonable effort will be made to accommodate your needs in a timely manner. Job Summary The Senior Fraud Operations Analyst monitors and responds to increasingly sophist…",https://www.adzuna.com/details/5900500121?utm_medium=api&utm_source=e45342b0,"Senior Fraud Operations Analyst Please reference the schedule and minimum qualifications listed below before applying. If you need assistance with filling out our application form or during any phase of the application, interview, or employment process, please notify our Human Resources Team at 801-366-6947 option 1 or email macurecruiting@macu.com and every reasonable effort will be made to accommodate your needs in a timely manner. Job Summary The Senior Fraud Operations Analyst monitors and responds to increasingly sophist… Accounting & Finance Jobs",[]
junior data analyst,Senior Data Analyst,ONE ALLIANCE INSURANCE MANAGERS,"Bay Lake, Orange County",94289.34,94289.34,IT Jobs,2026-07-25 05:28:40+00:00,"General Description: The Senior Data Analyst is responsible for leading advanced reporting, analytics, and business intelligence initiatives within the Information Technology organization. This role partners closely with executive leadership, business stakeholders, and data engineering teams to deliver high-impact analytical solutions that drive operational performance, strategic decision-making, and enterprise growth. The Senior Data Analyst designs scalable reporting frameworks, develops ente…",https://www.adzuna.com/details/5815194324?utm_medium=api&utm_source=e45342b0,"Senior Data Analyst General Description: The Senior Data Analyst is responsible for leading advanced reporting, analytics, and business intelligence initiatives within the Information Technology organization. This role partners closely with executive leadership, business stakeholders, and data engineering teams to deliver high-impact analytical solutions that drive operational performance, strategic decision-making, and enterprise growth. The Senior Data Analyst designs scalable reporting frameworks, develops ente… IT Jobs",[]
junior data analyst,Senior Data Analyst,K.L. Scott & Associates,"Washington, Washington, D.C.",122545.55,122545.55,IT Jobs,2026-08-30 03:21:07+00:00,"Company Overview K.L. Scott & Associates (KLSA) is a mission-driven management and technology consulting firm that partners with public-sector organizations to modernize operations, strengthen data and AI capabilities, and deliver measurable impact. KLSA combines strategic advisory services with hands-on delivery; bringing product leadership, secure data engineering, systems integration, and user-centered design to help clients translate complex requirements into scalable, high-quality solution…",https://www.adzuna.com/details/5861991079?utm_medium=api&utm_source=e45342b0,"Senior Data Analyst Company Overview K.L. Scott & Associates (KLSA) is a mission-driven management and technology consulting firm that partners with public-sector organizations to modernize operations, strengthen data and AI capabilities, and deliver measurable impact. KLSA combines strategic advisory services with hands-on delivery; bringing product leadership, secure data engineering, systems integration, and user-centered design to help clients translate complex requirements into scalable, high-quality solution… IT Jobs",[]
junior data analyst,Junior Data Scientist,Aitheras,"Arlington, Tarrant County",103064.85,103064.85,IT Jobs,2026-05-24 01:09:45+00:00,"Junior Data Scientist / Performance Data Analyst I Location: Washington, DC / Hybrid / Government Facility as Required Clearance / Background: U.S. Citizen required; ability to obtain DOJ Public Trust and Secret clearance; active Secret preferred Experience Level: 1–3 years Role Summary The Junior Data Scientist / Performance Data Analyst I supports a federal Management Information System program by helping collect, clean, validate, analyze, and visualize operational and performance data. This …",https://www.adzuna.com/details/5739512316?utm_medium=api&utm_source=e45342b0,"Junior Data Scientist Junior Data Scientist / Performance Data Analyst I Location: Washington, DC / Hybrid / Government Facility as Required Clearance / Background: U.S. Citizen required; ability to obtain DOJ Public Trust and Secret clearance; active Secret preferred Experience Level: 1–3 years Role Summary The Junior Data Scientist / Performance Data Analyst I supports a federal Management Information System program by helping collect, clean, validate, analyze, and visualize operational and performance data. This … IT Jobs",[]
junior data analyst,Senior Data Analyst with Security Clearance,"SHR CONSULTING GROUP, LLC","Mount Weather, Clarke County",121362.04,121362.04,Consultancy Jobs,2026-08-11 16:11:50+00:00,"SHR - Software Hardware Re-engineered SHR is a premier technology integrator solving our nation's most complex modernization and readiness challenges across the defense, federal civilian, and intelligence markets. Our robust portfolio of offerings includes high-end solutions in systems engineering and integration, enterprise IT, including cloud services: cyber, software, advanced analytics, and AI. With an intimate understanding of our customers' challenges and deep expertise in existing and em…",https://www.adzuna.com/land/ad/5837135605?se=hkCd4za78RGCw6kuTDrJlg&utm_medium=api&utm_source=e45342b0&v=3455BD7CE4DD024E33424402E7A1F026827F4886,"Senior Data Analyst with Security Clearance SHR - Software Hardware Re-engineered SHR is a premier technology integrator solving our nation's most complex modernization and readiness challenges across the defense, federal civilian, and intelligence markets. Our robust portfolio of offerings includes high-end solutions in systems engineering and integration, enterprise IT, including cloud services: cyber, software, advanced analytics, and AI. With an intimate understanding of our customers' challenges and deep expertise in existing and em… Consultancy Jobs",[]
junior data analyst,Data Analyst,Cultura,US,78183.16,78183.16,IT Jobs,2026-09-26 09:41:08+00:00,"The company where you can make an impact and bring value. Job Summary: BIG Consulting LLC, a Cultura company, is looking for a junior level Data Analyst to support client analytics and business-systems engagements by preparing, validating, and analyzing data; assisting with system configuration and testing; developing reports and visualizations; and maintaining clear documentation. Working closely with Lead Analysts, this position will learn BIG Consulting’s core ERP platforms. BIG Consulting p…",https://www.adzuna.com/details/5899748805?utm_medium=api&utm_source=e45342b0,"Data Analyst The company where you can make an impact and bring value. Job Summary: BIG Consulting LLC, a Cultura company, is looking for a junior level Data Analyst to support client analytics and business-systems engagements by preparing, validating, and analyzing data; assisting with system configuration and testing; developing reports and visualizations; and maintaining clear documentation. Working closely with Lead Analysts, this position will learn BIG Consulting’s core ERP platforms. BIG Consulting p… IT Jobs",[]
junior data analyst,Senior Database Analyst,NYU Langone Health,US,84577.0,100000.0,Scientific & QA Jobs,2026-08-22 06:39:38+00:00,"NYU Grossman School of Medicine is one of the nation's top-ranked medical schools. For 175 years, NYU Grossman School of Medicine has trained thousands of physicians and scientists who have helped to shape the course of medical history and enrich the lives of countless people. An integral part of NYU Langone Health , the Grossman School of Medicine at its core is committed to improving the human condition through medical education, scientific research, and direct patient care. At NYU Langone He…",https://www.adzuna.com/details/5852365736?utm_medium=api&utm_source=e45342b0,"Senior Database Analyst NYU Grossman School of Medicine is one of the nation's top-ranked medical schools. For 175 years, NYU Grossman School of Medicine has trained thousands of physicians and scientists who have helped to shape the course of medical history and enrich the lives of countless people. An integral part of NYU Langone Health , the Grossman School of Medicine at its core is committed to improving the human condition through medical education, scientific research, and direct patient care. At NYU Langone He… Scientific & QA Jobs",[]
junior data analyst,Senior Data Analyst,Tillster,"Austin, Travis County",115000.0,145000.0,IT Jobs,2026-09-19 01:05:08+00:00,"Senior Data Analyst HYBRI- MUST WORK EST( Eastern Standard Time, United States) About Tillster Headquartered in the USA, Tillster is the global leader in digital ordering and customer engagement solutions. For over a decade we have developed revolutionary self-service, ordering and payments solutions – for mobile, tablet, online, kiosk, call center, and more – creating personalized interactions based on consumer preferences, language, and currency. Our platform is compatible with 15 unique POS …",https://www.adzuna.com/details/5890217555?utm_medium=api&utm_source=e45342b0,"Senior Data Analyst Senior Data Analyst HYBRI- MUST WORK EST( Eastern Standard Time, United States) About Tillster Headquartered in the USA, Tillster is the global leader in digital ordering and customer engagement solutions. For over a decade we have developed revolutionary self-service, ordering and payments solutions – for mobile, tablet, online, kiosk, call center, and more – creating personalized interactions based on consumer preferences, language, and currency. Our platform is compatible with 15 unique POS … IT Jobs",[]
junior data analyst,Senior Data Analyst,Tillster,"Charlotte, Mecklenburg County",115000.0,145000.0,IT Jobs,2026-09-18 02:36:31+00:00,"Senior Data Analyst HYBRI- MUST WORK EST( Eastern Standard Time, United States) About Tillster Headquartered in the USA, Tillster is the global leader in digital ordering and customer engagement solutions. For over a decade we have developed revolutionary self-service, ordering and payments solutions – for mobile, tablet, online, kiosk, call center, and more – creating personalized interactions based on consumer preferences, language, and currency. Our platform is compatible with 15 unique POS …",https://www.adzuna.com/details/5888820267?utm_medium=api&utm_source=e45342b0,"Senior Data Analyst Senior Data Analyst HYBRI- MUST WORK EST( Eastern Standard Time, United States) About Tillster Headquartered in the USA, Tillster is the global leader in digital ordering and customer engagement solutions. For over a decade we have developed revolutionary self-service, ordering and payments solutions – for mobile, tablet, online, kiosk, call center, and more – creating personalized interactions based on consumer preferences, language, and currency. Our platform is compatible with 15 unique POS … IT Jobs",[]
junior data analyst,"Data Scientist, Specialist",The Vanguard Group,"Philadelphia, Philadelphia County",117158.7,117158.7,IT Jobs,2026-09-26 09:31:10+00:00,"Core Responsibilities Leads the execution of large scale, more complex analytics projects. Applies significant quality control and risk assessment of the model, methodologies, outputs, and processes for major data science projects. Leads and executes deep dive diagnostic, predictive, and prescriptive analytics to support data-driven business decision making. Creates alternative model approaches to assess complex model design and advance future capabilities. Mentors and develops junior data scie…",https://www.adzuna.com/details/5899743407?utm_medium=api&utm_source=e45342b0,"Data Scientist, Specialist Core Responsibilities Leads the execution of large scale, more complex analytics projects. Applies significant quality control and risk assessment of the model, methodologies, outputs, and processes for major data science projects. Leads and executes deep dive diagnostic, predictive, and prescriptive analytics to support data-driven business decision making. Creates alternative model approaches to assess complex model design and advance future capabilities. Mentors and develops junior data scie… IT Jobs",[]
junior data analyst,Senior Data Scientist,Venture Global LNG,"Arlington, Arlington County",180000.0,230000.0,IT Jobs,2026-08-19 01:09:53+00:00,"Venture Global LNG (“Venture Global”) is a long-term, low-cost provider of American-produced liquefied natural gas. The company’s Louisiana-based export projects service the global demand for North American natural gas and support the long-term development of clean and reliable North American energy supplies. Using reliable, proven technology in an innovative plant design configuration, Venture Global’s modular, mid-scale plant design will replace traditional designs as it allows for the same e…",https://www.adzuna.com/land/ad/5847814617?se=hkCd4za78RGCw6kuTDrJlg&utm_medium=api&utm_source=e45342b0&v=D378452DCA86FFB8C7C9CD1749089CAD48807C7E,"Senior Data Scientist Venture Global LNG (“Venture Global”) is a long-term, low-cost provider of American-produced liquefied natural gas. The company’s Louisiana-based export projects service the global demand for North American natural gas and support the long-term development of clean and reliable North American energy supplies. Using reliable, proven technology in an innovative plant design configuration, Venture Global’s modular, mid-scale plant design will replace traditional designs as it allows for the same e… IT Jobs",[]
junior data analyst,DATA SCIENTIST II-FINANCIAL & TIME SERIES FORECASTING with Security Clearance,VSolvit,"Norco, Riverside County",133640.16,133640.16,IT Jobs,2026-08-11 02:04:39+00:00,"*100% ON-SITE Norco, CA* Job Summary We are seeking a talented and driven Data Scientist to join our evolving and dynamic team. This position is open to candidates at Mid to Senior level of experience who possess a strong mathematical foundation and a passion for predictive modeling. In this role, you will build, validate, and maintain multi-variable time series forecasting models to project financial data and agency expenditures over multi-year horizons. You will work directly with financial r…",https://www.adzuna.com/land/ad/5836436271?se=hkCd4za78RGCw6kuTDrJlg&utm_medium=api&utm_source=e45342b0&v=3EFF3C3062479C46CEE3546BCB7AA29097E39B7F,"DATA SCIENTIST II-FINANCIAL & TIME SERIES FORECASTING with Security Clearance *100% ON-SITE Norco, CA* Job Summary We are seeking a talented and driven Data Scientist to join our evolving and dynamic team. This position is open to candidates at Mid to Senior level of experience who possess a strong mathematical foundation and a passion for predictive modeling. In this role, you will build, validate, and maintain multi-variable time series forecasting models to project financial data and agency expenditures over multi-year horizons. You will work directly with financial r… IT Jobs",['r']
junior data analyst,Project Manager/Watch Analyst (PM),"SGI Global, LLC","Lincolnia, Fairfax County",48848.05,48848.05,IT Jobs,2026-01-30 13:55:32+00:00,"SGI is seeking a Project Manager / Watch Analyst to support the Department of Homeland Security, Federal Protective Service (FPS), under the FPS Incident Management Center (IMC) support contract. This contract provides watch desk, briefing, and information management support to assist FPS in monitoring operational activity and incidents, managing information flow, and presenting information to support situational awareness and decision-making. The Intermediate Project Manager / Watch Analyst su…",https://www.adzuna.com/details/5606330315?utm_medium=api&utm_source=e45342b0,"Project Manager/Watch Analyst (PM) SGI is seeking a Project Manager / Watch Analyst to support the Department of Homeland Security, Federal Protective Service (FPS), under the FPS Incident Management Center (IMC) support contract. This contract provides watch desk, briefing, and information management support to assist FPS in monitoring operational activity and incidents, managing information flow, and presenting information to support situational awareness and decision-making. The Intermediate Project Manager / Watch Analyst su… IT Jobs",[]
junior data analyst,Senior AI Scientist,The Vanguard Group,"Philadelphia, Philadelphia County",142207.92,142207.92,IT Jobs,2026-07-31 04:27:24+00:00,"Responsibilities: Owns the end-to-end design, development, and execution of complex predictive modeling initiatives, from problem formulation through validation, deployment readiness, and ongoing risk assessment. Leads and executes deep dive diagnostic, predictive, and prescriptive analytics to support data-driven business decision making. Creates alternative model approaches to assess complex model design and advance future capabilities. Mentors and develops junior data scientists and analysts…",https://www.adzuna.com/details/5822156261?utm_medium=api&utm_source=e45342b0,"Senior AI Scientist Responsibilities: Owns the end-to-end design, development, and execution of complex predictive modeling initiatives, from problem formulation through validation, deployment readiness, and ongoing risk assessment. Leads and executes deep dive diagnostic, predictive, and prescriptive analytics to support data-driven business decision making. Creates alternative model approaches to assess complex model design and advance future capabilities. Mentors and develops junior data scientists and analysts… IT Jobs",[]
junior data analyst,"Data Scientist, Specialist",The Vanguard Group,US,102074.74,102074.74,IT Jobs,2026-07-27 05:24:43+00:00,"Responsibilities: Develops complex queries and performs extensive programming to access, transform, and prepare data for statistical modeling. Leads and executes deep dive diagnostic, predictive, and prescriptive analytics to support data-driven business decision making. Mentors and develops junior data scientists and analysts. Identifies and diagnoses data inconsistencies and errors, documents data assumptions, and forages to fill data gaps. Engages with internal stakeholders to understand and…",https://www.adzuna.com/details/5817315503?utm_medium=api&utm_source=e45342b0,"Data Scientist, Specialist Responsibilities: Develops complex queries and performs extensive programming to access, transform, and prepare data for statistical modeling. Leads and executes deep dive diagnostic, predictive, and prescriptive analytics to support data-driven business decision making. Mentors and develops junior data scientists and analysts. Identifies and diagnoses data inconsistencies and errors, documents data assumptions, and forages to fill data gaps. Engages with internal stakeholders to understand and… IT Jobs",[]
junior data analyst,Senior Hogan Business Systems Analyst,M&T Bank,"Cheektowaga, Erie County",136947.31,136947.31,IT Jobs,2026-08-18 22:58:43+00:00,"This role is four days onsite at our Seneca One Buffalo, NY location, with the flexibility to work from home one day per week Position Summary We are seeking an experienced Senior Hogan Business Systems Analyst (BSA) to support, enhance, and optimize our Hogan core banking platform. This role serves as a key liaison between business stakeholders and technical teams, translating complex banking requirements into scalable Hogan solutions. The ideal candidate has deep expertise in Hogan modules, s…",https://www.adzuna.com/land/ad/5847751658?se=hkCd4za78RGCw6kuTDrJlg&utm_medium=api&utm_source=e45342b0&v=95BC6B75A6F08355B9775BD4BD2A4D45611C379E,"Senior Hogan Business Systems Analyst This role is four days onsite at our Seneca One Buffalo, NY location, with the flexibility to work from home one day per week Position Summary We are seeking an experienced Senior Hogan Business Systems Analyst (BSA) to support, enhance, and optimize our Hogan core banking platform. This role serves as a key liaison between business stakeholders and technical teams, translating complex banking requirements into scalable Hogan solutions. The ideal candidate has deep expertise in Hogan modules, s… IT Jobs",[]
junior data analyst,Machine Learning Engineer,Ascent Developer Solutions,"Encino, Los Angeles County",130000.0,150000.0,Engineering Jobs,2026-02-25 19:52:05+00:00,"About Ascent Ascent Developer Solutions is a leading private lending platform, serving real estate developers nationwide in the acquisition, renovation, and construction of residential real estate. Founded by a leadership team with a deep understanding and personal experience in virtually every facet of real estate development, Ascent is uniquely positioned to create custom, innovative lending solutions for a variety of real estate development business strategies. ROLE SUMMARY The Machine Learn…",https://www.adzuna.com/details/5645615411?utm_medium=api&utm_source=e45342b0,"Machine Learning Engineer About Ascent Ascent Developer Solutions is a leading private lending platform, serving real estate developers nationwide in the acquisition, renovation, and construction of residential real estate. Founded by a leadership team with a deep understanding and personal experience in virtually every facet of real estate development, Ascent is uniquely positioned to create custom, innovative lending solutions for a variety of real estate development business strategies. ROLE SUMMARY The Machine Learn… Engineering Jobs",['machine learning']
junior data analyst,AI/Machine Learning Specialist (Top Secret Required),August Schell,US,129017.71,129017.71,IT Jobs,2026-03-17 09:34:29+00:00,"Title: AI/Machine Learning Specialist Clearance : Active TS Required, Q Clearance preferred Education : Bachelor’s degree preferred Years Experience : all levels available Location : fully remote Compensation : DOE ($90-$140/yr.) Overview : An AI/Machine Learning Specialist designs, develops, and implements AI solutions, leveraging techniques like machine learning and deep learning to solve complex business problems. They work closely with data scientists and engineers to create algorithms that…",https://www.adzuna.com/details/5669598719?utm_medium=api&utm_source=e45342b0,"AI/Machine Learning Specialist (Top Secret Required) Title: AI/Machine Learning Specialist Clearance : Active TS Required, Q Clearance preferred Education : Bachelor’s degree preferred Years Experience : all levels available Location : fully remote Compensation : DOE ($90-$140/yr.) Overview : An AI/Machine Learning Specialist designs, develops, and implements AI solutions, leveraging techniques like machine learning and deep learning to solve complex business problems. They work closely with data scientists and engineers to create algorithms that… IT Jobs","['machine learning', 'deep learning']"
junior data analyst,Lead Data & Analytics – AI & Advanced Analytics,Airbus,"Herndon, Fairfax County",109274.65,109274.65,Engineering Jobs,2026-09-25 02:11:09+00:00,"Airbus is committed to providing reasonable accommodations as an Equal Opportunity Employer to applicants with disabilities. If you require assistance or an accommodation to complete your application, please contact us at USCareers@airbus.com Notice: Know Your Rights: Workplace Discrimination is Illegal Notice: Pay Transparency Nondiscrimination (English) Aviso: Transparencia en el Pago No Discriminación (Spanish) Job Description: Airbus North America Information Management (IM) is looking for…",https://www.adzuna.com/details/5897989479?utm_medium=api&utm_source=e45342b0,"Lead Data & Analytics – AI & Advanced Analytics Airbus is committed to providing reasonable accommodations as an Equal Opportunity Employer to applicants with disabilities. If you require assistance or an accommodation to complete your application, please contact us at USCareers@airbus.com Notice: Know Your Rights: Workplace Discrimination is Illegal Notice: Pay Transparency Nondiscrimination (English) Aviso: Transparencia en el Pago No Discriminación (Spanish) Job Description: Airbus North America Information Management (IM) is looking for… Engineering Jobs",[]
junior data analyst,Data Scientist with Security Clearance,Guidehouse,"Norfolk, Norfolk City",180264.5,180264.5,IT Jobs,2026-09-20 16:22:09+00:00,"Job Family : Data Science & Analysis Travel Required : Up to 10% Clearance Required : Active Secret What You Will Do : * Design, develop, and implement advanced analytical models, predictive forecasting solutions, and AI/ML capabilities that support Navy Reserve readiness, operational optimization, and mission assurance objectives. * Lead the development of data analytics products, dashboards, and visualization tools that transform complex data into actionable insights for executives, operation…",https://www.adzuna.com/land/ad/5892032725?se=hkCd4za78RGCw6kuTDrJlg&utm_medium=api&utm_source=e45342b0&v=6F6FFDBAF4F7A04EA2CEE61FA2417EB36F2DADAC,"Data Scientist with Security Clearance Job Family : Data Science & Analysis Travel Required : Up to 10% Clearance Required : Active Secret What You Will Do : * Design, develop, and implement advanced analytical models, predictive forecasting solutions, and AI/ML capabilities that support Navy Reserve readiness, operational optimization, and mission assurance objectives. * Lead the development of data analytics products, dashboards, and visualization tools that transform complex data into actionable insights for executives, operation… IT Jobs",[]
junior data analyst,Senior Software Engineer,Graphite,"San Francisco, California",200000.0,230000.0,IT Jobs,2026-09-17 04:49:37+00:00,"Graphite builds consumer-quality tools for modern software engineering teams, so they can ship faster and create amazing products. Our product Graphite is modern code review for fast-moving teams - we help engineers write and review smaller pull requests, stay unblocked, and ship faster . Anyone can start using Graphite individually without needing their coworkers to change tools - we seamlessly sync code changes and reviews. We started Graphite because we missed internal code review tools like…",https://www.adzuna.com/details/5887369867?utm_medium=api&utm_source=e45342b0,"Senior Software Engineer Graphite builds consumer-quality tools for modern software engineering teams, so they can ship faster and create amazing products. Our product Graphite is modern code review for fast-moving teams - we help engineers write and review smaller pull requests, stay unblocked, and ship faster . Anyone can start using Graphite individually without needing their coworkers to change tools - we seamlessly sync code changes and reviews. We started Graphite because we missed internal code review tools like… IT Jobs",[]
junior data analyst,Sr. Data Scientist,Skyworks,"Irvine, Orange County",177474.83,177474.83,IT Jobs,2026-09-23 00:05:00+00:00,"If you are looking for a challenging and exciting career in the world of technology, then look no further. Skyworks is an innovator of high-performance analog semiconductors whose solutions are powering the wireless networking revolution. Through our broad technology expertise and one of the most extensive product portfolios in the industry, we are Connecting Everyone and Everything, All the Time. At Skyworks, you will find a fast-paced environment with a strong focus on global collaboration, m…",https://www.adzuna.com/details/5894737942?utm_medium=api&utm_source=e45342b0,"Sr. Data Scientist If you are looking for a challenging and exciting career in the world of technology, then look no further. Skyworks is an innovator of high-performance analog semiconductors whose solutions are powering the wireless networking revolution. Through our broad technology expertise and one of the most extensive product portfolios in the industry, we are Connecting Everyone and Everything, All the Time. At Skyworks, you will find a fast-paced environment with a strong focus on global collaboration, m… IT Jobs",[]
junior data analyst,Data Scientist 2 4P/187,4P Consulting,"Atlanta, Fulton County",145271.7,145271.7,IT Jobs,2025-07-31 16:17:57+00:00,"Data Scientist (5–10 Years Experience) Overview: A Data Scientist with 5 to 10 years of experience is responsible for leveraging data to uncover insights, create predictive models, and drive data-driven decision-making within an organization. This role requires advanced analytics, machine learning expertise, and strong problem-solving skills to extract actionable intelligence from large and complex datasets. Key Responsibilities: 1. Data Analysis: Collect, clean, and analyze complex datasets to…",https://www.adzuna.com/details/5330299138?utm_medium=api&utm_source=e45342b0,"Data Scientist 2 4P/187 Data Scientist (5–10 Years Experience) Overview: A Data Scientist with 5 to 10 years of experience is responsible for leveraging data to uncover insights, create predictive models, and drive data-driven decision-making within an organization. This role requires advanced analytics, machine learning expertise, and strong problem-solving skills to extract actionable intelligence from large and complex datasets. Key Responsibilities: 1. Data Analysis: Collect, clean, and analyze complex datasets to… IT Jobs",['machine learning']
junior data analyst,"Data Scientist, Specialist",The Vanguard Group,US,94095.32,94095.32,IT Jobs,2026-09-11 02:36:23+00:00,"Core Responsibilities Build and enhance AI-powered Digital Twins that simulate customer behavior, preferences, and decision-making. Lead analytic and AI initiatives that improve simulation fidelity, business relevance, and predictive accuracy through experimentation, validation, and real-world outcome measurement. Apply behavioral science, customer research, UX insights, and marketing analytics to develop and refine human-centered AI models. Develop and optimize LLM, RAG, and agentic AI solutio…",https://www.adzuna.com/details/5879386321?utm_medium=api&utm_source=e45342b0,"Data Scientist, Specialist Core Responsibilities Build and enhance AI-powered Digital Twins that simulate customer behavior, preferences, and decision-making. Lead analytic and AI initiatives that improve simulation fidelity, business relevance, and predictive accuracy through experimentation, validation, and real-world outcome measurement. Apply behavioral science, customer research, UX insights, and marketing analytics to develop and refine human-centered AI models. Develop and optimize LLM, RAG, and agentic AI solutio… IT Jobs",[]
junior data analyst,Data Scientist,4P Consulting,"Forest Park, Clayton County",89499.73,89499.73,IT Jobs,2025-07-31 17:00:57+00:00,"HI , Hope you're doing well This is pankaj from 4P Consulting Please see below job description Please share your resume if you're interested and have 5-10 years of experience submission on W2 basis only NO C2C A Data Scientist with 5 to 10 years of experience is responsible for leveraging data to uncover insights, create predictive models, and drive data-driven decision- making within an organization. This role involves advanced analytics, machine learning, and strong problem-solving skills to …",https://www.adzuna.com/details/5330629757?utm_medium=api&utm_source=e45342b0,"Data Scientist HI , Hope you're doing well This is pankaj from 4P Consulting Please see below job description Please share your resume if you're interested and have 5-10 years of experience submission on W2 basis only NO C2C A Data Scientist with 5 to 10 years of experience is responsible for leveraging data to uncover insights, create predictive models, and drive data-driven decision- making within an organization. This role involves advanced analytics, machine learning, and strong problem-solving skills to … IT Jobs",['machine learning']
junior data analyst,Senior Data Scientist,Fetch,US,159945.0,188171.0,IT Jobs,2026-09-18 04:19:51+00:00,"What we’re building and why we’re building it. Fetch helps people live rewarded every day, with a vision to become the rewards destination for everyone. We turn everyday activities into meaningful rewards, whether it’s grocery shopping, grabbing a quick meal, or playing a favorite mobile game. To date, we’ve awarded more than $1 billion in Fetch Points to our users. Each day, more than 13 million receipts are submitted on Fetch, providing visibility into over $212 billion in gross merchandise v…",https://www.adzuna.com/details/5888931285?utm_medium=api&utm_source=e45342b0,"Senior Data Scientist What we’re building and why we’re building it. Fetch helps people live rewarded every day, with a vision to become the rewards destination for everyone. We turn everyday activities into meaningful rewards, whether it’s grocery shopping, grabbing a quick meal, or playing a favorite mobile game. To date, we’ve awarded more than $1 billion in Fetch Points to our users. Each day, more than 13 million receipts are submitted on Fetch, providing visibility into over $212 billion in gross merchandise v… IT Jobs",[]
junior data analyst,Data Scientist II 4P/573,4P Consulting,"Atlanta, Fulton County",154132.53,154132.53,IT Jobs,2026-03-07 13:26:09+00:00,"Data Scientist II Experience Level: 5–10 Years Location: Atlanta, GA Contract- 1 Year Client- Southern Company Position Overview The Data Scientist II is responsible for leveraging large and complex datasets to uncover insights, develop predictive models, and drive data-informed decision-making across the organization. This role requires strong expertise in advanced analytics, machine learning, statistical modeling, and data engineering principles. The ideal candidate is a strategic thinker who…",https://www.adzuna.com/details/5657782636?utm_medium=api&utm_source=e45342b0,"Data Scientist II 4P/573 Data Scientist II Experience Level: 5–10 Years Location: Atlanta, GA Contract- 1 Year Client- Southern Company Position Overview The Data Scientist II is responsible for leveraging large and complex datasets to uncover insights, develop predictive models, and drive data-informed decision-making across the organization. This role requires strong expertise in advanced analytics, machine learning, statistical modeling, and data engineering principles. The ideal candidate is a strategic thinker who… IT Jobs",['machine learning']
junior data analyst,Data Scientist 2 - 4P/114,4P Consulting,"Atlanta, Fulton County",85969.49,85969.49,IT Jobs,2025-07-31 15:35:41+00:00,"Position: Data Scientist (5 to 10 Years of Experience) US Citizen/ Greencard Preferred Overview: A Data Scientist with 5 to 10 years of experience plays a pivotal role in leveraging data to uncover actionable insights, create predictive models, and drive informed decision-making within an organization. This role requires expertise in advanced analytics, machine learning, and problem-solving to extract meaningful value from large and complex datasets. Key Responsibilities: Data Analysis Collect,…",https://www.adzuna.com/details/5330155748?utm_medium=api&utm_source=e45342b0,"Data Scientist 2 - 4P/114 Position: Data Scientist (5 to 10 Years of Experience) US Citizen/ Greencard Preferred Overview: A Data Scientist with 5 to 10 years of experience plays a pivotal role in leveraging data to uncover actionable insights, create predictive models, and drive informed decision-making within an organization. This role requires expertise in advanced analytics, machine learning, and problem-solving to extract meaningful value from large and complex datasets. Key Responsibilities: Data Analysis Collect,… IT Jobs",['machine learning']
junior data analyst,Staff Data Scientist,RBGlobal,"Westchester, Miami-Dade County",113002.39,113002.39,IT Jobs,2026-04-30 03:02:27+00:00,"Description About the Role The Staff Data Scientist will play a key role in advancing IAA’s Machine Learning (ML) and advanced analytics initiatives. This role involves building supervised and unsupervised ML models, as well as developing AI agentic applications, with a strong business orientation and a track record of delivering data-driven services. The Staff Data Scientist will implement scalable, machine learning-based solutions to drive growth and operational efficiency across the organiza…",https://www.adzuna.com/details/5714339256?utm_medium=api&utm_source=e45342b0,"Staff Data Scientist Description About the Role The Staff Data Scientist will play a key role in advancing IAA’s Machine Learning (ML) and advanced analytics initiatives. This role involves building supervised and unsupervised ML models, as well as developing AI agentic applications, with a strong business orientation and a track record of delivering data-driven services. The Staff Data Scientist will implement scalable, machine learning-based solutions to drive growth and operational efficiency across the organiza… IT Jobs",['machine learning']
junior data analyst,Senior Data Analyst,Continuus Technologies LLC,"Germantown, Washington County",110180.77,110180.77,IT Jobs,2026-02-11 14:56:37+00:00,"Role Overview The Senior Data Analyst is a trusted analytical partner who leads complex analyses, develops insights that influence decision-making, and mentors junior analysts. This role bridges data and business strategy by translating questions into actionable insights and establishing analytical best practices. Key Responsibilities Lead complex analyses to support strategic and operational decisions Develop and maintain dashboards, reports, and analytical models Identify trends, risks, and o…",https://www.adzuna.com/details/5624661062?utm_medium=api&utm_source=e45342b0,"Senior Data Analyst Role Overview The Senior Data Analyst is a trusted analytical partner who leads complex analyses, develops insights that influence decision-making, and mentors junior analysts. This role bridges data and business strategy by translating questions into actionable insights and establishing analytical best practices. Key Responsibilities Lead complex analyses to support strategic and operational decisions Develop and maintain dashboards, reports, and analytical models Identify trends, risks, and o… IT Jobs",[]
junior data analyst,Senior Data Scientist / AI Analyst,SteerBridge,"Washington, Washington, D.C.",165000.0,175000.0,IT Jobs,2026-08-05 05:29:03+00:00,"SteerBridge is a modern technology company delivering innovative, mission‑focused solutions to the U.S. Government and private sector. Leveraging deep expertise in federal acquisition, digital transformation, and emerging technologies, we deliver agile, commercial‑grade capabilities that accelerate operational effectiveness and drive measurable mission success. At the core of SteerBridge is our people—especially the veterans whose leadership, problem‑solving mindset, and commitment to excellenc…",https://www.adzuna.com/details/5828894934?utm_medium=api&utm_source=e45342b0,"Senior Data Scientist / AI Analyst SteerBridge is a modern technology company delivering innovative, mission‑focused solutions to the U.S. Government and private sector. Leveraging deep expertise in federal acquisition, digital transformation, and emerging technologies, we deliver agile, commercial‑grade capabilities that accelerate operational effectiveness and drive measurable mission success. At the core of SteerBridge is our people—especially the veterans whose leadership, problem‑solving mindset, and commitment to excellenc… IT Jobs",['agile']
junior data analyst,Jr Azure Data Engineer (Cloud Resiliency),ManpowerGroup,"Charlotte, Mecklenburg County",186970.69,186970.69,IT Jobs,2026-09-11 07:37:26+00:00,"Jr Azure Data Engineer (Cloud Resiliency) Location: Charlotte, NC 28202 (Hybrid - 2 to 3 days onsite weekly) Pay Rate: $30.00 - $38.00 / hour W2 Duration: 6-Month Contract  Extensions Employment Terms: STRICTLY W2 ONLY. No C2C, no third parties, and no referrals. Position Overview We are seeking a highly organized, certified Jr Azure Data Engineer with 3 to 4 years of hands-on technical experience to coordinate, validate, and maintain data pipeline integrity and disaster recovery (DR) testing c…",https://www.adzuna.com/land/ad/5879650893?se=hkCd4za78RGCw6kuTDrJlg&utm_medium=api&utm_source=e45342b0&v=446ED6C564BEF8E63A4B145F34AEFFAECFE8FEEF,"Jr Azure Data Engineer (Cloud Resiliency) Jr Azure Data Engineer (Cloud Resiliency) Location: Charlotte, NC 28202 (Hybrid - 2 to 3 days onsite weekly) Pay Rate: $30.00 - $38.00 / hour W2 Duration: 6-Month Contract  Extensions Employment Terms: STRICTLY W2 ONLY. No C2C, no third parties, and no referrals. Position Overview We are seeking a highly organized, certified Jr Azure Data Engineer with 3 to 4 years of hands-on technical experience to coordinate, validate, and maintain data pipeline integrity and disaster recovery (DR) testing c… IT Jobs",['azure']
junior data analyst,"Business Analyst, Appraisal Operations",restb.ai,US,92000.0,115000.0,IT Jobs,2026-09-17 08:21:37+00:00,"The Business Analyst is responsible for providing strong analytical, process optimization, and project management support to Clear Capital’s CX Operations Group. Bring a pioneer spirit, a desire to be part of something that changes the valuation industry, and a drive to turn complex operational challenges into scalable solutions. An intermediate individual contributor role, the Analyst provides in-depth analytical and strategic program support to several key initiatives simultaneously. This rol…",https://www.adzuna.com/details/5887685553?utm_medium=api&utm_source=e45342b0,"Business Analyst, Appraisal Operations The Business Analyst is responsible for providing strong analytical, process optimization, and project management support to Clear Capital’s CX Operations Group. Bring a pioneer spirit, a desire to be part of something that changes the valuation industry, and a drive to turn complex operational challenges into scalable solutions. An intermediate individual contributor role, the Analyst provides in-depth analytical and strategic program support to several key initiatives simultaneously. This rol… IT Jobs",[]
junior data analyst,Senior Data Scientist,Prometheus Federal Services,"Fairfax, Fairfax County",212650.36,212650.36,IT Jobs,2026-09-14 16:26:46+00:00,"Position Summary Prometheus Federal Services (PFS) is a trusted partner of federal health agencies. We are seeking a Senior Data Scientist to support Department of Veterans Affairs (VA) programs through advanced analytics, predictive modeling, data science, and AI-enabled solutions. This role will focus on transforming complex VA data assets into actionable insights that support operational decision-making, healthcare outcomes, data modernization initiatives, and enterprise reporting. The Senio…",https://www.adzuna.com/details/5883871243?utm_medium=api&utm_source=e45342b0,"Senior Data Scientist Position Summary Prometheus Federal Services (PFS) is a trusted partner of federal health agencies. We are seeking a Senior Data Scientist to support Department of Veterans Affairs (VA) programs through advanced analytics, predictive modeling, data science, and AI-enabled solutions. This role will focus on transforming complex VA data assets into actionable insights that support operational decision-making, healthcare outcomes, data modernization initiatives, and enterprise reporting. The Senio… IT Jobs",[]
junior data analyst,Senior Data QA/Databricks Implementation Lead,Kforce Technology Staffing,"Juno Beach, Palm Beach County",173972.8,173972.8,IT Jobs,2026-03-27 10:13:19+00:00,"RESPONSIBILITIES: Kforce has a client that is seeking a Senior Data QA/Databricks Implementation Lead in Juno Beach, FL. Roles and Responsibilities: Strategic Leadership & Governance: * Lead the development and enforcement of enterprise standards for Databricks Unity Catalog, Medallion architecture, metadata, and domain onboarding * Serve as a senior advisor to domain data owners and stewards on data quality, CDE definitions, and semantic alignment * Drive adoption of enterprise data governance…",https://www.adzuna.com/land/ad/5680362854?se=hkCd4za78RGCw6kuTDrJlg&utm_medium=api&utm_source=e45342b0&v=6955848AD4D702AAFF251134090154B432106152,"Senior Data QA/Databricks Implementation Lead RESPONSIBILITIES: Kforce has a client that is seeking a Senior Data QA/Databricks Implementation Lead in Juno Beach, FL. Roles and Responsibilities: Strategic Leadership & Governance: * Lead the development and enforcement of enterprise standards for Databricks Unity Catalog, Medallion architecture, metadata, and domain onboarding * Serve as a senior advisor to domain data owners and stewards on data quality, CDE definitions, and semantic alignment * Drive adoption of enterprise data governance… IT Jobs",[]
junior data analyst,Data Scientist with Security Clearance,Gridiron IT Solutions,"Trade, Alexandria City",174726.84,174726.84,IT Jobs,2026-09-04 15:52:58+00:00,"Data Scientist Location: Alexandria, VA - Mark Center Work Type: Full-Time / Onsite Remote Work: No Job Description As a data scientist, you’re excited at the prospect of unlocking the secrets held by a data set, and you’re fascinated by the possibilities presented by IoT, machine learning, and artificial intelligence. In an increasingly connected world, massive amounts of structured and unstructured data open new opportunities. As a data scientist, you can help turn these complex data sets int…",https://www.adzuna.com/land/ad/5870975803?se=hkCd4za78RGCw6kuTDrJlg&utm_medium=api&utm_source=e45342b0&v=032400BAA3CA18D6C960646C9A993497E6545D03,"Data Scientist with Security Clearance Data Scientist Location: Alexandria, VA - Mark Center Work Type: Full-Time / Onsite Remote Work: No Job Description As a data scientist, you’re excited at the prospect of unlocking the secrets held by a data set, and you’re fascinated by the possibilities presented by IoT, machine learning, and artificial intelligence. In an increasingly connected world, massive amounts of structured and unstructured data open new opportunities. As a data scientist, you can help turn these complex data sets int… IT Jobs",['machine learning']
junior data analyst,Data Scientist SME with Security Clearance,Leidos,"Chantilly, Fairfax County",175292.47,175292.47,IT Jobs,2026-09-17 00:16:12+00:00,"R-00192425 Description Turn complex data into mission advantage. Join Leidos on the Chinook Program supporting our Intelligence Community customer and play a critical role in transforming massive, complex datasets into actionable intelligence and mission insights. As a Data Scientist SME, you will bring advanced analytical expertise, innovative thinking, and technical leadership to a high performing Agile engineering team delivering next generation capabilities to our Intelligence Community cus…",https://www.adzuna.com/land/ad/5887136659?se=hkCd4za78RGCw6kuTDrJlg&utm_medium=api&utm_source=e45342b0&v=7F875C1566667643001B4467B5D21C5D6600C3EE,"Data Scientist SME with Security Clearance R-00192425 Description Turn complex data into mission advantage. Join Leidos on the Chinook Program supporting our Intelligence Community customer and play a critical role in transforming massive, complex datasets into actionable intelligence and mission insights. As a Data Scientist SME, you will bring advanced analytical expertise, innovative thinking, and technical leadership to a high performing Agile engineering team delivering next generation capabilities to our Intelligence Community cus… IT Jobs","['r', 'agile']"
junior data analyst,Data Scientist SME with Security Clearance,Leidos,"Trade, Alexandria City",200576.69,200576.69,IT Jobs,2026-09-17 00:16:11+00:00,"R-00192425 Description Turn complex data into mission advantage. Join Leidos on the Chinook Program supporting our Intelligence Community customer and play a critical role in transforming massive, complex datasets into actionable intelligence and mission insights. As a Data Scientist SME, you will bring advanced analytical expertise, innovative thinking, and technical leadership to a high performing Agile engineering team delivering next generation capabilities to our Intelligence Community cus…",https://www.adzuna.com/land/ad/5887136572?se=hkCd4za78RGCw6kuTDrJlg&utm_medium=api&utm_source=e45342b0&v=9F036F71295943C5E52420B1CCC2C1F1C916AA5A,"Data Scientist SME with Security Clearance R-00192425 Description Turn complex data into mission advantage. Join Leidos on the Chinook Program supporting our Intelligence Community customer and play a critical role in transforming massive, complex datasets into actionable intelligence and mission insights. As a Data Scientist SME, you will bring advanced analytical expertise, innovative thinking, and technical leadership to a high performing Agile engineering team delivering next generation capabilities to our Intelligence Community cus… IT Jobs","['r', 'agile']"
junior data analyst,Site Operations Manager,Prolog,"Redstone Arsenal, Madison County",142949.94,142949.94,IT Jobs,2026-08-23 00:10:04+00:00,"ProLog, Inc. is seeking a Site Operations Manager for Analytical Operations to direct and oversee all analytical, data science, process optimization, and software integration operations supporting the U.S. Army Aviation and Missile Command (AMCOM) Logistics Center (ALC) Supply Chain Management Directorate (SCMD) at Redstone Arsenal, Alabama. The Site Operations Manager will provide direct leadership to multi-disciplinary teams of senior and junior logistics analysts, data scientists, and system…",https://www.adzuna.com/details/5853291181?utm_medium=api&utm_source=e45342b0,"Site Operations Manager ProLog, Inc. is seeking a Site Operations Manager for Analytical Operations to direct and oversee all analytical, data science, process optimization, and software integration operations supporting the U.S. Army Aviation and Missile Command (AMCOM) Logistics Center (ALC) Supply Chain Management Directorate (SCMD) at Redstone Arsenal, Alabama. The Site Operations Manager will provide direct leadership to multi-disciplinary teams of senior and junior logistics analysts, data scientists, and system… IT Jobs",[]
junior data analyst,Data Scientist II,VSolvit,"Norco, Riverside County",115000.0,130000.0,IT Jobs,2026-08-19 04:30:43+00:00,"*100% On-site in Norco, CA* Job Summary We are seeking a talented and driven mid-level Data Scientist to join our evolving and dynamic team. In this role, you will apply advanced data analytics and machine learning techniques to explore large, complex datasets for unknown trends and patterns regarding customer behavior, product performance, and operation efficiency to develop predictive models and support decision-making processes while adhering to the highest standards of security and confiden…",https://www.adzuna.com/details/5847957155?utm_medium=api&utm_source=e45342b0,"Data Scientist II *100% On-site in Norco, CA* Job Summary We are seeking a talented and driven mid-level Data Scientist to join our evolving and dynamic team. In this role, you will apply advanced data analytics and machine learning techniques to explore large, complex datasets for unknown trends and patterns regarding customer behavior, product performance, and operation efficiency to develop predictive models and support decision-making processes while adhering to the highest standards of security and confiden… IT Jobs",['machine learning']
junior data analyst,Databricks Solution Architect,System One,"Highland Park, Dallas",180441.83,180441.83,IT Jobs,2026-09-19 16:17:19+00:00,"Job Title: Databricks Solution Architect Location: Dallas, Texas Type: Direct Hire Work Model: Hybrid – onsite and remote Overview We are seeking a strategic Databricks Solutions Architect to lead the design and implementation of modern data and AI solutions for our enterprise clients. This is a technical leadership role responsible for translating complex customer requirements into scalable Databricks-based architectures, driving pre-sales proposals, and building high-performing technical team…",https://www.adzuna.com/land/ad/5890945892?se=hkCd4za78RGCw6kuTDrJlg&utm_medium=api&utm_source=e45342b0&v=451A62F6DB19ADCD53FBE0B3F8A2C65905C1C350,"Databricks Solution Architect Job Title: Databricks Solution Architect Location: Dallas, Texas Type: Direct Hire Work Model: Hybrid – onsite and remote Overview We are seeking a strategic Databricks Solutions Architect to lead the design and implementation of modern data and AI solutions for our enterprise clients. This is a technical leadership role responsible for translating complex customer requirements into scalable Databricks-based architectures, driving pre-sales proposals, and building high-performing technical team… IT Jobs",[]
junior data analyst,"Data Scientist, Fire TV",Amazon,"International, King County",200411.11,200411.11,IT Jobs,2026-08-30 01:54:23+00:00,"Description Fire TV is reshaping the way millions of people discover, engage with, and enjoy entertainment every day. The Fire TV, Advertising and Appstore Decision Science organization is looking for a Data Scientist who is passionate about using data to surface customer insights that will influence the development of new and improved customer experiences across the Fire TV organization. This role contributes to the foundational science and analytics capabilities used by Product, Finance, Mark…",https://www.adzuna.com/land/ad/5861959326?se=hkCd4za78RGCw6kuTDrJlg&utm_medium=api&utm_source=e45342b0&v=1103DB2B55B417FA323011377FC944766516A214,"Data Scientist, Fire TV Description Fire TV is reshaping the way millions of people discover, engage with, and enjoy entertainment every day. The Fire TV, Advertising and Appstore Decision Science organization is looking for a Data Scientist who is passionate about using data to surface customer insights that will influence the development of new and improved customer experiences across the Fire TV organization. This role contributes to the foundational science and analytics capabilities used by Product, Finance, Mark… IT Jobs",[]
business analyst,Business Analyst,Vaco LLC,"Nashville, Davidson County",120000.0,138000.0,IT Jobs,2026-09-24 08:54:02+00:00,"Business Analyst Location: Nashville, TN (Onsite – 5 Days per Week) Type: Direct Hire Salary: $120,000–$138,000 Base Salary Reason for Opening: Expanding dedicated Product and Business Analyst capacity as the company scales. We're looking for a Business Analyst who can bridge the gap between customers, sales teams, and software developers. This isn't a role where you'll simply gather requirements and pass them along. The person we're looking for will own the prioritization process for several s…",https://www.adzuna.com/land/ad/5896867759?se=UsIr5Da78RGQqo_68jUqzg&utm_medium=api&utm_source=e45342b0&v=D0B846A128F5CE1E4A6928C23D3563FA9A636259,"Business Analyst Business Analyst Location: Nashville, TN (Onsite – 5 Days per Week) Type: Direct Hire Salary: $120,000–$138,000 Base Salary Reason for Opening: Expanding dedicated Product and Business Analyst capacity as the company scales. We're looking for a Business Analyst who can bridge the gap between customers, sales teams, and software developers. This isn't a role where you'll simply gather requirements and pass them along. The person we're looking for will own the prioritization process for several s… IT Jobs",[]
business analyst,Anti-Fraud Business Analyst,Infosys Consulting,"Jacksonville, Duval County",76212.27,76212.27,Accounting & Finance Jobs,2026-09-28 02:20:28+00:00,"Job Description Title: Consultant | Hybrid | Jacksonville, FL \n Role Details \n We are seeking a full-time Business Analyst/Consultant to serve as a key partner between business and technology teams. The successful candidate will bring expertise in one or more anti-fraud areas—Identity and Verification (ID&V), fraud detection, investigations, or case management—within credit cards, commercial payments, or wealth management. The candidate will help leading financial institutions analyze busines…",https://www.adzuna.com/land/ad/5901275679?se=UsIr5Da78RGQqo_68jUqzg&utm_medium=api&utm_source=e45342b0&v=15BA70C2D9A8245C2568CC96DD71B3E9E4C14B0D,"Anti-Fraud Business Analyst Job Description Title: Consultant | Hybrid | Jacksonville, FL \n Role Details \n We are seeking a full-time Business Analyst/Consultant to serve as a key partner between business and technology teams. The successful candidate will bring expertise in one or more anti-fraud areas—Identity and Verification (ID&V), fraud detection, investigations, or case management—within credit cards, commercial payments, or wealth management. The candidate will help leading financial institutions analyze busines… Accounting & Finance Jobs",[]
business analyst,Technical Business Analyst - Senior,Guidehouse,"Rosslyn, Arlington County",149473.31,149473.31,IT Jobs,2026-09-28 00:37:43+00:00,"Job Family : Technology Consulting Travel Required : None Clearance Required : Ability to Obtain Public Trust What You Will Do: Support a federal Chief Information Officer (CIO) in enhancing office operations and project delivery across a wide range of initiatives and systems. Lead the development of strategic plans, roadmaps, and project plans that support complex technology integration efforts. Provide insights to clients to help establish project priorities, resources, and timelines, buildin…",https://www.adzuna.com/land/ad/5901208163?se=UsIr5Da78RGQqo_68jUqzg&utm_medium=api&utm_source=e45342b0&v=22A0BCE71C102E306F751B862390B6AFC0482E6C,"Technical Business Analyst - Senior Job Family : Technology Consulting Travel Required : None Clearance Required : Ability to Obtain Public Trust What You Will Do: Support a federal Chief Information Officer (CIO) in enhancing office operations and project delivery across a wide range of initiatives and systems. Lead the development of strategic plans, roadmaps, and project plans that support complex technology integration efforts. Provide insights to clients to help establish project priorities, resources, and timelines, buildin… IT Jobs",[]
business analyst,Senior Business Analyst,University Health,"San Antonio, Bexar County",58174.97,58174.97,Scientific & QA Jobs,2026-09-27 21:05:54+00:00,"Job Description \n \n POSITION SUMMARY/RESPONSIBILITIES \n Assists the Institute for Public Health by conducting research, developing meaningful data reports and synthesizing information to advance public health and health equity. This position is responsible for collecting, analyzing, and transforming research and data into information that will inform strategy development and execution within Bexar County. This position requires a strategic thinker who will be monitor and provide recommendati…",https://www.adzuna.com/land/ad/5901069650?se=UsIr5Da78RGQqo_68jUqzg&utm_medium=api&utm_source=e45342b0&v=EFCC38FE77B6604DFC24B990A6A29CC4067CE4D1,"Senior Business Analyst Job Description \n \n POSITION SUMMARY/RESPONSIBILITIES \n Assists the Institute for Public Health by conducting research, developing meaningful data reports and synthesizing information to advance public health and health equity. This position is responsible for collecting, analyzing, and transforming research and data into information that will inform strategy development and execution within Bexar County. This position requires a strategic thinker who will be monitor and provide recommendati… Scientific & QA Jobs",[]
business analyst,HR Business Analyst,Vaco LLC,"Grand Rapids, Kent County",107819.41,107819.41,HR & Recruitment Jobs,2026-09-25 02:30:30+00:00,"The HR Business Analyst is responsible for partnering with Human Resources, IT, and business stakeholders to improve HR processes, systems, and reporting. This role gathers business requirements, analyzes workflows, supports HR technology initiatives, and helps implement solutions that improve efficiency, compliance, and employee experience. The HR Business Analyst serves as a bridge between HR and technology teams, ensuring business needs are translated into effective system configurations and…",https://www.adzuna.com/land/ad/5897999875?se=UsIr5Da78RGQqo_68jUqzg&utm_medium=api&utm_source=e45342b0&v=71374533FA633AE0F38BF485B62AEDF67F025B74,"HR Business Analyst The HR Business Analyst is responsible for partnering with Human Resources, IT, and business stakeholders to improve HR processes, systems, and reporting. This role gathers business requirements, analyzes workflows, supports HR technology initiatives, and helps implement solutions that improve efficiency, compliance, and employee experience. The HR Business Analyst serves as a bridge between HR and technology teams, ensuring business needs are translated into effective system configurations and… HR & Recruitment Jobs",[]
business analyst,Business Analyst,MANTECH,"Springfield, Effingham County",129975.43,129975.43,IT Jobs,2026-09-09 07:33:54+00:00,"hackajob is collaborating with MANTECH to connect them with exceptional professionals for this role. MANTECH seeks a motivated, career and customer-oriented Business Analyst to join our team in Springfield, VA. This role is 100% on-site. The Business Analyst is a subject matter expert and program leader responsible for analyzing organizational needs, managing complex initiatives, and driving significant improvements across the enterprise. This role blends hands-on analytical and staff support f…",https://www.adzuna.com/land/ad/5877037051?se=UsIr5Da78RGQqo_68jUqzg&utm_medium=api&utm_source=e45342b0&v=4D7E0CEE6C87974622E49E3707A6063082EB1196,"Business Analyst hackajob is collaborating with MANTECH to connect them with exceptional professionals for this role. MANTECH seeks a motivated, career and customer-oriented Business Analyst to join our team in Springfield, VA. This role is 100% on-site. The Business Analyst is a subject matter expert and program leader responsible for analyzing organizational needs, managing complex initiatives, and driving significant improvements across the enterprise. This role blends hands-on analytical and staff support f… IT Jobs",[]
business analyst,Business Analyst II,Vaco LLC,"Maitland, Orange County",100295.09,100295.09,IT Jobs,2026-09-24 14:28:40+00:00,"Business Analyst II – Title & Escrow Position Summary We are seeking a Business Analyst II to serve as the liaison between business users and IT within the Title & Escrow industry. This role is responsible for supporting business applications, gathering and documenting requirements, improving business processes, and delivering reporting solutions that enhance operational efficiency. The ideal candidate will have experience with Title & Escrow operations, SoftPro, and business systems analysis, …",https://www.adzuna.com/land/ad/5897267310?se=UsIr5Da78RGQqo_68jUqzg&utm_medium=api&utm_source=e45342b0&v=4E725153C93C45FC37D3AE5F9B4D2CE2D881F818,"Business Analyst II Business Analyst II – Title & Escrow Position Summary We are seeking a Business Analyst II to serve as the liaison between business users and IT within the Title & Escrow industry. This role is responsible for supporting business applications, gathering and documenting requirements, improving business processes, and delivering reporting solutions that enhance operational efficiency. The ideal candidate will have experience with Title & Escrow operations, SoftPro, and business systems analysis, … IT Jobs",[]
business analyst,Claims Business Analyst,Forhyre,"North Carolina, US",52898.34,52898.34,IT Jobs,2026-09-26 13:56:31+00:00,"Job Description Job Description We are looking for a Claims Business Analyst who will be the vital link between our information technology capacity and our business objectives by supporting and ensuring the successful completion of analytical, building, testing and deployment tasks of our software product’s features. This Claims Business Analyst works collaboratively with the Director of Claims in supporting the department to deliver timely and accurate payment of claims and first call resoluti…",https://www.adzuna.com/land/ad/5899935083?se=UsIr5Da78RGQqo_68jUqzg&utm_medium=api&utm_source=e45342b0&v=8C31727CC2C145039BFFB226435AC67AA8FF8BF4,"Claims Business Analyst Job Description Job Description We are looking for a Claims Business Analyst who will be the vital link between our information technology capacity and our business objectives by supporting and ensuring the successful completion of analytical, building, testing and deployment tasks of our software product’s features. This Claims Business Analyst works collaboratively with the Director of Claims in supporting the department to deliver timely and accurate payment of claims and first call resoluti… IT Jobs",[]
business analyst,Business Analyst,Valiant Solutions LLC,US,104447.35,104447.35,IT Jobs,2026-08-27 15:56:20+00:00,"Valiant Solutions is seeking a Business Analyst to support our agile software development practice supporting an environmentally focused Federal Government client. The agency's programs aim to promote environmental sustainability and protect the natural resources of our planet. As part of this contract, we will be supporting the agency's efforts to develop and maintain information systems that facilitate the tracking and reporting of environmental data. Our team will work closely with the agenc…",https://www.adzuna.com/land/ad/5858656035?se=UsIr5Da78RGQqo_68jUqzg&utm_medium=api&utm_source=e45342b0&v=917FF8B646250FE730CA90AA6BC4B3ECF4F5A1B5,"Business Analyst Valiant Solutions is seeking a Business Analyst to support our agile software development practice supporting an environmentally focused Federal Government client. The agency's programs aim to promote environmental sustainability and protect the natural resources of our planet. As part of this contract, we will be supporting the agency's efforts to develop and maintain information systems that facilitate the tracking and reporting of environmental data. Our team will work closely with the agenc… IT Jobs",['agile']
business analyst,Business Analyst,Na Oiwi Kane,"Mount Rainier, Prince George's County",99135.22,99135.22,IT Jobs,2026-09-17 06:14:11+00:00,Overview Job Title: Business Analyst Location: National Capital Region (Washington DC and surrounding areas) Rivet Operations Company is looking for a Business Analyst to aid in gathering requirements and analyze data for the Cybersecurity and Infrastructure Security Agency (CISA) in the National Capital Region. The Business Analyst role is responsible for bridging the gap between business stakeholders and technical teams to ensure software and systems meet operational needs. This position anal…,https://www.adzuna.com/land/ad/5887486587?se=UsIr5Da78RGQqo_68jUqzg&utm_medium=api&utm_source=e45342b0&v=9E50C11F39B46138808B0F5D399364CBCFD0A9F9,Business Analyst Overview Job Title: Business Analyst Location: National Capital Region (Washington DC and surrounding areas) Rivet Operations Company is looking for a Business Analyst to aid in gathering requirements and analyze data for the Cybersecurity and Infrastructure Security Agency (CISA) in the National Capital Region. The Business Analyst role is responsible for bridging the gap between business stakeholders and technical teams to ensure software and systems meet operational needs. This position anal… IT Jobs,[]
business analyst,Business Analyst,Randstad Digital,"Tallahassee, Leon County",56049.71,56049.71,Accounting & Finance Jobs,2026-09-21 20:55:31+00:00,"job summary: Mandatory Qualifications Minimum three (3) years of information technology experience. Bachelor's degree in Computer Science, Information Systems, Business Administration, or related field. Equivalent professional experience may substitute for degree requirements. Minimum two (2) years of experience performing business analysis, requirements gathering, business process analysis, or systems analysis. Experience eliciting, documenting, validating, and managing business requirements. …",https://www.adzuna.com/land/ad/5893392013?se=UsIr5Da78RGQqo_68jUqzg&utm_medium=api&utm_source=e45342b0&v=398F6306B81664FC02D650E8830C8DC6DDE17515,"Business Analyst job summary: Mandatory Qualifications Minimum three (3) years of information technology experience. Bachelor's degree in Computer Science, Information Systems, Business Administration, or related field. Equivalent professional experience may substitute for degree requirements. Minimum two (2) years of experience performing business analysis, requirements gathering, business process analysis, or systems analysis. Experience eliciting, documenting, validating, and managing business requirements. … Accounting & Finance Jobs",[]
business analyst,Business Analyst,Randstad Digital,"Tallahassee, Leon County",57904.47,57904.47,IT Jobs,2026-09-25 14:01:30+00:00,"job summary: Overview: The Contractor shall provide Information Technology (IT) staff augmentation services to support the Department's Office of Information Technology (OIT), in a potential multiyear effort to serve as a liaison between the business community and the IT organization to provide technical solutions that meet user needs. The Contractor Representative should understand IT systems and capabilities, be able to analyze operations to find opportunities for process automation and assis…",https://www.adzuna.com/land/ad/5898618864?se=UsIr5Da78RGQqo_68jUqzg&utm_medium=api&utm_source=e45342b0&v=73A3E82D4A30288FC016F5DDE280F1CB7EE81377,"Business Analyst job summary: Overview: The Contractor shall provide Information Technology (IT) staff augmentation services to support the Department's Office of Information Technology (OIT), in a potential multiyear effort to serve as a liaison between the business community and the IT organization to provide technical solutions that meet user needs. The Contractor Representative should understand IT systems and capabilities, be able to analyze operations to find opportunities for process automation and assis… IT Jobs",[]
business analyst,Business Analyst,"Judge Group, Inc.","Upper Dublin, Montgomery County",139640.77,139640.77,IT Jobs,2026-08-21 21:53:18+00:00,"Location: Fort Washington, PA Salary: $60.00 USD Hourly - $70.00 USD Hourly Description: Business Analyst About the Role We are seeking a highly motivated and detail-oriented Business Analyst to serve as a critical liaison between business stakeholders and IT teams. In this role, you will analyze business needs, translate them into effective technology solutions, and support the successful delivery of projects, system enhancements, and process improvements. The ideal candidate will possess stro…",https://www.adzuna.com/land/ad/5851846729?se=UsIr5Da78RGQqo_68jUqzg&utm_medium=api&utm_source=e45342b0&v=A71896B464266743B4C482944463B9D1B7AB24C9,"Business Analyst Location: Fort Washington, PA Salary: $60.00 USD Hourly - $70.00 USD Hourly Description: Business Analyst About the Role We are seeking a highly motivated and detail-oriented Business Analyst to serve as a critical liaison between business stakeholders and IT teams. In this role, you will analyze business needs, translate them into effective technology solutions, and support the successful delivery of projects, system enhancements, and process improvements. The ideal candidate will possess stro… IT Jobs",[]
business analyst,Business Analyst,"Genius Road, LLC","Tallahassee, Leon County",69449.85,69449.85,IT Jobs,2026-09-24 04:48:19+00:00,"Business Analyst Contract: 12-Months (No C2C or Third-Party Vendors) Location: Tallahassee, Florida (5 days, onsite) We are seeking a Business Analyst to support requirements gathering, business process analysis, process modeling, and documentation across enterprise application and modernization initiatives. The ideal candidate will possess strong experience with gap analysis, translating business requirements into technical specifications, SDLC, testing/QA, and collaborating with technical and…",https://www.adzuna.com/land/ad/5896546284?se=UsIr5Da78RGQqo_68jUqzg&utm_medium=api&utm_source=e45342b0&v=867F628FA83FFF83B53A5E61864AAB3A44945983,"Business Analyst Business Analyst Contract: 12-Months (No C2C or Third-Party Vendors) Location: Tallahassee, Florida (5 days, onsite) We are seeking a Business Analyst to support requirements gathering, business process analysis, process modeling, and documentation across enterprise application and modernization initiatives. The ideal candidate will possess strong experience with gap analysis, translating business requirements into technical specifications, SDLC, testing/QA, and collaborating with technical and… IT Jobs",[]
business analyst,Business Analyst,Horizontal Talent,"Textile Finance, Los Angeles County",77831.2,77831.2,IT Jobs,2026-09-24 22:02:28+00:00,"Join a fast-paced finance technology initiative where you'll help onboard forecasting models into a financial planning platform and play a key role in improving how business stakeholders, engineering teams, and data partners work together. This role is ideal for a detail-oriented Business Analyst who enjoys translating business needs into technical solutions, improving workflows, and ensuring forecasting outputs are accurate, documented, and ready for production. Responsibilities Gather and doc…",https://www.adzuna.com/land/ad/5897758701?se=UsIr5Da78RGQqo_68jUqzg&utm_medium=api&utm_source=e45342b0&v=42F4C47A97FA688A2079A078BB13DFE1E441F69F,"Business Analyst Join a fast-paced finance technology initiative where you'll help onboard forecasting models into a financial planning platform and play a key role in improving how business stakeholders, engineering teams, and data partners work together. This role is ideal for a detail-oriented Business Analyst who enjoys translating business needs into technical solutions, improving workflows, and ensuring forecasting outputs are accurate, documented, and ready for production. Responsibilities Gather and doc… IT Jobs",[]
business analyst,Business Analyst,Randstad Digital,"Durham, Durham County",63790.91,63790.91,IT Jobs,2026-09-14 21:53:38+00:00,"job summary: We are looking for a Business Analyst with experience in Healthcare local to the Raleigh-Durham area. 3 years as a Business Analyst with user stories and writing functional requirements required and must be able to come into the Durham office twice weekly. location: Durham, North Carolina job type: Contract salary: $28 - 32 per hour work hours: 9am to 5pm education: Bachelors responsibilities: Elicit, document and track requirements for changes to business processes, policies, info…",https://www.adzuna.com/land/ad/5884166152?se=UsIr5Da78RGQqo_68jUqzg&utm_medium=api&utm_source=e45342b0&v=1A2804C38BEF5A3AE4D8706714C1013AB61C829A,"Business Analyst job summary: We are looking for a Business Analyst with experience in Healthcare local to the Raleigh-Durham area. 3 years as a Business Analyst with user stories and writing functional requirements required and must be able to come into the Durham office twice weekly. location: Durham, North Carolina job type: Contract salary: $28 - 32 per hour work hours: 9am to 5pm education: Bachelors responsibilities: Elicit, document and track requirements for changes to business processes, policies, info… IT Jobs",[]
business analyst,Business Analyst,Kforce Technology Staffing,"Park Hills, Kenton County",107619.91,107619.91,IT Jobs,2026-09-14 14:02:18+00:00,"RESPONSIBILITIES: Kforce has a client that is seeking a Business Analyst in Covington, KY Duties Include: * Working in a Scrum Agile environment to deliver software * Leading and conducting business analyses to formulate and make recommendations * Identifying and defining solutions to business problems, through creation and documentation of systems and process specifications * Creating, documenting, and leading scrum team backlog (writing user stories/acceptance criteria, supporting prioritizat…",https://www.adzuna.com/land/ad/5883827237?se=UsIr5Da78RGQqo_68jUqzg&utm_medium=api&utm_source=e45342b0&v=AFF843143A5200CCAD04511D420D7688E0ADCCD9,"Business Analyst RESPONSIBILITIES: Kforce has a client that is seeking a Business Analyst in Covington, KY Duties Include: * Working in a Scrum Agile environment to deliver software * Leading and conducting business analyses to formulate and make recommendations * Identifying and defining solutions to business problems, through creation and documentation of systems and process specifications * Creating, documenting, and leading scrum team backlog (writing user stories/acceptance criteria, supporting prioritizat… IT Jobs","['agile', 'scrum']"
business analyst,Business Analyst,Kforce Technology Staffing,"Salt Lake City, Salt Lake County",123267.57,123267.57,IT Jobs,2026-09-24 18:10:54+00:00,"RESPONSIBILITIES: Kforce has a client in Salt Lake City, UT that is seeking a Business Analyst to join a strategic customer segmentation initiative. This role will partner closely with business stakeholders, data teams, and technology partners to define customer-focused solutions, gather and document requirements, and drive projects from concept through implementation. The ideal candidate will have strong experience eliciting business requirements from diverse stakeholder groups, translating bu…",https://www.adzuna.com/land/ad/5897403488?se=UsIr5Da78RGQqo_68jUqzg&utm_medium=api&utm_source=e45342b0&v=575C220B31D170E03CD5C358C007741866A4146F,"Business Analyst RESPONSIBILITIES: Kforce has a client in Salt Lake City, UT that is seeking a Business Analyst to join a strategic customer segmentation initiative. This role will partner closely with business stakeholders, data teams, and technology partners to define customer-focused solutions, gather and document requirements, and drive projects from concept through implementation. The ideal candidate will have strong experience eliciting business requirements from diverse stakeholder groups, translating bu… IT Jobs",[]
business analyst,Business Analyst,Alpha Omega Integration LLC,"Mount Rainier, Prince George's County",87491.7,87491.7,IT Jobs,2026-09-22 20:57:21+00:00,"Job Title: Business Analyst Work Location: Hybrid; onsite 2 days a week minimum/once a month on-site customer facing meeting; in the National Capital Region (Arlington, VA or Washington, DC) (applicants must be based within a commutable distance (no more than 2 hours) within the National Capital Region Alpha Omega is seeking a qualified Business Analyst to support an IT portfolio within a PMO for one of our clients. The selected candidate will, at a minimum, fulfill the responsibilities below. …",https://www.adzuna.com/land/ad/5894476958?se=UsIr5Da78RGQqo_68jUqzg&utm_medium=api&utm_source=e45342b0&v=884422B4BD396355D8FD5369CB222942B299E0D9,"Business Analyst Job Title: Business Analyst Work Location: Hybrid; onsite 2 days a week minimum/once a month on-site customer facing meeting; in the National Capital Region (Arlington, VA or Washington, DC) (applicants must be based within a commutable distance (no more than 2 hours) within the National Capital Region Alpha Omega is seeking a qualified Business Analyst to support an IT portfolio within a PMO for one of our clients. The selected candidate will, at a minimum, fulfill the responsibilities below. … IT Jobs",[]
business analyst,Business Analyst,Neos Consulting,"Bee Cave, Travis County",66024.88,66024.88,IT Jobs,2026-09-19 20:19:51+00:00,"City : Austin State : Texas Neos is Seeking a Business Systems Analyst for a long-term contract role with our client in Austin, TX. REMOTE (TEXAS) - ONLY CANDIDATES CURRENTLY RESIDING IN TEXAS WILL BE CONSIDERED Workers may be required to come ONSITE into the office (Austin, Texas 78778) with seventy-two hours' notice. No calls, no emails, please respond directly to the ""apply"" link with your resume and contact details. Job Description Scope/Description of Services The Worker(s) will provide th…",https://www.adzuna.com/land/ad/5891106738?se=UsIr5Da78RGQqo_68jUqzg&utm_medium=api&utm_source=e45342b0&v=461216A5E1DD4ED6299FD091ECD1AA32D92EE8F2,"Business Analyst City : Austin State : Texas Neos is Seeking a Business Systems Analyst for a long-term contract role with our client in Austin, TX. REMOTE (TEXAS) - ONLY CANDIDATES CURRENTLY RESIDING IN TEXAS WILL BE CONSIDERED Workers may be required to come ONSITE into the office (Austin, Texas 78778) with seventy-two hours' notice. No calls, no emails, please respond directly to the ""apply"" link with your resume and contact details. Job Description Scope/Description of Services The Worker(s) will provide th… IT Jobs",[]
business analyst,Business Analyst,Eliassen Group,"Jacks Cabin, Gunnison County",83189.11,83189.11,IT Jobs,2026-09-10 08:00:49+00:00,"Description: Remote Our client seeks a Business Analyst with strong product and delivery skills to support backlog development and stakeholder alignment. The role partners closely with a Systems Analyst and a Product Owner to facilitate clear communication between business and technical teams and to advance sprint planning, refinement, and delivery. Due to client requirements, applicants must be willing and able to work on a w2 basis. For our w2 consultants, we offer a great benefits package th…",https://www.adzuna.com/land/ad/5878426940?se=UsIr5Da78RGQqo_68jUqzg&utm_medium=api&utm_source=e45342b0&v=8D8868C8CCE978E89F4A3CBE64ADF27E4C9A229B,"Business Analyst Description: Remote Our client seeks a Business Analyst with strong product and delivery skills to support backlog development and stakeholder alignment. The role partners closely with a Systems Analyst and a Product Owner to facilitate clear communication between business and technical teams and to advance sprint planning, refinement, and delivery. Due to client requirements, applicants must be willing and able to work on a w2 basis. For our w2 consultants, we offer a great benefits package th… IT Jobs",['communication']
business analyst,Business Analyst,Eliassen Group,"Grand Central, Manhattan",105724.52,105724.52,IT Jobs,2026-09-04 19:54:11+00:00,"Description: On-site in New York, NY Our client seeks a Business Analyst to support a fast-moving product team delivering a new, visible financial services program. The role operates within an Agile pod alongside a Product Owner, engineers, and cross-functional stakeholders. The analyst will translate complex business needs into clear requirements and remain engaged from discovery through implementation and validation. Due to client requirements, applicants must be willing and able to work on a…",https://www.adzuna.com/land/ad/5871131332?se=UsIr5Da78RGQqo_68jUqzg&utm_medium=api&utm_source=e45342b0&v=4EBE37AD31EF51349BF07D4FDB0041A2D5BE29B0,"Business Analyst Description: On-site in New York, NY Our client seeks a Business Analyst to support a fast-moving product team delivering a new, visible financial services program. The role operates within an Agile pod alongside a Product Owner, engineers, and cross-functional stakeholders. The analyst will translate complex business needs into clear requirements and remain engaged from discovery through implementation and validation. Due to client requirements, applicants must be willing and able to work on a… IT Jobs",['agile']
business analyst,Business Analyst,Kforce Technology Staffing,"Bee Cave, Travis County",90275.01,90275.01,IT Jobs,2026-09-18 20:16:36+00:00,"RESPONSIBILITIES: Kforce has an enterprise client seeking a Business Analyst I in Austin, TX. Duties: * Reviews, analyzes, and evaluates business systems and user needs * Formulates systems to parallel overall business strategies REQUIREMENTS: * To be considered for this position, candidates must have experience in a similar role, or they must possess significant knowledge, experience, and abilities to successfully perform the responsibilities listed * Relevant education and/or training will be…",https://www.adzuna.com/land/ad/5889898412?se=UsIr5Da78RGQqo_68jUqzg&utm_medium=api&utm_source=e45342b0&v=E1CDEEE5A164B62F4BB856F08DD22294AF8C7896,"Business Analyst RESPONSIBILITIES: Kforce has an enterprise client seeking a Business Analyst I in Austin, TX. Duties: * Reviews, analyzes, and evaluates business systems and user needs * Formulates systems to parallel overall business strategies REQUIREMENTS: * To be considered for this position, candidates must have experience in a similar role, or they must possess significant knowledge, experience, and abilities to successfully perform the responsibilities listed * Relevant education and/or training will be… IT Jobs",[]
business analyst,Business Analyst,Eliassen Group,"Jacks Cabin, Gunnison County",84071.12,84071.12,IT Jobs,2026-09-04 19:57:25+00:00,"Description: Remote Our client seeks a Business Analyst who will own requirements end to end. The role will elicit, document, and manage requirements through user stories and acceptance criteria, maintain traceability to build objects and test cases, run change control, and secure stakeholder signoffs at stage gates. The analyst will also reconcile disparate requirement sources into a master registry and lead standardization across regional performance management teams. Due to client requiremen…",https://www.adzuna.com/land/ad/5871134905?se=UsIr5Da78RGQqo_68jUqzg&utm_medium=api&utm_source=e45342b0&v=9B1DA6C6B2BD2B18B46A3BBD57388ED780545A06,"Business Analyst Description: Remote Our client seeks a Business Analyst who will own requirements end to end. The role will elicit, document, and manage requirements through user stories and acceptance criteria, maintain traceability to build objects and test cases, run change control, and secure stakeholder signoffs at stage gates. The analyst will also reconcile disparate requirement sources into a master registry and lead standardization across regional performance management teams. Due to client requiremen… IT Jobs",[]
business analyst,Business Analyst,SSI People,"Hayes Valley, San Francisco",107707.49,107707.49,IT Jobs,2026-09-23 22:06:41+00:00,"Job Title: Business Analyst Location: San Francisco, California (Hybrid) Job Summary: We are supporting an opportunity for a detail-oriented professional to help strengthen IT Hygiene governance, reporting, and compliance visibility across the enterprise. This position plays an important part in building sustainable reporting, supporting process consistency, and providing leadership with clear insights that drive continuous improvement. Responsibilities: Develop and maintain sustainable reporti…",https://www.adzuna.com/land/ad/5896112984?se=UsIr5Da78RGQqo_68jUqzg&utm_medium=api&utm_source=e45342b0&v=EE3F5FEE324850B5E9725D4E2C2AE2018ECEA3B6,"Business Analyst Job Title: Business Analyst Location: San Francisco, California (Hybrid) Job Summary: We are supporting an opportunity for a detail-oriented professional to help strengthen IT Hygiene governance, reporting, and compliance visibility across the enterprise. This position plays an important part in building sustainable reporting, supporting process consistency, and providing leadership with clear insights that drive continuous improvement. Responsibilities: Develop and maintain sustainable reporti… IT Jobs",[]
business analyst,Business Analyst,Brooksource,"Alabama, US",86112.68,86112.68,IT Jobs,2026-09-01 10:26:51+00:00,"Business Data Analyst II Birmingham, AL Hybrid role (Contract-to-Hire) $35 - $42 per hour ABOUT THE ROLE Brooksource is seeking a Business Data Analyst II for a contract-to-hire position in Birmingham, AL. In this role, you will leverage your expertise in data analysis, project management, and cross-functional collaboration to identify opportunities for operational and clinical improvement, monitor key performance metrics, and drive strategic initiatives that enhance health outcomes and member …",https://www.adzuna.com/land/ad/5864677861?se=UsIr5Da78RGQqo_68jUqzg&utm_medium=api&utm_source=e45342b0&v=C82F5CD5C1CAFEBF16F94C98BFFF88FAD34CC706,"Business Analyst Business Data Analyst II Birmingham, AL Hybrid role (Contract-to-Hire) $35 - $42 per hour ABOUT THE ROLE Brooksource is seeking a Business Data Analyst II for a contract-to-hire position in Birmingham, AL. In this role, you will leverage your expertise in data analysis, project management, and cross-functional collaboration to identify opportunities for operational and clinical improvement, monitor key performance metrics, and drive strategic initiatives that enhance health outcomes and member … IT Jobs",[]
business analyst,Business Analyst,"Infinitice, LLC","Tallahassee, Leon County",85488.67,85488.67,IT Jobs,2026-09-23 17:32:28+00:00,"Title: Business Analyst (Advanced) Location: Tallahassee, FL (onsite) An onsite interview is required. Job Description: The advanced business analyst is a member of a full-lifecycle agile/hybrid development team. The candidate will work directly with subject matter experts (SMEs), business offices, technical teams, and other stakeholders to translate strategic and operational needs into actionable business and technical requirements. Responsibilities include conducting user needs assessments, d…",https://www.adzuna.com/land/ad/5895690326?se=UsIr5Da78RGQqo_68jUqzg&utm_medium=api&utm_source=e45342b0&v=57DD342573F4F563E8AB0C8B7FFCD36985E56F92,"Business Analyst Title: Business Analyst (Advanced) Location: Tallahassee, FL (onsite) An onsite interview is required. Job Description: The advanced business analyst is a member of a full-lifecycle agile/hybrid development team. The candidate will work directly with subject matter experts (SMEs), business offices, technical teams, and other stakeholders to translate strategic and operational needs into actionable business and technical requirements. Responsibilities include conducting user needs assessments, d… IT Jobs",['agile']
business analyst,Business Analyst,"Infinitice, LLC","Frankfort, Franklin County",83705.52,83705.52,IT Jobs,2026-09-21 14:34:11+00:00,"Title: Business Analyst Location: Frankfort, KY (hybrid) W2 only opportunity Two rounds of interview - the second one will be onsite. Job Description: The Senior BA will serve as a bridge between technical teams and end users by developing clear, accurate, and actionable documentation to support a smooth transition, minimize downtime, and maintain data integrity. The selected contractor must be able to create clear and comprehensive project documentation using consistent templates and styles. D…",https://www.adzuna.com/land/ad/5893069889?se=UsIr5Da78RGQqo_68jUqzg&utm_medium=api&utm_source=e45342b0&v=CF7B64BEAA4E891EE41DA71CD9254609F1637566,"Business Analyst Title: Business Analyst Location: Frankfort, KY (hybrid) W2 only opportunity Two rounds of interview - the second one will be onsite. Job Description: The Senior BA will serve as a bridge between technical teams and end users by developing clear, accurate, and actionable documentation to support a smooth transition, minimize downtime, and maintain data integrity. The selected contractor must be able to create clear and comprehensive project documentation using consistent templates and styles. D… IT Jobs",[]
business analyst,Business Analyst,Eliassen Group,"Northlake, DeKalb County",88006.18,88006.18,IT Jobs,2026-09-21 20:50:04+00:00,"Description: Hybrid 3x Week in Atlanta, GA Our client seeks a Business Analyst to lead detailed gap analysis across API-driven workflows and channel integrations. The role will define and analyze end-to-end API flows, system interactions, and platform dependencies to map current versus future state, uncover gaps in connectivity, data consistency, and delivery, and drive clear, actionable requirements. The analyst will assess interconnected platforms including CMS, translation systems, APIs, and…",https://www.adzuna.com/land/ad/5893360962?se=UsIr5Da78RGQqo_68jUqzg&utm_medium=api&utm_source=e45342b0&v=59D6AF4EFD443BA5DD9FEF0BF17021A129401FA8,"Business Analyst Description: Hybrid 3x Week in Atlanta, GA Our client seeks a Business Analyst to lead detailed gap analysis across API-driven workflows and channel integrations. The role will define and analyze end-to-end API flows, system interactions, and platform dependencies to map current versus future state, uncover gaps in connectivity, data consistency, and delivery, and drive clear, actionable requirements. The analyst will assess interconnected platforms including CMS, translation systems, APIs, and… IT Jobs",[]
business analyst,Business Analyst,Kforce Technology Staffing,"Westlake, Denton County",84011.65,84011.65,IT Jobs,2026-09-18 20:08:29+00:00,"RESPONSIBILITIES: Kforce has a client in Covington, KY that is seeking a Business Analyst. Responsibilities: * Align, plan, and implement new product capability delivery within flight implementations * Drive and/or support execution of key implementation activities (example: data conversion load) * Participate in validation and/or testing efforts to ensure results meet the client and/or product offering requirements * Partnering with the Director Client HealthCare Consulting to define client sp…",https://www.adzuna.com/land/ad/5889890316?se=UsIr5Da78RGQqo_68jUqzg&utm_medium=api&utm_source=e45342b0&v=C4E874058C1BF34ABC8D848EA801F22009ECC4A2,"Business Analyst RESPONSIBILITIES: Kforce has a client in Covington, KY that is seeking a Business Analyst. Responsibilities: * Align, plan, and implement new product capability delivery within flight implementations * Drive and/or support execution of key implementation activities (example: data conversion load) * Participate in validation and/or testing efforts to ensure results meet the client and/or product offering requirements * Partnering with the Director Client HealthCare Consulting to define client sp… IT Jobs",[]
business analyst,Business Analyst,Kforce Technology Staffing,"Merrimack, Hillsborough County",133016.6,133016.6,IT Jobs,2026-09-25 14:15:46+00:00,"RESPONSIBILITIES: Kforce has a client that is seeking a Business Analyst in Merrimack, NH. Responsibilities: * Define and analyze complex client requirement changes for Annual Enrollment and Ongoing Projects * Perform complex data analysis and reporting for effective client decisions * Proactively identify problems with business requirements and recommend modifications to the functional solution which may impact the system design * Defines test scenarios for Systems Acceptance Testing and suppo…",https://www.adzuna.com/land/ad/5898655189?se=UsIr5Da78RGQqo_68jUqzg&utm_medium=api&utm_source=e45342b0&v=E8079C99059DCA20083EDE50443DBCA35C3ACC1F,"Business Analyst RESPONSIBILITIES: Kforce has a client that is seeking a Business Analyst in Merrimack, NH. Responsibilities: * Define and analyze complex client requirement changes for Annual Enrollment and Ongoing Projects * Perform complex data analysis and reporting for effective client decisions * Proactively identify problems with business requirements and recommend modifications to the functional solution which may impact the system design * Defines test scenarios for Systems Acceptance Testing and suppo… IT Jobs",[]
business analyst,Business Analyst,Estaff LLC,"Bee Cave, Travis County",128004.16,128004.16,IT Jobs,2026-09-17 16:07:44+00:00,"We are seeking a Business Analyst with for a Hybrid contract position; we are looking for local candidates who can work on-site in Austin, Texas 3 days/week. Essential Functions of this role include: • Identify opportunities for improving business processes to be more efficient or effective and assist in the business case vetting and preparation of proposals for information management efforts. • Coordinate the analysis of program policies and procedures to determine their effect on automated sy…",https://www.adzuna.com/land/ad/5888161523?se=UsIr5Da78RGQqo_68jUqzg&utm_medium=api&utm_source=e45342b0&v=9C0F0D9A73FF3132CDDB1EA28483740EDB2024CE,"Business Analyst We are seeking a Business Analyst with for a Hybrid contract position; we are looking for local candidates who can work on-site in Austin, Texas 3 days/week. Essential Functions of this role include: • Identify opportunities for improving business processes to be more efficient or effective and assist in the business case vetting and preparation of proposals for information management efforts. • Coordinate the analysis of program policies and procedures to determine their effect on automated sy… IT Jobs",[]
business analyst,Business Analyst,Eliassen Group,"Hyde Park, Hamilton County",105791.38,105791.38,IT Jobs,2026-09-11 19:54:32+00:00,"Description: On-site in Cincinnati, OH Our client seeks a Business Analyst to lead a Vulnerability and Patch Automation Initiative. The role drives the vision, roadmap, and execution of enterprise efforts to accelerate vulnerability remediation, automate patch management, and apply AI to reduce technology risk across endpoints, servers, networks, cloud, and cybersecurity operations. Due to client requirements, applicants must be willing and able to work on a w2 basis. For our w2 consultants, we…",https://www.adzuna.com/land/ad/5880283266?se=UsIr5Da78RGQqo_68jUqzg&utm_medium=api&utm_source=e45342b0&v=A322BFCAC7B3718221261A260D613657D8A7956E,"Business Analyst Description: On-site in Cincinnati, OH Our client seeks a Business Analyst to lead a Vulnerability and Patch Automation Initiative. The role drives the vision, roadmap, and execution of enterprise efforts to accelerate vulnerability remediation, automate patch management, and apply AI to reduce technology risk across endpoints, servers, networks, cloud, and cybersecurity operations. Due to client requirements, applicants must be willing and able to work on a w2 basis. For our w2 consultants, we… IT Jobs",[]
business analyst,Business Analyst,Eliassen Group,"Mount Rainier, Prince George's County",97246.61,97246.61,IT Jobs,2026-09-19 08:23:19+00:00,"Description: Hybrid 2 in office 3 days remote in Washington, DC Our client seeks a Business Analyst to support a federal asset forfeiture program and the Consolidated Asset Tracking System. The analyst will gather and document technical and functional requirements, prepare specification documents and wireframes, and collaborate with developers, testers, operations, and stakeholders. The role requires clear written and verbal communication, client-facing engagement, and the ability to operate wi…",https://www.adzuna.com/land/ad/5890638063?se=UsIr5Da78RGQqo_68jUqzg&utm_medium=api&utm_source=e45342b0&v=8DB3167DB389B42EE749300697B701D6D748C243,"Business Analyst Description: Hybrid 2 in office 3 days remote in Washington, DC Our client seeks a Business Analyst to support a federal asset forfeiture program and the Consolidated Asset Tracking System. The analyst will gather and document technical and functional requirements, prepare specification documents and wireframes, and collaborate with developers, testers, operations, and stakeholders. The role requires clear written and verbal communication, client-facing engagement, and the ability to operate wi… IT Jobs",['communication']
business analyst,Business Analyst,Randstad Digital,"Merrimack, Hillsborough County",70819.63,70819.63,IT Jobs,2026-09-24 14:03:35+00:00,"job summary: Collaborates on the development, execution, and transition of interim needs Performs root cause analysis when issues arise before and after code migrations Performs data/client validations and remediations for Annual Enrollment and Ongoing Projects Crafts training and reference materials for participant services Participates in Procedure Improvement Initiatives Assist with training, mentoring, and coaching new associates Performs Quality Assurance Validation checks on Annual Enroll…",https://www.adzuna.com/land/ad/5897223267?se=UsIr5Da78RGQqo_68jUqzg&utm_medium=api&utm_source=e45342b0&v=334617A06725FA2960F49CA93B0E102BAD983978,"Business Analyst job summary: Collaborates on the development, execution, and transition of interim needs Performs root cause analysis when issues arise before and after code migrations Performs data/client validations and remediations for Annual Enrollment and Ongoing Projects Crafts training and reference materials for participant services Participates in Procedure Improvement Initiatives Assist with training, mentoring, and coaching new associates Performs Quality Assurance Validation checks on Annual Enroll… IT Jobs",[]
business analyst,Business Analyst,Randstad Digital,"Merrimack, Hillsborough County",72940.35,72940.35,IT Jobs,2026-07-29 13:30:38+00:00,"job summary: Drive and / or support execution of key implementation activities (example: data conversion load). Participate in validation and/or testing efforts to ensure results meet the client and/or product offering requirements. Partnering with the Director Client HealthCare Consulting to define client specific configurable variations to support a client plan and/or administrative requirements. location: Merrimack, New Hampshire job type: Contract salary: $33 - 34 per hour work hours: 8am t…",https://www.adzuna.com/land/ad/5820059635?se=UsIr5Da78RGQqo_68jUqzg&utm_medium=api&utm_source=e45342b0&v=876D936DB197EBB9E8254ADF0D0DF3E45D9B2301,"Business Analyst job summary: Drive and / or support execution of key implementation activities (example: data conversion load). Participate in validation and/or testing efforts to ensure results meet the client and/or product offering requirements. Partnering with the Director Client HealthCare Consulting to define client specific configurable variations to support a client plan and/or administrative requirements. location: Merrimack, New Hampshire job type: Contract salary: $33 - 34 per hour work hours: 8am t… IT Jobs",[]
business analyst,Business Analyst,Medinext Global LLC,US,82010.13,82010.13,IT Jobs,2026-09-14 14:00:27+00:00,"Business Analyst Job Overview Medinext Global LLC is seeking a motivated and detail-oriented Business Analyst with 1-3 years of professional experience to join our team. The ideal candidate will have strong analytical and communication skills, with experience gathering requirements, analyzing business processes, and working with technical and business stakeholders. The Business Analyst will help translate business needs into clear requirements and support business and technology initiatives thr…",https://www.adzuna.com/land/ad/5883824178?se=UsIr5Da78RGQqo_68jUqzg&utm_medium=api&utm_source=e45342b0&v=D9BAF5249B83488557516AE953CC3A625315F117,"Business Analyst Business Analyst Job Overview Medinext Global LLC is seeking a motivated and detail-oriented Business Analyst with 1-3 years of professional experience to join our team. The ideal candidate will have strong analytical and communication skills, with experience gathering requirements, analyzing business processes, and working with technical and business stakeholders. The Business Analyst will help translate business needs into clear requirements and support business and technology initiatives thr… IT Jobs",['communication']
business analyst,Business Analyst,American Unit Inc.,US,62056.46,62056.46,Sales Jobs,2026-09-18 12:28:49+00:00,"Title: Business Analyst, Business Process Analyst Location: Remote, work in PST hours Position Summary We are seeking a detail-oriented Business Analyst, Business Process Analyst to support sales operations and territory management initiatives. This role partners closely with B2B sales teams to ensure accurate territory alignment, optimize account ownership structures, and maintain data integrity within Salesforce. The ideal candidate combines strong analytical skills with the ability to collab…",https://www.adzuna.com/land/ad/5889577160?se=UsIr5Da78RGQqo_68jUqzg&utm_medium=api&utm_source=e45342b0&v=B80B5E9740BAD0FB56DE83C4A970A14400B4B827,"Business Analyst Title: Business Analyst, Business Process Analyst Location: Remote, work in PST hours Position Summary We are seeking a detail-oriented Business Analyst, Business Process Analyst to support sales operations and territory management initiatives. This role partners closely with B2B sales teams to ensure accurate territory alignment, optimize account ownership structures, and maintain data integrity within Salesforce. The ideal candidate combines strong analytical skills with the ability to collab… Sales Jobs",[]
business analyst,Business Analyst,SPECTRAFORCE TECHNOLOGIES Inc.,"Glendale, Denver",142075.89,142075.89,IT Jobs,2026-09-15 14:06:54+00:00,"Business Analyst Denver, CO (Hybrid - 1 day onsite in week - Tuesdays) 10 Months Role: We’re seeking a mid-level ITS Business Analyst (5 years experience) to support vendor-delivered technology projects and selected internal application initiatives. You will lead and coordinate requirements activities, serve as a liaison between business stakeholders, vendors, and IT teams, and help plan communication and training to ensure smooth adoption. The role also contributes to production support, triag…",https://www.adzuna.com/land/ad/5884998893?se=UsIr5Da78RGQqo_68jUqzg&utm_medium=api&utm_source=e45342b0&v=6093024D2831C74033544AB4C1465B72419EF0AF,"Business Analyst Business Analyst Denver, CO (Hybrid - 1 day onsite in week - Tuesdays) 10 Months Role: We’re seeking a mid-level ITS Business Analyst (5 years experience) to support vendor-delivered technology projects and selected internal application initiatives. You will lead and coordinate requirements activities, serve as a liaison between business stakeholders, vendors, and IT teams, and help plan communication and training to ensure smooth adoption. The role also contributes to production support, triag… IT Jobs",['communication']
business analyst,Business Analyst,"New Resources Consulting, LLC","Fitchburg, Dane County",76824.37,76824.37,IT Jobs,2026-08-31 14:04:47+00:00,"Job Title: Business Analyst Location: Southeast Wisconsin only We are seeking a Business Analyst to support a mix of operational, lifecycle, and project-based work across a diverse business portfolio. This role requires a strong BA who can gather requirements, improve processes, support testing, and partner with both business and technical teams to deliver practical solutions. Responsibilities Elicit and document business requirements through interviews, workshops, workflow analysis, and stakeh…",https://www.adzuna.com/land/ad/5863106312?se=UsIr5Da78RGQqo_68jUqzg&utm_medium=api&utm_source=e45342b0&v=68FA745BC6270C81F7160145CFCBAAE6F3CFE53F,"Business Analyst Job Title: Business Analyst Location: Southeast Wisconsin only We are seeking a Business Analyst to support a mix of operational, lifecycle, and project-based work across a diverse business portfolio. This role requires a strong BA who can gather requirements, improve processes, support testing, and partner with both business and technical teams to deliver practical solutions. Responsibilities Elicit and document business requirements through interviews, workshops, workflow analysis, and stakeh… IT Jobs",[]
business analyst,BUSINESS ANALYST,AaraTechnologies Inc,"Chesapeake City, Cecil County",51533.58,51533.58,IT Jobs,2026-09-18 12:45:55+00:00,"Business Analyst Retail & E-Commerce (2-3 Years Experience) Company: AaraTech Inc About the Role AaraTech Inc is seeking a motivated Business Analyst Retail & E-Commerce to support digital commerce initiatives and retail systems. This role focuses on gathering requirements, supporting Agile delivery, and working with cross-functional teams. You will help translate business needs into user stories and functional documentation. This position is ideal for early-career professionals entering the re…",https://www.adzuna.com/land/ad/5889617759?se=UsIr5Da78RGQqo_68jUqzg&utm_medium=api&utm_source=e45342b0&v=11BF21EB1B48D892AC45C5CA7690901A9662C2CF,"BUSINESS ANALYST Business Analyst Retail & E-Commerce (2-3 Years Experience) Company: AaraTech Inc About the Role AaraTech Inc is seeking a motivated Business Analyst Retail & E-Commerce to support digital commerce initiatives and retail systems. This role focuses on gathering requirements, supporting Agile delivery, and working with cross-functional teams. You will help translate business needs into user stories and functional documentation. This position is ideal for early-career professionals entering the re… IT Jobs",['agile']
business analyst,BUSINESS ANALYST,AaraTechnologies Inc,"Texas City, Galveston County",65525.25,65525.25,IT Jobs,2026-09-22 12:38:29+00:00,"Business Analyst Retail & E-Commerce (2-3 Years Experience) Company: AaraTech Inc About the Role AaraTech Inc is seeking a motivated Business Analyst Retail & E-Commerce to support digital commerce initiatives and retail systems. This role focuses on gathering requirements, supporting Agile delivery, and working with cross-functional teams. You will help translate business needs into user stories and functional documentation. This position is ideal for early-career professionals entering the re…",https://www.adzuna.com/land/ad/5894159259?se=UsIr5Da78RGQqo_68jUqzg&utm_medium=api&utm_source=e45342b0&v=A2EFCE52A36078397D3A062729E934D6F10F0155,"BUSINESS ANALYST Business Analyst Retail & E-Commerce (2-3 Years Experience) Company: AaraTech Inc About the Role AaraTech Inc is seeking a motivated Business Analyst Retail & E-Commerce to support digital commerce initiatives and retail systems. This role focuses on gathering requirements, supporting Agile delivery, and working with cross-functional teams. You will help translate business needs into user stories and functional documentation. This position is ideal for early-career professionals entering the re… IT Jobs",['agile']
business analyst,Business Analyst,Crossword Staffing Solutions LLC,"Menands, Albany County",88761.33,88761.33,IT Jobs,2026-09-24 14:08:16+00:00,"Business Analyst Introduction: We are currently seeking 3 Business Analysts with strong experience in Agile/technical environments. Each position will focus on a different area: Resource Management, Stakeholder Management, or Process Implementation. Responsibilities: Resource Management BA: Work closely with technical teams involved in solution design and technical documentation, ensuring teams understand required resources, capabilities, responsibilities, and project needs. Stakeholder Managem…",https://www.adzuna.com/land/ad/5897228539?se=UsIr5Da78RGQqo_68jUqzg&utm_medium=api&utm_source=e45342b0&v=547AAEDC0B9709CAB5131D8291072F8B0119DBC6,"Business Analyst Business Analyst Introduction: We are currently seeking 3 Business Analysts with strong experience in Agile/technical environments. Each position will focus on a different area: Resource Management, Stakeholder Management, or Process Implementation. Responsibilities: Resource Management BA: Work closely with technical teams involved in solution design and technical documentation, ensuring teams understand required resources, capabilities, responsibilities, and project needs. Stakeholder Managem… IT Jobs","['stakeholder management', 'agile']"
business analyst,Business Analyst,Bridgetown Consulting Group Inc,"Bee Cave, Travis County",80088.52,80088.52,IT Jobs,2026-08-28 14:05:16+00:00,"Business Analyst L ocation: Austin, TX. F2F/virtual interview Contract Duration:1 year USCead/ead Position is ONSITE at the location listed above (NO REMOTE WORK). Program will only accept LOCAL ONLY candidates for this position. I. DESCRIPTION OF SERVICES Texas Health and Human Services Commission requires the services of 2 Business Analyst 3 , hereafter referred to as Candidate(s), who meets the general qualifications of Business Analyst 3, Applications/Software Development and the specificat…",https://www.adzuna.com/land/ad/5859974888?se=UsIr5Da78RGQqo_68jUqzg&utm_medium=api&utm_source=e45342b0&v=65CB9A043F600BF9104282437485C5EFDE8A5168,"Business Analyst Business Analyst L ocation: Austin, TX. F2F/virtual interview Contract Duration:1 year USCead/ead Position is ONSITE at the location listed above (NO REMOTE WORK). Program will only accept LOCAL ONLY candidates for this position. I. DESCRIPTION OF SERVICES Texas Health and Human Services Commission requires the services of 2 Business Analyst 3 , hereafter referred to as Candidate(s), who meets the general qualifications of Business Analyst 3, Applications/Software Development and the specificat… IT Jobs",[]
business analyst,BUSINESS ANALYST,AaraTechnologies Inc,"Mount Rainier, Prince George's County",72510.41,72510.41,IT Jobs,2026-09-17 12:29:48+00:00,"Business Analyst Healthcare (2-3 Years Experience) Company: AaraTech Inc About the Role AaraTech Inc is seeking a motivated and detail-oriented Business Analyst Healthcare ( 2-3 years experience) to support healthcare and health plan operations through data analysis, reporting, and documentation. This role is ideal for early-career professionals looking to build a career in healthcare analytics within a regulated environment. The Business Analyst will collaborate with cross-functional teams to …",https://www.adzuna.com/land/ad/5887992360?se=UsIr5Da78RGQqo_68jUqzg&utm_medium=api&utm_source=e45342b0&v=D7247FD697F7FC7885A9AAA20BA4733E0DA5F049,"BUSINESS ANALYST Business Analyst Healthcare (2-3 Years Experience) Company: AaraTech Inc About the Role AaraTech Inc is seeking a motivated and detail-oriented Business Analyst Healthcare ( 2-3 years experience) to support healthcare and health plan operations through data analysis, reporting, and documentation. This role is ideal for early-career professionals looking to build a career in healthcare analytics within a regulated environment. The Business Analyst will collaborate with cross-functional teams to … IT Jobs",[]
business analyst,BUSINESS ANALYST,AaraTechnologies Inc,"Delaware Water Gap, Monroe County",65244.15,65244.15,IT Jobs,2026-09-23 10:49:30+00:00,"Business Analyst Healthcare (2-3 Years Experience) Company: AaraTech Inc About the Role AaraTech Inc is seeking a motivated and detail-oriented Business Analyst Healthcare (2-3 years experience) to support healthcare and health plan operations through data analysis, reporting, and documentation. This role is ideal for early-career professionals looking to build a career in healthcare analytics within a regulated environment. The Business Analyst will collaborate with cross-functional teams to s…",https://www.adzuna.com/land/ad/5895261180?se=UsIr5Da78RGQqo_68jUqzg&utm_medium=api&utm_source=e45342b0&v=033FDED7D07A41D376D616453FDE9F7746064A03,"BUSINESS ANALYST Business Analyst Healthcare (2-3 Years Experience) Company: AaraTech Inc About the Role AaraTech Inc is seeking a motivated and detail-oriented Business Analyst Healthcare (2-3 years experience) to support healthcare and health plan operations through data analysis, reporting, and documentation. This role is ideal for early-career professionals looking to build a career in healthcare analytics within a regulated environment. The Business Analyst will collaborate with cross-functional teams to s… IT Jobs",[]
business analyst,BUSINESS ANALYST,AaraTechnologies Inc,"Charlotte, Mecklenburg County",75748.88,75748.88,IT Jobs,2026-09-21 10:24:55+00:00,"Business Analyst Healthcare (2-3 Years Experience) Company: AaraTech Inc About the Role AaraTech Inc is seeking a motivated and detail-oriented Business Analyst Healthcare ( 2-3 years experience) to support healthcare and health plan operations through data analysis, reporting, and documentation. This role is ideal for early-career professionals looking to build a career in healthcare analytics within a regulated environment. The Business Analyst will collaborate with cross-functional teams to …",https://www.adzuna.com/land/ad/5892848687?se=UsIr5Da78RGQqo_68jUqzg&utm_medium=api&utm_source=e45342b0&v=F89466C75CDDD4C3FB2B47F9440ECD2475FF538A,"BUSINESS ANALYST Business Analyst Healthcare (2-3 Years Experience) Company: AaraTech Inc About the Role AaraTech Inc is seeking a motivated and detail-oriented Business Analyst Healthcare ( 2-3 years experience) to support healthcare and health plan operations through data analysis, reporting, and documentation. This role is ideal for early-career professionals looking to build a career in healthcare analytics within a regulated environment. The Business Analyst will collaborate with cross-functional teams to … IT Jobs",[]
business analyst,Business Analyst,StarsHR Inc,"West End, Dauphin County",77919.95,77919.95,IT Jobs,2026-09-02 10:34:31+00:00,"Minimum 2 years of experience as a Business Analyst writing business requirements and test cases or 4 years college degree or equivalent technical study. · Coordinates activities across multiple threads and manages risk and issues. The Business Analyst must have the following skills and abilities: Experience in reverse-engineering legacy applications to document business, functional, and technical requirements Proficiency in developing user stories, process flows, data flow diagrams, and edge-c…",https://www.adzuna.com/land/ad/5867170928?se=UsIr5Da78RGQqo_68jUqzg&utm_medium=api&utm_source=e45342b0&v=B82881E649FA1599CD651FF7BDF3B62A26FF2D6D,"Business Analyst Minimum 2 years of experience as a Business Analyst writing business requirements and test cases or 4 years college degree or equivalent technical study. · Coordinates activities across multiple threads and manages risk and issues. The Business Analyst must have the following skills and abilities: Experience in reverse-engineering legacy applications to document business, functional, and technical requirements Proficiency in developing user stories, process flows, data flow diagrams, and edge-c… IT Jobs",[]
business analyst,Business Analyst,"Charter Global, Inc.",US,82524.65,82524.65,IT Jobs,2026-09-23 21:07:11+00:00,"Job Title: Business Analyst Location: Remote/ WFH/travel Duration: 5 months contract Hours per week: 40 Role Summary We are seeking an experienced Business Analyst Contractor to provide subject matter expertise. Business Analyst - Contractor No certification required contractually; CSA is worth asking for. Run the current-state asset process review, then define the retirement policy and asset lifecycle state model ahead of the December move and the target order-to-disposal process after it. Bas…",https://www.adzuna.com/land/ad/5895980063?se=UsIr5Da78RGQqo_68jUqzg&utm_medium=api&utm_source=e45342b0&v=E141FEC4FA02DACC364B1476835CBB1ECC879271,"Business Analyst Job Title: Business Analyst Location: Remote/ WFH/travel Duration: 5 months contract Hours per week: 40 Role Summary We are seeking an experienced Business Analyst Contractor to provide subject matter expertise. Business Analyst - Contractor No certification required contractually; CSA is worth asking for. Run the current-state asset process review, then define the retirement policy and asset lifecycle state model ahead of the December move and the target order-to-disposal process after it. Bas… IT Jobs",[]
business analyst,Business Analyst,"eSolutionsFirst, LLC","Vienna, Fairfax County",99686.8,99686.8,IT Jobs,2026-09-25 04:53:07+00:00,"Business Analyst 12 Months contract extension Onsite Vienna, VA Local Candidates: Must be within 40 miles Interview: Onsite (F2F) Interview Required Job Description: Position Summary We are seeking an experienced Business Analyst to work closely with business stakeholders and technology teams to deliver business solutions that improve operational efficiency and support organizational goals. The ideal candidate will gather requirements, analyze business processes, and support the implementation …",https://www.adzuna.com/land/ad/5898065396?se=UsIr5Da78RGQqo_68jUqzg&utm_medium=api&utm_source=e45342b0&v=0AF1FDF1C1FDB962D73556AFEE11F641575B69D7,"Business Analyst Business Analyst 12 Months contract extension Onsite Vienna, VA Local Candidates: Must be within 40 miles Interview: Onsite (F2F) Interview Required Job Description: Position Summary We are seeking an experienced Business Analyst to work closely with business stakeholders and technology teams to deliver business solutions that improve operational efficiency and support organizational goals. The ideal candidate will gather requirements, analyze business processes, and support the implementation … IT Jobs",[]
business analyst,Business Analyst,"eSolutionsFirst, LLC","Pimmit, Fairfax County",90729.6,90729.6,IT Jobs,2026-08-28 20:05:41+00:00,"Job Title: Business Analyst Location: Vienna, VA Employment Type: Long Term Contract Job Summary We are seeking an experienced Business Analyst to bridge the gap between business stakeholders and technical teams by gathering, analyzing, and documenting business and system requirements. This role requires expertise in requirements elicitation, process improvement, stakeholder management, and Agile delivery. Key Responsibilities Gather, analyze, and document business, functional, and technical re…",https://www.adzuna.com/land/ad/5860336155?se=ijO05Da78RGomOTbcVFFeg&utm_medium=api&utm_source=e45342b0&v=A988F2FFC0FFF1953767CEC06ADCB7898B9ED5AE,"Business Analyst Job Title: Business Analyst Location: Vienna, VA Employment Type: Long Term Contract Job Summary We are seeking an experienced Business Analyst to bridge the gap between business stakeholders and technical teams by gathering, analyzing, and documenting business and system requirements. This role requires expertise in requirements elicitation, process improvement, stakeholder management, and Agile delivery. Key Responsibilities Gather, analyze, and document business, functional, and technical re… IT Jobs","['stakeholder management', 'agile']"
business analyst,Business Analyst,Dexian DISYS,"Park Hills, Kenton County",104221.98,104221.98,IT Jobs,2026-09-15 18:07:20+00:00,"Job Description We are seeking an experienced Business Analyst to join a cross-functional Agile Scrum team supporting digital healthcare products and mobile applications. The Business Analyst will partner with business stakeholders, technology, UX, QA, and product teams to gather requirements, define solutions, and deliver high-value digital experiences. Responsibilities Gather and analyze business requirements and translate them into user stories and acceptance criteria. Create and manage Agil…",https://www.adzuna.com/land/ad/5885188172?se=ijO05Da78RGomOTbcVFFeg&utm_medium=api&utm_source=e45342b0&v=B3886C84CCC6D11F5600035719D54E596F904095,"Business Analyst Job Description We are seeking an experienced Business Analyst to join a cross-functional Agile Scrum team supporting digital healthcare products and mobile applications. The Business Analyst will partner with business stakeholders, technology, UX, QA, and product teams to gather requirements, define solutions, and deliver high-value digital experiences. Responsibilities Gather and analyze business requirements and translate them into user stories and acceptance criteria. Create and manage Agil… IT Jobs","['agile', 'scrum']"
business analyst,Business Analyst,"Innova Solutions, Inc","Highland Park, Dallas",53633.38,53633.38,IT Jobs,2026-08-18 14:03:35+00:00,"A client of Innova Solutions is immediately hiring for a Business Analyst. Position type: Full-Time Contract (W2) Role: Business Analyst Duration: 6 Months Contract Location : Dallas TX - 75201 (Hybrid Role) Must Have Required Skills: ”Business Analyst”, UAT, financial data, Analytics, wealth management, Brokerage Cash Analytics Business Analyst – Brokerage Cash Analytics Implementation Summary: We are seeking an experienced Business Analyst to support the implementation of a third-party Broker…",https://www.adzuna.com/land/ad/5847112713?se=ijO05Da78RGomOTbcVFFeg&utm_medium=api&utm_source=e45342b0&v=C85D828AC232D3E4F02899145836DF9CA07867E1,"Business Analyst A client of Innova Solutions is immediately hiring for a Business Analyst. Position type: Full-Time Contract (W2) Role: Business Analyst Duration: 6 Months Contract Location : Dallas TX - 75201 (Hybrid Role) Must Have Required Skills: ”Business Analyst”, UAT, financial data, Analytics, wealth management, Brokerage Cash Analytics Business Analyst – Brokerage Cash Analytics Implementation Summary: We are seeking an experienced Business Analyst to support the implementation of a third-party Broker… IT Jobs",[]
business analyst,Business Analyst,NEUROSYNC LABS LLC,US,54622.4,54622.4,IT Jobs,2026-09-18 10:14:09+00:00,"Business Analyst – Remote We are seeking a motivated and detail-oriented Business Analyst to support business operations, identify opportunities for improvement, and assist with the development of effective solutions. This is a fully remote position requiring strong analytical, communication, and organizational skills. Key Responsibilities Gather, review, and document business requirements. Analyze business processes, workflows, and operational data. Identify opportunities to improve efficiency…",https://www.adzuna.com/land/ad/5889331959?se=ijO05Da78RGomOTbcVFFeg&utm_medium=api&utm_source=e45342b0&v=7457EC148C23FB2484058F4FFBAEF4412EFDC59D,"Business Analyst Business Analyst – Remote We are seeking a motivated and detail-oriented Business Analyst to support business operations, identify opportunities for improvement, and assist with the development of effective solutions. This is a fully remote position requiring strong analytical, communication, and organizational skills. Key Responsibilities Gather, review, and document business requirements. Analyze business processes, workflows, and operational data. Identify opportunities to improve efficiency… IT Jobs",['communication']
business analyst,Business Analyst,"eSolutionsFirst, LLC","Vienna, Fairfax County",82399.92,82399.92,IT Jobs,2026-08-31 14:05:09+00:00,"We are seeking an experienced Business Analyst to work closely with business stakeholders and technology teams to deliver solutions that improve sales, marketing, customer service, and customer engagement processes. The ideal candidate will gather requirements, analyze business processes, and support implementations, enhancements, and integrations. Key Responsibilities Gather, analyze, and document business and functional requirements for CRM initiatives. Conduct stakeholder meetings, workshops…",https://www.adzuna.com/land/ad/5863106487?se=ijO05Da78RGomOTbcVFFeg&utm_medium=api&utm_source=e45342b0&v=77540B981124CF02004C5B4581A109A1AEE99590,"Business Analyst We are seeking an experienced Business Analyst to work closely with business stakeholders and technology teams to deliver solutions that improve sales, marketing, customer service, and customer engagement processes. The ideal candidate will gather requirements, analyze business processes, and support implementations, enhancements, and integrations. Key Responsibilities Gather, analyze, and document business and functional requirements for CRM initiatives. Conduct stakeholder meetings, workshops… IT Jobs",[]
business analyst,Business Analyst,INSPYR Solutions,"Charlotte, Mecklenburg County",83030.91,83030.91,IT Jobs,2026-09-04 15:52:29+00:00,"Business Analyst Location: Charlotte, NC (Hybrid) Duration: 12-Month Contract with Potential for Conversion Position Overview We are seeking a Business Analyst to support the continued growth and adoption of a custom-built catering and menu management platform used across multiple Compass Group sectors and brands. This role will serve as a critical bridge between business stakeholders, product leadership, and development teams by documenting business processes, gathering requirements, creating …",https://www.adzuna.com/land/ad/5870975008?se=ijO05Da78RGomOTbcVFFeg&utm_medium=api&utm_source=e45342b0&v=078569677F42D3CF11A879BBEABC0CF9F5C73E5C,"Business Analyst Business Analyst Location: Charlotte, NC (Hybrid) Duration: 12-Month Contract with Potential for Conversion Position Overview We are seeking a Business Analyst to support the continued growth and adoption of a custom-built catering and menu management platform used across multiple Compass Group sectors and brands. This role will serve as a critical bridge between business stakeholders, product leadership, and development teams by documenting business processes, gathering requirements, creating … IT Jobs",[]
business analyst,Business Analyst,TriosysIT Inc.,"Highland Park, Dallas",104629.2,104629.2,IT Jobs,2026-06-12 19:54:00+00:00,"Job Description: Business analyst is responsible for managing and optimizing integration systems and processes. This role involves collaborating with stakeholders to define requirements, overseeing the development and implementation of integration solutions, and ensuring seamless integration with existing systems. Working closely with Product, Engineering, and you'll translate these insights into clear requirements that enable reliable. Qualifications: Bachelor's degree in Computer Science, Inf…",https://www.adzuna.com/land/ad/5761883251?se=ijO05Da78RGomOTbcVFFeg&utm_medium=api&utm_source=e45342b0&v=C256402727B318701B901A80254C62F97A44BE4D,"Business Analyst Job Description: Business analyst is responsible for managing and optimizing integration systems and processes. This role involves collaborating with stakeholders to define requirements, overseeing the development and implementation of integration solutions, and ensuring seamless integration with existing systems. Working closely with Product, Engineering, and you'll translate these insights into clear requirements that enable reliable. Qualifications: Bachelor's degree in Computer Science, Inf… IT Jobs",[]
business analyst,Business Analyst,AspireIT Solutions,"Reston, Fairfax County",115166.45,115166.45,IT Jobs,2026-09-21 20:46:51+00:00,"Location: Hybrid at Reston VA and client locations in the Washington DC area as required Position Summary The Business Analyst supports requirements, analysis, and quality activities for delivery teams. This role elicits and documents requirements, develops user stories and acceptance criteria, and partners with Product Owners and engineers to ensure features meet business needs. The Business Analyst also contributes to testing, validation, and the use of AI assisted tools to improve documentat…",https://www.adzuna.com/land/ad/5893340656?se=ijO05Da78RGomOTbcVFFeg&utm_medium=api&utm_source=e45342b0&v=506495D654156325B881779136FE93F322373C08,"Business Analyst Location: Hybrid at Reston VA and client locations in the Washington DC area as required Position Summary The Business Analyst supports requirements, analysis, and quality activities for delivery teams. This role elicits and documents requirements, develops user stories and acceptance criteria, and partners with Product Owners and engineers to ensure features meet business needs. The Business Analyst also contributes to testing, validation, and the use of AI assisted tools to improve documentat… IT Jobs",[]
business analyst,Business Analyst,"Tanisha Systems, Inc.","Santa Clara, Santa Clara County",132301.42,132301.42,IT Jobs,2026-09-02 12:30:00+00:00,"Business Analyst Kennesaw, GA 30144 (Onsite) Full-Time / Direct-Hire / FTE Salary – Market- DOE Experienced Business Analyst with strong health insurance and stop-loss expertise, responsible for partnering with Product Owners, SMEs, and stakeholders to translate claims and eligibility processes into clear, versioned, and testable business rules. Ensures proposed solutions align with business requirements, proactively identifies gaps and discrepancies, and enables engineering teams to build accu…",https://www.adzuna.com/land/ad/5867316658?se=ijO05Da78RGomOTbcVFFeg&utm_medium=api&utm_source=e45342b0&v=CE380FA6D363420CD0111CF3EB70459A3A39EBDE,"Business Analyst Business Analyst Kennesaw, GA 30144 (Onsite) Full-Time / Direct-Hire / FTE Salary – Market- DOE Experienced Business Analyst with strong health insurance and stop-loss expertise, responsible for partnering with Product Owners, SMEs, and stakeholders to translate claims and eligibility processes into clear, versioned, and testable business rules. Ensures proposed solutions align with business requirements, proactively identifies gaps and discrepancies, and enables engineering teams to build accu… IT Jobs",[]
business analyst,Business Analyst,QUANTUM TECHNOLOGIES LLC,"Glendale, Denver",81096.44,81096.44,IT Jobs,2026-09-25 18:06:17+00:00,"Job Title: Business Analyst Location: Denver, CO Duration: 6 Months  Extension Bill Rate: $80/hour Job Type: W-2 Contract Client: To Be Discussed Later Work Authorization: USC GC H-1B OPT-EAD GC-EAD Job Description: We are seeking a skilled Business Analyst to bridge the gap between business needs and technology solutions. The candidate will be responsible for gathering requirements, analyzing business processes, collaborating with stakeholders, and ensuring successful delivery of business obje…",https://www.adzuna.com/land/ad/5898790660?se=ijO05Da78RGomOTbcVFFeg&utm_medium=api&utm_source=e45342b0&v=775625F9A84349E9869FB1EEE10645D3B539E69B,"Business Analyst Job Title: Business Analyst Location: Denver, CO Duration: 6 Months  Extension Bill Rate: $80/hour Job Type: W-2 Contract Client: To Be Discussed Later Work Authorization: USC GC H-1B OPT-EAD GC-EAD Job Description: We are seeking a skilled Business Analyst to bridge the gap between business needs and technology solutions. The candidate will be responsible for gathering requirements, analyzing business processes, collaborating with stakeholders, and ensuring successful delivery of business obje… IT Jobs",[]
business analyst,Business Analyst,Galent,"Pimmit, Fairfax County",70834.49,70834.49,IT Jobs,2026-09-15 13:56:21+00:00,"Job Title: Business Analyst Location: McLean, VA (Onsite – Hybrid) Job Summary Seeking a Business Analyst with strong experience in Marketing and Ad Sales domains to support business analysis, requirements management, and process improvement initiatives. The role will partner with cross-functional teams to identify business challenges, define requirements, and deliver solutions across advertising, revenue, and digital operations. Key Responsibilities Partner with Ad Sales, Traffic, Revenue Oper…",https://www.adzuna.com/land/ad/5884996630?se=ijO05Da78RGomOTbcVFFeg&utm_medium=api&utm_source=e45342b0&v=030F039224B46DB79B695FA0691028DEAB83C2F1,"Business Analyst Job Title: Business Analyst Location: McLean, VA (Onsite – Hybrid) Job Summary Seeking a Business Analyst with strong experience in Marketing and Ad Sales domains to support business analysis, requirements management, and process improvement initiatives. The role will partner with cross-functional teams to identify business challenges, define requirements, and deliver solutions across advertising, revenue, and digital operations. Key Responsibilities Partner with Ad Sales, Traffic, Revenue Oper… IT Jobs",[]
business analyst,Business Analyst,TechNix LLC,US,101324.84,101324.84,IT Jobs,2026-09-24 14:07:15+00:00,"Position: Business Analyst- Expert Duration: 8 Months Agency: NCDOT Job ID: 810569 Client: State of North Carolina Location: North Carolina (Remote) Special Requirement: Candidate must be currently living in NC and able to come onsite the first day to collect equipment. ( Enquiring regarding the Company location in NC, will update as we know) Job Description: Seeking strong analyst skills to support multiple technology project initiatives. This role will work across active and upcoming projects…",https://www.adzuna.com/land/ad/5897225218?se=ijO05Da78RGomOTbcVFFeg&utm_medium=api&utm_source=e45342b0&v=507C4181FD4D11D067C0826ECC15A28F494F714B,"Business Analyst Position: Business Analyst- Expert Duration: 8 Months Agency: NCDOT Job ID: 810569 Client: State of North Carolina Location: North Carolina (Remote) Special Requirement: Candidate must be currently living in NC and able to come onsite the first day to collect equipment. ( Enquiring regarding the Company location in NC, will update as we know) Job Description: Seeking strong analyst skills to support multiple technology project initiatives. This role will work across active and upcoming projects… IT Jobs",[]
business analyst,Business Analyst,Advance Digital Systems,"Mount Rainier, Prince George's County",116120.42,116120.42,IT Jobs,2026-09-04 19:54:08+00:00,"Seeking an experienced Business Analyst to support the modernization of an examiner workflow application replacing a legacy system with an AWS GovCloud-based solution . The Business Analyst will partner with the Product Owner, development team, and business stakeholders to elicit and manage requirements, refine user stories, define acceptance criteria, and ensure alignment on business outcomes within an Agile delivery environment. Position Responsibilities · Elicit, analyze, document, and manag…",https://www.adzuna.com/land/ad/5871131295?se=ijO05Da78RGomOTbcVFFeg&utm_medium=api&utm_source=e45342b0&v=B86A20C428DB8F852F06203B34B74C4545F063F3,"Business Analyst Seeking an experienced Business Analyst to support the modernization of an examiner workflow application replacing a legacy system with an AWS GovCloud-based solution . The Business Analyst will partner with the Product Owner, development team, and business stakeholders to elicit and manage requirements, refine user stories, define acceptance criteria, and ensure alignment on business outcomes within an Agile delivery environment. Position Responsibilities · Elicit, analyze, document, and manag… IT Jobs","['aws', 'agile']"
business analyst,Business Analyst,Apex Systems,"Trammells, Harris County",83700.01,83700.01,IT Jobs,2026-09-15 20:08:39+00:00,"Job: 3052107 Job Description: Business Analyst Location: Houston, Texas (Downtown area) Schedule: Hybrid - 4 days onsite, 1 day remote Role Overview We are seeking an experienced Business Analyst to serve as the bridge between business stakeholders and digital delivery teams supporting fleet-related initiatives. This role will partner with business leadership, product owners, and technology teams to gather requirements, define business processes, and ensure successful project execution. The ide…",https://www.adzuna.com/land/ad/5885291418?se=ijO05Da78RGomOTbcVFFeg&utm_medium=api&utm_source=e45342b0&v=286476854EABB051E86883B1044CF4C8750B1214,"Business Analyst Job: 3052107 Job Description: Business Analyst Location: Houston, Texas (Downtown area) Schedule: Hybrid - 4 days onsite, 1 day remote Role Overview We are seeking an experienced Business Analyst to serve as the bridge between business stakeholders and digital delivery teams supporting fleet-related initiatives. This role will partner with business leadership, product owners, and technology teams to gather requirements, define business processes, and ensure successful project execution. The ide… IT Jobs",[]
business analyst,Business Analyst,"Motion Recruitment Partners, LLC","Phoenix, Maricopa County",85928.59,85928.59,IT Jobs,2026-08-06 09:45:49+00:00,"An established organization within the financial services and legal technology space is seeking a Business Analyst to join its growing technology team in Phoenix, Arizona. This is a full-time onsite position supporting software development initiatives, business process improvement efforts, and enterprise applications. The environment leverages Agile methodologies, XML-based document generation tools, and reporting technologies including SQL and SSRS. This opportunity offers the chance to help s…",https://www.adzuna.com/land/ad/5830512380?se=ijO05Da78RGomOTbcVFFeg&utm_medium=api&utm_source=e45342b0&v=07039D3BDEF556ED50D17BAF17A4841DD9530377,"Business Analyst An established organization within the financial services and legal technology space is seeking a Business Analyst to join its growing technology team in Phoenix, Arizona. This is a full-time onsite position supporting software development initiatives, business process improvement efforts, and enterprise applications. The environment leverages Agile methodologies, XML-based document generation tools, and reporting technologies including SQL and SSRS. This opportunity offers the chance to help s… IT Jobs","['sql', 'agile']"
business analyst,Business Analyst,Talent Groups,"Bee Cave, Travis County",87924.73,87924.73,IT Jobs,2026-09-18 22:12:49+00:00,"Business Analyst Talent Groups Location: Austin, TX 78778 | Hybrid, primarily remote with occasional onsite work Employment Type: 6 Month W2 Contract No C2C or Sponsorship Position Overview Talent Groups is seeking a Business Analyst to support a complex systems implementation in a public sector environment. The role will focus on requirements gathering, business process analysis, solution design, stakeholder collaboration, and software testing across multiple program areas. Key Responsibilitie…",https://www.adzuna.com/land/ad/5890072759?se=ijO05Da78RGomOTbcVFFeg&utm_medium=api&utm_source=e45342b0&v=6FDFF39DEDFDAE4F0B93E5A717F1F28FF0BA75B3,"Business Analyst Business Analyst Talent Groups Location: Austin, TX 78778 | Hybrid, primarily remote with occasional onsite work Employment Type: 6 Month W2 Contract No C2C or Sponsorship Position Overview Talent Groups is seeking a Business Analyst to support a complex systems implementation in a public sector environment. The role will focus on requirements gathering, business process analysis, solution design, stakeholder collaboration, and software testing across multiple program areas. Key Responsibilitie… IT Jobs",[]
business analyst,Business Analyst,The Atlantic Group,"Glenville, Fairfield County",120845.32,120845.32,IT Jobs,2026-09-01 16:22:13+00:00,"Our client is a specialist asset management firm with over $14 Billion AUM, specialized in income-oriented credit investments in niche and inefficient markets. As a rapidly growing firm of 140-150 employees, they are seeking a full-time Business Analyst to work fully onsite out of their Greenwich, CT office. They are seeking a highly motivated Business Analyst to lead and oversee the planning, execution and completion of technology projects within the fund, ensuring they align the business goal…",https://www.adzuna.com/land/ad/5865234776?se=ijO05Da78RGomOTbcVFFeg&utm_medium=api&utm_source=e45342b0&v=824AB4C7A1D8F8C7047FD39E3FF283961481343C,"Business Analyst Our client is a specialist asset management firm with over $14 Billion AUM, specialized in income-oriented credit investments in niche and inefficient markets. As a rapidly growing firm of 140-150 employees, they are seeking a full-time Business Analyst to work fully onsite out of their Greenwich, CT office. They are seeking a highly motivated Business Analyst to lead and oversee the planning, execution and completion of technology projects within the fund, ensuring they align the business goal… IT Jobs",[]
business analyst,Business Analyst,"Avenues International, Inc.","Elsmere, Albany County",126901.36,126901.36,IT Jobs,2026-09-01 12:14:05+00:00,"Position Name: Business Analyst Job ID: HBITS-08-14984 Duration: 24 Months Location: Albany, NY, (Day 1 Onsite) Primary Skills: 84 Months experience in facilitating meetings with users to identify & gather business needs, business rules & security requirements. 72 months experience in validation of requirements against application performing unit & regression testing. 60 months experience in developing complex reports into PDF and Excel. 60 months experience in utilizing systems similar to COGN…",https://www.adzuna.com/land/ad/5865036202?se=ijO05Da78RGomOTbcVFFeg&utm_medium=api&utm_source=e45342b0&v=BE8A4EAC8682D90CCDFB3684EAF702BFBC6B28D1,"Business Analyst Position Name: Business Analyst Job ID: HBITS-08-14984 Duration: 24 Months Location: Albany, NY, (Day 1 Onsite) Primary Skills: 84 Months experience in facilitating meetings with users to identify & gather business needs, business rules & security requirements. 72 months experience in validation of requirements against application performing unit & regression testing. 60 months experience in developing complex reports into PDF and Excel. 60 months experience in utilizing systems similar to COGN… IT Jobs",['excel']
business analyst,Business Analyst,Aptino,"Creve Coeur, Saint Louis County",95144.48,95144.48,IT Jobs,2026-09-22 12:49:31+00:00,"Role: Business Analyst Location: Saint Louis, MO (Onsite) Duration: 12 Months Job Overview: We are looking for an experienced Business Analyst to serve as a key link between business stakeholders and technology teams. The ideal candidate will analyze business needs, define functional requirements, document processes, and support project delivery from requirements through User Acceptance Testing (UAT). Key Responsibilities: Engage with stakeholders to identify, gather, validate, and document bus…",https://www.adzuna.com/land/ad/5894169692?se=ijO05Da78RGomOTbcVFFeg&utm_medium=api&utm_source=e45342b0&v=73428A9725D93147FCBF2BF48C5CEBD4A135AEF7,"Business Analyst Role: Business Analyst Location: Saint Louis, MO (Onsite) Duration: 12 Months Job Overview: We are looking for an experienced Business Analyst to serve as a key link between business stakeholders and technology teams. The ideal candidate will analyze business needs, define functional requirements, document processes, and support project delivery from requirements through User Acceptance Testing (UAT). Key Responsibilities: Engage with stakeholders to identify, gather, validate, and document bus… IT Jobs",[]
business analyst,Business Analyst,HonorVet Technologies,US,105398.95,105398.95,IT Jobs,2026-09-01 12:25:58+00:00,"HonorVet Technologies is a Service Disable Veteran-Owned IT staffing firm, ISO 9001 and ISO 27001 certified, working with federal agencies, state governments, and Fortune 500 enterprise clients across the US. What makes us different isn't a tagline; it's the way we work. We don't forward resumes and hope for the best. We take the time to understand where a professional like you is headed and only reach out when we genuinely believe there's a fit worth exploring. Title: Business Analyst Location…",https://www.adzuna.com/land/ad/5865051565?se=ijO05Da78RGomOTbcVFFeg&utm_medium=api&utm_source=e45342b0&v=BC034BB1A988D8C92FCC7D2B6B65DD51587029CB,"Business Analyst HonorVet Technologies is a Service Disable Veteran-Owned IT staffing firm, ISO 9001 and ISO 27001 certified, working with federal agencies, state governments, and Fortune 500 enterprise clients across the US. What makes us different isn't a tagline; it's the way we work. We don't forward resumes and hope for the best. We take the time to understand where a professional like you is headed and only reach out when we genuinely believe there's a fit worth exploring. Title: Business Analyst Location… IT Jobs",[]
business analyst,Business Analyst,"Gardner Resources Consulting, LLC","South Boston, Suffolk County",84236.29,84236.29,IT Jobs,2026-09-15 17:52:52+00:00,"Business Analyst Must Have: Bachelor’s degree in Business Administration, Finance, Information Systems, Operations Management, or related field 5 years of experience in business analysis or process improvement roles Strong analytical and problem-solving skills Experience with process mapping tools (Visio, Lucidchart, etc.) Knowledge of Lean, Six Sigma, Agile, or BPM methodologies Proficiency in Microsoft PowerAutomate, Co-Pilot Studio, Power BI, Tableau or similar reporting tools Excellent comm…",https://www.adzuna.com/land/ad/5885184504?se=ijO05Da78RGomOTbcVFFeg&utm_medium=api&utm_source=e45342b0&v=524C254A923DECD9B8A4FEE3996FE6119DB7F49D,"Business Analyst Business Analyst Must Have: Bachelor’s degree in Business Administration, Finance, Information Systems, Operations Management, or related field 5 years of experience in business analysis or process improvement roles Strong analytical and problem-solving skills Experience with process mapping tools (Visio, Lucidchart, etc.) Knowledge of Lean, Six Sigma, Agile, or BPM methodologies Proficiency in Microsoft PowerAutomate, Co-Pilot Studio, Power BI, Tableau or similar reporting tools Excellent comm… IT Jobs","['tableau', 'power bi', 'agile']"
business analyst,Business Analyst,Aroghia,"South Boston, Suffolk County",93282.61,93282.61,IT Jobs,2026-09-18 12:43:00+00:00,"Must be Local to Boston, MA 5 years experience in a business analyst, data analyst or supply chain analyst role. Proficiency in SQL. Advanced Excel and Tableau or Power BI skills. Supply chain domain knowledge. Analyze supply chain and operational data using SQL, Excel and Tableau to answer complex business questions. Build reports, dashboards and data narratives that communicate findings clearly to non-technical stakeholders. Partner with supply chain, planning and corporate operations teams t…",https://www.adzuna.com/land/ad/5889615662?se=ijO05Da78RGomOTbcVFFeg&utm_medium=api&utm_source=e45342b0&v=4583FDE9F3231D16B122664BD2C1F381FF7FD27C,"Business Analyst Must be Local to Boston, MA 5 years experience in a business analyst, data analyst or supply chain analyst role. Proficiency in SQL. Advanced Excel and Tableau or Power BI skills. Supply chain domain knowledge. Analyze supply chain and operational data using SQL, Excel and Tableau to answer complex business questions. Build reports, dashboards and data narratives that communicate findings clearly to non-technical stakeholders. Partner with supply chain, planning and corporate operations teams t… IT Jobs","['sql', 'excel', 'tableau', 'power bi']"
business analyst,Business Analyst,Apex Systems,"Bee Cave, Travis County",59360.74,59360.74,IT Jobs,2026-09-15 20:17:50+00:00,"Job: 3049745 Job Description: Business Analyst Location: Austin, Texas (Hybrid) Role Overview We are seeking a Business Analyst to join our team. This role involves producing, distributing, and managing technical project-related information. The successful candidate will analyze business needs, construct and implement decision-support applications, and act as a liaison between various teams for application integrations, enhancements, and development. Key Responsibilities Produce, distribute, an…",https://www.adzuna.com/land/ad/5885302171?se=ijO05Da78RGomOTbcVFFeg&utm_medium=api&utm_source=e45342b0&v=701ED34067148C8089819C91E9F454208E1F6085,"Business Analyst Job: 3049745 Job Description: Business Analyst Location: Austin, Texas (Hybrid) Role Overview We are seeking a Business Analyst to join our team. This role involves producing, distributing, and managing technical project-related information. The successful candidate will analyze business needs, construct and implement decision-support applications, and act as a liaison between various teams for application integrations, enhancements, and development. Key Responsibilities Produce, distribute, an… IT Jobs",[]
business analyst,Business Analyst,"Serenity Info Tech, Inc.","Provo, Utah County",120616.2,120616.2,IT Jobs,2026-09-22 18:40:47+00:00,"Title : Business Analyst Location : Provo, UT (not eligible for remote work and Utah residents only) Duration : 06 months Client : State of UT Interview Format - On-site Minimum Mandatory Requirements Vendor proposals will be filtered against the requirement below. Any candidate not meeting this requirement will be disqualified from consideration. Minimum 5 years of extensive experience in business requirement gathering within a state psychiatric health facility or a comparable clinical/behavio…",https://www.adzuna.com/land/ad/5894348649?se=ijO05Da78RGomOTbcVFFeg&utm_medium=api&utm_source=e45342b0&v=A7318533981FB3DC1FB1AC06B18C2E7FBB244C62,"Business Analyst Title : Business Analyst Location : Provo, UT (not eligible for remote work and Utah residents only) Duration : 06 months Client : State of UT Interview Format - On-site Minimum Mandatory Requirements Vendor proposals will be filtered against the requirement below. Any candidate not meeting this requirement will be disqualified from consideration. Minimum 5 years of extensive experience in business requirement gathering within a state psychiatric health facility or a comparable clinical/behavio… IT Jobs",[]
business analyst,Business Analyst,Apex Systems,"Trammells, Harris County",78945.66,78945.66,IT Jobs,2026-09-14 18:03:16+00:00,"Job: 3051486 Job Description: Lead Salesforce Business Analyst (Onsite) Role Summary The Lead Salesforce Business Analyst serves as the primary liaison between business stakeholders and the delivery team, leading requirements discovery, process design, solution alignment, and user acceptance activities. As an onsite resource, this role facilitates workshops, drives decision-making, manages stakeholder expectations, and ensures business requirements are translated into actionable solutions that …",https://www.adzuna.com/land/ad/5883928307?se=ijO05Da78RGomOTbcVFFeg&utm_medium=api&utm_source=e45342b0&v=D59B02DD68D59573F4E6DBBAA2A7F2C4BEC445C6,"Business Analyst Job: 3051486 Job Description: Lead Salesforce Business Analyst (Onsite) Role Summary The Lead Salesforce Business Analyst serves as the primary liaison between business stakeholders and the delivery team, leading requirements discovery, process design, solution alignment, and user acceptance activities. As an onsite resource, this role facilitates workshops, drives decision-making, manages stakeholder expectations, and ensures business requirements are translated into actionable solutions that … IT Jobs",[]
business analyst,Business Analyst,"Beacon Systems, Inc","Tallahassee, Leon County",99612.67,99612.67,IT Jobs,2026-09-24 14:03:36+00:00,"Position Title: Business Analyst Location: Tallahassee, FL 32311 Work Arrangement: Onsite Scope of Services The advanced business analyst is a member of a full lifecycle agile/hybrid development team. The candidate will work directly with subject matter experts (SMEs), business offices, technical teams, and other stakeholders to translate strategic and operational needs into actionable business and technical requirements. Responsibilities include conducting user needs assessments, documenting r…",https://www.adzuna.com/land/ad/5897223295?se=ijO05Da78RGomOTbcVFFeg&utm_medium=api&utm_source=e45342b0&v=59277209CD09BE2370C4E8DF5E77E604AE3F5B73,"Business Analyst Position Title: Business Analyst Location: Tallahassee, FL 32311 Work Arrangement: Onsite Scope of Services The advanced business analyst is a member of a full lifecycle agile/hybrid development team. The candidate will work directly with subject matter experts (SMEs), business offices, technical teams, and other stakeholders to translate strategic and operational needs into actionable business and technical requirements. Responsibilities include conducting user needs assessments, documenting r… IT Jobs","['r', 'agile']"
business analyst,Business Analyst,TriosysIT Inc.,"West End, Dauphin County",85517.62,85517.62,IT Jobs,2026-08-26 18:15:44+00:00,"This Business Analyst 2 will serve as a Delivery &Validation Business Analyst within the Project Management Office (PMO) ,supporting application modernization, technology upgrades, infrastructure initiatives, system migrations, and other technology projects across the agency. The position will perform core business analysis responsibilities with a specialization in requirements traceability, solution validation, business readiness, and transition to production. The analyst will work closely wit…",https://www.adzuna.com/land/ad/5857393112?se=ijO05Da78RGomOTbcVFFeg&utm_medium=api&utm_source=e45342b0&v=0947B8496462F36C6DD4E205D473E65F9A64F7F3,"Business Analyst This Business Analyst 2 will serve as a Delivery &Validation Business Analyst within the Project Management Office (PMO) ,supporting application modernization, technology upgrades, infrastructure initiatives, system migrations, and other technology projects across the agency. The position will perform core business analysis responsibilities with a specialization in requirements traceability, solution validation, business readiness, and transition to production. The analyst will work closely wit… IT Jobs",[]
business analyst,Business Analyst,Mindlance,"Mount Rainier, Prince George's County",126138.68,126138.68,IT Jobs,2026-07-08 14:30:24+00:00,"Position Summary: Title: Business Analyst III Duration: 6 Months - Long Term Location: Washington, DC 20433(Onsite) Position Overview: The position requires a quality-focused and detail-oriented Business Analyst with a demonstrated track record of providing solutions for high-priority business goals and strategic management decisions. The incumbent should be a skilled troubleshooter and problem solver with the ability to translate business processes and problem statements into requirements. The…",https://www.adzuna.com/land/ad/5792954931?se=ijO05Da78RGomOTbcVFFeg&utm_medium=api&utm_source=e45342b0&v=8259C7D6188EA8093D6EDA81D2626233F78D46C0,"Business Analyst Position Summary: Title: Business Analyst III Duration: 6 Months - Long Term Location: Washington, DC 20433(Onsite) Position Overview: The position requires a quality-focused and detail-oriented Business Analyst with a demonstrated track record of providing solutions for high-priority business goals and strategic management decisions. The incumbent should be a skilled troubleshooter and problem solver with the ability to translate business processes and problem statements into requirements. The… IT Jobs",[]
business analyst,Business Analyst,HonorVet Technologies,"South Des Moines, Polk County",88066.97,88066.97,IT Jobs,2026-09-23 13:26:22+00:00,"HonorVet Technologies is a Service Disable Veteran-Owned IT staffing firm, ISO 9001 and ISO 27001 certified, working with federal agencies, state governments, and Fortune 500 enterprise clients across the US. What makes us different isn't a tagline; it's the way we work. We don't forward resumes and hope for the best. We take the time to understand where a professional like you is headed and only reach out when we genuinely believe there's a fit worth exploring. Job Title: Business Analyst Dura…",https://www.adzuna.com/land/ad/5895481499?se=ijO05Da78RGomOTbcVFFeg&utm_medium=api&utm_source=e45342b0&v=DF64E84D9EA3262D19817605AA32294B2E33E6EB,"Business Analyst HonorVet Technologies is a Service Disable Veteran-Owned IT staffing firm, ISO 9001 and ISO 27001 certified, working with federal agencies, state governments, and Fortune 500 enterprise clients across the US. What makes us different isn't a tagline; it's the way we work. We don't forward resumes and hope for the best. We take the time to understand where a professional like you is headed and only reach out when we genuinely believe there's a fit worth exploring. Job Title: Business Analyst Dura… IT Jobs",[]
business analyst,Business Analyst,Apex Systems,"Hayes Valley, San Francisco",89842.57,89842.57,IT Jobs,2026-09-24 08:55:37+00:00,"Job: 3053171 Job Description: Business Analyst Location: San Francisco, California (Hybrid: onsite three days/week, can work remotely from home twice a week) Role Overview The Compliance Business Analyst plays a role in ensuring IT Hygiene practices and standards are consistently followed across the enterprise. This position focuses on enabling visibility into the adoption, maturity, and effectiveness of initiatives through reporting mechanisms and compliance assessments. The analyst will partn…",https://www.adzuna.com/land/ad/5896876671?se=ijO05Da78RGomOTbcVFFeg&utm_medium=api&utm_source=e45342b0&v=826F43827B17868ECE1F7C362DC35C3EEFC59914,"Business Analyst Job: 3053171 Job Description: Business Analyst Location: San Francisco, California (Hybrid: onsite three days/week, can work remotely from home twice a week) Role Overview The Compliance Business Analyst plays a role in ensuring IT Hygiene practices and standards are consistently followed across the enterprise. This position focuses on enabling visibility into the adoption, maturity, and effectiveness of initiatives through reporting mechanisms and compliance assessments. The analyst will partn… IT Jobs",[]
business analyst,Business Analyst,Xcelo Group Inc,"South Des Moines, Polk County",91518.59,91518.59,IT Jobs,2026-09-23 21:53:39+00:00,"Job Title: Senior Business Analyst Medicaid / Integrated Eligibility Modernization Experience: 8 Years Work Location: Des Moines, IA, USA Work Auth: All Visa accepted (No H1 and No Fake Profile) Education: Bachelor's degree in Management Information Systems, Business, a related field, or equivalent relevant experience Environment: Agile / Enterprise IT / Government / Healthcare / Medicaid Modernization  Job Summary We are seeking an experienced Senior Business Analyst to support the modernizati…",https://www.adzuna.com/land/ad/5896106966?se=ijO05Da78RGomOTbcVFFeg&utm_medium=api&utm_source=e45342b0&v=666115B180E6136927492D7A1C15DFBB697644DD,"Business Analyst Job Title: Senior Business Analyst Medicaid / Integrated Eligibility Modernization Experience: 8 Years Work Location: Des Moines, IA, USA Work Auth: All Visa accepted (No H1 and No Fake Profile) Education: Bachelor's degree in Management Information Systems, Business, a related field, or equivalent relevant experience Environment: Agile / Enterprise IT / Government / Healthcare / Medicaid Modernization  Job Summary We are seeking an experienced Senior Business Analyst to support the modernizati… IT Jobs",['agile']
business analyst,Business Analyst,INFT Solutions inc,US,64358.83,64358.83,IT Jobs,2026-09-24 14:13:35+00:00,"JD: 8-10  years of Business Analyst experience in enterprise platform/product initiatives EX-J&J experience is REQUIRED Strong Strategy & Discovery experience Enterprise Workflow Automation platforms - ServiceNow / Pega / Appian / Camunda OR Enterprise BI Platform Strategy - Power BI / Tableau Strong Stakeholder Management & workshop facilitation Experience working with Product Owners & Platform Architects Roadmaps, Capability Maps & Prioritization Frameworks Strong Epics & User Stories writing…",https://www.adzuna.com/land/ad/5897257362?se=ijO05Da78RGomOTbcVFFeg&utm_medium=api&utm_source=e45342b0&v=853CBD50717D9E1FC13B1921E2C13A2D5794D1AF,"Business Analyst JD: 8-10  years of Business Analyst experience in enterprise platform/product initiatives EX-J&J experience is REQUIRED Strong Strategy & Discovery experience Enterprise Workflow Automation platforms - ServiceNow / Pega / Appian / Camunda OR Enterprise BI Platform Strategy - Power BI / Tableau Strong Stakeholder Management & workshop facilitation Experience working with Product Owners & Platform Architects Roadmaps, Capability Maps & Prioritization Frameworks Strong Epics & User Stories writing… IT Jobs","['tableau', 'power bi', 'stakeholder management']"
business analyst,Business Analyst,INSPYR Solutions,US,118756.19,118756.19,IT Jobs,2026-09-09 11:39:07+00:00,"Title : Business Analyst Location: Remote Rate: $55-60/hour POSITION SUMMARY We are seeking a Senior Business Analyst to serve as a product-minded delivery leader for our enterprise healthcare applications. Acting as a proxy Product Owner and Scrum champion, this role owns the product backlog, translates business strategy into actionable requirements, and drives Agile delivery from concept through release. The position is the primary connection point between business stakeholders, executive lea…",https://www.adzuna.com/land/ad/5877237630?se=ijO05Da78RGomOTbcVFFeg&utm_medium=api&utm_source=e45342b0&v=183E5CDE187FCA17944571C418F5D17542DDDDA2,"Business Analyst Title : Business Analyst Location: Remote Rate: $55-60/hour POSITION SUMMARY We are seeking a Senior Business Analyst to serve as a product-minded delivery leader for our enterprise healthcare applications. Acting as a proxy Product Owner and Scrum champion, this role owns the product backlog, translates business strategy into actionable requirements, and drives Agile delivery from concept through release. The position is the primary connection point between business stakeholders, executive lea… IT Jobs","['agile', 'scrum']"
business analyst,Business Analyst,Siritek Inc,"Rolling Meadows, Cook County",97263.95,97263.95,IT Jobs,2026-09-21 14:29:02+00:00,"Siritek Inc. is seeking a skilled and detail-oriented Business Analyst with 2 years of experience in analysing business processes, gathering and documenting requirements, and supporting application implementations and enhancements. Roles and responsibilities: · Gather and analyze business and functional requirements for Property & Casualty (P&C) insurance applications and business processes. · Work with Underwriting, Product, Claims, Billing, Operations, and other stakeholders to understand bus…",https://www.adzuna.com/land/ad/5893064699?se=ijO05Da78RGomOTbcVFFeg&utm_medium=api&utm_source=e45342b0&v=D357DA90D4724F87C32280EC7A3DE8CE16E8931D,"Business Analyst Siritek Inc. is seeking a skilled and detail-oriented Business Analyst with 2 years of experience in analysing business processes, gathering and documenting requirements, and supporting application implementations and enhancements. Roles and responsibilities: · Gather and analyze business and functional requirements for Property & Casualty (P&C) insurance applications and business processes. · Work with Underwriting, Product, Claims, Billing, Operations, and other stakeholders to understand bus… IT Jobs",[]
business analyst,Business Analyst,Prisa Consulting Services LLC,"Lazy Lake, Broward County",108039.47,108039.47,IT Jobs,2026-09-10 11:56:12+00:00,"SHORTLISTED CANDIDATE SHOULD BE AVAILABLE FOR IN-PERSON INTERVIEW Master’s degree in Computer Science, Information Systems, Business Administration, or other related field or equivalent work experience. Works well in a legacy business environment with consistent change and ambiguity. Can multi-task and understand a variety of different stakeholders and how best to collaborate for project success. experience using requirements gathering tools. management and supervision experience with direct re…",https://www.adzuna.com/land/ad/5878677823?se=ijO05Da78RGomOTbcVFFeg&utm_medium=api&utm_source=e45342b0&v=C1B1A8392238F98AD26B8DACF025A39099CFFB96,"Business Analyst SHORTLISTED CANDIDATE SHOULD BE AVAILABLE FOR IN-PERSON INTERVIEW Master’s degree in Computer Science, Information Systems, Business Administration, or other related field or equivalent work experience. Works well in a legacy business environment with consistent change and ambiguity. Can multi-task and understand a variety of different stakeholders and how best to collaborate for project success. experience using requirements gathering tools. management and supervision experience with direct re… IT Jobs",[]
business analyst,Business Analyst,Symbiotic Consulting Group,"Deerfield Beach, Broward County",99650.87,99650.87,IT Jobs,2026-03-30 18:40:47+00:00,"Overview As a Business Analyst, you will support the Accounting & Supply Chain business teams with the implementation of Microsoft Dynamics 365 F&O (Finance & Operations) over the next several years, as part of a business unit technology modernization program. D365 F&O will serve as the core operational accounting system and will be the foundation for other modern Supply Chain platforms, including Blue Yonder Supply Chain Forecasting and Manhattan Associates Warehouse Management. The Business A…",https://www.adzuna.com/land/ad/5683639212?se=ijO05Da78RGomOTbcVFFeg&utm_medium=api&utm_source=e45342b0&v=1E7A1E59CC3A543A9119D8F933963A2869186C43,"Business Analyst Overview As a Business Analyst, you will support the Accounting & Supply Chain business teams with the implementation of Microsoft Dynamics 365 F&O (Finance & Operations) over the next several years, as part of a business unit technology modernization program. D365 F&O will serve as the core operational accounting system and will be the foundation for other modern Supply Chain platforms, including Blue Yonder Supply Chain Forecasting and Manhattan Associates Warehouse Management. The Business A… IT Jobs",[]
business analyst,Business Analyst,Agama Solutions Inc.,"Glendale, Denver",151201.8,151201.8,IT Jobs,2026-09-09 15:42:51+00:00,"Job Description · The Business Analyst for our client will play a key role in delivering capabilities within the Enterprise Data Platform and Core Data Services. This role partners with business and technology stakeholders to define and refine requirements for reporting and analytics, source system changes, and new data integrations—ensuring data is trustworthy, well-governed, and usable across the enterprise. · Working as part of an Agile delivery team, the analyst will translate needs into cl…",https://www.adzuna.com/land/ad/5877471762?se=ijO05Da78RGomOTbcVFFeg&utm_medium=api&utm_source=e45342b0&v=1F05C8FFD5600DF84D90BA56C6ABB159C81DF176,"Business Analyst Job Description · The Business Analyst for our client will play a key role in delivering capabilities within the Enterprise Data Platform and Core Data Services. This role partners with business and technology stakeholders to define and refine requirements for reporting and analytics, source system changes, and new data integrations—ensuring data is trustworthy, well-governed, and usable across the enterprise. · Working as part of an Agile delivery team, the analyst will translate needs into cl… IT Jobs",['agile']
business analyst,Business Analyst,"RedSalsa Technologies, Inc.","Salt Lake City, Salt Lake County",108222.1,108222.1,IT Jobs,2026-09-22 18:44:55+00:00,"Title : Business Analyst Location : 84116,Salt Lake City, UT Duration : 9  Months Job Type : C Description : On-Site interview Key Responsibilities ? Elicit, document, and validate business and functional requirements from clinical, administrative, and IT stakeholders at the State Hospital. ? Translate business requirements into user stories, process flows, and acceptance criteria suitable for Agile/SAFe delivery teams. ? Facilitate requirement-gathering sessions, workshops, and interviews with…",https://www.adzuna.com/land/ad/5894382810?se=ijO05Da78RGomOTbcVFFeg&utm_medium=api&utm_source=e45342b0&v=ED0E60283D3503EBCD6FF359FE49FA1465C1D9A2,"Business Analyst Title : Business Analyst Location : 84116,Salt Lake City, UT Duration : 9  Months Job Type : C Description : On-Site interview Key Responsibilities ? Elicit, document, and validate business and functional requirements from clinical, administrative, and IT stakeholders at the State Hospital. ? Translate business requirements into user stories, process flows, and acceptance criteria suitable for Agile/SAFe delivery teams. ? Facilitate requirement-gathering sessions, workshops, and interviews with… IT Jobs",['agile']
business analyst,Business Analyst,ChaTeck Incorporated,"Salt Lake City, Salt Lake County",99240.02,99240.02,IT Jobs,2026-09-22 22:39:35+00:00,"Job Description Mandatory for the job : Minimum 5 years of extensive experience in business requirement gathering within a state psychiatric health facility or a comparable clinical/behavioral health care setting. The Department of Health and Human Services (DHHS) is seeking an experienced Business Analyst to support operations at the State Hospital. This role will partner with clinical, operational, and IT stakeholders to gather, document, and translate business requirements into actionable pr…",https://www.adzuna.com/land/ad/5894663692?se=ijO05Da78RGomOTbcVFFeg&utm_medium=api&utm_source=e45342b0&v=2642145474BDA70B242AC544FADB945A4C7614DF,"Business Analyst Job Description Mandatory for the job : Minimum 5 years of extensive experience in business requirement gathering within a state psychiatric health facility or a comparable clinical/behavioral health care setting. The Department of Health and Human Services (DHHS) is seeking an experienced Business Analyst to support operations at the State Hospital. This role will partner with clinical, operational, and IT stakeholders to gather, document, and translate business requirements into actionable pr… IT Jobs",[]
business analyst,Business Analyst,"UniMind Software Solutions,Inc",US,61431.36,61431.36,IT Jobs,2026-09-23 13:22:33+00:00,"Business Analyst 6 Months Remote Candidate must be currently living in NC and able to come onsite the first day to collect equipment Webcam Interview Only Seeking strong analyst skills to support multiple technology project initiatives. This role will work across active and upcoming projects, leading testing strategy, facilitating procurement-related requirements gathering, and ensuring vendor delivery. Candidate must be currently living in NC and able to come onsite the first day to collect eq…",https://www.adzuna.com/land/ad/5895480416?se=ijO05Da78RGomOTbcVFFeg&utm_medium=api&utm_source=e45342b0&v=D23B841F988A5C486223F54B272565617AAB84D8,"Business Analyst Business Analyst 6 Months Remote Candidate must be currently living in NC and able to come onsite the first day to collect equipment Webcam Interview Only Seeking strong analyst skills to support multiple technology project initiatives. This role will work across active and upcoming projects, leading testing strategy, facilitating procurement-related requirements gathering, and ensuring vendor delivery. Candidate must be currently living in NC and able to come onsite the first day to collect eq… IT Jobs",[]
business analyst,Business Analyst,"Acadia Technologies, Inc.","Northlake, DeKalb County",72976.46,72976.46,IT Jobs,2026-09-22 14:44:13+00:00,"Job Title: Business Analyst Location: Atlanta, GA- onsite 5 days/ week Duration: 6-month contract, with potential for extension Required / Must-haves: 5 years experience working with Business and technical teams to prepare system requirements and Technical and functional documents. Generate and analyze reports to support clinical and administrative decision-making. Provide advanced Windows troubleshooting and support for our software and cloud platform. Communicate effectively with internal and…",https://www.adzuna.com/land/ad/5894261189?se=ijO05Da78RGomOTbcVFFeg&utm_medium=api&utm_source=e45342b0&v=77BF0C047E4862E81B7169A61C35A693212065A0,"Business Analyst Job Title: Business Analyst Location: Atlanta, GA- onsite 5 days/ week Duration: 6-month contract, with potential for extension Required / Must-haves: 5 years experience working with Business and technical teams to prepare system requirements and Technical and functional documents. Generate and analyze reports to support clinical and administrative decision-making. Provide advanced Windows troubleshooting and support for our software and cloud platform. Communicate effectively with internal and… IT Jobs",[]
business analyst,Business Analyst,Prismagic Solutions Inc,"Salt Lake City, Salt Lake County",97077.04,97077.04,IT Jobs,2026-09-23 13:26:39+00:00,"Minimum Mandatory Requirements Minimum 5 years of extensive experience in business requirement gathering within a state psychiatric health facility or a comparable clinical/behavioral health care setting. 5 years of extensive experience in business requirement gathering in a psychiatric health facility, following SAFe methodology Job Description The Client is seeking an experienced Business Analyst to support operations at the State Hospital. This role will partner with clinical, operational, a…",https://www.adzuna.com/land/ad/5895481553?se=ijO05Da78RGomOTbcVFFeg&utm_medium=api&utm_source=e45342b0&v=25AD81C158A3558ED6B181CEF7864535D77D4A9C,"Business Analyst Minimum Mandatory Requirements Minimum 5 years of extensive experience in business requirement gathering within a state psychiatric health facility or a comparable clinical/behavioral health care setting. 5 years of extensive experience in business requirement gathering in a psychiatric health facility, following SAFe methodology Job Description The Client is seeking an experienced Business Analyst to support operations at the State Hospital. This role will partner with clinical, operational, a… IT Jobs",[]
business analyst,Business Analyst,"Mitchell Martin, Inc.","Rosemont, Cook County",71798.7,71798.7,IT Jobs,2026-09-23 13:16:18+00:00,"Business Analyst - New York, NY - Contract (W2, C2C allowed) - $17-27 per HR Description Support business and technology initiatives in the Financial Services & Insurance domain. Coordinate project activities, business analysis, and stakeholder communication. Assist in project planning, tracking, and reporting. Gather and document business requirements. Track project risks, dependencies, and milestones. Prepare status reports and presentations. Analyze data to generate business insights. Key Re…",https://www.adzuna.com/land/ad/5895475633?se=ijO05Da78RGomOTbcVFFeg&utm_medium=api&utm_source=e45342b0&v=A5914E305ED60B60D675E5E154FAC8E9FA061814,"Business Analyst Business Analyst - New York, NY - Contract (W2, C2C allowed) - $17-27 per HR Description Support business and technology initiatives in the Financial Services & Insurance domain. Coordinate project activities, business analysis, and stakeholder communication. Assist in project planning, tracking, and reporting. Gather and document business requirements. Track project risks, dependencies, and milestones. Prepare status reports and presentations. Analyze data to generate business insights. Key Re… IT Jobs",['communication']
business analyst,Business Analyst,Market Street Talent,"South Boston, Suffolk County",95317.59,95317.59,IT Jobs,2026-09-23 13:17:07+00:00,"Could you be a good fit? We are looking for an experienced Business Analyst to join the team of our exceptional client. This role supports a highly visible enterprise analytics platform that serves as a critical resource for business operations, reporting, data analysis, and strategic decision-making. The ideal candidate is a senior-level business analysis professional who can effectively bridge the gap between business stakeholders and technology teams. This individual will help translate comp…",https://www.adzuna.com/land/ad/5895476211?se=ijO05Da78RGomOTbcVFFeg&utm_medium=api&utm_source=e45342b0&v=B07EB968E06280C1552608159080AD1D87442FA7,"Business Analyst Could you be a good fit? We are looking for an experienced Business Analyst to join the team of our exceptional client. This role supports a highly visible enterprise analytics platform that serves as a critical resource for business operations, reporting, data analysis, and strategic decision-making. The ideal candidate is a senior-level business analysis professional who can effectively bridge the gap between business stakeholders and technology teams. This individual will help translate comp… IT Jobs",[]
business analyst,Business Analyst,PETADATA,"Reston, Fairfax County",262128.27,262128.27,IT Jobs,2026-09-23 20:58:58+00:00,"Position: Business Analyst Location: Reston, VA ( Hybrid - 3days Office ) Work Type: C2C Experience: 15 Years Visa Type: H1B, and PETADATA is looking for a Senior Documentum Specialist with 15 years of hands-on experience in Enterprise Content Management (ECM) solutions. The ideal candidate will have a strong background in Documentum, OpenText, and related ECM technologies. This role requires deep expertise in Documentum platform customization, integration, migration, and maintenance, as well a…",https://www.adzuna.com/land/ad/5895929686?se=ijO05Da78RGomOTbcVFFeg&utm_medium=api&utm_source=e45342b0&v=F7E50BD11B28B06D306BB78A116CB4B74FC4AE4F,"Business Analyst Position: Business Analyst Location: Reston, VA ( Hybrid - 3days Office ) Work Type: C2C Experience: 15 Years Visa Type: H1B, and PETADATA is looking for a Senior Documentum Specialist with 15 years of hands-on experience in Enterprise Content Management (ECM) solutions. The ideal candidate will have a strong background in Documentum, OpenText, and related ECM technologies. This role requires deep expertise in Documentum platform customization, integration, migration, and maintenance, as well a… IT Jobs",[]
business analyst,Business Analyst,QUANTUM TECHNOLOGIES LLC,"Highland Park, Dallas",82033.91,82033.91,IT Jobs,2026-09-25 21:03:40+00:00,"Job Title: Business Analyst Location: Dallas, TX Duration: 6 Months  Extension Bill Rate: $83/hour Job Type: C2C Contract Client: To Be Discussed Later Work Authorization: USC GC H-1B OPT-EAD GC-EAD Job Description: Business Requirements Gathering & Stakeholder Management Business & Technical Requirements Documentation Solution Discovery & Requirements Triage User Stories, Business Rules & Acceptance Criteria Orchestration Triage & Technical Feasibility Cross-Functional Collaboration with Techn…",https://www.adzuna.com/land/ad/5898974556?se=ijO05Da78RGomOTbcVFFeg&utm_medium=api&utm_source=e45342b0&v=92B1C6430FC15DB1FC4CBD6EE471DC20488D42DD,"Business Analyst Job Title: Business Analyst Location: Dallas, TX Duration: 6 Months  Extension Bill Rate: $83/hour Job Type: C2C Contract Client: To Be Discussed Later Work Authorization: USC GC H-1B OPT-EAD GC-EAD Job Description: Business Requirements Gathering & Stakeholder Management Business & Technical Requirements Documentation Solution Discovery & Requirements Triage User Stories, Business Rules & Acceptance Criteria Orchestration Triage & Technical Feasibility Cross-Functional Collaboration with Techn… IT Jobs",['stakeholder management']
business analyst,Business Analyst,Innosoul inc,"Raleigh, Wake County",75937.01,75937.01,IT Jobs,2026-09-23 13:18:00+00:00,"Job ID: NC-810569 Remote/Local NC Govt BA (CBAP/PMP-PBA/15) with QA, Procurement, go-live support, PMO experience Location: Raleigh, NC (NCDOT) Duration: 12 Months Interview: Webcam Interview Only Candidate must be currently living in NC and able to come onsite the first day to collect equipment. Skills: Business Analyst Required 5 Years Requirements Management Required 5 Years Test Planning and Test Execution Management Required 5 Years Lead Facilitation for Procurement Specification Developme…",https://www.adzuna.com/land/ad/5895476415?se=ijO05Da78RGomOTbcVFFeg&utm_medium=api&utm_source=e45342b0&v=0515DA65D6EE911681960514623622F3C0D1CB7E,"Business Analyst Job ID: NC-810569 Remote/Local NC Govt BA (CBAP/PMP-PBA/15) with QA, Procurement, go-live support, PMO experience Location: Raleigh, NC (NCDOT) Duration: 12 Months Interview: Webcam Interview Only Candidate must be currently living in NC and able to come onsite the first day to collect equipment. Skills: Business Analyst Required 5 Years Requirements Management Required 5 Years Test Planning and Test Execution Management Required 5 Years Lead Facilitation for Procurement Specification Developme… IT Jobs",[]
business analyst,Business Analyst,Gov Services Hub,"La Canada, Los Angeles County",149943.17,149943.17,IT Jobs,2026-03-30 18:38:11+00:00,"Position Detail's: Position Name: Business Analyst - SR-5263184 Job Type and Title: 3 year(s) 3 month(s) 1 day(s) Location: 2000 Quail Dr, Baton Rouge, LA 70808 (Remote - but need local candidate) 3 Professional reference from last 3 projects Remote role with occasional visit to Baton Rouge (once/twice in a quarter) State Gov exp mandatory 7 Years exp. The scope of the proposed services will include the following: Using Agile methods to analyze and document business functions and requirements C…",https://www.adzuna.com/land/ad/5683635336?se=ijO05Da78RGomOTbcVFFeg&utm_medium=api&utm_source=e45342b0&v=E21309E34FB912A04D0753230EB62AE994D216ED,"Business Analyst Position Detail's: Position Name: Business Analyst - SR-5263184 Job Type and Title: 3 year(s) 3 month(s) 1 day(s) Location: 2000 Quail Dr, Baton Rouge, LA 70808 (Remote - but need local candidate) 3 Professional reference from last 3 projects Remote role with occasional visit to Baton Rouge (once/twice in a quarter) State Gov exp mandatory 7 Years exp. The scope of the proposed services will include the following: Using Agile methods to analyze and document business functions and requirements C… IT Jobs",['agile']
business analyst,Business Analyst,Apex Systems,"Charlotte, Mecklenburg County",81316.77,81316.77,IT Jobs,2026-09-25 20:37:01+00:00,"Job: 3053711 Job Description: Business Analyst Location: Charlotte, North Carolina (Onsite) Role Overview We are seeking a Business Analyst to join our team. The successful candidate will be responsible for developing, automating, and maintaining reporting routines and dashboards. This role involves supporting the design and implementation of AI-enabled reporting, enhancing KPI frameworks, and monitoring performance data to identify trends and risks. The position requires partnership with busin…",https://www.adzuna.com/land/ad/5898876773?se=ijO05Da78RGomOTbcVFFeg&utm_medium=api&utm_source=e45342b0&v=F4E3069FB12A8749C3D907EC022E3BC9DE5450EF,"Business Analyst Job: 3053711 Job Description: Business Analyst Location: Charlotte, North Carolina (Onsite) Role Overview We are seeking a Business Analyst to join our team. The successful candidate will be responsible for developing, automating, and maintaining reporting routines and dashboards. This role involves supporting the design and implementation of AI-enabled reporting, enhancing KPI frameworks, and monitoring performance data to identify trends and risks. The position requires partnership with busin… IT Jobs",[]
business analyst,Business Analyst,Apex Systems,"Frankfort, Franklin County",70307.38,70307.38,IT Jobs,2026-09-25 20:36:59+00:00,"Job: 3053336 Job Description: Business Analyst Location: Frankfort, Kentucky (Partial Remote) Role Overview Our client is seeking a qualified Senior Business Analyst to support the migration of Microsoft Access databases and other data repositories to a new, separate database system. The Senior BA will serve as a bridge between technical teams and end users by developing clear, accurate, and actionable documentation to support a smooth transition, minimize downtime, and maintain data integrity.…",https://www.adzuna.com/land/ad/5898876716?se=ijO05Da78RGomOTbcVFFeg&utm_medium=api&utm_source=e45342b0&v=5B33EFFC69D35F23A1F2E287699715E9AF5C2ACA,"Business Analyst Job: 3053336 Job Description: Business Analyst Location: Frankfort, Kentucky (Partial Remote) Role Overview Our client is seeking a qualified Senior Business Analyst to support the migration of Microsoft Access databases and other data repositories to a new, separate database system. The Senior BA will serve as a bridge between technical teams and end users by developing clear, accurate, and actionable documentation to support a smooth transition, minimize downtime, and maintain data integrity.… IT Jobs",[]
business analyst,Business Analyst,"Innova Solutions, Inc","Grand Central, Manhattan",50751.52,50751.52,IT Jobs,2026-09-16 12:17:18+00:00,"A client of Innova Solutions is immediately hiring for a “ Business Analyst "" Position type: Full-time Contract (W2) Role: “ Business Analyst ” Duration: 6  months Contract Location : Remote Minimum Years of Experience: 5 Years Must have required skills – “Healthcare, Agile, Jira, Azure DevOps” Primary Skill for the Role: “Healthcare, Agile, Jira, Azure DevOps ” Details: Proven experience supporting fast-paced Agile teams and collaborating closely with software engineering teams across all phas…",https://www.adzuna.com/land/ad/5886397851?se=br525Ta78RGGQ9u1mQKVdw&utm_medium=api&utm_source=e45342b0&v=DF19D2495FE4D0B63EF24186C2EF5D5FFF2C96BD,"Business Analyst A client of Innova Solutions is immediately hiring for a “ Business Analyst "" Position type: Full-time Contract (W2) Role: “ Business Analyst ” Duration: 6  months Contract Location : Remote Minimum Years of Experience: 5 Years Must have required skills – “Healthcare, Agile, Jira, Azure DevOps” Primary Skill for the Role: “Healthcare, Agile, Jira, Azure DevOps ” Details: Proven experience supporting fast-paced Agile teams and collaborating closely with software engineering teams across all phas… IT Jobs","['azure', 'agile']"
business analyst,Business Analyst,Innosoul inc,"Northlake, DeKalb County",54535.16,54535.16,IT Jobs,2026-09-22 18:48:38+00:00,"Job ID: GA-812432 Hybrid/Local Govt BA (15) with KOALA, Balsamiq, Azure DevOps, SQL experience Location: Atlanta, GA (DECAL-IT) Duration: 8 Months Skills: Proficiency with Microsoft Office, Balsamiq, Azure DevOps, and SQL scripting. Highly desired 3 Years Description: Under general supervision, analyzes customer business needs and participates in the planning, design and implementation of new or enhanced systems. The Senior Business Analyst for KOALA is responsible for analyzing business needs …",https://www.adzuna.com/land/ad/5894386075?se=br525Ta78RGGQ9u1mQKVdw&utm_medium=api&utm_source=e45342b0&v=CC04D098958640F476ACA07688A6D461FBC3631A,"Business Analyst Job ID: GA-812432 Hybrid/Local Govt BA (15) with KOALA, Balsamiq, Azure DevOps, SQL experience Location: Atlanta, GA (DECAL-IT) Duration: 8 Months Skills: Proficiency with Microsoft Office, Balsamiq, Azure DevOps, and SQL scripting. Highly desired 3 Years Description: Under general supervision, analyzes customer business needs and participates in the planning, design and implementation of new or enhanced systems. The Senior Business Analyst for KOALA is responsible for analyzing business needs … IT Jobs","['sql', 'azure']"
business analyst,Business Analyst,Steck Systems,"Salt Lake City, Salt Lake County",79791.73,79791.73,IT Jobs,2026-09-22 21:01:51+00:00,"Job Title: Business Analyst Location: Salt Lake City, UT Key Responsibilities Gather, document, analyze, and validate business and functional requirements through interviews, workshops, meetings, and observations. Work with clinical, administrative, operational, and IT stakeholders to understand business needs. Translate business requirements into user stories, use cases, process flows, acceptance criteria, and technical specifications. Analyze current business processes and identify gaps, risk…",https://www.adzuna.com/land/ad/5894498663?se=br525Ta78RGGQ9u1mQKVdw&utm_medium=api&utm_source=e45342b0&v=20137CDF4A46A8DCD841755ADFEFDF3891AB6179,"Business Analyst Job Title: Business Analyst Location: Salt Lake City, UT Key Responsibilities Gather, document, analyze, and validate business and functional requirements through interviews, workshops, meetings, and observations. Work with clinical, administrative, operational, and IT stakeholders to understand business needs. Translate business requirements into user stories, use cases, process flows, acceptance criteria, and technical specifications. Analyze current business processes and identify gaps, risk… IT Jobs",[]
business analyst,Business Analyst,CCS Global Tech,"Glendale, Denver",76842.17,76842.17,IT Jobs,2026-09-22 22:32:11+00:00,"CCS Global Tech is a rapidly growing Information Technology company with a diverse portfolio of technology products and services and a large network of industry partnerships. With over 22 years of being a successful business with a global talent pool and presence, CCS is a certified Microsoft Gold Partner and specializes in delivering expert Microsoft based solutions for technical and business needs. We have been recognized by Inc. 500 Magazine as one of the fastest growing small companies in t…",https://www.adzuna.com/land/ad/5894653751?se=br525Ta78RGGQ9u1mQKVdw&utm_medium=api&utm_source=e45342b0&v=B4E1F50D91EF70736F8CC5BDCADA07CF0E2CB8D6,"Business Analyst CCS Global Tech is a rapidly growing Information Technology company with a diverse portfolio of technology products and services and a large network of industry partnerships. With over 22 years of being a successful business with a global talent pool and presence, CCS is a certified Microsoft Gold Partner and specializes in delivering expert Microsoft based solutions for technical and business needs. We have been recognized by Inc. 500 Magazine as one of the fastest growing small companies in t… IT Jobs",[]
business analyst,Business Analyst,"Allied Consultants, Inc.",US,74179.48,74179.48,IT Jobs,2026-09-21 12:42:41+00:00,"Work Location 100% Remote Candidates must be local to Austin, TX or surrounding areas. Job Description We are currently seeking a contract Business Analyst to be a key resource on a technical services team for our client, the Texas Workforce Commission (TWC). Responsibilities The Worker(s) will provide the following services: Provide technical assistance to I|3 staff and business stakeholders overseeing one or more projects concurrently. Coordinate and lead meetings to understand and document b…",https://www.adzuna.com/land/ad/5892996286?se=br525Ta78RGGQ9u1mQKVdw&utm_medium=api&utm_source=e45342b0&v=ED8B4ED0DE04277621B301F92792007819664B7B,"Business Analyst Work Location 100% Remote Candidates must be local to Austin, TX or surrounding areas. Job Description We are currently seeking a contract Business Analyst to be a key resource on a technical services team for our client, the Texas Workforce Commission (TWC). Responsibilities The Worker(s) will provide the following services: Provide technical assistance to I|3 staff and business stakeholders overseeing one or more projects concurrently. Coordinate and lead meetings to understand and document b… IT Jobs",[]
business analyst,Business Analyst,"Sunrise Systems, Inc.","West Trenton, Mercer County",60235.65,60235.65,IT Jobs,2026-09-15 16:01:35+00:00,"Job Title: Business Analyst - Enterprise Job Id :26-04591 Location: Hybrid-Trenton, NJ Duration: 06 Months Contract Description Very Senior BA experienced with Project development work and/or function/business process analysis. Develop workflows, requirements, QC testing and production support for projects. Experience working on enterprise level projects with multiple teams. Excellent Verbal and Written Communication skillsRequired. This position will require the BA to work in an agile environm…",https://www.adzuna.com/land/ad/5885082954?se=br525Ta78RGGQ9u1mQKVdw&utm_medium=api&utm_source=e45342b0&v=C7C2876B0C8B0C580F731AFBEB4DA0D472A2A445,"Business Analyst Job Title: Business Analyst - Enterprise Job Id :26-04591 Location: Hybrid-Trenton, NJ Duration: 06 Months Contract Description Very Senior BA experienced with Project development work and/or function/business process analysis. Develop workflows, requirements, QC testing and production support for projects. Experience working on enterprise level projects with multiple teams. Excellent Verbal and Written Communication skillsRequired. This position will require the BA to work in an agile environm… IT Jobs","['communication', 'agile']"
business analyst,Business Analyst,Robert Half,"Appleton, Outagamie County",79513.71,79513.71,IT Jobs,2026-09-04 21:22:55+00:00,"Description We are looking for an experienced Business Analyst to join a construction and contractor-focused organization in Appleton, Wisconsin in a contract-to-permanent capacity. This role is ideal for someone who can translate business needs into clear requirements, support testing efforts, and help drive solutions through implementation in a manufacturing-related environment. The position calls for strong collaboration skills, attention to detail, and the ability to work across stakeholder…",https://www.adzuna.com/land/ad/5871253180?se=br525Ta78RGGQ9u1mQKVdw&utm_medium=api&utm_source=e45342b0&v=9DCC14B2C4E6C26F9FE5911478690FBE1D0A002D,"Business Analyst Description We are looking for an experienced Business Analyst to join a construction and contractor-focused organization in Appleton, Wisconsin in a contract-to-permanent capacity. This role is ideal for someone who can translate business needs into clear requirements, support testing efforts, and help drive solutions through implementation in a manufacturing-related environment. The position calls for strong collaboration skills, attention to detail, and the ability to work across stakeholder… IT Jobs",[]
business analyst,Business Analyst,Robert Half,"Rolling Meadows, Cook County",69551.13,69551.13,IT Jobs,2026-09-10 22:01:10+00:00,"Description We are looking for a Business Analyst to support service-focused operations within our Financial Services team in Rolling Meadows, Illinois. This role works closely with stakeholders to evaluate business needs, improve customer service workflows, and translate findings into practical recommendations. The ideal candidate brings strong analytical thinking, experience reviewing operational documents, and the ability to contribute effectively within an Agile Scrum environment. Responsib…",https://www.adzuna.com/land/ad/5879132154?se=br525Ta78RGGQ9u1mQKVdw&utm_medium=api&utm_source=e45342b0&v=5390B76C7C25A1435D35A9BCA124D7A2B238A27D,"Business Analyst Description We are looking for a Business Analyst to support service-focused operations within our Financial Services team in Rolling Meadows, Illinois. This role works closely with stakeholders to evaluate business needs, improve customer service workflows, and translate findings into practical recommendations. The ideal candidate brings strong analytical thinking, experience reviewing operational documents, and the ability to contribute effectively within an Agile Scrum environment. Responsib… IT Jobs","['agile', 'scrum']"
business analyst,Business Analyst,Spruce Technology Inc.,US,76027.01,76027.01,IT Jobs,2026-08-28 16:09:56+00:00,"Business Analyst Level 2 to plan, design, develop, and launch efficient business, financial, and operational systems supporting core organizational functions and business processes. The successful candidate will gather and analyze data, translate business needs into functional requirements, support project execution, and apply strong analytical, communication, and problem-solving skills to maximize the benefit of IT system investments. Mandatory Requirements A Baccalaureate Degree from an accre…",https://www.adzuna.com/land/ad/5860043513?se=br525Ta78RGGQ9u1mQKVdw&utm_medium=api&utm_source=e45342b0&v=9B3657BB97CEF513B92A9EE541488E6A4DAE1FEA,"Business Analyst Business Analyst Level 2 to plan, design, develop, and launch efficient business, financial, and operational systems supporting core organizational functions and business processes. The successful candidate will gather and analyze data, translate business needs into functional requirements, support project execution, and apply strong analytical, communication, and problem-solving skills to maximize the benefit of IT system investments. Mandatory Requirements A Baccalaureate Degree from an accre… IT Jobs",['communication']
business analyst,Business Analyst,Robert Half,"Lime Rock, Lancaster County",83325.6,83325.6,IT Jobs,2026-09-10 22:01:10+00:00,"Description We are looking for a Business Analyst to support and strengthen business-to-business integration capabilities for a growing organization in Lititz, Pennsylvania. This role focuses on improving connectivity with external partners, supporting marketplace data flows, and helping ensure core integration platforms operate reliably. The ideal candidate will work across technical and business teams to solve issues, identify improvement opportunities, and help deliver integration solutions …",https://www.adzuna.com/land/ad/5879132156?se=br525Ta78RGGQ9u1mQKVdw&utm_medium=api&utm_source=e45342b0&v=38395597AAD51614D030426947549C6BD0B7E170,"Business Analyst Description We are looking for a Business Analyst to support and strengthen business-to-business integration capabilities for a growing organization in Lititz, Pennsylvania. This role focuses on improving connectivity with external partners, supporting marketplace data flows, and helping ensure core integration platforms operate reliably. The ideal candidate will work across technical and business teams to solve issues, identify improvement opportunities, and help deliver integration solutions … IT Jobs",[]
business analyst,Business Analysts,Sitek,"Frankfort, Franklin County",61894.4,61894.4,IT Jobs,2026-08-27 12:00:44+00:00,"The Cabinet for Health and Family Services (CHFS), Division of Strategic Services (DSS), is actively seeking a technical Business Analyst. This position will be part of the CHFS Service Request Desk who supports the Cabinet for Health and Family Services with various items such as technical inquiries, onboarding and offboarding end-users, and liaising with the Commonwealth Office of Technology (COT). The primary responsibility for this position will be inventory asset management for cell phone …",https://www.adzuna.com/land/ad/5858500355?se=br525Ta78RGGQ9u1mQKVdw&utm_medium=api&utm_source=e45342b0&v=F477A5E74E7FEC412A983B389390A33B6A03D082,"Business Analysts The Cabinet for Health and Family Services (CHFS), Division of Strategic Services (DSS), is actively seeking a technical Business Analyst. This position will be part of the CHFS Service Request Desk who supports the Cabinet for Health and Family Services with various items such as technical inquiries, onboarding and offboarding end-users, and liaising with the Commonwealth Office of Technology (COT). The primary responsibility for this position will be inventory asset management for cell phone … IT Jobs",[]
business analyst,Business Analyst,Radise International LLC,"Tallahassee, Leon County",94000.88,94000.88,IT Jobs,2026-09-24 14:11:30+00:00,"Position: Business Analyst Duration: 9 Months Location: Tallahassee, FL Education • Bachelor’s degree or master’s degree in Business Administration, Communication, Information Systems, or related field is required. Equivalent work experience may substitute for the educational requirement. • Certification in any of the following is desired but not required: Certified Scrum Master (CSM), Certified Scrum Owner (CSO), CBAP, PMI-PBA, PMI-ACP, PMP, ITIL. Experience • A minimum of five years of busine…",https://www.adzuna.com/land/ad/5897248701?se=br525Ta78RGGQ9u1mQKVdw&utm_medium=api&utm_source=e45342b0&v=9F270A3914B6AF18503B88D778462D1563D94438,"Business Analyst Position: Business Analyst Duration: 9 Months Location: Tallahassee, FL Education • Bachelor’s degree or master’s degree in Business Administration, Communication, Information Systems, or related field is required. Equivalent work experience may substitute for the educational requirement. • Certification in any of the following is desired but not required: Certified Scrum Master (CSM), Certified Scrum Owner (CSO), CBAP, PMI-PBA, PMI-ACP, PMP, ITIL. Experience • A minimum of five years of busine… IT Jobs","['communication', 'scrum']"
business analyst,Business Analyst,Robert Half,US,76975.15,76975.15,IT Jobs,2026-09-23 10:43:48+00:00,"Description We are looking for a Business Analyst to support supply chain and operations initiatives. This Long-term Contract position will partner closely with teams across procurement, logistics, warehousing, and broader operations to turn business needs into practical reporting and data solutions. The role is ideal for someone who combines strong analytical thinking with hands-on experience in business analysis, data interpretation, and cross-functional collaboration within a supply chain en…",https://www.adzuna.com/land/ad/5895257956?se=br525Ta78RGGQ9u1mQKVdw&utm_medium=api&utm_source=e45342b0&v=E9EAF0BDAE48FC0789109A0C49339C05CCA90FB5,"Business Analyst Description We are looking for a Business Analyst to support supply chain and operations initiatives. This Long-term Contract position will partner closely with teams across procurement, logistics, warehousing, and broader operations to turn business needs into practical reporting and data solutions. The role is ideal for someone who combines strong analytical thinking with hands-on experience in business analysis, data interpretation, and cross-functional collaboration within a supply chain en… IT Jobs",[]
business analyst,Business Analyst,Software Technology Inc,"West Trenton, Mercer County",59155.71,59155.71,IT Jobs,2026-09-25 12:38:20+00:00,"Job title: Business Analyst Location: Trenton, NJ (Hybrid)- Need Local to NJ Contract: 12 Plus Months with possible of Extension Job Description: Need a BA with Agile and end user support experience to work eCourts projects. Experience with PEGA preferred. The BA will be expected to work in fast paced projects and will be expected to be organized, multi-task, take initiatives and be customer friendly. BA will work on gathering requirements for an web-based application that will automate a curre…",https://www.adzuna.com/land/ad/5898538578?se=br525Ta78RGGQ9u1mQKVdw&utm_medium=api&utm_source=e45342b0&v=DE63BCF028BF63529ED5F7AC62AB248CAB86A8F9,"Business Analyst Job title: Business Analyst Location: Trenton, NJ (Hybrid)- Need Local to NJ Contract: 12 Plus Months with possible of Extension Job Description: Need a BA with Agile and end user support experience to work eCourts projects. Experience with PEGA preferred. The BA will be expected to work in fast paced projects and will be expected to be organized, multi-task, take initiatives and be customer friendly. BA will work on gathering requirements for an web-based application that will automate a curre… IT Jobs",['agile']
business analyst,Business Analyst,Apex Systems,"Northlake, DeKalb County",73635.36,73635.36,IT Jobs,2026-09-03 07:43:54+00:00,"Job: 3049282 Job Description: Job Tittle: Business Analyst Location: Atlanta, Georgia (Onsite) Role Overview This position serves as a Subject Matter Expert (SME) for daily operations in designated retail natural gas markets. The role involves mastering standard operating procedures, system processes, and regulatory requirements. The primary focus is on monitoring, identifying, and resolving billing and customer communication exceptions to ensure compliance and timely correction of system issue…",https://www.adzuna.com/land/ad/5868824476?se=br525Ta78RGGQ9u1mQKVdw&utm_medium=api&utm_source=e45342b0&v=3F1C5AA6FDD10DF287D23DB8D3E2B1F6A7DADDCD,"Business Analyst Job: 3049282 Job Description: Job Tittle: Business Analyst Location: Atlanta, Georgia (Onsite) Role Overview This position serves as a Subject Matter Expert (SME) for daily operations in designated retail natural gas markets. The role involves mastering standard operating procedures, system processes, and regulatory requirements. The primary focus is on monitoring, identifying, and resolving billing and customer communication exceptions to ensure compliance and timely correction of system issue… IT Jobs",['communication']
business analyst,Business Analyst,Apex Systems,"Addison, Dallas",60593.21,60593.21,IT Jobs,2026-09-23 21:06:19+00:00,"Job: 3053221 Job Description: Business Analyst Location: Addison, Texas (Onsite) Role Overview We are seeking an Onshore Analyst to contribute to the creation and maintenance of financial templates. This role is central to our commercial lending and credit analysis platforms, involving close collaboration with business and technology stakeholders to translate requirements into functional solutions. Key Responsibilities Perform Financial Template Authoring and configuration for commercial lendin…",https://www.adzuna.com/land/ad/5895971471?se=br525Ta78RGGQ9u1mQKVdw&utm_medium=api&utm_source=e45342b0&v=E21A1B93DA133C26E326D6013B38DDC87482B918,"Business Analyst Job: 3053221 Job Description: Business Analyst Location: Addison, Texas (Onsite) Role Overview We are seeking an Onshore Analyst to contribute to the creation and maintenance of financial templates. This role is central to our commercial lending and credit analysis platforms, involving close collaboration with business and technology stakeholders to translate requirements into functional solutions. Key Responsibilities Perform Financial Template Authoring and configuration for commercial lendin… IT Jobs",[]
business analyst,Business Analyst,"Real Soft, Inc / Diversity Direct","South Des Moines, Polk County",158845.61,158845.61,IT Jobs,2026-09-23 13:27:11+00:00,"The Iowa Department of Health and Human Services (HHS) is focused on modernizing its Medicaid and Integrated Eligibility Systems to enable faster policy and program changes, improve continuity of operations, and reduce brittle point-to-point dependencies. Currently, data passes through multiple legacy systems with several weak links, leading to data reconciliation failures, downstream impacts, and manual workarounds. To address these challenges, the Customer would like to engage with Google Clo…",https://www.adzuna.com/land/ad/5895481848?se=br525Ta78RGGQ9u1mQKVdw&utm_medium=api&utm_source=e45342b0&v=A4E632B2C1312AA950F58CCD452E670C3377FE6E,"Business Analyst The Iowa Department of Health and Human Services (HHS) is focused on modernizing its Medicaid and Integrated Eligibility Systems to enable faster policy and program changes, improve continuity of operations, and reduce brittle point-to-point dependencies. Currently, data passes through multiple legacy systems with several weak links, leading to data reconciliation failures, downstream impacts, and manual workarounds. To address these challenges, the Customer would like to engage with Google Clo… IT Jobs",[]
business analyst,Business Analyst,Innosoul inc,"South Des Moines, Polk County",83257.6,83257.6,IT Jobs,2026-09-23 13:26:21+00:00,"Job ID: IA-812288 Hybrid/Local Govt BA (12) with Data Mapping/Modeling, user stories, Agile, ALM, TFS, VSTS, ADO, Atlassian s Jira, IBM s RTC, SQL Server experience Location: Des Moines, IA (3410 DOM-DoIT IT Project Services Consulting) Duration: 9 Months Skills: Experience working on large, complex IT systems Required 8 Years Experience with Data Mapping and Data Modeling Required 5 Years Experience eliciting requirements, writing user stories and design documents, defining acceptance criteria…",https://www.adzuna.com/land/ad/5895481473?se=br525Ta78RGGQ9u1mQKVdw&utm_medium=api&utm_source=e45342b0&v=D95047E912B85A0163E8AEEE2E6C96D90C884F42,"Business Analyst Job ID: IA-812288 Hybrid/Local Govt BA (12) with Data Mapping/Modeling, user stories, Agile, ALM, TFS, VSTS, ADO, Atlassian s Jira, IBM s RTC, SQL Server experience Location: Des Moines, IA (3410 DOM-DoIT IT Project Services Consulting) Duration: 9 Months Skills: Experience working on large, complex IT systems Required 8 Years Experience with Data Mapping and Data Modeling Required 5 Years Experience eliciting requirements, writing user stories and design documents, defining acceptance criteria… IT Jobs","['sql', 'agile']"
business analyst,Business Analyst,SM Global IT LLC,"Park Hills, Kenton County",90750.28,90750.28,IT Jobs,2026-09-21 14:37:44+00:00,"Overview: We are seeking a Product Analyst with strong Business Analysis, requirements gathering, process improvement, and solution delivery experience. This is a highly functional role focused on understanding business needs, analyzing complex business challenges , and translating those needs into practical, scalable solutions . The analyst will lead discovery and requirements efforts, assess business impacts, help define future-state processes, and collaborate across business, operations, tec…",https://www.adzuna.com/land/ad/5893070338?se=br525Ta78RGGQ9u1mQKVdw&utm_medium=api&utm_source=e45342b0&v=29BA7AD703F825DE4C5CA83A823C97BAF6CAAE87,"Business Analyst Overview: We are seeking a Product Analyst with strong Business Analysis, requirements gathering, process improvement, and solution delivery experience. This is a highly functional role focused on understanding business needs, analyzing complex business challenges , and translating those needs into practical, scalable solutions . The analyst will lead discovery and requirements efforts, assess business impacts, help define future-state processes, and collaborate across business, operations, tec… IT Jobs",[]
business analyst,Business Analyst,Aditi Consulting,US,113324.21,113324.21,IT Jobs,2026-09-16 21:59:34+00:00,"Payrate: $65.00 - $70.00/hr. Summary: The Business Continuity Planning Analyst will partner with key business stakeholders across Company’s business units and programs. This integral role will assist with the implementation of a world-class BC Program. The Candidate requires a good understanding of adaptive business continuity planning strategy, emerging technology platforms, and business operations. This Candidate will focus on the development and facilitation of Tabletop Exercises for the ent…",https://www.adzuna.com/land/ad/5886993191?se=br525Ta78RGGQ9u1mQKVdw&utm_medium=api&utm_source=e45342b0&v=2C33CA9FC2D49D4C5FBD571D73D339BD32700C7D,"Business Analyst Payrate: $65.00 - $70.00/hr. Summary: The Business Continuity Planning Analyst will partner with key business stakeholders across Company’s business units and programs. This integral role will assist with the implementation of a world-class BC Program. The Candidate requires a good understanding of adaptive business continuity planning strategy, emerging technology platforms, and business operations. This Candidate will focus on the development and facilitation of Tabletop Exercises for the ent… IT Jobs",[]
business analyst,SAP B2R Business Analyst,Vaco LLC,"Irving, Dallas",106814.59,106814.59,IT Jobs,2026-09-24 14:28:34+00:00,"SAP B2R Business Analyst DETAILS Location: Remote (w/ occasional travel to the DFW area) Position Type: 6-12M Contract Hourly / Salary: to $90W2 (based on experience) JOB SUMMARY Vaco is currently seeking an SAP B2R Business Analyst for a 6-12M Contract opportunity that is remote (w/ occasional travel to the DFW area). The SAP B2R Business Analyst will focus on supporting and enhancing SAP B2R business processes that enable enterprise financial planning, budgeting, forecasting, and reporting. T…",https://www.adzuna.com/land/ad/5897266762?se=br525Ta78RGGQ9u1mQKVdw&utm_medium=api&utm_source=e45342b0&v=0D32982C9B626FB2B0B98D9AE146F616643625EE,"SAP B2R Business Analyst SAP B2R Business Analyst DETAILS Location: Remote (w/ occasional travel to the DFW area) Position Type: 6-12M Contract Hourly / Salary: to $90W2 (based on experience) JOB SUMMARY Vaco is currently seeking an SAP B2R Business Analyst for a 6-12M Contract opportunity that is remote (w/ occasional travel to the DFW area). The SAP B2R Business Analyst will focus on supporting and enhancing SAP B2R business processes that enable enterprise financial planning, budgeting, forecasting, and reporting. T… IT Jobs",[]
business analyst,Business Analyst,Infinite Computer Solutions ,"Berkeley Heights, Union County",51443.87,51443.87,IT Jobs,2026-09-23 17:32:29+00:00,"Job Title: IT Business Consultant Location: Berkeley Heights, NJ (Onsite) Type: Full Time/W2 with Infinite Computer Solutions IT Business Consultant, Staff, DNA Card Online Analyst What You Will Do: This is the ideal opportunity for someone who sees their future career path moving forward into Project Management with a focus on Card Implementations. As an IT Business Consultant, you will function as a Technical Project Analyst in our DNA Card Services Implementation Group. You will have the opp…",https://www.adzuna.com/land/ad/5895690398?se=br525Ta78RGGQ9u1mQKVdw&utm_medium=api&utm_source=e45342b0&v=B93DEC0A366C4C0BD271C59BF9C76C70CD0867AF,"Business Analyst Job Title: IT Business Consultant Location: Berkeley Heights, NJ (Onsite) Type: Full Time/W2 with Infinite Computer Solutions IT Business Consultant, Staff, DNA Card Online Analyst What You Will Do: This is the ideal opportunity for someone who sees their future career path moving forward into Project Management with a focus on Card Implementations. As an IT Business Consultant, you will function as a Technical Project Analyst in our DNA Card Services Implementation Group. You will have the opp… IT Jobs",[]
business analyst,Business Analyst,Dexian DISYS,"Merrimack, Hillsborough County",102033.77,102033.77,IT Jobs,2026-09-25 14:13:07+00:00,"The Expertise and Skills You Bring Bachelor's degree or equivalent years of industry experience 3 years of Health and Welfare benefits service experience 3 years of testing experience (and demonstrated competence, depth, and breadth) of professional experience. Prior client implementation and\or platform migration experience a plus Experience in Agile preferred, but not required. Proficient with MS Office applications Ability to independently manage one's own workload. Regulatory and legislativ…",https://www.adzuna.com/land/ad/5898637287?se=br525Ta78RGGQ9u1mQKVdw&utm_medium=api&utm_source=e45342b0&v=829A2EFA71060461F3E29E99824EE580E6E1A8B0,"Business Analyst The Expertise and Skills You Bring Bachelor's degree or equivalent years of industry experience 3 years of Health and Welfare benefits service experience 3 years of testing experience (and demonstrated competence, depth, and breadth) of professional experience. Prior client implementation and\or platform migration experience a plus Experience in Agile preferred, but not required. Proficient with MS Office applications Ability to independently manage one's own workload. Regulatory and legislativ… IT Jobs",['agile']
business analyst,Business Analyst,Ana Data Consulting,"Grand Central, Manhattan",103156.5,103156.5,IT Jobs,2026-09-24 12:48:12+00:00,"Lead business analysis for bank-wide SAP finance transformation, translating business/regulatory requirements into data mappings, reporting solutions and functional specifications. Act as key liaison between finance, tax, technology and project stakeholders, analysing complex requirements and helping shape solutions as scope/priorities evolve. Analyse and reconcile transactional, general ledger and reporting data across source systems; assess newly developed and legacy reports for gaps, depende…",https://www.adzuna.com/land/ad/5897149135?se=br525Ta78RGGQ9u1mQKVdw&utm_medium=api&utm_source=e45342b0&v=30C5C392C90FE0EC05731BAEFE0C03A285213227,"Business Analyst Lead business analysis for bank-wide SAP finance transformation, translating business/regulatory requirements into data mappings, reporting solutions and functional specifications. Act as key liaison between finance, tax, technology and project stakeholders, analysing complex requirements and helping shape solutions as scope/priorities evolve. Analyse and reconcile transactional, general ledger and reporting data across source systems; assess newly developed and legacy reports for gaps, depende… IT Jobs",[]
business analyst,Business Analyst,Talent Groups,"Trammells, Harris County",69911.1,69911.1,IT Jobs,2026-09-18 12:28:44+00:00,"Duration: 8 months to start Job Description Position is responsible for conducting moderate to complex analysis in assigned area to include monitoring of resources, evaluation of processes and presentation of historical information trends to ensure optimal departmental effectiveness. Education: Bachelors degree preferably in finance, business, economics, healthcare administration or related field Responsibilities: Convert approved requirements into Kahuna. Maintain libraries, mappings and role …",https://www.adzuna.com/land/ad/5889576680?se=br525Ta78RGGQ9u1mQKVdw&utm_medium=api&utm_source=e45342b0&v=F191D135FEB7DE2EBD1ABF4B5701AF392AF91732,"Business Analyst Duration: 8 months to start Job Description Position is responsible for conducting moderate to complex analysis in assigned area to include monitoring of resources, evaluation of processes and presentation of historical information trends to ensure optimal departmental effectiveness. Education: Bachelors degree preferably in finance, business, economics, healthcare administration or related field Responsibilities: Convert approved requirements into Kahuna. Maintain libraries, mappings and role … IT Jobs",[]
business analyst,Business Analyst,Devbytes inc,"South Des Moines, Polk County",83053.8,83053.8,IT Jobs,2026-09-23 13:27:16+00:00,"Creating, presenting and maintaining user stories, acceptance criteria, demo expectations and design documents in DHS defined systems. Creating/documenting, tracing, maintaining, prioritizing, and assessing changes to business processes and the associated requirements Working closely with key decision makers, systems owners and end users in support of core processes and critical business objectives Conducting research to obtain data, analyzing problems to advise and recommend solutions Querying…",https://www.adzuna.com/land/ad/5895481895?se=br525Ta78RGGQ9u1mQKVdw&utm_medium=api&utm_source=e45342b0&v=8D4183014A45D9FE046A191C176A1655990E8975,"Business Analyst Creating, presenting and maintaining user stories, acceptance criteria, demo expectations and design documents in DHS defined systems. Creating/documenting, tracing, maintaining, prioritizing, and assessing changes to business processes and the associated requirements Working closely with key decision makers, systems owners and end users in support of core processes and critical business objectives Conducting research to obtain data, analyzing problems to advise and recommend solutions Querying… IT Jobs",[]
business analyst,Business Analyst,V2Soft,"Tallahassee, Leon County",83530.39,83530.39,IT Jobs,2026-09-23 13:22:42+00:00,"Education: Bachelor’s degree or master’s degree in Business Administration, Communication, Information Systems, or related field is required. Equivalent work experience may substitute for the educational requirement. Certification: Certified Scrum Master (CSM) Certified Scrum Owner (CSO) CBAP PMI-PBA PMI-ACP PMP ITIL Experience: A minimum of five years of business process analysis and requirements documentation, including independent facilitation with executives and subject matter experts. Prof…",https://www.adzuna.com/land/ad/5895480469?se=br525Ta78RGGQ9u1mQKVdw&utm_medium=api&utm_source=e45342b0&v=F4694E423E149A53A0F2574639E4769080E06967,"Business Analyst Education: Bachelor’s degree or master’s degree in Business Administration, Communication, Information Systems, or related field is required. Equivalent work experience may substitute for the educational requirement. Certification: Certified Scrum Master (CSM) Certified Scrum Owner (CSO) CBAP PMI-PBA PMI-ACP PMP ITIL Experience: A minimum of five years of business process analysis and requirements documentation, including independent facilitation with executives and subject matter experts. Prof… IT Jobs","['communication', 'scrum']"
business analyst,Business Analyst,"Atash Enterprises, LLC","Raleigh, Wake County",104981.23,104981.23,IT Jobs,2026-09-24 18:15:27+00:00,"RESPONSIBILITIES • Collaborate with business stakeholders, program staff, project leadership, vendors, and technical teams to elicit, analyze, validate, and document business, functional, and non-functional requirements for the enterprise eDMS solution. • Facilitate stakeholder interviews, workshops, requirements-gathering sessions, backlog refinement meetings, sprint planning sessions, and other Agile ceremonies to identify business needs and ensure requirements are accurately translated into …",https://www.adzuna.com/land/ad/5897404306?se=br525Ta78RGGQ9u1mQKVdw&utm_medium=api&utm_source=e45342b0&v=1C672455256DE05B3943798AA1E9A51AAB7BE344,"Business Analyst RESPONSIBILITIES • Collaborate with business stakeholders, program staff, project leadership, vendors, and technical teams to elicit, analyze, validate, and document business, functional, and non-functional requirements for the enterprise eDMS solution. • Facilitate stakeholder interviews, workshops, requirements-gathering sessions, backlog refinement meetings, sprint planning sessions, and other Agile ceremonies to identify business needs and ensure requirements are accurately translated into … IT Jobs",['agile']
business analyst,Business Analyst,PROCYON Technostructure,"Northlake, DeKalb County",51011.46,51011.46,IT Jobs,2026-09-24 20:36:32+00:00,"Core Responsibilities  Ensure KOALA application functionality, requirements, and industry standards are accurately defined and implemented.  Serve as the primary subject matter expert for KOALA program operations.  Coordinate KOALA maintenance and support activities, representing agency interests.  Develop detailed business requirements and system documentation.  Assist CCS with creating KOALA user training materials, including screenshots and guidance.  Develop and execute test plans; su…",https://www.adzuna.com/land/ad/5897528178?se=br525Ta78RGGQ9u1mQKVdw&utm_medium=api&utm_source=e45342b0&v=8F1DF52452A1150B008FF859DB24909DE096C972,"Business Analyst Core Responsibilities  Ensure KOALA application functionality, requirements, and industry standards are accurately defined and implemented.  Serve as the primary subject matter expert for KOALA program operations.  Coordinate KOALA maintenance and support activities, representing agency interests.  Develop detailed business requirements and system documentation.  Assist CCS with creating KOALA user training materials, including screenshots and guidance.  Develop and execute test plans; su… IT Jobs",[]
business analyst,Business Analyst,IDI Consulting,"Jane Lew, Lewis County",138102.64,138102.64,Manufacturing Jobs,2026-09-16 14:00:42+00:00,"This role will report directly to the PMO Manage, and will serve as a key partner to me on all budget-related matters. The individual will act as a liaison between the PMO teams in West Virginia, Ohio, and Indiana, Operations, Accounting, and IT, to provide timely and accurate reporting of project forecasts, expenditures, and overall financial performance. Key responsibilities will include: Developing and maintaining executive-level dashboards for each state, with the ability to drill down from…",https://www.adzuna.com/land/ad/5886569176?se=br525Ta78RGGQ9u1mQKVdw&utm_medium=api&utm_source=e45342b0&v=03A80DAB3156C29BF3D41A783F773517966637CC,"Business Analyst This role will report directly to the PMO Manage, and will serve as a key partner to me on all budget-related matters. The individual will act as a liaison between the PMO teams in West Virginia, Ohio, and Indiana, Operations, Accounting, and IT, to provide timely and accurate reporting of project forecasts, expenditures, and overall financial performance. Key responsibilities will include: Developing and maintaining executive-level dashboards for each state, with the ability to drill down from… Manufacturing Jobs",[]
business analyst,Business Analyst,RightTalents,"Newburgh Heights, Cuyahoga County",95225.55,95225.55,IT Jobs,2026-09-23 13:16:59+00:00,"This is not a C2C requirement Looking only W2 candidates Required Qualifications Bachelor's degree in Business, Information Systems, Computer Science, Finance, or related field, or equivalent work experience. 5 years of Business Analysis experience supporting enterprise technology solutions. Demonstrated experience managing requirements for complex systems involving multiple business stakeholders. Strong expertise in requirements elicitation, analysis, and documentation. Experience with Agile d…",https://www.adzuna.com/land/ad/5895476140?se=br525Ta78RGGQ9u1mQKVdw&utm_medium=api&utm_source=e45342b0&v=0D99E3B4D0142FA48F5C33BF68CC318BA97CB515,"Business Analyst This is not a C2C requirement Looking only W2 candidates Required Qualifications Bachelor's degree in Business, Information Systems, Computer Science, Finance, or related field, or equivalent work experience. 5 years of Business Analysis experience supporting enterprise technology solutions. Demonstrated experience managing requirements for complex systems involving multiple business stakeholders. Strong expertise in requirements elicitation, analysis, and documentation. Experience with Agile d… IT Jobs",['agile']
business analyst,"Business Analyst, Cybersecurity",MANTECH,"Springfield, Effingham County",147422.83,147422.83,IT Jobs,2026-07-06 11:33:09+00:00,"hackajob is collaborating with MANTECH to connect them with exceptional professionals for this role. MANTECH seeks a motivated, career and customer-oriented Business Analyst, Cybersecurity to join our team in Springfield, VA. This role is 100% on-site. The Business Analyst, Cybersecurity is a subject matter expert and program leader responsible for analyzing organizational needs, managing complex initiatives, and driving significant improvements across the enterprise. This role blends hands-on …",https://www.adzuna.com/land/ad/5789985557?se=br525Ta78RGGQ9u1mQKVdw&utm_medium=api&utm_source=e45342b0&v=77BE87B1043242E9CD1C5ED0CB75FA35449AD8A5,"Business Analyst, Cybersecurity hackajob is collaborating with MANTECH to connect them with exceptional professionals for this role. MANTECH seeks a motivated, career and customer-oriented Business Analyst, Cybersecurity to join our team in Springfield, VA. This role is 100% on-site. The Business Analyst, Cybersecurity is a subject matter expert and program leader responsible for analyzing organizational needs, managing complex initiatives, and driving significant improvements across the enterprise. This role blends hands-on … IT Jobs",[]
business analyst,Senior Business Analyst,Verisk,"Jersey City, Hudson County",118073.53,118073.53,IT Jobs,2026-09-26 10:57:08+00:00,"hackajob is collaborating with Verisk to connect them with exceptional professionals for this role. Description The Senior Business Analyst operates as a senior/lead team member of a consulting team, assisting assigned Insurance Carrier project teams (“our clients”) to implement, integrate, leverage and enhance the SuranceBay platform. The role primarily involves consultative activity to understand and align client objectives with the platform capabilities and leading teams to configure, learn,…",https://www.adzuna.com/land/ad/5899778940?se=br525Ta78RGGQ9u1mQKVdw&utm_medium=api&utm_source=e45342b0&v=B3C211ABE5B3026F2FBA314933C0312F7D28F3F1,"Senior Business Analyst hackajob is collaborating with Verisk to connect them with exceptional professionals for this role. Description The Senior Business Analyst operates as a senior/lead team member of a consulting team, assisting assigned Insurance Carrier project teams (“our clients”) to implement, integrate, leverage and enhance the SuranceBay platform. The role primarily involves consultative activity to understand and align client objectives with the platform capabilities and leading teams to configure, learn,… IT Jobs",[]
business analyst,Principal Business Analyst,Oracle,"Nashville, Howard County",129093.52,129093.52,IT Jobs,2026-09-15 07:46:04+00:00,"hackajob is collaborating with Oracle to connect them with exceptional professionals for this role. Description We are seeking a Business Analyst to improve business visibility, streamline reporting, and enable data-driven decision-making. This role will focus on centralizing business intelligence, supporting the Monthly Business Review (MBR) process, and automating recurring reporting and analytics. Responsibilities Key Responsibilities Business Intelligence Centralization: Consolidate data, m…",https://www.adzuna.com/land/ad/5884583602?se=br525Ta78RGGQ9u1mQKVdw&utm_medium=api&utm_source=e45342b0&v=723B3E68A85F0637022A220FB2F4B391A5D26491,"Principal Business Analyst hackajob is collaborating with Oracle to connect them with exceptional professionals for this role. Description We are seeking a Business Analyst to improve business visibility, streamline reporting, and enable data-driven decision-making. This role will focus on centralizing business intelligence, supporting the Monthly Business Review (MBR) process, and automating recurring reporting and analytics. Responsibilities Key Responsibilities Business Intelligence Centralization: Consolidate data, m… IT Jobs",[]
business analyst,Senior Business Analyst,Oracle,"Nashville, Howard County",114427.59,114427.59,IT Jobs,2026-09-15 07:46:05+00:00,"hackajob is collaborating with Oracle to connect them with exceptional professionals for this role. Description We are seeking a Business Analyst to improve business visibility, streamline reporting, and enable data-driven decision-making. This role will focus on centralizing business intelligence, supporting the Monthly Business Review (MBR) process, and automating recurring reporting and analytics. Responsibilities Key Responsibilities Business Intelligence Centralization: Consolidate data, m…",https://www.adzuna.com/land/ad/5884583673?se=br525Ta78RGGQ9u1mQKVdw&utm_medium=api&utm_source=e45342b0&v=312CDF098E9A58BB6F559F6BF878F533DBC792C8,"Senior Business Analyst hackajob is collaborating with Oracle to connect them with exceptional professionals for this role. Description We are seeking a Business Analyst to improve business visibility, streamline reporting, and enable data-driven decision-making. This role will focus on centralizing business intelligence, supporting the Monthly Business Review (MBR) process, and automating recurring reporting and analytics. Responsibilities Key Responsibilities Business Intelligence Centralization: Consolidate data, m… IT Jobs",[]
business analyst,Senior Business Analyst,MANTECH,"Springfield, Effingham County",127610.96,127610.96,Admin Jobs,2026-09-10 19:37:18+00:00,"hackajob is collaborating with MANTECH to connect them with exceptional professionals for this role. MANTECH seeks a motivated, career and customer-oriented Senior Business Analyst to join our team in Springfield, VA. This role is 100% on-site. The Senior Business Analyst is an expert responsible for leading high-impact initiatives, providing strategic guidance, and driving process modernization across the enterprise. This role requires a blend of deep subject matter expertise, program manageme…",https://www.adzuna.com/land/ad/5878947567?se=br525Ta78RGGQ9u1mQKVdw&utm_medium=api&utm_source=e45342b0&v=98BF4534FBAC6E9C63657AC5615C0B59229D71BD,"Senior Business Analyst hackajob is collaborating with MANTECH to connect them with exceptional professionals for this role. MANTECH seeks a motivated, career and customer-oriented Senior Business Analyst to join our team in Springfield, VA. This role is 100% on-site. The Senior Business Analyst is an expert responsible for leading high-impact initiatives, providing strategic guidance, and driving process modernization across the enterprise. This role requires a blend of deep subject matter expertise, program manageme… Admin Jobs",[]
business analyst,Federal Business Analyst,Oracle,"Arlington, Arlington County",122436.2,122436.2,IT Jobs,2026-08-09 06:57:56+00:00,"hackajob is collaborating with Oracle to connect them with exceptional professionals for this role. Description We’re on a journey to advance how health happens with technologies that support clinicians, inspire innovation, empower patients, and save lives. Our mission? To create a human-centric healthcare experience powered by unified global data. It’s a big challenge, but big challenges are what we do best. We’re already transforming some of the world’s largest health systems—helping them tur…",https://www.adzuna.com/land/ad/5834593963?se=br525Ta78RGGQ9u1mQKVdw&utm_medium=api&utm_source=e45342b0&v=BEDA9C774145D3F59043084774F7B10F12E57922,"Federal Business Analyst hackajob is collaborating with Oracle to connect them with exceptional professionals for this role. Description We’re on a journey to advance how health happens with technologies that support clinicians, inspire innovation, empower patients, and save lives. Our mission? To create a human-centric healthcare experience powered by unified global data. It’s a big challenge, but big challenges are what we do best. We’re already transforming some of the world’s largest health systems—helping them tur… IT Jobs",[]
business analyst,Business Analyst - Sales Analytics,Enterprise Bank and Trust,"Creve Coeur, Saint Louis County",61669.74,61669.74,Sales Jobs,2026-09-01 01:46:38+00:00,"Enterprise Bank & Trust was founded in the spirit of entrepreneurship and community. From the small mom-and-pop coffee shop to the large construction company that employs local people, our goal is to help businesses succeed and our communities thrive. With offices in Arizona, California, Florida, Kansas, Missouri, New Mexico, Nevada and Texas, we’re strong, growing and committed to supporting the communities we serve. We extend this commitment to the community to our associates, offering annual…",https://www.adzuna.com/details/5863942698?utm_medium=api&utm_source=e45342b0,"Business Analyst - Sales Analytics Enterprise Bank & Trust was founded in the spirit of entrepreneurship and community. From the small mom-and-pop coffee shop to the large construction company that employs local people, our goal is to help businesses succeed and our communities thrive. With offices in Arizona, California, Florida, Kansas, Missouri, New Mexico, Nevada and Texas, we’re strong, growing and committed to supporting the communities we serve. We extend this commitment to the community to our associates, offering annual… Sales Jobs",[]
business analyst,Business Analyst (MITA),Jobot,"Sacramento, Sacramento County",104000.0,145600.0,IT Jobs,2026-09-24 08:54:04+00:00,"This Jobot Consulting Job is hosted by: Merwan Zattam Are you a fit? Easy Apply now by clicking the ""Quick Apply"" button and sending us your resume. Salary: $50 - $70 per hour A bit about us: We are a leading strategic service provider with over 25 years of experience helping organizations transform their technology infrastructure to drive business success. Our team specializes in delivering innovative IT solutions across cloud services, cybersecurity, networking, data center modernization, and…",https://www.adzuna.com/land/ad/5896867884?se=br525Ta78RGGQ9u1mQKVdw&utm_medium=api&utm_source=e45342b0&v=44C6C0AEEA473A247D7D9FA590BCA420C726AD32,"Business Analyst (MITA) This Jobot Consulting Job is hosted by: Merwan Zattam Are you a fit? Easy Apply now by clicking the ""Quick Apply"" button and sending us your resume. Salary: $50 - $70 per hour A bit about us: We are a leading strategic service provider with over 25 years of experience helping organizations transform their technology infrastructure to drive business success. Our team specializes in delivering innovative IT solutions across cloud services, cybersecurity, networking, data center modernization, and… IT Jobs",[]
business analyst,Senior Business Analyst / Business Systems Analyst,"iSpace, Inc","Textile Finance, Los Angeles County",95533.45,95533.45,IT Jobs,2026-09-24 22:02:52+00:00,"We are seeking a highly collaborative Business Analyst with strong Agile/Scrum experience and hands-on exposure to application development projects , including web applications, customer-facing websites, mobile applications, and digital platforms . The ideal candidate will act as the bridge between business stakeholders, Product Owners, developers, QA teams, and project leadership, ensuring business requirements are clearly defined, translated into user stories, and successfully delivered throu…",https://www.adzuna.com/land/ad/5897759234?se=br525Ta78RGGQ9u1mQKVdw&utm_medium=api&utm_source=e45342b0&v=2D2EB80560C9A4FE422C4CE96B2B616E896BC308,"Senior Business Analyst / Business Systems Analyst We are seeking a highly collaborative Business Analyst with strong Agile/Scrum experience and hands-on exposure to application development projects , including web applications, customer-facing websites, mobile applications, and digital platforms . The ideal candidate will act as the bridge between business stakeholders, Product Owners, developers, QA teams, and project leadership, ensuring business requirements are clearly defined, translated into user stories, and successfully delivered throu… IT Jobs","['agile', 'scrum']"
business analyst,Tech Business Analyst,Omega Hires,"Raleigh, Wake County",182804.89,182804.89,IT Jobs,2026-09-08 20:18:49+00:00,"Job Description: We are seeking an experienced Technical Business Analyst with strong Banking/Financial Services and SQL experience. The ideal candidate will bridge business and technology teams, translate business requirements into technical specifications, analyze data using SQL, and support end-to-end delivery of banking applications and systems. Key Responsibilities Gather, analyze, and document business and technical requirements for banking applications. Work closely with business stakeho…",https://www.adzuna.com/land/ad/5876269846?se=br525Ta78RGGQ9u1mQKVdw&utm_medium=api&utm_source=e45342b0&v=7D7F1C456DB2A7E8184D89A6E56D908B5987DA89,"Tech Business Analyst Job Description: We are seeking an experienced Technical Business Analyst with strong Banking/Financial Services and SQL experience. The ideal candidate will bridge business and technology teams, translate business requirements into technical specifications, analyze data using SQL, and support end-to-end delivery of banking applications and systems. Key Responsibilities Gather, analyze, and document business and technical requirements for banking applications. Work closely with business stakeho… IT Jobs",['sql']
business analyst,Business Analyst with Salesforce,"Judge Group, Inc.","Bloomfield, Allegheny County",140976.84,140976.84,IT Jobs,2026-08-12 22:26:28+00:00,"Location: Pittsburgh, PA Salary: $120,000.00 USD Annually - $125,000.00 USD Annually Description: Business Analyst with Salesforce Pittsburgh, PA Fulltime Must Have Technical/Functional Skills 3 years of experience as a Business Systems Analyst, Business Analyst, or similar role. 2 years of hands-on experience working with Salesforce Sales Cloud, Service Cloud, or related Salesforce products. Strong understanding of business process analysis, requirements gathering, and documentation techniques…",https://www.adzuna.com/land/ad/5839259699?se=br525Ta78RGGQ9u1mQKVdw&utm_medium=api&utm_source=e45342b0&v=A0C5AA00DAB68A89279D0CB785187940B0C02CE1,"Business Analyst with Salesforce Location: Pittsburgh, PA Salary: $120,000.00 USD Annually - $125,000.00 USD Annually Description: Business Analyst with Salesforce Pittsburgh, PA Fulltime Must Have Technical/Functional Skills 3 years of experience as a Business Systems Analyst, Business Analyst, or similar role. 2 years of hands-on experience working with Salesforce Sales Cloud, Service Cloud, or related Salesforce products. Strong understanding of business process analysis, requirements gathering, and documentation techniques… IT Jobs",[]
business analyst,ServiceNow Business Analyst,Brooksource,US,110289.99,110289.99,IT Jobs,2026-07-16 15:50:36+00:00,"ServiceNow Business Analyst Remote Role - Long-Term Contract Compensation: ~$40 - $50/hr (Final compensation will be dependent on skillset, experience, and certifications) ABOUT THE ROLE As a ServiceNow Business Analyst, you will work directly with our federal integrator client on an active government contract. You will partner with clients and stakeholders to uncover true business needs, then shape those into clear, actionable specifications for development teams. You'll own the Jira project b…",https://www.adzuna.com/land/ad/5803569623?se=br525Ta78RGGQ9u1mQKVdw&utm_medium=api&utm_source=e45342b0&v=28FC602D532E7B6AA27DE9F7B43FA42F72F11EF5,"ServiceNow Business Analyst ServiceNow Business Analyst Remote Role - Long-Term Contract Compensation: ~$40 - $50/hr (Final compensation will be dependent on skillset, experience, and certifications) ABOUT THE ROLE As a ServiceNow Business Analyst, you will work directly with our federal integrator client on an active government contract. You will partner with clients and stakeholders to uncover true business needs, then shape those into clear, actionable specifications for development teams. You'll own the Jira project b… IT Jobs",[]
business analyst,Salesforce Business Analyst,Kriscon,"Elsmere, Albany County",130276.74,130276.74,IT Jobs,2026-08-18 11:35:21+00:00,"Hi, Greetings from nDimensions Technologies , Please Review the Following Requirement and let me know if you are Interested. Please send your Updated Profile with Contact Details Role :Salesforce Business Analyst Location : Albany, NY (Hybrid) (Locals preferred 3 Roles Project/Program: Expert Business Analyst, who will work with agency unit stakeholders to document and understand existing business processes, specifically in relationship to compliance with applicable regulations and mandated rep…",https://www.adzuna.com/land/ad/5846921387?se=br525Ta78RGGQ9u1mQKVdw&utm_medium=api&utm_source=e45342b0&v=CA35566870B2771479C29B5F07375481FFCBA630,"Salesforce Business Analyst Hi, Greetings from nDimensions Technologies , Please Review the Following Requirement and let me know if you are Interested. Please send your Updated Profile with Contact Details Role :Salesforce Business Analyst Location : Albany, NY (Hybrid) (Locals preferred 3 Roles Project/Program: Expert Business Analyst, who will work with agency unit stakeholders to document and understand existing business processes, specifically in relationship to compliance with applicable regulations and mandated rep… IT Jobs",[]
business analyst,Technical Business Analyst,Software Guidance & Assistance,"Grand Central, Manhattan",84691.8,84691.8,IT Jobs,2026-09-10 21:56:13+00:00,"Software Guidance & Assistance, Inc. (SGA) is searching for a Technical Business Analyst for a contract assignment with one of our premier financial services clients in New York, NY . This role is part of the Wealth Management Monitoring Department, within Non-Financial Risk Technology. This team supports the Risk and Compliance divisions with tools and applications to assist them with their task of monitoring Financial Advisor's compliance with the Firm's policies and procedures. As a Business…",https://www.adzuna.com/land/ad/5879124583?se=br525Ta78RGGQ9u1mQKVdw&utm_medium=api&utm_source=e45342b0&v=C43CE27D6A5ED256E264E403BACC1AC16B773EF6,"Technical Business Analyst Software Guidance & Assistance, Inc. (SGA) is searching for a Technical Business Analyst for a contract assignment with one of our premier financial services clients in New York, NY . This role is part of the Wealth Management Monitoring Department, within Non-Financial Risk Technology. This team supports the Risk and Compliance divisions with tools and applications to assist them with their task of monitoring Financial Advisor's compliance with the Firm's policies and procedures. As a Business… IT Jobs",[]
business analyst,Sr. Business Analyst,A.M. Best Europe - Rating Services Ltd,US,69197.7,69197.7,Accounting & Finance Jobs,2026-06-18 10:36:50+00:00,Benefits Summary Flexible and hybrid work arrangements Paid time off/Paid company holidays Medical plan options/prescription drug plan Dental plan/vision plan options Flexible spending and health savings accounts 401(k) retirement savings plan with a Roth savings option and company matching contributions Educational assistance program Overview The Sr. Business Analyst is a member of the Business Development team and supports a range of financial and analytical activities within the group. The S…,https://www.adzuna.com/land/ad/5768197521?se=br525Ta78RGGQ9u1mQKVdw&utm_medium=api&utm_source=e45342b0&v=BA8C914F07A3FF2C1F01C010F23A9501C0FFBBBF,Sr. Business Analyst Benefits Summary Flexible and hybrid work arrangements Paid time off/Paid company holidays Medical plan options/prescription drug plan Dental plan/vision plan options Flexible spending and health savings accounts 401(k) retirement savings plan with a Roth savings option and company matching contributions Educational assistance program Overview The Sr. Business Analyst is a member of the Business Development team and supports a range of financial and analytical activities within the group. The S… Accounting & Finance Jobs,[]
business analyst,Senior Business Analyst,QTech US Inc,"Grand Central, Manhattan",107662.2,107662.2,IT Jobs,2026-09-15 14:01:00+00:00,"Job Role: Senior Business Analyst Location: New York City, NY Duration: Long Term Contract Expecting 36 months We do C2C, W2 Project: M&O Services for DSS Application Systems Required Skills: Angular 8 ASP.NET Core C# Entity Framework Core MS SQL TypeScript/React AWS Jenkins/Octopus JIRA Preferred Skills: Senior BA profile with strong technical application stack exposure. Requires 6 years with Angular 8, ASP.NET Core, C#, Entity Framework Core and MS SQL projects; .NET/Angular SOLID design prin…",https://www.adzuna.com/land/ad/5884997742?se=br525Ta78RGGQ9u1mQKVdw&utm_medium=api&utm_source=e45342b0&v=45BADE11EE5B8685889FEB76F312BF6DB78BC640,"Senior Business Analyst Job Role: Senior Business Analyst Location: New York City, NY Duration: Long Term Contract Expecting 36 months We do C2C, W2 Project: M&O Services for DSS Application Systems Required Skills: Angular 8 ASP.NET Core C# Entity Framework Core MS SQL TypeScript/React AWS Jenkins/Octopus JIRA Preferred Skills: Senior BA profile with strong technical application stack exposure. Requires 6 years with Angular 8, ASP.NET Core, C#, Entity Framework Core and MS SQL projects; .NET/Angular SOLID design prin… IT Jobs","['sql', 'aws']"
business analyst,Business Analyst 3,"Judge Group, Inc.","Grandview Heights, Franklin County",99567.84,99567.84,IT Jobs,2026-08-19 21:47:04+00:00,"Location: Grandview Heights, OH Salary: $50.00 USD Hourly - $55.00 USD Hourly Description: Business Systems Analyst About the Role We are seeking an experienced Business Systems Analyst to partner with business and technology teams in delivering enterprise application initiatives. This role will be responsible for requirements analysis, business process improvement, system implementations, data mapping, testing coordination, and stakeholder management across multiple projects and platforms. The…",https://www.adzuna.com/land/ad/5849126143?se=br525Ta78RGGQ9u1mQKVdw&utm_medium=api&utm_source=e45342b0&v=1E2DD2648057BFB5F1FF6A3EEFAAA627B0A1A691,"Business Analyst 3 Location: Grandview Heights, OH Salary: $50.00 USD Hourly - $55.00 USD Hourly Description: Business Systems Analyst About the Role We are seeking an experienced Business Systems Analyst to partner with business and technology teams in delivering enterprise application initiatives. This role will be responsible for requirements analysis, business process improvement, system implementations, data mapping, testing coordination, and stakeholder management across multiple projects and platforms. The… IT Jobs",['stakeholder management']
business analyst,"Principal, Business Analyst","Wellington Management Company, LLP","South Boston, Suffolk County",183290.89,183290.89,Accounting & Finance Jobs,2026-09-27 08:28:21+00:00,"About Us Wellington Management offers comprehensive investment management capabilities that span nearly all segments of the global capital markets. Our investment solutions, tailored to the unique return and risk objectives of institutional clients in more than 60 countries, draw on a robust body of proprietary research and a collaborative culture that encourages independent thought and healthy debate. As a private partnership, we believe our ownership structure fosters a long-term view that al…",https://www.adzuna.com/land/ad/5900615448?se=br525Ta78RGGQ9u1mQKVdw&utm_medium=api&utm_source=e45342b0&v=FD1BCD44A8A2C150622AD853CD140E153214B427,"Principal, Business Analyst About Us Wellington Management offers comprehensive investment management capabilities that span nearly all segments of the global capital markets. Our investment solutions, tailored to the unique return and risk objectives of institutional clients in more than 60 countries, draw on a robust body of proprietary research and a collaborative culture that encourages independent thought and healthy debate. As a private partnership, we believe our ownership structure fosters a long-term view that al… Accounting & Finance Jobs",[]
business analyst,"Principal, Business Analyst","Wellington Management Company, LLP","South Boston, Suffolk County",170790.02,170790.02,Accounting & Finance Jobs,2026-09-27 08:28:12+00:00,"About Us Wellington Management offers comprehensive investment management capabilities that span nearly all segments of the global capital markets. Our investment solutions, tailored to the unique return and risk objectives of institutional clients in more than 60 countries, draw on a robust body of proprietary research and a collaborative culture that encourages independent thought and healthy debate. As a private partnership, we believe our ownership structure fosters a long-term view that al…",https://www.adzuna.com/land/ad/5900615433?se=br525Ta78RGGQ9u1mQKVdw&utm_medium=api&utm_source=e45342b0&v=EE34C0C09C4B6F0593908229D0E7231F0A4DF4DA,"Principal, Business Analyst About Us Wellington Management offers comprehensive investment management capabilities that span nearly all segments of the global capital markets. Our investment solutions, tailored to the unique return and risk objectives of institutional clients in more than 60 countries, draw on a robust body of proprietary research and a collaborative culture that encourages independent thought and healthy debate. As a private partnership, we believe our ownership structure fosters a long-term view that al… Accounting & Finance Jobs",[]
data engineer,Data Engineer,Vaco LLC,"Jersey City, Hudson County",146366.97,146366.97,IT Jobs,2026-09-24 14:28:37+00:00,"Data Engineering Manager Overview Seeking a technical leader to oversee enterprise data solutions, lead engineering initiatives, and deliver scalable platforms that support analytics and business operations. Key Responsibilities Lead data engineering projects from design through implementation Build and optimize scalable data pipelines and reporting solutions Mentor technical team members and promote development best practices Partner with business stakeholders to deliver data-driven solutions …",https://www.adzuna.com/land/ad/5897267046?se=zOQU5ja78RGGQ9u1mQKVdw&utm_medium=api&utm_source=e45342b0&v=BDD0E9ED80F1E04D5796EB9737F359F4BDCDA8A2,"Data Engineer Data Engineering Manager Overview Seeking a technical leader to oversee enterprise data solutions, lead engineering initiatives, and deliver scalable platforms that support analytics and business operations. Key Responsibilities Lead data engineering projects from design through implementation Build and optimize scalable data pipelines and reporting solutions Mentor technical team members and promote development best practices Partner with business stakeholders to deliver data-driven solutions … IT Jobs",[]
data engineer,Data Engineer,Vaco LLC,"Brentwood, Williamson County",120640.0,120640.0,IT Jobs,2026-09-26 04:55:29+00:00,"Data Engineer Location: Brentwood, TN (Hybrid) Pay: Up to $58/hour W2 Schedule: Full-Time, Monday-Friday, 8:00 AM - 5:00 PM Employment Type: Contract About the Opportunity We're seeking a Data Engineer to join a growing Data Management & Business Intelligence team focused on building scalable, governed data solutions that support enterprise-wide initiatives. This role will play a key part in transforming manual and spreadsheet-driven processes into automated, data-driven workflows that improve …",https://www.adzuna.com/land/ad/5899459437?se=zOQU5ja78RGGQ9u1mQKVdw&utm_medium=api&utm_source=e45342b0&v=5821FE8626B7A580EB0FEA33F2609DD436F4D6C7,"Data Engineer Data Engineer Location: Brentwood, TN (Hybrid) Pay: Up to $58/hour W2 Schedule: Full-Time, Monday-Friday, 8:00 AM - 5:00 PM Employment Type: Contract About the Opportunity We're seeking a Data Engineer to join a growing Data Management & Business Intelligence team focused on building scalable, governed data solutions that support enterprise-wide initiatives. This role will play a key part in transforming manual and spreadsheet-driven processes into automated, data-driven workflows that improve … IT Jobs",[]
data engineer,Data Engineer/Data Architect,Vaco LLC,"Hollywood, Broward County",153718.86,153718.86,IT Jobs,2026-09-26 04:55:33+00:00,"Senior Data Engineer / Data Architect Location: Fort Lauderdale, FL Work Arrangement: Fully onsite Employment Type: Direct hire, full-time Role Type: Hands-on individual contributor and technical lead Position Overview We are seeking a Senior Data Engineer / Data Architect to lead the design and hands-on development of our enterprise data foundation. This role will connect data across ERP, CRM, ecommerce, marketing, production, finance, fulfillment, and internal business systems to support trus…",https://www.adzuna.com/land/ad/5899459853?se=zOQU5ja78RGGQ9u1mQKVdw&utm_medium=api&utm_source=e45342b0&v=040B5A63AE0FE5AAE290D099BDC5461FFE2D7377,"Data Engineer/Data Architect Senior Data Engineer / Data Architect Location: Fort Lauderdale, FL Work Arrangement: Fully onsite Employment Type: Direct hire, full-time Role Type: Hands-on individual contributor and technical lead Position Overview We are seeking a Senior Data Engineer / Data Architect to lead the design and hands-on development of our enterprise data foundation. This role will connect data across ERP, CRM, ecommerce, marketing, production, finance, fulfillment, and internal business systems to support trus… IT Jobs",[]
data engineer,Data Engineer,MANTECH,"Chantilly, Fairfax County",120444.01,120444.01,IT Jobs,2026-08-12 19:05:19+00:00,"hackajob is collaborating with MANTECH to connect them with exceptional professionals for this role. MANTECH seeks a motivated, career and customer-oriented Data Engineer to join our team in Chantilly, VA. The Data Engineer will leverage their development skills and experience to support the successful designing, ingesting, cleansing, transformation, loading, and display of significant amounts of data. Responsibilities include but are not limited to: Designing, implementing, and optimizing data…",https://www.adzuna.com/land/ad/5838981752?se=zOQU5ja78RGGQ9u1mQKVdw&utm_medium=api&utm_source=e45342b0&v=036E4A698857FCA2C4729B936A006E44916ECDF4,"Data Engineer hackajob is collaborating with MANTECH to connect them with exceptional professionals for this role. MANTECH seeks a motivated, career and customer-oriented Data Engineer to join our team in Chantilly, VA. The Data Engineer will leverage their development skills and experience to support the successful designing, ingesting, cleansing, transformation, loading, and display of significant amounts of data. Responsibilities include but are not limited to: Designing, implementing, and optimizing data… IT Jobs",[]
data engineer,Data Engineer,Accenture,"Mountain View, Stone County",244311.77,244311.77,Engineering Jobs,2026-09-25 10:52:06+00:00,"hackajob is collaborating with Accenture to connect them with exceptional professionals for this role. Accenture Flex offers you the flexibility of local fixed-duration project-based work powered by Accenture, a leading global professional services company. Accenture is consistently recognized on FORTUNE's 100 Best Companies to Work For and Diversity Inc's Top 50 Companies For Diversity lists. As an Accenture Flex employee, you will apply your skills and experience to help drive business transf…",https://www.adzuna.com/land/ad/5898400997?se=zOQU5ja78RGGQ9u1mQKVdw&utm_medium=api&utm_source=e45342b0&v=58AF06493484466EEC239DB237CF53568BB7B8D4,"Data Engineer hackajob is collaborating with Accenture to connect them with exceptional professionals for this role. Accenture Flex offers you the flexibility of local fixed-duration project-based work powered by Accenture, a leading global professional services company. Accenture is consistently recognized on FORTUNE's 100 Best Companies to Work For and Diversity Inc's Top 50 Companies For Diversity lists. As an Accenture Flex employee, you will apply your skills and experience to help drive business transf… Engineering Jobs",[]
data engineer,Data Engineer,Stord,US,97059.17,97059.17,IT Jobs,2026-07-09 04:47:53+00:00,"hackajob is collaborating with Stord to connect them with exceptional professionals for this role. Stord is The Consumer Experience Company, powering seamless checkout through delivery for today's leading brands. Stord is rapidly growing and is on track to double our revenue in the next 18 months. To meet and exceed this target, Stord is strategically scaling teams across the entire company, and seeking energetic experts to help us achieve our mission. By combining comprehensive commerce-enable…",https://www.adzuna.com/land/ad/5793895752?se=zOQU5ja78RGGQ9u1mQKVdw&utm_medium=api&utm_source=e45342b0&v=82E792D02BD34090C970C26685BF35D995158674,"Data Engineer hackajob is collaborating with Stord to connect them with exceptional professionals for this role. Stord is The Consumer Experience Company, powering seamless checkout through delivery for today's leading brands. Stord is rapidly growing and is on track to double our revenue in the next 18 months. To meet and exceed this target, Stord is strategically scaling teams across the entire company, and seeking energetic experts to help us achieve our mission. By combining comprehensive commerce-enable… IT Jobs",[]
data engineer,Data Engineer,Jobot,"Chicago, Cook County",180000.0,250000.0,IT Jobs,2026-09-24 08:44:13+00:00,"Lead Data Engineer | 5 Years Experience | Scalable Batch & Streaming Pipelines | Cloud Architecture (AWS, Databricks, Kubernetes) This Jobot Job is hosted by: Jim Quirk Are you a fit? Easy Apply now by clicking the ""Quick Apply"" button and sending us your resume. Salary: $180,000 - $250,000 per year A bit about us: We are a fast-growing, tech-driven firm operating in a fast-paced market environment where data is central to our competitive edge. Our technology organization values high-performanc…",https://www.adzuna.com/land/ad/5896820827?se=zOQU5ja78RGGQ9u1mQKVdw&utm_medium=api&utm_source=e45342b0&v=18D79525C206602B84C4D102CCA1A517ED523F86,"Data Engineer Lead Data Engineer | 5 Years Experience | Scalable Batch & Streaming Pipelines | Cloud Architecture (AWS, Databricks, Kubernetes) This Jobot Job is hosted by: Jim Quirk Are you a fit? Easy Apply now by clicking the ""Quick Apply"" button and sending us your resume. Salary: $180,000 - $250,000 per year A bit about us: We are a fast-growing, tech-driven firm operating in a fast-paced market environment where data is central to our competitive edge. Our technology organization values high-performanc… IT Jobs",['aws']
data engineer,Data Engineer,Jobot,"Addison, Dallas",120000.0,160000.0,IT Jobs,2026-09-24 08:44:22+00:00,"Data Engineer - Hybrid This Jobot Job is hosted by: Melanie Courtney Are you a fit? Easy Apply now by clicking the ""Quick Apply"" button and sending us your resume. Salary: $120,000 - $160,000 per year A bit about us: Our client is a collection of industry-leading residential and commercial HVAC, electrical, and plumbing companies. Our mission is to provide exceptional residential and commercial services by upholding the legacies of our brand partners, empowering their growth, elevating performa…",https://www.adzuna.com/land/ad/5896821638?se=zOQU5ja78RGGQ9u1mQKVdw&utm_medium=api&utm_source=e45342b0&v=23D80B573C77CCBA23491E05DD92782EC8085A2F,"Data Engineer Data Engineer - Hybrid This Jobot Job is hosted by: Melanie Courtney Are you a fit? Easy Apply now by clicking the ""Quick Apply"" button and sending us your resume. Salary: $120,000 - $160,000 per year A bit about us: Our client is a collection of industry-leading residential and commercial HVAC, electrical, and plumbing companies. Our mission is to provide exceptional residential and commercial services by upholding the legacies of our brand partners, empowering their growth, elevating performa… IT Jobs",[]
data engineer,Data Engineer - Data Engineer III,Apex Systems,"Grand Central, Manhattan",103536.15,103536.15,IT Jobs,2026-09-24 08:41:32+00:00,"Job: 3053333 Job Description: Data Engineer - Data Engineer III Location: New York, New York (Onsite) COMPENSATION: $83 - $93 HOURLY Role Overview As a Data Engineer on the team, you will routinely solve complex data problems and unblock critical projects. Your work will empower meaningful change for customers by optimizing analytics, building new pipelines to speed up delivery, partnering with the Science team to deliver AI solutions, or helping the business drill down to track performance. Yo…",https://www.adzuna.com/land/ad/5896808896?se=zOQU5ja78RGGQ9u1mQKVdw&utm_medium=api&utm_source=e45342b0&v=3821CAB7776BB1CEC53CD4848D2B15C04009B2AC,"Data Engineer - Data Engineer III Job: 3053333 Job Description: Data Engineer - Data Engineer III Location: New York, New York (Onsite) COMPENSATION: $83 - $93 HOURLY Role Overview As a Data Engineer on the team, you will routinely solve complex data problems and unblock critical projects. Your work will empower meaningful change for customers by optimizing analytics, building new pipelines to speed up delivery, partnering with the Science team to deliver AI solutions, or helping the business drill down to track performance. Yo… IT Jobs",[]
data engineer,Data Engineer,Horizontal Talent,"Northlake, DeKalb County",97856.34,97856.34,IT Jobs,2026-09-03 00:02:15+00:00,"Join Our Team as a Data Engineer and Shape the Future of Data-Driven Solutions! Are you passionate about designing scalable, secure, and innovative data platforms? We are seeking a talented Data Engineer to be at the forefront of cloud data lake development and data ingestion pipelines. This opportunity allows you to work remotely across the U.S., collaborating with a dynamic team dedicated to transforming raw data into actionable insights that power critical business decisions. If you thrive i…",https://www.adzuna.com/land/ad/5868205379?se=zOQU5ja78RGGQ9u1mQKVdw&utm_medium=api&utm_source=e45342b0&v=3339101345487DA4332582A7D8263A82DF357CBA,"Data Engineer Join Our Team as a Data Engineer and Shape the Future of Data-Driven Solutions! Are you passionate about designing scalable, secure, and innovative data platforms? We are seeking a talented Data Engineer to be at the forefront of cloud data lake development and data ingestion pipelines. This opportunity allows you to work remotely across the U.S., collaborating with a dynamic team dedicated to transforming raw data into actionable insights that power critical business decisions. If you thrive i… IT Jobs",[]
data engineer,Data Engineer,Booz Allen Hamilton,"Mount Rainier, Prince George's County",132754.78,132754.78,Engineering Jobs,2026-08-12 18:04:48+00:00,"Job Number: R0246782 Data Engineer The Opportunity: Ever-expanding technology like IoT, machine learning, and artificial intelligence means that there's more structured and unstructured data available today than ever before. As a data engineer, you know that organizing data can yield pivotal insights when it's gathered from disparate sources. We need an experienced data engineer like you to help our clients find answers in their data to impact important missions-from fraud detection to cancer r…",https://www.adzuna.com/land/ad/5838945302?se=zOQU5ja78RGGQ9u1mQKVdw&utm_medium=api&utm_source=e45342b0&v=22BA740979D6440DE0F92E3AED9ECF268F8B0F4E,"Data Engineer Job Number: R0246782 Data Engineer The Opportunity: Ever-expanding technology like IoT, machine learning, and artificial intelligence means that there's more structured and unstructured data available today than ever before. As a data engineer, you know that organizing data can yield pivotal insights when it's gathered from disparate sources. We need an experienced data engineer like you to help our clients find answers in their data to impact important missions-from fraud detection to cancer r… Engineering Jobs","['r', 'machine learning']"
data engineer,Data Engineer,BigBear.ai,"Mount Rainier, Prince George's County",120001.1,120001.1,Engineering Jobs,2026-05-20 14:11:39+00:00,"Residency All applicants must reside in the United States at the time of application. Overview BigBear.ai is seeking a Data Engineer to conduct design, implement, and operate data management systems for intelligence needs. The successful candidate will design how data will be stored, accessed, used, integrated, and managed by different data regimes and digital systems. An employee in this position will work with data users to determine, create, and populate optimal data architectures, structure…",https://www.adzuna.com/land/ad/5735319784?se=zOQU5ja78RGGQ9u1mQKVdw&utm_medium=api&utm_source=e45342b0&v=60AC51BB2CE19D897522292005C9B8DE75CEF4EB,"Data Engineer Residency All applicants must reside in the United States at the time of application. Overview BigBear.ai is seeking a Data Engineer to conduct design, implement, and operate data management systems for intelligence needs. The successful candidate will design how data will be stored, accessed, used, integrated, and managed by different data regimes and digital systems. An employee in this position will work with data users to determine, create, and populate optimal data architectures, structure… Engineering Jobs",[]
data engineer,Data Engineer,Booz Allen Hamilton,"Fort George G Meade, Anne Arundel County",137290.97,137290.97,IT Jobs,2026-09-18 12:52:55+00:00,"Job Number: R0249429 Data Engineer The Opportunity: Ever-expanding technology like IoT, machine learning, and artifi cia l intelligence means that there's more structured and unstructured data available today than ever before. As a data engineer, you know that organizing data can yield pivotal insights when it's gathered from disparate sources. We need an experience d data professional like you to help our clients find answers in their data to impact important missions, from fraud detection to …",https://www.adzuna.com/land/ad/5889627303?se=zOQU5ja78RGGQ9u1mQKVdw&utm_medium=api&utm_source=e45342b0&v=E542698AC0275ED1781AFA2726165D2932CCB717,"Data Engineer Job Number: R0249429 Data Engineer The Opportunity: Ever-expanding technology like IoT, machine learning, and artifi cia l intelligence means that there's more structured and unstructured data available today than ever before. As a data engineer, you know that organizing data can yield pivotal insights when it's gathered from disparate sources. We need an experience d data professional like you to help our clients find answers in their data to impact important missions, from fraud detection to … IT Jobs",['machine learning']
data engineer,Data Engineer,Randstad Digital,"Five Corners, Hudson County",112419.16,112419.16,IT Jobs,2026-09-16 15:57:27+00:00,"job summary: Seeking a highly skilled Senior Data Engineer with 8 years of hands-on experience in enterprise data engineering, including deep expertise in Apache Airflow DAG development, dbt Core modeling and implementation, and cloud-native container platforms (Kubernetes / OpenShift). location: Jersey City, New Jersey job type: Contract salary: $80 - 85 per hour work hours: 8am to 5pm education: Bachelors responsibilities: Data Pipeline & Orchestration Design, develop, and maintain complex Ai…",https://www.adzuna.com/land/ad/5886627059?se=zOQU5ja78RGGQ9u1mQKVdw&utm_medium=api&utm_source=e45342b0&v=526CF991748FF43D4A2F71EEF7C6CBB40DB3EA37,"Data Engineer job summary: Seeking a highly skilled Senior Data Engineer with 8 years of hands-on experience in enterprise data engineering, including deep expertise in Apache Airflow DAG development, dbt Core modeling and implementation, and cloud-native container platforms (Kubernetes / OpenShift). location: Jersey City, New Jersey job type: Contract salary: $80 - 85 per hour work hours: 8am to 5pm education: Bachelors responsibilities: Data Pipeline & Orchestration Design, develop, and maintain complex Ai… IT Jobs",['airflow']
data engineer,Data Engineer,Horizontal Talent,"South Boston, Suffolk County",108162.88,108162.88,IT Jobs,2026-08-04 21:47:23+00:00,"We're looking for a Data Engineer to help build and support scalable enterprise data pipelines and transformations in a modern cloud environment. This hybrid role in Boston offers the chance to work on impactful data solutions using tools like Python, SQL, dbt, Snowflake, and AWS Airflow. Responsibilities Design, develop, and maintain data pipelines and transformation workflows that support enterprise data needs Build efficient ETL and data integration solutions for large-scale data processing …",https://www.adzuna.com/land/ad/5828595163?se=zOQU5ja78RGGQ9u1mQKVdw&utm_medium=api&utm_source=e45342b0&v=81E058075B6E82AC1FCC44C69686C0CAFBE6BFAB,"Data Engineer We're looking for a Data Engineer to help build and support scalable enterprise data pipelines and transformations in a modern cloud environment. This hybrid role in Boston offers the chance to work on impactful data solutions using tools like Python, SQL, dbt, Snowflake, and AWS Airflow. Responsibilities Design, develop, and maintain data pipelines and transformation workflows that support enterprise data needs Build efficient ETL and data integration solutions for large-scale data processing … IT Jobs","['python', 'sql', 'snowflake', 'airflow', 'aws', 'etl']"
data engineer,Data Engineer,American National Insurance Company,"League City, Galveston County",99490.67,99490.67,IT Jobs,2026-09-12 17:56:36+00:00,"Internal Job Title: Lead Business Intelligence Data Engineer Location: League City, Texas - Datacenter I Onsite Status: Full-Time, Salaried Vacancies: 1 Reports to: Principal Business Intelligence Data Engineer Leveling Note: In review of candidate qualifications, another job level may be considered (Business Intelligence Data Engineer, or Senior Business Intelligence Data Engineer). Make an Enterprise-Wide Impact Join our Data Platform team as a Lead Business Intelligence Data Engineer and hel…",https://www.adzuna.com/land/ad/5881818916?se=zOQU5ja78RGGQ9u1mQKVdw&utm_medium=api&utm_source=e45342b0&v=BEA71121B1B5D64D81C2C16217E0B55270916AA8,"Data Engineer Internal Job Title: Lead Business Intelligence Data Engineer Location: League City, Texas - Datacenter I Onsite Status: Full-Time, Salaried Vacancies: 1 Reports to: Principal Business Intelligence Data Engineer Leveling Note: In review of candidate qualifications, another job level may be considered (Business Intelligence Data Engineer, or Senior Business Intelligence Data Engineer). Make an Enterprise-Wide Impact Join our Data Platform team as a Lead Business Intelligence Data Engineer and hel… IT Jobs",[]
data engineer,Data Engineer,Booz Allen Hamilton,"Chantilly, Fairfax County",111513.46,111513.46,Engineering Jobs,2026-06-04 18:07:25+00:00,"Job Number: R0241347 Data Engineer The Opportunity: Ever-expanding technology like IoT, machine learning, and artifi cia l intelligence means that there's more structured and unstructured data available today than ever before. As a data engineer, you know that organizing data can yield pivotal insights when it's gathered from disparate sources. We need an experience d data engineer like you to help our clients find answers in their data to impact important missions, from fraud detection to canc…",https://www.adzuna.com/land/ad/5752470585?se=zOQU5ja78RGGQ9u1mQKVdw&utm_medium=api&utm_source=e45342b0&v=C871DDE4F46DA471E243AFFC0202D1C8D649912E,"Data Engineer Job Number: R0241347 Data Engineer The Opportunity: Ever-expanding technology like IoT, machine learning, and artifi cia l intelligence means that there's more structured and unstructured data available today than ever before. As a data engineer, you know that organizing data can yield pivotal insights when it's gathered from disparate sources. We need an experience d data engineer like you to help our clients find answers in their data to impact important missions, from fraud detection to canc… Engineering Jobs",['machine learning']
data engineer,Data Engineer,Booz Allen Hamilton,"Camp Lejeune, Onslow County",123695.28,123695.28,Engineering Jobs,2026-09-18 12:38:05+00:00,"Job Number: R0249648 Data Engineer The Opportunity: Ever-expanding technology like IoT, machine learning, and artificial intelligence means that there's more structured and unstructured data available today than ever before. As a data engineer, you know that organizing data can yield pivotal insights when it's gathered from disparate sources. We need an experienced data engineer like you to help our clients find answers in their data to impact important missions. As a data engineer at Booz Alle…",https://www.adzuna.com/land/ad/5889609821?se=zOQU5ja78RGGQ9u1mQKVdw&utm_medium=api&utm_source=e45342b0&v=85DF337CD23B67973147E8696726FFCD8FCB0C62,"Data Engineer Job Number: R0249648 Data Engineer The Opportunity: Ever-expanding technology like IoT, machine learning, and artificial intelligence means that there's more structured and unstructured data available today than ever before. As a data engineer, you know that organizing data can yield pivotal insights when it's gathered from disparate sources. We need an experienced data engineer like you to help our clients find answers in their data to impact important missions. As a data engineer at Booz Alle… Engineering Jobs",['machine learning']
data engineer,Data Engineer,Booz Allen Hamilton,"Triana, Madison County",100970.82,100970.82,IT Jobs,2026-08-19 19:31:44+00:00,"Job Number: R0246872 Data Engineer The Opportunity: Ever-expanding technology like IoT, machine learning, and artificial intelligence means that there's more structured and unstructured data available today than ever before. As a data engineer, you know that organizing data can yield pivotal insights when it's gathered from disparate sources. We need an experienced data engineer like you to help our clients find answers in their data to impact important missions-from fraud detection to cancer r…",https://www.adzuna.com/land/ad/5848974415?se=zOQU5ja78RGGQ9u1mQKVdw&utm_medium=api&utm_source=e45342b0&v=6BA5C0DCCB37C4CBC50956D2BBFE7B55A133E8CF,"Data Engineer Job Number: R0246872 Data Engineer The Opportunity: Ever-expanding technology like IoT, machine learning, and artificial intelligence means that there's more structured and unstructured data available today than ever before. As a data engineer, you know that organizing data can yield pivotal insights when it's gathered from disparate sources. We need an experienced data engineer like you to help our clients find answers in their data to impact important missions-from fraud detection to cancer r… IT Jobs","['r', 'machine learning']"
data engineer,Data Engineer,Kforce Technology Staffing,"Dimondale, Eaton County",121700.82,121700.82,IT Jobs,2026-09-15 20:09:16+00:00,"RESPONSIBILITIES: Kforce has a client in Lansing, MI that is seeking a Data Engineer to join their Data Engineering team. The ideal candidate will have at least 3 years of data engineering experience, along with strong analytical reasoning and critical thinking skills. This role will support general extraction, transformation, and load (ETL) work, traditional Enterprise Data Warehousing (EDW), and the development of data pipelines that use change data capture (CDC) mechanisms to move data from …",https://www.adzuna.com/land/ad/5885291640?se=zOQU5ja78RGGQ9u1mQKVdw&utm_medium=api&utm_source=e45342b0&v=E99117472DEB60C822FDB6E4094595BD5DC07CB2,"Data Engineer RESPONSIBILITIES: Kforce has a client in Lansing, MI that is seeking a Data Engineer to join their Data Engineering team. The ideal candidate will have at least 3 years of data engineering experience, along with strong analytical reasoning and critical thinking skills. This role will support general extraction, transformation, and load (ETL) work, traditional Enterprise Data Warehousing (EDW), and the development of data pipelines that use change data capture (CDC) mechanisms to move data from … IT Jobs","['etl', 'data warehousing']"
data engineer,Data Engineer,Booz Allen Hamilton,"Pimmit, Fairfax County",124113.94,124113.94,IT Jobs,2026-09-18 12:52:53+00:00,"Job Number: R0248928 Data Engineer The Opportunity: Ever-expanding technology like IoT, machine learning, and artifi cia l intelligence means that there's more structured and unstructured data available today than ever before. As a data engineer, you know that organizing data can yield pivotal insights when it's gathered from disparate sources. We need an experience d data engineer like you to help our clients find answers in their data to impact important missions, from fraud detection to canc…",https://www.adzuna.com/land/ad/5889627218?se=zOQU5ja78RGGQ9u1mQKVdw&utm_medium=api&utm_source=e45342b0&v=0D7B6306CC1802D1A47BCAB27E2D92408A6869C1,"Data Engineer Job Number: R0248928 Data Engineer The Opportunity: Ever-expanding technology like IoT, machine learning, and artifi cia l intelligence means that there's more structured and unstructured data available today than ever before. As a data engineer, you know that organizing data can yield pivotal insights when it's gathered from disparate sources. We need an experience d data engineer like you to help our clients find answers in their data to impact important missions, from fraud detection to canc… IT Jobs",['machine learning']
data engineer,Data Engineer,Booz Allen Hamilton,"State Farm, Arlington County",142088.62,142088.62,Engineering Jobs,2026-09-22 06:36:16+00:00,"Job Number: R0250042 Data Engineer The Opportunity: Ever-expanding technology like IoT, machine learning, and artificial intelligence means that there's more structured and unstructured data available today than ever before. As a data engineer, you know that organizing data can yield pivotal insights when it's gathered from disparate sources. We need a data professional like you to help our clients find answers in their data to impact important missions, from fraud detection to cancer research …",https://www.adzuna.com/land/ad/5893818521?se=zOQU5ja78RGGQ9u1mQKVdw&utm_medium=api&utm_source=e45342b0&v=777DD94E00689E4CC119ED82BAEC5280920F1179,"Data Engineer Job Number: R0250042 Data Engineer The Opportunity: Ever-expanding technology like IoT, machine learning, and artificial intelligence means that there's more structured and unstructured data available today than ever before. As a data engineer, you know that organizing data can yield pivotal insights when it's gathered from disparate sources. We need a data professional like you to help our clients find answers in their data to impact important missions, from fraud detection to cancer research … Engineering Jobs",['machine learning']
data engineer,Data Engineer,Booz Allen Hamilton,"State Farm, Arlington County",144427.55,144427.55,Engineering Jobs,2026-08-17 19:13:09+00:00,"Job Number: R0247120 Data Engineer The Opportunity: Ever-expanding technology like IoT, machine learning, and artificial intelligence means that there's more structured and unstructured data available today than ever before. As a data engineer, you know that organizing data can yield pivotal insights when it's gathered from disparate sources. We need a data professional like you to help our clients find answers in their data to impact important missions-from fraud detection to cancer research t…",https://www.adzuna.com/land/ad/5845658780?se=zOQU5ja78RGGQ9u1mQKVdw&utm_medium=api&utm_source=e45342b0&v=BF93B86B96D5A259A24581E3D6497D23B44160D7,"Data Engineer Job Number: R0247120 Data Engineer The Opportunity: Ever-expanding technology like IoT, machine learning, and artificial intelligence means that there's more structured and unstructured data available today than ever before. As a data engineer, you know that organizing data can yield pivotal insights when it's gathered from disparate sources. We need a data professional like you to help our clients find answers in their data to impact important missions-from fraud detection to cancer research t… Engineering Jobs",['machine learning']
data engineer,Data Engineer,"Judge Group, Inc.","Schiller Park, Cook County",225323.97,225323.97,Engineering Jobs,2026-09-08 21:27:51+00:00,"Location: Chicago, IL Salary: $130,000.00 USD Annually - $160,000.00 USD Annually Description: We're looking for a Data Engineer III who doesn't just build pipelines - they engineer the bloodstream of the business . Someone who sees a messy data flow and instinctively starts mapping out how to make it cleaner, faster, more resilient. Someone who gets a spark in their eye when they hear ""complex integration,"" ""performance bottleneck,"" or ""we need this to scale."" This is a senior-level role for a…",https://www.adzuna.com/land/ad/5876440065?se=zOQU5ja78RGGQ9u1mQKVdw&utm_medium=api&utm_source=e45342b0&v=B76266D5520B4586C4FD630506AC996194556D9E,"Data Engineer Location: Chicago, IL Salary: $130,000.00 USD Annually - $160,000.00 USD Annually Description: We're looking for a Data Engineer III who doesn't just build pipelines - they engineer the bloodstream of the business . Someone who sees a messy data flow and instinctively starts mapping out how to make it cleaner, faster, more resilient. Someone who gets a spark in their eye when they hear ""complex integration,"" ""performance bottleneck,"" or ""we need this to scale."" This is a senior-level role for a… Engineering Jobs",['spark']
data engineer,Data Engineer,Booz Allen Hamilton,"Pimmit, Fairfax County",122092.7,122092.7,Engineering Jobs,2026-09-18 12:38:05+00:00,"Job Number: R0248642 Data Engineer The Opportunity: Ever-expanding technology like IoT, machine learning, and artifi cia l intelligence means that there's more structured and unstructured data available today than ever before. As a data engineer, you know that organizing data can yield pivotal insights when it's gathered from disparate sources. We need an experienced data engineer like you to help our clients find answers in their data to impact important missions from fraud detection to cancer…",https://www.adzuna.com/land/ad/5889609819?se=zOQU5ja78RGGQ9u1mQKVdw&utm_medium=api&utm_source=e45342b0&v=309DDEFB382B938ED87B2439705ADA1A504B4F92,"Data Engineer Job Number: R0248642 Data Engineer The Opportunity: Ever-expanding technology like IoT, machine learning, and artifi cia l intelligence means that there's more structured and unstructured data available today than ever before. As a data engineer, you know that organizing data can yield pivotal insights when it's gathered from disparate sources. We need an experienced data engineer like you to help our clients find answers in their data to impact important missions from fraud detection to cancer… Engineering Jobs",['machine learning']
data engineer,Data Engineer,Booz Allen Hamilton,"Chantilly, Fairfax County",123239.83,123239.83,Engineering Jobs,2026-08-10 17:58:53+00:00,"Job Number: R0245235 Data Engineer The Opportunity: Ever-expanding technology like IoT, machine learning, and artifi cia l intelligence means that there's more structured and unstructured data available today than ever before. As a data engineer, you know that organizing data can yield pivotal insights when it's gathered from disparate sources. We need an experience d data engineer like you to help our clients find answers in their data to impact important missions from fraud detection to cance…",https://www.adzuna.com/land/ad/5836061372?se=zOQU5ja78RGGQ9u1mQKVdw&utm_medium=api&utm_source=e45342b0&v=B9489E9D50E2AAEEF5885E227EEA099C8293DF4E,"Data Engineer Job Number: R0245235 Data Engineer The Opportunity: Ever-expanding technology like IoT, machine learning, and artifi cia l intelligence means that there's more structured and unstructured data available today than ever before. As a data engineer, you know that organizing data can yield pivotal insights when it's gathered from disparate sources. We need an experience d data engineer like you to help our clients find answers in their data to impact important missions from fraud detection to cance… Engineering Jobs",['machine learning']
data engineer,Data Engineer,Booz Allen Hamilton,"Chantilly, Fairfax County",124016.56,124016.56,Engineering Jobs,2026-08-10 18:03:10+00:00,"Job Number: R0245362 Data Engineer The Opportunity: Ever-expanding technology like IoT, machine learning, and artificial intelligence means that there's more structured and unstructured data available today than ever before. As a data engineer, you know that organizing data can yield pivotal insights when it's gathered from disparate sources. We need an experienced data engineer like you to help our clients find answers in their data to impact important missions from fraud detection to cancer r…",https://www.adzuna.com/land/ad/5836061550?se=zOQU5ja78RGGQ9u1mQKVdw&utm_medium=api&utm_source=e45342b0&v=BEC60CF2A881F29BDA9D16EC659E57BDA1AC8A4C,"Data Engineer Job Number: R0245362 Data Engineer The Opportunity: Ever-expanding technology like IoT, machine learning, and artificial intelligence means that there's more structured and unstructured data available today than ever before. As a data engineer, you know that organizing data can yield pivotal insights when it's gathered from disparate sources. We need an experienced data engineer like you to help our clients find answers in their data to impact important missions from fraud detection to cancer r… Engineering Jobs","['r', 'machine learning']"
data engineer,Data Engineer,Booz Allen Hamilton,"Chantilly, Fairfax County",108251.0,108251.0,Engineering Jobs,2026-08-21 17:50:49+00:00,"Job Number: R0247564 Data Engineer The Opportunity: Ever-expanding technology and collection met hodologies means that there is more structured and unstructured data available today than ever before. As a data engineer, you know that organizing big data can yield pivotal insights when it's gathered from disparate sources. As a Data Engineer at Booz Allen, you'll implement data engineering activities on some of the most mission-driven projects in the industry. You'll deploy and develop pipelines…",https://www.adzuna.com/land/ad/5851447263?se=zOQU5ja78RGGQ9u1mQKVdw&utm_medium=api&utm_source=e45342b0&v=4D9A75C87126F249B8C28F9FF1EC1A559A082A0E,"Data Engineer Job Number: R0247564 Data Engineer The Opportunity: Ever-expanding technology and collection met hodologies means that there is more structured and unstructured data available today than ever before. As a data engineer, you know that organizing big data can yield pivotal insights when it's gathered from disparate sources. As a Data Engineer at Booz Allen, you'll implement data engineering activities on some of the most mission-driven projects in the industry. You'll deploy and develop pipelines… Engineering Jobs",[]
data engineer,Data Engineer,Booz Allen Hamilton,"Chantilly, Fairfax County",107910.14,107910.14,Engineering Jobs,2026-04-30 19:11:18+00:00,"Job Number: R0239070 Data Engineer The Opportunity: Ever-expanding technology and collection met hodologies means that there is more structured and unstructured data available today than ever before. As a data engineer, you know that organizing big data can yield pivotal insights when it's gathered from disparate sources. As a Data Engineer at Booz Allen, you'll implement data engineering activities on some of the most mission-driven projects in the industry. You'll deploy and develop pipelines…",https://www.adzuna.com/land/ad/5714914576?se=zOQU5ja78RGGQ9u1mQKVdw&utm_medium=api&utm_source=e45342b0&v=7FEB144F741856194D20E1CD9E08E3A8F73BBCCC,"Data Engineer Job Number: R0239070 Data Engineer The Opportunity: Ever-expanding technology and collection met hodologies means that there is more structured and unstructured data available today than ever before. As a data engineer, you know that organizing big data can yield pivotal insights when it's gathered from disparate sources. As a Data Engineer at Booz Allen, you'll implement data engineering activities on some of the most mission-driven projects in the industry. You'll deploy and develop pipelines… Engineering Jobs",[]
data engineer,Data Engineer,Booz Allen Hamilton,"Wake Island, Honolulu",171849.23,171849.23,Engineering Jobs,2026-05-15 19:47:16+00:00,"Job Number: R0240103 Data Engineer The Opportunity: Ever-expanding technology like IoT, machine learning, and artificial intelligence means that there's more structured and unstructured data available today than ever before. As a data engineer, you know that organizing data can yield pivotal insights when it's gathered from disparate sources. We need an experienced data professional like you to help our clients find answers in their data to impact important missions, from fraud detection to can…",https://www.adzuna.com/land/ad/5730842581?se=zOQU5ja78RGGQ9u1mQKVdw&utm_medium=api&utm_source=e45342b0&v=408F5B0E397A3DCFECD14DDB433C63BE80437732,"Data Engineer Job Number: R0240103 Data Engineer The Opportunity: Ever-expanding technology like IoT, machine learning, and artificial intelligence means that there's more structured and unstructured data available today than ever before. As a data engineer, you know that organizing data can yield pivotal insights when it's gathered from disparate sources. We need an experienced data professional like you to help our clients find answers in their data to impact important missions, from fraud detection to can… Engineering Jobs",['machine learning']
data engineer,Data Engineer,Booz Allen Hamilton,"Chantilly, Fairfax County",148118.44,148118.44,IT Jobs,2026-08-10 18:03:11+00:00,"Job Number: R0245506 Data Engineer The Opportunity: Ever-expanding technology like IoT, machine learning, and artificial intelligence means that there's more structured and unstructured data available today than ever before. As a data engineer, you know that organizing data can yield pivotal insights when it's gathered from disparate sources. We need an experienced data professional like you to help our clients find answers in their data to impact important missions, from fraud detection to can…",https://www.adzuna.com/land/ad/5836061558?se=zOQU5ja78RGGQ9u1mQKVdw&utm_medium=api&utm_source=e45342b0&v=68657F3DEED5C587A2C500887DE013BCC9D87867,"Data Engineer Job Number: R0245506 Data Engineer The Opportunity: Ever-expanding technology like IoT, machine learning, and artificial intelligence means that there's more structured and unstructured data available today than ever before. As a data engineer, you know that organizing data can yield pivotal insights when it's gathered from disparate sources. We need an experienced data professional like you to help our clients find answers in their data to impact important missions, from fraud detection to can… IT Jobs",['machine learning']
data engineer,Data Engineer,Booz Allen Hamilton,"Massachusetts, US",134635.14,134635.14,Engineering Jobs,2026-06-30 18:56:06+00:00,"Job Number: R0243381 Data Engineer The Opportunity: Ever-expanding technology like IoT, machine learning, and artifi cia l intelligence means that there's more structured and unstructured data available today than ever before. As a data engineer, you know that organizing data can yield pivotal insights when it's gathered from disparate sources. We need an experience d data engineer like you to help our clients find answers in their data to impact important missions, from fraud detection to canc…",https://www.adzuna.com/land/ad/5782614023?se=zOQU5ja78RGGQ9u1mQKVdw&utm_medium=api&utm_source=e45342b0&v=F8AFE83FE5260EB2179C4895CAC37A1EA533F81C,"Data Engineer Job Number: R0243381 Data Engineer The Opportunity: Ever-expanding technology like IoT, machine learning, and artifi cia l intelligence means that there's more structured and unstructured data available today than ever before. As a data engineer, you know that organizing data can yield pivotal insights when it's gathered from disparate sources. We need an experience d data engineer like you to help our clients find answers in their data to impact important missions, from fraud detection to canc… Engineering Jobs",['machine learning']
data engineer,Data Engineer,Booz Allen Hamilton,"Pimmit, Fairfax County",128726.8,128726.8,IT Jobs,2026-09-24 18:11:00+00:00,"Job Number: R0250282 Data Engineer The Opportunity: Ever-expanding technology like IoT, machine learning, and artifi cia l intelligence means that there's more structured and unstructured data available today than ever before. As a data engineer, you know that organizing data can yield pivotal insights when it's gathered from disparate sources. We need a data professional like you to help our clients find answers in their data to impact important missions, from fraud detection to cancer researc…",https://www.adzuna.com/land/ad/5897403714?se=zOQU5ja78RGGQ9u1mQKVdw&utm_medium=api&utm_source=e45342b0&v=D92BA6626FA79166E66EA57A65E5C398C5F147BB,"Data Engineer Job Number: R0250282 Data Engineer The Opportunity: Ever-expanding technology like IoT, machine learning, and artifi cia l intelligence means that there's more structured and unstructured data available today than ever before. As a data engineer, you know that organizing data can yield pivotal insights when it's gathered from disparate sources. We need a data professional like you to help our clients find answers in their data to impact important missions, from fraud detection to cancer researc… IT Jobs",['machine learning']
data engineer,Data Engineer,Theradex Onoclogy,US,129892.16,129892.16,IT Jobs,2026-07-24 19:10:27+00:00,"Data Engineer Introduction As part of Theradex Oncology, you will have the opportunity to work with one of the largest professional teams focused solely on the development of cancer therapies. Cancer research continues to evolve as new therapies and therapeutic approaches are discovered, as part of the team you will work to support our sponsors in the development of these therapies. Theradex Oncology is an environment for highly motivated individuals who want to make a difference. The Data Engi…",https://www.adzuna.com/land/ad/5814575894?se=zOQU5ja78RGGQ9u1mQKVdw&utm_medium=api&utm_source=e45342b0&v=BC9E3BE27BD7465B79A6978BA1CD646B00CCB55E,"Data Engineer Data Engineer Introduction As part of Theradex Oncology, you will have the opportunity to work with one of the largest professional teams focused solely on the development of cancer therapies. Cancer research continues to evolve as new therapies and therapeutic approaches are discovered, as part of the team you will work to support our sponsors in the development of these therapies. Theradex Oncology is an environment for highly motivated individuals who want to make a difference. The Data Engi… IT Jobs",[]
data engineer,Data Engineer,Loudoun County Government,"Leesburg, Loudoun County",131577.92,131577.92,IT Jobs,2026-09-25 18:09:54+00:00,"Loudoun County Government has been named one of Forbes' 2025 Best Large Employers! We’re proud to be recognized nationally for our commitment to employee satisfaction and excellence in public service. At Loudoun County, we bring together talented professionals from all backgrounds to make a meaningful impact in a dynamic, growing community — that’s The Loudoun Difference . Welcome and thank you for your interest in employment with Loudoun County Government! ALL SECTIONS OF THE APPLICATION MUST …",https://www.adzuna.com/land/ad/5898792661?se=zOQU5ja78RGGQ9u1mQKVdw&utm_medium=api&utm_source=e45342b0&v=0CF0A1B96ED2661F6B884D5ECC537D458F740F34,"Data Engineer Loudoun County Government has been named one of Forbes' 2025 Best Large Employers! We’re proud to be recognized nationally for our commitment to employee satisfaction and excellence in public service. At Loudoun County, we bring together talented professionals from all backgrounds to make a meaningful impact in a dynamic, growing community — that’s The Loudoun Difference . Welcome and thank you for your interest in employment with Loudoun County Government! ALL SECTIONS OF THE APPLICATION MUST … IT Jobs",[]
data engineer,Data Engineer,Booz Allen Hamilton,"Pimmit, Fairfax County",130326.2,130326.2,IT Jobs,2026-09-18 12:28:49+00:00,"Job Number: R0248893 Data Engineer The Opportunity: Ever-expanding technology like IoT, machine learning, and artifi cia l intelligence means that there's more structured and unstructured data available today than ever before. As a data engineer, you know that organizing data can yield pivotal insights when it's gathered from disparate sources. We need a data professional like you to help our clients find answers in their data to impact important missions, from fraud detection to cancer researc…",https://www.adzuna.com/land/ad/5889577153?se=zOQU5ja78RGGQ9u1mQKVdw&utm_medium=api&utm_source=e45342b0&v=E6104D3E1771D4E3317D8BA791E2657B4749A630,"Data Engineer Job Number: R0248893 Data Engineer The Opportunity: Ever-expanding technology like IoT, machine learning, and artifi cia l intelligence means that there's more structured and unstructured data available today than ever before. As a data engineer, you know that organizing data can yield pivotal insights when it's gathered from disparate sources. We need a data professional like you to help our clients find answers in their data to impact important missions, from fraud detection to cancer researc… IT Jobs",['machine learning']
data engineer,Data Engineer,BigBear.ai,"Mount Rainier, Prince George's County",128852.57,128852.57,IT Jobs,2026-06-10 18:50:48+00:00,"Residency All applicants must reside in the United States at the time of application. Overview BigBear.ai are seeking a highly skilled and motivated Data Engineer to join our Data Architecture & Engineering team. In this role, you will design and build scalable, secure, and efficient data pipelines that transform raw data into actionable insights. You'll work across cloud environments, databases, and development teams to support mission-critical applications, analytics, and reporting. This posi…",https://www.adzuna.com/land/ad/5759208366?se=zOQU5ja78RGGQ9u1mQKVdw&utm_medium=api&utm_source=e45342b0&v=BC2A9407AE67AB7ADBEEC628E674DD42226BC6B8,"Data Engineer Residency All applicants must reside in the United States at the time of application. Overview BigBear.ai are seeking a highly skilled and motivated Data Engineer to join our Data Architecture & Engineering team. In this role, you will design and build scalable, secure, and efficient data pipelines that transform raw data into actionable insights. You'll work across cloud environments, databases, and development teams to support mission-critical applications, analytics, and reporting. This posi… IT Jobs",[]
data engineer,Data Engineer,IMC,"Schiller Park, Cook County",324452.6,324452.6,IT Jobs,2026-06-27 19:03:45+00:00,"We are seeking a dedicated and experienced Data Engineer to join our Chicago team. The ideal candidate is energized by working in a cutting-edge environment that enables IMC to continue to be at the forefront of the evolving global financial markets. Your Core Responsibilities: Architect, develop and deploy our Big Data environment (Kafka, Hadoop, Dremio, etc.) Build, deploy, and monitor our data processing pipelines (Java, Python, Spark, Flink) Collaborate with development teams on data modeli…",https://www.adzuna.com/land/ad/5779575189?se=zOQU5ja78RGGQ9u1mQKVdw&utm_medium=api&utm_source=e45342b0&v=31B2DE236A6A10B42375A645E2D90C310B18DAEA,"Data Engineer We are seeking a dedicated and experienced Data Engineer to join our Chicago team. The ideal candidate is energized by working in a cutting-edge environment that enables IMC to continue to be at the forefront of the evolving global financial markets. Your Core Responsibilities: Architect, develop and deploy our Big Data environment (Kafka, Hadoop, Dremio, etc.) Build, deploy, and monitor our data processing pipelines (Java, Python, Spark, Flink) Collaborate with development teams on data modeli… IT Jobs","['python', 'java', 'spark', 'hadoop', 'kafka']"
data engineer,Data Engineer,SteerBridge,"Vienna, Fairfax County",144584.52,144584.52,IT Jobs,2026-09-14 09:55:53+00:00,"SteerBridge is a modern technology company delivering innovative, mission‑focused solutions to the U.S. Government and private sector. Leveraging deep expertise in federal acquisition, digital transformation, and emerging technologies, we deliver agile, commercial‑grade capabilities that accelerate operational effectiveness and drive measurable mission success. At the core of SteerBridge is our people—especially the veterans whose leadership, problem‑solving mindset, and commitment to excellenc…",https://www.adzuna.com/land/ad/5883642628?se=zOQU5ja78RGGQ9u1mQKVdw&utm_medium=api&utm_source=e45342b0&v=152ACA9DE821EF6F1F5F03960EC0F305C9CF517B,"Data Engineer SteerBridge is a modern technology company delivering innovative, mission‑focused solutions to the U.S. Government and private sector. Leveraging deep expertise in federal acquisition, digital transformation, and emerging technologies, we deliver agile, commercial‑grade capabilities that accelerate operational effectiveness and drive measurable mission success. At the core of SteerBridge is our people—especially the veterans whose leadership, problem‑solving mindset, and commitment to excellenc… IT Jobs",['agile']
data engineer,Data Engineer,Booz Allen Hamilton,"Chantilly, Fairfax County",122240.66,122240.66,Engineering Jobs,2026-08-10 18:08:02+00:00,"Job Number: R0245373 Data Engineer The Opportunity: Booz Allen is seeking a Data Engineer to architect, develop, and optimize scalable data pipelines and platforms that transform complex data into actionable insights. In this role, you will lead a team of data engineers to design modern, cloud-native solutions integrating structured and unstructured data across secure environments. You will serve as a technical and strategic leader, responsible for building and maintaining enterprise data infra…",https://www.adzuna.com/land/ad/5836061672?se=zOQU5ja78RGGQ9u1mQKVdw&utm_medium=api&utm_source=e45342b0&v=807AD703053D3DBC9EF2445FDF49763480ACC9F6,"Data Engineer Job Number: R0245373 Data Engineer The Opportunity: Booz Allen is seeking a Data Engineer to architect, develop, and optimize scalable data pipelines and platforms that transform complex data into actionable insights. In this role, you will lead a team of data engineers to design modern, cloud-native solutions integrating structured and unstructured data across secure environments. You will serve as a technical and strategic leader, responsible for building and maintaining enterprise data infra… Engineering Jobs",[]
data engineer,Data Engineer,Booz Allen Hamilton,"Chantilly, Fairfax County",117222.06,117222.06,Engineering Jobs,2026-09-18 12:52:55+00:00,"Job Number: R0249442 Data Engineer The Opportunity: Booz Allen is seeking a Data Engineer to architect, develop , and optimize scalable data pipelines and platforms that transform complex data into actionable insights. In this role, you will lead a team of data engineers to design modern, cloud-native solutions integrating structured and unstructured data across secure environments. You will serve as a technical and strategic leader, responsible for building and maintaining enterprise data infr…",https://www.adzuna.com/land/ad/5889627353?se=zOQU5ja78RGGQ9u1mQKVdw&utm_medium=api&utm_source=e45342b0&v=28B11EFC35F73C8D22901070585664D693A98512,"Data Engineer Job Number: R0249442 Data Engineer The Opportunity: Booz Allen is seeking a Data Engineer to architect, develop , and optimize scalable data pipelines and platforms that transform complex data into actionable insights. In this role, you will lead a team of data engineers to design modern, cloud-native solutions integrating structured and unstructured data across secure environments. You will serve as a technical and strategic leader, responsible for building and maintaining enterprise data infr… Engineering Jobs",[]
data engineer,Data Engineer,Texas Instruments Incorporated,"Knollwood, Grayson County",110720.59,110720.59,IT Jobs,2026-07-23 09:06:02+00:00,"Job Description Change the world. Love your job. About the job: The TI North Texas region 300mm Industrial Engineering and Advanced Data Analytics team is looking for an accomplished Data engineer with strong high-tech manufacturing, process modeling, data analytics and software development experience to join their growing team. Do you have experience in semiconductor manufacturing, data analytics and software development? Do you want to work for an organization that values your opinion? Do you…",https://www.adzuna.com/land/ad/5812331649?se=zOQU5ja78RGGQ9u1mQKVdw&utm_medium=api&utm_source=e45342b0&v=AD973BDA9471DAB76F8E4554C845EE803CB10CB5,"Data Engineer Job Description Change the world. Love your job. About the job: The TI North Texas region 300mm Industrial Engineering and Advanced Data Analytics team is looking for an accomplished Data engineer with strong high-tech manufacturing, process modeling, data analytics and software development experience to join their growing team. Do you have experience in semiconductor manufacturing, data analytics and software development? Do you want to work for an organization that values your opinion? Do you… IT Jobs",[]
data engineer,Data Engineer,Advantage Technical,"Coppell, Dallas",79498.32,79498.32,Engineering Jobs,2026-09-24 22:02:27+00:00,"Job Title: Data Engineer Location: Coppell, TX Pay Rate: 44.39hr Staffmark Workforce Solutions offers this exciting contract opportunity with a global leader in electronics, mobile devices and appliances located in Coppell, TX. Data Engineer Top Skills Knowledgeable background in Artificial Intelligence principles and practical implementations Understanding of big data analytics and visualization tools Prior experience working with Robotic Process Automation (RPA) applications Position Descript…",https://www.adzuna.com/land/ad/5897758654?se=zOQU5ja78RGGQ9u1mQKVdw&utm_medium=api&utm_source=e45342b0&v=3D77E8DDFA2E7E61FAE372BEB4B2FBDAC5368D4A,"Data Engineer Job Title: Data Engineer Location: Coppell, TX Pay Rate: 44.39hr Staffmark Workforce Solutions offers this exciting contract opportunity with a global leader in electronics, mobile devices and appliances located in Coppell, TX. Data Engineer Top Skills Knowledgeable background in Artificial Intelligence principles and practical implementations Understanding of big data analytics and visualization tools Prior experience working with Robotic Process Automation (RPA) applications Position Descript… Engineering Jobs",[]
data engineer,Data Engineer,Booz Allen Hamilton,"Chantilly, Fairfax County",128907.63,128907.63,Engineering Jobs,2026-09-18 12:45:14+00:00,"Job Number: R0248636 Data Engineer The Opportunity: Booz Allen is seeking a Data Engineer to architect, develop, and optimize scalable data pipelines and platforms that transform complex data into actionable insights. In this role, you will lead a team of data engineers to design modern, cloud-native solutions integrating structured and unstructured data across secure environments. You will serve as a technical and strategic leader, responsible for building and maintaining enterprise data infra…",https://www.adzuna.com/land/ad/5889617060?se=zOQU5ja78RGGQ9u1mQKVdw&utm_medium=api&utm_source=e45342b0&v=6992A361D936526F1F3A981DF7EFC89E4E56C182,"Data Engineer Job Number: R0248636 Data Engineer The Opportunity: Booz Allen is seeking a Data Engineer to architect, develop, and optimize scalable data pipelines and platforms that transform complex data into actionable insights. In this role, you will lead a team of data engineers to design modern, cloud-native solutions integrating structured and unstructured data across secure environments. You will serve as a technical and strategic leader, responsible for building and maintaining enterprise data infra… Engineering Jobs",[]
data engineer,Data Engineer,Eliassen Group,"Jacks Cabin, Gunnison County",147957.2,147957.2,IT Jobs,2026-09-10 20:18:11+00:00,"Description: Remote Our client seeks a senior Data Engineer to help launch a new initiative within Identity and Access Management. The contractor will build and evolve low-latency GraphQL APIs and data pipelines that support developer workflows across the enterprise. The role emphasizes microservices on AWS, data engineering fundamentals, and production monitoring. The team consists of two FTEs and this senior contractor, with one interview round and adherence to Eastern Time working hours. The…",https://www.adzuna.com/land/ad/5878998194?se=zOQU5ja78RGGQ9u1mQKVdw&utm_medium=api&utm_source=e45342b0&v=8FCBF67A2A632E4159B1559E87A5EC7D65EE8FDB,"Data Engineer Description: Remote Our client seeks a senior Data Engineer to help launch a new initiative within Identity and Access Management. The contractor will build and evolve low-latency GraphQL APIs and data pipelines that support developer workflows across the enterprise. The role emphasizes microservices on AWS, data engineering fundamentals, and production monitoring. The team consists of two FTEs and this senior contractor, with one interview round and adherence to Eastern Time working hours. The… IT Jobs",['aws']
data engineer,Data Engineer,FanDuel,"Northlake, DeKalb County",172899.67,172899.67,IT Jobs,2026-07-25 19:09:42+00:00,"THE POSITION Our roster has an opening with your name on it We are looking for a Data Engineer to join our growing data engineering team and help build the pipelines and infrastructure that power analytics, machine learning, and business decision-making across the company. In this role, you'll own the design, development, and maintenance of reliable data systems while collaborating with stakeholders to support high-impact data use cases. The ideal candidate is a strong technical contributor who…",https://www.adzuna.com/land/ad/5815879590?se=zOQU5ja78RGGQ9u1mQKVdw&utm_medium=api&utm_source=e45342b0&v=D609096654BE1A88278DA592208806127A7AA5DD,"Data Engineer THE POSITION Our roster has an opening with your name on it We are looking for a Data Engineer to join our growing data engineering team and help build the pipelines and infrastructure that power analytics, machine learning, and business decision-making across the company. In this role, you'll own the design, development, and maintenance of reliable data systems while collaborating with stakeholders to support high-impact data use cases. The ideal candidate is a strong technical contributor who… IT Jobs",['machine learning']
data engineer,Data Engineer,FanDuel,"Grand Central, Manhattan",199930.61,199930.61,IT Jobs,2026-09-08 08:12:04+00:00,"THE POSITION Our roster has an opening with your name on it We are looking for a Data Engineer to join our growing data engineering team and help build the pipelines and infrastructure that power analytics, machine learning, and business decision-making across the company. In this role, you'll contribute to the design, development, and maintenance of reliable data systems while collaborating with stakeholders to support high-impact data use cases. The ideal candidate is a strong technical contr…",https://www.adzuna.com/land/ad/5875581105?se=zOQU5ja78RGGQ9u1mQKVdw&utm_medium=api&utm_source=e45342b0&v=006818E8C1265AA65F57242C6BE91D4190BE1172,"Data Engineer THE POSITION Our roster has an opening with your name on it We are looking for a Data Engineer to join our growing data engineering team and help build the pipelines and infrastructure that power analytics, machine learning, and business decision-making across the company. In this role, you'll contribute to the design, development, and maintenance of reliable data systems while collaborating with stakeholders to support high-impact data use cases. The ideal candidate is a strong technical contr… IT Jobs",['machine learning']
data engineer,Data Engineer,Randstad Digital,"Merrimack, Hillsborough County",153489.31,153489.31,IT Jobs,2026-09-23 21:53:52+00:00,"job summary: Bachelor's degree in Computer Science, Information Systems, or related field (or equivalent experience) and 7 years of experience in data engineering and database administration Technical Skills Strong expertise in: Oracle Database (Application DBA experience required) Informatica (ETL development) Data Warehousing concepts and architecture Hands-on experience with: Snowflake Oracle Analytics Server (reporting and integration) Python SQL (advanced querying and performance tuning) N…",https://www.adzuna.com/land/ad/5896107088?se=zOQU5ja78RGGQ9u1mQKVdw&utm_medium=api&utm_source=e45342b0&v=AF9F34AA01EE80B1CE13DF4E7DF2F8DBBA84FA86,"Data Engineer job summary: Bachelor's degree in Computer Science, Information Systems, or related field (or equivalent experience) and 7 years of experience in data engineering and database administration Technical Skills Strong expertise in: Oracle Database (Application DBA experience required) Informatica (ETL development) Data Warehousing concepts and architecture Hands-on experience with: Snowflake Oracle Analytics Server (reporting and integration) Python SQL (advanced querying and performance tuning) N… IT Jobs","['python', 'sql', 'snowflake', 'etl', 'data warehousing']"
data engineer,Data Engineer,CGI,"Bloomfield, Allegheny County",196765.86,196765.86,IT Jobs,2026-08-25 07:56:26+00:00,"Data Engineer Position Description This role will require someone at our client site 5 days a week preferably in Pittsburgh, PA, We are seeking a Data Engineer with 6 years of experience to design and maintain scalable data pipeline supporting analytics, reporting, and operational needs. The role involves collaborating with cross functional teams to ensure data alignment with business requirements and enterprise standards. Duties and Responsibilities: . Design and build scalable data pipelines …",https://www.adzuna.com/land/ad/5855319822?se=zOQU5ja78RGGQ9u1mQKVdw&utm_medium=api&utm_source=e45342b0&v=A93835504D94ACB35D1559821F7FFD464646718E,"Data Engineer Data Engineer Position Description This role will require someone at our client site 5 days a week preferably in Pittsburgh, PA, We are seeking a Data Engineer with 6 years of experience to design and maintain scalable data pipeline supporting analytics, reporting, and operational needs. The role involves collaborating with cross functional teams to ensure data alignment with business requirements and enterprise standards. Duties and Responsibilities: . Design and build scalable data pipelines … IT Jobs",[]
data engineer,Data Engineer,Kforce Technology Staffing,"Pennsylvania, US",122207.79,122207.79,IT Jobs,2026-09-01 18:23:08+00:00,"RESPONSIBILITIES: Kforce has a client that is seeking a Data Engineer that will design, build, and maintain scalable data pipelines and core data workflows using AWS-native services including Redshift, Glue, S3, Step Functions, and the Glue Data Catalog. This is a hybrid role in Pittsburgh, PA. Summary: You will own data ingestion, transformation, and validation processes and will be responsible for delivering reliable, well-modeled datasets that support analytics and application use cases. You…",https://www.adzuna.com/land/ad/5865515735?se=zOQU5ja78RGGQ9u1mQKVdw&utm_medium=api&utm_source=e45342b0&v=90D56BB54AE105402FE4373D1689296EC68B5BDC,"Data Engineer RESPONSIBILITIES: Kforce has a client that is seeking a Data Engineer that will design, build, and maintain scalable data pipelines and core data workflows using AWS-native services including Redshift, Glue, S3, Step Functions, and the Glue Data Catalog. This is a hybrid role in Pittsburgh, PA. Summary: You will own data ingestion, transformation, and validation processes and will be responsible for delivering reliable, well-modeled datasets that support analytics and application use cases. You… IT Jobs","['redshift', 'aws']"
data engineer,Data Engineer,Eliassen Group,"South Norfolk, Chesapeake City",132409.1,132409.1,IT Jobs,2026-09-17 20:13:11+00:00,"Description: On-site in Norfolk, VA Our client seeks a Data Engineer to design, build, integrate, and sustain secure enterprise data solutions that enable reliable analytics, reporting, operational insight, and informed decision-making. The role develops scalable data pipelines, integrates diverse data sources, improves data quality and availability, and supports cloud and on-premises platforms in a mission-critical environment. The Data Engineer collaborates with business intelligence, cyberse…",https://www.adzuna.com/land/ad/5888355833?se=hKqg5ja78RGGQ9u1mQKVdw&utm_medium=api&utm_source=e45342b0&v=EDB33D9AA4599F6AC41732ACCDA47381EB8BD248,"Data Engineer Description: On-site in Norfolk, VA Our client seeks a Data Engineer to design, build, integrate, and sustain secure enterprise data solutions that enable reliable analytics, reporting, operational insight, and informed decision-making. The role develops scalable data pipelines, integrates diverse data sources, improves data quality and availability, and supports cloud and on-premises platforms in a mission-critical environment. The Data Engineer collaborates with business intelligence, cyberse… IT Jobs",[]
data engineer,Data Engineer,M9 Solutions,"West Bethesda, Montgomery County",134353.22,134353.22,IT Jobs,2026-06-09 02:36:07+00:00,"M9 Solutions is dedicated to providing IT services and solutions to the Federal Government by mobilizing the right people, skills, clearance levels, and technologies to help organizations that desire improved performance and modern, sustainable change. M9 has provided quality IT services and support to more than 30 Federal Agencies and multiple commercial customers nationwide. Our capabilities include IT Talent Solutions, Data Delivery & Analytics, Cyber Security, Cloud Migration, Applications …",https://www.adzuna.com/land/ad/5756955093?se=hKqg5ja78RGGQ9u1mQKVdw&utm_medium=api&utm_source=e45342b0&v=990AAE6369E2473C397A8ED5B0C3EE7AB21239A4,"Data Engineer M9 Solutions is dedicated to providing IT services and solutions to the Federal Government by mobilizing the right people, skills, clearance levels, and technologies to help organizations that desire improved performance and modern, sustainable change. M9 has provided quality IT services and support to more than 30 Federal Agencies and multiple commercial customers nationwide. Our capabilities include IT Talent Solutions, Data Delivery & Analytics, Cyber Security, Cloud Migration, Applications … IT Jobs",[]
data engineer,Data Engineer,Eliassen Group,"Pimmit, Fairfax County",113767.31,113767.31,Engineering Jobs,2026-09-22 21:10:37+00:00,"Description: Hybrid Mclean, VA or Boston, MA Our client seeks a Data Engineer to develop and support a Python-based, AWS-native data ingestion platform that moves financial data from source systems into a third-party application. The environment includes CDK-provisioned infrastructure, Glue and Spark consumers, and Lambda, ECS, and Flink pipelines. The role emphasizes rigorous testing, security remediation, and data-protection compliance. Due to client requirements, applicants must be willing a…",https://www.adzuna.com/land/ad/5894532642?se=hKqg5ja78RGGQ9u1mQKVdw&utm_medium=api&utm_source=e45342b0&v=47D1228DDBB6066BC9B165FCC67AF58260301B7A,"Data Engineer Description: Hybrid Mclean, VA or Boston, MA Our client seeks a Data Engineer to develop and support a Python-based, AWS-native data ingestion platform that moves financial data from source systems into a third-party application. The environment includes CDK-provisioned infrastructure, Glue and Spark consumers, and Lambda, ECS, and Flink pipelines. The role emphasizes rigorous testing, security remediation, and data-protection compliance. Due to client requirements, applicants must be willing a… Engineering Jobs","['python', 'spark', 'aws']"
data engineer,Data Engineer,Vitol,"Trammells, Harris County",116229.78,116229.78,IT Jobs,2026-09-14 07:59:17+00:00,"Company Description Vitol is a leader in energy and commodities. Vitol produces, manages and delivers energy and commodities to consumers and industry worldwide. In addition to its primary business of trading, Vitol is invested in infrastructure globally, with $10billion invested in long-term assets. Vitol's customers include national oil companies, multinationals, leading industrial companies and utilities. Founded in Rotterdam in 1966, today Vitol serves its customers from some 40 offices wor…",https://www.adzuna.com/land/ad/5883582386?se=hKqg5ja78RGGQ9u1mQKVdw&utm_medium=api&utm_source=e45342b0&v=E23EA9C60355D72D775C3D7DA061B990D825EC23,"Data Engineer Company Description Vitol is a leader in energy and commodities. Vitol produces, manages and delivers energy and commodities to consumers and industry worldwide. In addition to its primary business of trading, Vitol is invested in infrastructure globally, with $10billion invested in long-term assets. Vitol's customers include national oil companies, multinationals, leading industrial companies and utilities. Founded in Rotterdam in 1966, today Vitol serves its customers from some 40 offices wor… IT Jobs",[]
data engineer,Data Engineer,"Judge Group, Inc.","Plano, Collin County",126128.45,126128.45,IT Jobs,2026-05-20 14:12:43+00:00,"Location: Plano, TX Salary: $70.00 USD Hourly - $75.00 USD Hourly Description: Our client is currently seeking a Data Engineer with strong experience in data modeling, data warehousing, and cloud-based data platforms. The ideal candidate will have hands-on experience with AWS services and a strong foundation in SQL and big data technologies. You will play a key role in building and optimizing scalable data pipelines and ensuring data quality across systems. Required Qualifications 5 years of ex…",https://www.adzuna.com/land/ad/5735320546?se=hKqg5ja78RGGQ9u1mQKVdw&utm_medium=api&utm_source=e45342b0&v=09F299E6AFD8444FB345CC5E9C75B33D1ADA2E05,"Data Engineer Location: Plano, TX Salary: $70.00 USD Hourly - $75.00 USD Hourly Description: Our client is currently seeking a Data Engineer with strong experience in data modeling, data warehousing, and cloud-based data platforms. The ideal candidate will have hands-on experience with AWS services and a strong foundation in SQL and big data technologies. You will play a key role in building and optimizing scalable data pipelines and ensuring data quality across systems. Required Qualifications 5 years of ex… IT Jobs","['sql', 'aws', 'data warehousing']"
data engineer,Data Engineer,Horizontal Talent,"Foster City, San Mateo County",93711.05,93711.05,IT Jobs,2026-08-31 06:06:26+00:00,"Join a dynamic team as a Data Engineer supporting product quality and release analytics through impactful dashboards, data pipelines, and reporting solutions. This onsite role in Foster City, CA offers the opportunity to work closely with cross-functional stakeholders to turn complex release and quality data into clear, actionable insights. Responsibilities Design, build, and maintain dashboards and scorecards that track release and quality metrics Query, aggregate, and transform release and ve…",https://www.adzuna.com/land/ad/5862875340?se=hKqg5ja78RGGQ9u1mQKVdw&utm_medium=api&utm_source=e45342b0&v=5F4639D14D39FF796AE45CDF095B596DCD23522B,"Data Engineer Join a dynamic team as a Data Engineer supporting product quality and release analytics through impactful dashboards, data pipelines, and reporting solutions. This onsite role in Foster City, CA offers the opportunity to work closely with cross-functional stakeholders to turn complex release and quality data into clear, actionable insights. Responsibilities Design, build, and maintain dashboards and scorecards that track release and quality metrics Query, aggregate, and transform release and ve… IT Jobs",[]
data engineer,Data Engineer,Kforce Technology Staffing,"Naperville, DuPage County",183418.72,183418.72,Engineering Jobs,2026-09-25 18:14:18+00:00,"RESPONSIBILITIES: Kforce has a client that is seeking a Data Engineer in Naperville, IL. Essential Functions: * Design and implement complex software features and systems, ensuring solutions are scalable, maintainable, well-tested, and aligned with architectural and security standards * Own technical solutions end-to-end, from design through implementation, testing, deployment, and operational support, ensuring the long-term health and reliability of the system * Lead technical design discussio…",https://www.adzuna.com/land/ad/5898799585?se=hKqg5ja78RGGQ9u1mQKVdw&utm_medium=api&utm_source=e45342b0&v=0472BA32A6FC7929F4E4190B79AE489070E6B45B,"Data Engineer RESPONSIBILITIES: Kforce has a client that is seeking a Data Engineer in Naperville, IL. Essential Functions: * Design and implement complex software features and systems, ensuring solutions are scalable, maintainable, well-tested, and aligned with architectural and security standards * Own technical solutions end-to-end, from design through implementation, testing, deployment, and operational support, ensuring the long-term health and reliability of the system * Lead technical design discussio… Engineering Jobs",[]
data engineer,Data Engineer,Varda Space Industries,"El Segundo, Los Angeles County",179844.83,179844.83,IT Jobs,2026-07-31 19:20:22+00:00,"About Varda Low Earth orbit is open for business. Varda is accelerating the development of commercial space infrastructure, from in-orbit pharmaceutical processing to reliable and economical reentry capsules. Varda's W-Series vehicles are built, designed, and operated by Varda in-house, including the pharmaceutical processing payloads, the capsules, the C-PICA heat shields, and the satellite buses. From life-saving pharmaceuticals to more powerful fiber optics, there is a world of products used…",https://www.adzuna.com/land/ad/5822928708?se=hKqg5ja78RGGQ9u1mQKVdw&utm_medium=api&utm_source=e45342b0&v=D5076477D42CBE3B87FE989DF1425A8523B2D68B,"Data Engineer About Varda Low Earth orbit is open for business. Varda is accelerating the development of commercial space infrastructure, from in-orbit pharmaceutical processing to reliable and economical reentry capsules. Varda's W-Series vehicles are built, designed, and operated by Varda in-house, including the pharmaceutical processing payloads, the capsules, the C-PICA heat shields, and the satellite buses. From life-saving pharmaceuticals to more powerful fiber optics, there is a world of products used… IT Jobs",[]
data engineer,Data Engineer,Horizontal Talent,"South Boston, Suffolk County",98282.54,98282.54,IT Jobs,2026-08-10 22:14:55+00:00,"We're seeking a Senior Data & Distribution Platform Engineer to support enterprise data, marketing, and distribution applications for a global asset-management environment. This role blends hands-on production support with technical leadership, helping improve service reliability through proactive monitoring, smart diagnostics, and continuous improvement. Responsibilities Provide technical direction and help prioritize work across the data and distribution support domain. Handle incident invest…",https://www.adzuna.com/land/ad/5836279624?se=hKqg5ja78RGGQ9u1mQKVdw&utm_medium=api&utm_source=e45342b0&v=536CE5F88C6F218BAF7CE5CCCBF3D740684A18B6,"Data Engineer We're seeking a Senior Data & Distribution Platform Engineer to support enterprise data, marketing, and distribution applications for a global asset-management environment. This role blends hands-on production support with technical leadership, helping improve service reliability through proactive monitoring, smart diagnostics, and continuous improvement. Responsibilities Provide technical direction and help prioritize work across the data and distribution support domain. Handle incident invest… IT Jobs",[]
data engineer,Data Engineer,Aivra Health LLC,"Times Square, King County",148988.44,148988.44,IT Jobs,2026-09-25 22:05:08+00:00,"Data Engineer Location: USA  Job Type: Full-Time Work Arrangement: Remote / Hybrid / On-site Experience: s to 3 years Salary: USD $150,000–$200,000/year About the Role We are looking for a Data Engineer to design, build, and maintain scalable data pipelines and infrastructure. The ideal candidate should have strong SQL and Python skills and experience working with databases, cloud platforms, and data processing technologies. Responsibilities Build and maintain scalable ETL/ELT pipelines . Devel…",https://www.adzuna.com/land/ad/5899048495?se=hKqg5ja78RGGQ9u1mQKVdw&utm_medium=api&utm_source=e45342b0&v=AE7BDFAB7449875044797D9824806191E5FDBFC3,"Data Engineer Data Engineer Location: USA  Job Type: Full-Time Work Arrangement: Remote / Hybrid / On-site Experience: s to 3 years Salary: USD $150,000–$200,000/year About the Role We are looking for a Data Engineer to design, build, and maintain scalable data pipelines and infrastructure. The ideal candidate should have strong SQL and Python skills and experience working with databases, cloud platforms, and data processing technologies. Responsibilities Build and maintain scalable ETL/ELT pipelines . Devel… IT Jobs","['python', 'sql', 'etl']"
data engineer,Data Engineer,Intellisoft Technologies,"Trammells, Harris County",129143.89,129143.89,IT Jobs,2026-09-23 22:06:40+00:00,"Role Overview: Macquarie is looking for an experienced Data Engineer with strong hands-on experience in Core Python, SQL, Big Data, Shell Scripting, and AWS. The ideal candidate should be comfortable writing production-quality Python code, developing data pipelines, working with large datasets, and building scalable data solutions on AWS. Key Skills: Data engineer, Core python, SQL Data Engineer Must Have: Big Data Concepts , Python(Core Python- Able to write code), SQL, Shell Scripting, AWS S3…",https://www.adzuna.com/land/ad/5896112970?se=hKqg5ja78RGGQ9u1mQKVdw&utm_medium=api&utm_source=e45342b0&v=10905E6038BDF52C5A1CC152EC5815C8526C0F09,"Data Engineer Role Overview: Macquarie is looking for an experienced Data Engineer with strong hands-on experience in Core Python, SQL, Big Data, Shell Scripting, and AWS. The ideal candidate should be comfortable writing production-quality Python code, developing data pipelines, working with large datasets, and building scalable data solutions on AWS. Key Skills: Data engineer, Core python, SQL Data Engineer Must Have: Big Data Concepts , Python(Core Python- Able to write code), SQL, Shell Scripting, AWS S3… IT Jobs","['python', 'sql', 'aws']"
data engineer,Data Engineer,The Atlantic Group,"South Boston, Suffolk County",167297.47,167297.47,IT Jobs,2026-09-01 16:22:17+00:00,"Our client, a mid-size global investment firm with $75 Billion AUM, is seeking a talented full-time Data Engineer to join their Boston data engineering team where the impact will be immediate and tangible. This will be a hybrid-focused position. As a fast-growing, 400 person company, they require someone who is motivated, a self-starter, adaptable and comfortable working on a small team in an extremely fast-paced, ever-changing entrepreneurial environment. Key Responsibilities: • Design and bui…",https://www.adzuna.com/land/ad/5865235232?se=hKqg5ja78RGGQ9u1mQKVdw&utm_medium=api&utm_source=e45342b0&v=121382C01E409179E26613C814B859EF1AA8648D,"Data Engineer Our client, a mid-size global investment firm with $75 Billion AUM, is seeking a talented full-time Data Engineer to join their Boston data engineering team where the impact will be immediate and tangible. This will be a hybrid-focused position. As a fast-growing, 400 person company, they require someone who is motivated, a self-starter, adaptable and comfortable working on a small team in an extremely fast-paced, ever-changing entrepreneurial environment. Key Responsibilities: • Design and bui… IT Jobs",[]
data engineer,Data Engineer,"DATAMAXIS, Inc","Okemos, Ingham County",108188.05,108188.05,IT Jobs,2026-09-15 16:06:11+00:00,"Job Title: Data Engineer Location: Okemos, MI Contract Summary: We are looking for a Data Engineer to join our Data Engineering Team. The ideal candidate should have a minimum of 3 years of data engineering experience with excellent analytical reasoning and critical thinking skills. The candidate will be a part of a team that does general extraction, transformation, and load (ETL) work, along with traditional Enterprise Data Warehousing (EDW) work. The Data Engineering Team also creates data pi…",https://www.adzuna.com/land/ad/5885091000?se=hKqg5ja78RGGQ9u1mQKVdw&utm_medium=api&utm_source=e45342b0&v=7DB1E1AEA2973EB32565D30B299764D27A589156,"Data Engineer Job Title: Data Engineer Location: Okemos, MI Contract Summary: We are looking for a Data Engineer to join our Data Engineering Team. The ideal candidate should have a minimum of 3 years of data engineering experience with excellent analytical reasoning and critical thinking skills. The candidate will be a part of a team that does general extraction, transformation, and load (ETL) work, along with traditional Enterprise Data Warehousing (EDW) work. The Data Engineering Team also creates data pi… IT Jobs","['etl', 'data warehousing']"
data engineer,Data Engineer,"Promantus, Inc","Plano, Collin County",84331.3,84331.3,IT Jobs,2026-07-22 14:50:38+00:00,"Role: Azure Data Engineer Location: Plano, TX (on-site) (Locals only for mandatory in-person interview) Duration: Long Term Key Responsibilities: The client is looking less for a classic data engineer and more for a data platform engineer/backend data engineer who can both work with modern data technologies and build production-grade Python APIs. The client is specifically looking for Required Skills: Software Engineering / API Development Python development REST API design REST API development…",https://www.adzuna.com/land/ad/5811120532?se=hKqg5ja78RGGQ9u1mQKVdw&utm_medium=api&utm_source=e45342b0&v=C22B275C74A0D8338740976D81F4306B3BB01084,"Data Engineer Role: Azure Data Engineer Location: Plano, TX (on-site) (Locals only for mandatory in-person interview) Duration: Long Term Key Responsibilities: The client is looking less for a classic data engineer and more for a data platform engineer/backend data engineer who can both work with modern data technologies and build production-grade Python APIs. The client is specifically looking for Required Skills: Software Engineering / API Development Python development REST API design REST API development… IT Jobs","['python', 'azure']"
data engineer,DATA ENGINEER,AaraTechnologies Inc,"Mount Rainier, Prince George's County",103494.88,103494.88,IT Jobs,2026-09-22 12:42:08+00:00,"Data Engineer Retail & E-Commerce (2-3 Years Experience) Company: AaraTech Inc About the Role AaraTech Inc is seeking a Data Engineer Retail & E-Commerce to support data pipelines and analytics platforms. This role focuses on data ingestion, transformation, and validation for retail and ecommerce datasets. You will collaborate with analytics teams to support reporting needs. Ideal for early-career data professionals. Key Responsibilities Support ETL / ELT data pipelines Write SQL queries and ba…",https://www.adzuna.com/land/ad/5894161003?se=hKqg5ja78RGGQ9u1mQKVdw&utm_medium=api&utm_source=e45342b0&v=8842E8A50F73EA4264DE42C222BF1B179A628F7C,"DATA ENGINEER Data Engineer Retail & E-Commerce (2-3 Years Experience) Company: AaraTech Inc About the Role AaraTech Inc is seeking a Data Engineer Retail & E-Commerce to support data pipelines and analytics platforms. This role focuses on data ingestion, transformation, and validation for retail and ecommerce datasets. You will collaborate with analytics teams to support reporting needs. Ideal for early-career data professionals. Key Responsibilities Support ETL / ELT data pipelines Write SQL queries and ba… IT Jobs","['sql', 'etl']"
data engineer,DATA ENGINEER,AaraTechnologies Inc,"Five Corners, Hudson County",113523.24,113523.24,IT Jobs,2026-09-18 12:29:59+00:00,"Data Engineer Retail & E-Commerce (2-3 Years Experience) Company: AaraTech Inc About the Role AaraTech Inc is seeking a Data Engineer Retail & E-Commerce to support data pipelines and analytics platforms. This role focuses on data ingestion, transformation, and validation for retail and ecommerce datasets. You will collaborate with analytics teams to support reporting needs. Ideal for early-career data professionals. Key Responsibilities Support ETL / ELT data pipelines Write SQL queries and ba…",https://www.adzuna.com/land/ad/5889583903?se=hKqg5ja78RGGQ9u1mQKVdw&utm_medium=api&utm_source=e45342b0&v=9BAB08E7DBBE675BEF11AC448C67C96785AF3407,"DATA ENGINEER Data Engineer Retail & E-Commerce (2-3 Years Experience) Company: AaraTech Inc About the Role AaraTech Inc is seeking a Data Engineer Retail & E-Commerce to support data pipelines and analytics platforms. This role focuses on data ingestion, transformation, and validation for retail and ecommerce datasets. You will collaborate with analytics teams to support reporting needs. Ideal for early-career data professionals. Key Responsibilities Support ETL / ELT data pipelines Write SQL queries and ba… IT Jobs","['sql', 'etl']"
data engineer,Data Engineer,Ventechsoft Inc,"Highland Park, Dallas",114659.71,114659.71,IT Jobs,2026-09-18 12:28:44+00:00,"Data Engineer Job Description: We are seeking an experienced Data Engineer to design, develop, and maintain scalable data pipelines and data processing solutions. The ideal candidate will have strong experience with cloud platforms, ETL/ELT, data warehousing, and distributed data processing. Responsibilities: Design, develop, and maintain robust ETL/ELT data pipelines for batch and real-time data processing. Develop data engineering solutions using Python, SQL, Spark/PySpark , and related techn…",https://www.adzuna.com/land/ad/5889576693?se=hKqg5ja78RGGQ9u1mQKVdw&utm_medium=api&utm_source=e45342b0&v=FC49FEC0F6DF935511B8AA52B2F836611A4AB788,"Data Engineer Data Engineer Job Description: We are seeking an experienced Data Engineer to design, develop, and maintain scalable data pipelines and data processing solutions. The ideal candidate will have strong experience with cloud platforms, ETL/ELT, data warehousing, and distributed data processing. Responsibilities: Design, develop, and maintain robust ETL/ELT data pipelines for batch and real-time data processing. Develop data engineering solutions using Python, SQL, Spark/PySpark , and related techn… IT Jobs","['python', 'sql', 'spark', 'etl', 'data warehousing']"
data engineer,Data Engineer,Medinext Global LLC,US,121947.7,121947.7,IT Jobs,2026-09-10 17:43:10+00:00,"Data Engineer Job Overview Medinext Global LLC is seeking a skilled Data Engineer with 1-3 years of professional experience to design, develop, and maintain data pipelines and data processing solutions. The ideal candidate will have hands-on experience with Python, SQL, ETL processes, databases, and cloud technologies. Responsibilities Develop and maintain scalable data pipelines and ETL workflows. Extract, transform, and load data from multiple sources. Write optimized SQL queries for data ext…",https://www.adzuna.com/land/ad/5878889133?se=hKqg5ja78RGGQ9u1mQKVdw&utm_medium=api&utm_source=e45342b0&v=257F5B7C3DDC0864856551420927FF25EDF1E1CE,"Data Engineer Data Engineer Job Overview Medinext Global LLC is seeking a skilled Data Engineer with 1-3 years of professional experience to design, develop, and maintain data pipelines and data processing solutions. The ideal candidate will have hands-on experience with Python, SQL, ETL processes, databases, and cloud technologies. Responsibilities Develop and maintain scalable data pipelines and ETL workflows. Extract, transform, and load data from multiple sources. Write optimized SQL queries for data ext… IT Jobs","['python', 'sql', 'etl']"
data engineer,Data Engineer,Sensiple Inc.,"Bloomfield, Allegheny County",175195.2,175195.2,IT Jobs,2026-09-22 16:42:28+00:00,"Job Title: Data Engineer – ETL, Surveillance & Markets Analytics Job ID: P-104029 Location: Pittsburgh, PA Experience: 10–15 Years Duration: 6 Months Ideal Candidate The ideal candidate is a senior Data Engineer/Data Architect with strong Snowflake and Google Cloud Platform expertise plus hands-on Financial Markets/Trade Surveillance experience . Candidates with only general ETL/Data Engineering experience and no exposure to financial surveillance may not be suitable for this position. Job Over…",https://www.adzuna.com/land/ad/5894309342?se=hKqg5ja78RGGQ9u1mQKVdw&utm_medium=api&utm_source=e45342b0&v=B48E849B6E9E93B4711714CD6D63EE7FF4075E71,"Data Engineer Job Title: Data Engineer – ETL, Surveillance & Markets Analytics Job ID: P-104029 Location: Pittsburgh, PA Experience: 10–15 Years Duration: 6 Months Ideal Candidate The ideal candidate is a senior Data Engineer/Data Architect with strong Snowflake and Google Cloud Platform expertise plus hands-on Financial Markets/Trade Surveillance experience . Candidates with only general ETL/Data Engineering experience and no exposure to financial surveillance may not be suitable for this position. Job Over… IT Jobs","['snowflake', 'google cloud', 'etl']"
data engineer,Data Engineer,LaSalle Network,"Highland Park, Dallas",60532.91,60532.91,IT Jobs,2026-09-23 21:06:23+00:00,"Data Engineer LaSalle Network is partnering with our client to hire a Data Engineer to design and build scalable data solutions across complex program areas. This Data Engineer role is based in Dallas, Texas, in a hybrid work environment. In this contract opportunity, the Data Engineer will step into an entrepreneurial, mission-driven setting where you'll own ambiguous data problems end to end-partnering directly with subject-matter experts to translate needs into reliable data models, pipeline…",https://www.adzuna.com/land/ad/5895971767?se=hKqg5ja78RGGQ9u1mQKVdw&utm_medium=api&utm_source=e45342b0&v=5B9DC1F5961A83E7D0C218FED6B9C5E42BAF349D,"Data Engineer Data Engineer LaSalle Network is partnering with our client to hire a Data Engineer to design and build scalable data solutions across complex program areas. This Data Engineer role is based in Dallas, Texas, in a hybrid work environment. In this contract opportunity, the Data Engineer will step into an entrepreneurial, mission-driven setting where you'll own ambiguous data problems end to end-partnering directly with subject-matter experts to translate needs into reliable data models, pipeline… IT Jobs",[]
data engineer,Data Engineer,Prestige Staffing,"Charlotte, Mecklenburg County",149997.23,149997.23,IT Jobs,2026-08-25 09:54:29+00:00,"Title: Data Engineer Pay: 50/hr W2 Duration: 4-6 month contract Location: 100% Remote Summary We are seeking a skilled and proactive Data Engineer to join a dynamic team working on building and maintaining robust data pipelines and infrastructure. Requirements Minimum of 3 years of experience in data pipeline development and data platform design Strong expertise in ETL/ELT workflows and distributed data processing frameworks Proficiency with cloud platforms such as Azure, AWS, or Google Cloud P…",https://www.adzuna.com/land/ad/5855404805?se=hKqg5ja78RGGQ9u1mQKVdw&utm_medium=api&utm_source=e45342b0&v=97E069F4220001E52E467EC70CF9017B11E49BC6,"Data Engineer Title: Data Engineer Pay: 50/hr W2 Duration: 4-6 month contract Location: 100% Remote Summary We are seeking a skilled and proactive Data Engineer to join a dynamic team working on building and maintaining robust data pipelines and infrastructure. Requirements Minimum of 3 years of experience in data pipeline development and data platform design Strong expertise in ETL/ELT workflows and distributed data processing frameworks Proficiency with cloud platforms such as Azure, AWS, or Google Cloud P… IT Jobs","['aws', 'azure', 'google cloud', 'etl']"
data engineer,Data engineer,"Javen Technologies, Inc","Westmont, DuPage County",141234.14,141234.14,IT Jobs,2026-09-23 22:06:33+00:00,"Seeking a data engineer for hybrid contract role in Westmont IL. If interested , share your word document resume, work authorization, expected hourly pay rate, current location, availability for onsite work as required and interview , skill stack and LinkedIn. Westmont Illinois 60559 Shift: Monday – Friday, 8:00 AM - 5:00 PM (2-3 days onsite, first few weeks maybe full onsite) Parking: no employee parking Interviews: virtual Must have : Python SQL Data Engineering (ETL/ELT) AI experience buildi…",https://www.adzuna.com/land/ad/5896112910?se=hKqg5ja78RGGQ9u1mQKVdw&utm_medium=api&utm_source=e45342b0&v=BE90454F5CE64B11CDCEB5E91E62831871E90E13,"Data engineer Seeking a data engineer for hybrid contract role in Westmont IL. If interested , share your word document resume, work authorization, expected hourly pay rate, current location, availability for onsite work as required and interview , skill stack and LinkedIn. Westmont Illinois 60559 Shift: Monday – Friday, 8:00 AM - 5:00 PM (2-3 days onsite, first few weeks maybe full onsite) Parking: no employee parking Interviews: virtual Must have : Python SQL Data Engineering (ETL/ELT) AI experience buildi… IT Jobs","['python', 'sql', 'etl']"
data engineer,Data engineer,IntelliPro Group,"Richmond, Richmond County",157706.73,157706.73,IT Jobs,2026-09-22 21:02:24+00:00,"Job Title: Data Engineer Primary location of assignment: Richmond, VA, 23219 Schedule : Alternate weeks in Richmond VA office; other week remote. (5 days in office, 5 days remote, repeating). No 100% remote Duration: 12 months contract, with possibility of extension Role Summary The Senior Data Engineer is a hands-on expert and technical leader, actively engaged in designing, building, and optimizing scalable, reliable data pipelines at an enterprise level. This role not only guides architectur…",https://www.adzuna.com/land/ad/5894501045?se=hKqg5ja78RGGQ9u1mQKVdw&utm_medium=api&utm_source=e45342b0&v=4A00C8C7371397C530CC9EA3FAF6D6688461E6C4,"Data engineer Job Title: Data Engineer Primary location of assignment: Richmond, VA, 23219 Schedule : Alternate weeks in Richmond VA office; other week remote. (5 days in office, 5 days remote, repeating). No 100% remote Duration: 12 months contract, with possibility of extension Role Summary The Senior Data Engineer is a hands-on expert and technical leader, actively engaged in designing, building, and optimizing scalable, reliable data pipelines at an enterprise level. This role not only guides architectur… IT Jobs",[]
data engineer,Data Engineer,Anveta Inc,"Westlake, Denton County",142936.84,142936.84,IT Jobs,2026-07-16 17:41:39+00:00,"Data Engineer Target Pay Rate: Maximum USD $60.00/hr C2C Location: Westlake, TX Work Mode: Hybrid / Onsite Monday through Friday every other week (Connect weeks required) Interview Process: Online Coding Test, Web-Video call Internal Interview then final disucssion with the End Customer Internal Notes Connect weeks required - Onsite Monday through Friday every other week. Job Description Role Overview We are seeking a highly skilled, hands-on Mid-to-Senior Data Engineer to join our team in West…",https://www.adzuna.com/land/ad/5803756784?se=hKqg5ja78RGGQ9u1mQKVdw&utm_medium=api&utm_source=e45342b0&v=C0D202156195B9DEA859E6B673AE261FD2DCF06F,"Data Engineer Data Engineer Target Pay Rate: Maximum USD $60.00/hr C2C Location: Westlake, TX Work Mode: Hybrid / Onsite Monday through Friday every other week (Connect weeks required) Interview Process: Online Coding Test, Web-Video call Internal Interview then final disucssion with the End Customer Internal Notes Connect weeks required - Onsite Monday through Friday every other week. Job Description Role Overview We are seeking a highly skilled, hands-on Mid-to-Senior Data Engineer to join our team in West… IT Jobs",[]
data engineer,Data Engineer,"ByteBridge Technologies, Inc","Plano, Collin County",114295.84,114295.84,IT Jobs,2026-09-08 13:26:44+00:00,"Job Title: Data Engineer Location: Plano, TX – 5 Days Onsite Job Type: Contract Work Authorization: W2 Candidates Only Experience: 12 Years Location Requirement: Local/nearby candidates preferred Job Summary We are looking for an experienced Data Engineer with 12 years of experience in designing, developing, and maintaining scalable data solutions. The ideal candidate should have strong hands-on experience with Databricks, Snowflake, Apache Spark, Java, and Python . The candidate must be comfor…",https://www.adzuna.com/land/ad/5875808426?se=hKqg5ja78RGGQ9u1mQKVdw&utm_medium=api&utm_source=e45342b0&v=82B8C11B069C40955C4B6E76DF54D733B41FDF65,"Data Engineer Job Title: Data Engineer Location: Plano, TX – 5 Days Onsite Job Type: Contract Work Authorization: W2 Candidates Only Experience: 12 Years Location Requirement: Local/nearby candidates preferred Job Summary We are looking for an experienced Data Engineer with 12 years of experience in designing, developing, and maintaining scalable data solutions. The ideal candidate should have strong hands-on experience with Databricks, Snowflake, Apache Spark, Java, and Python . The candidate must be comfor… IT Jobs","['python', 'java', 'snowflake', 'spark']"
data engineer,Data Engineer,FutureTech Consultants LLC,US,143910.3,143910.3,IT Jobs,2026-09-25 14:15:47+00:00,"Title: Data Engineer Duration: 6 months Work Type: Remote ( PST/MST hours) Visa: Any TN & H1 Transfer only POSITION SUMMARY: The Data Engineer is a hands-on technical role focused on full-stack data engineering within the Enterprise Data organization. The role will play a critical part in shaping future big data, analytics, and AI agent engineering initiatives using Snowflake, DBT, SQLDBM, and Medallion architecture. MINIMUM QUALIFICATIONS: Bachelor s degree in computer science, Computer Inform…",https://www.adzuna.com/land/ad/5898655228?se=hKqg5ja78RGGQ9u1mQKVdw&utm_medium=api&utm_source=e45342b0&v=3389BA82BD9A35F6D98E9879295D295DD8BA8077,"Data Engineer Title: Data Engineer Duration: 6 months Work Type: Remote ( PST/MST hours) Visa: Any TN & H1 Transfer only POSITION SUMMARY: The Data Engineer is a hands-on technical role focused on full-stack data engineering within the Enterprise Data organization. The role will play a critical part in shaping future big data, analytics, and AI agent engineering initiatives using Snowflake, DBT, SQLDBM, and Medallion architecture. MINIMUM QUALIFICATIONS: Bachelor s degree in computer science, Computer Inform… IT Jobs",['snowflake']
data engineer,Data Engineer,Enfoweb,US,124185.69,124185.69,IT Jobs,2026-09-10 13:45:34+00:00,"We have an immediate opening for a Data Engineer with our direct client. Please look in to the below Job Description & Let me know your thoughts, Job Title: Data Engineer Experience: 10 Years Employment Type: Full-Time / Contract-to-Hire Job Summary: We are seeking an experienced Data Engineer with strong expertise in Databricks, DBT, Python, and SQL to design, build, and maintain scalable data pipelines and analytics platforms. The ideal candidate will work closely with analytics, data science…",https://www.adzuna.com/land/ad/5878801761?se=hKqg5ja78RGGQ9u1mQKVdw&utm_medium=api&utm_source=e45342b0&v=2E1080F06F868E7C65B3479035E29EC0D52CDEA1,"Data Engineer We have an immediate opening for a Data Engineer with our direct client. Please look in to the below Job Description & Let me know your thoughts, Job Title: Data Engineer Experience: 10 Years Employment Type: Full-Time / Contract-to-Hire Job Summary: We are seeking an experienced Data Engineer with strong expertise in Databricks, DBT, Python, and SQL to design, build, and maintain scalable data pipelines and analytics platforms. The ideal candidate will work closely with analytics, data science… IT Jobs","['python', 'sql']"
data engineer,DATA ENGINEER,AaraTechnologies Inc,"Five Corners, Hudson County",137950.22,137950.22,IT Jobs,2026-09-24 12:41:55+00:00,"Data Engineer Healthcare ( 2-3 Years Experience) Company: AaraTech Inc About the Role AaraTech Inc is seeking a motivated Data Engineer Healthcare ( 2-3 years experience) to support healthcare data pipelines, data integration, and analytics platforms. Key Responsibilities Build and maintain ETL / ELT data pipelines Develop data solutions using SQL and Python Support healthcare data ingestion and transformation Assist in maintaining data warehouses and cloud platforms Perform data quality checks…",https://www.adzuna.com/land/ad/5897130532?se=hKqg5ja78RGGQ9u1mQKVdw&utm_medium=api&utm_source=e45342b0&v=0667585168AA383F750DA839751626C41739D14E,"DATA ENGINEER Data Engineer Healthcare ( 2-3 Years Experience) Company: AaraTech Inc About the Role AaraTech Inc is seeking a motivated Data Engineer Healthcare ( 2-3 years experience) to support healthcare data pipelines, data integration, and analytics platforms. Key Responsibilities Build and maintain ETL / ELT data pipelines Develop data solutions using SQL and Python Support healthcare data ingestion and transformation Assist in maintaining data warehouses and cloud platforms Perform data quality checks… IT Jobs","['python', 'sql', 'etl']"
data engineer,DATA ENGINEER,AaraTechnologies Inc,"Mount Rainier, Prince George's County",125764.04,125764.04,IT Jobs,2026-09-17 12:25:48+00:00,"Data Engineer Healthcare (2-3 Years Experience) Company: AaraTech Inc About the Role AaraTech Inc is seeking a motivated Data Engineer Healthcare ( 2-3 years experience) to support healthcare data pipelines, data integration, and analytics platforms. Key Responsibilities Build and maintain ETL / ELT data pipelines Develop data solutions using SQL and Python Support healthcare data ingestion and transformation Assist in maintaining data warehouses and cloud platforms Perform data quality checks …",https://www.adzuna.com/land/ad/5887964464?se=hKqg5ja78RGGQ9u1mQKVdw&utm_medium=api&utm_source=e45342b0&v=6DAFEBD4730D906EC698CD44BE1B42FC77D85BC1,"DATA ENGINEER Data Engineer Healthcare (2-3 Years Experience) Company: AaraTech Inc About the Role AaraTech Inc is seeking a motivated Data Engineer Healthcare ( 2-3 years experience) to support healthcare data pipelines, data integration, and analytics platforms. Key Responsibilities Build and maintain ETL / ELT data pipelines Develop data solutions using SQL and Python Support healthcare data ingestion and transformation Assist in maintaining data warehouses and cloud platforms Perform data quality checks … IT Jobs","['python', 'sql', 'etl']"
data engineer,DATA ENGINEER,AaraTechnologies Inc,"Northlake, DeKalb County",120774.7,120774.7,IT Jobs,2026-09-21 10:36:26+00:00,"Data Engineer Healthcare (2-3 Years Experience) Company: AaraTech Inc About the Role AaraTech Inc is seeking a motivated Data Engineer Healthcare (2-3 years experience) to support healthcare data pipelines, data integration, and analytics platforms. Key Responsibilities Build and maintain ETL / ELT data pipelines Develop data solutions using SQL and Python Support healthcare data ingestion and transformation Assist in maintaining data warehouses and cloud platforms Perform data quality checks a…",https://www.adzuna.com/land/ad/5892850321?se=hKqg5ja78RGGQ9u1mQKVdw&utm_medium=api&utm_source=e45342b0&v=D17404C423FA62C0F49346A0C47C5C5908B8C00A,"DATA ENGINEER Data Engineer Healthcare (2-3 Years Experience) Company: AaraTech Inc About the Role AaraTech Inc is seeking a motivated Data Engineer Healthcare (2-3 years experience) to support healthcare data pipelines, data integration, and analytics platforms. Key Responsibilities Build and maintain ETL / ELT data pipelines Develop data solutions using SQL and Python Support healthcare data ingestion and transformation Assist in maintaining data warehouses and cloud platforms Perform data quality checks a… IT Jobs","['python', 'sql', 'etl']"
data engineer,DATA ENGINEER,AaraTechnologies Inc,"Virginia Beach, Virginia Beach City",113725.45,113725.45,IT Jobs,2026-09-23 10:42:09+00:00,"Data Engineer Healthcare (2-3 Years Experience) Company: AaraTech Inc About the Role AaraTech Inc is seeking a motivated Data Engineer Healthcare (2-3 years experience) to support healthcare data pipelines, data integration, and analytics platforms. Key Responsibilities Build and maintain ETL / ELT data pipelines Develop data solutions using SQL and Python Support healthcare data ingestion and transformation Assist in maintaining data warehouses and cloud platforms Perform data quality checks a…",https://www.adzuna.com/land/ad/5895255856?se=hKqg5ja78RGGQ9u1mQKVdw&utm_medium=api&utm_source=e45342b0&v=A0CC8A8100CD1B71530884DD9334032C6CC2F29C,"DATA ENGINEER Data Engineer Healthcare (2-3 Years Experience) Company: AaraTech Inc About the Role AaraTech Inc is seeking a motivated Data Engineer Healthcare (2-3 years experience) to support healthcare data pipelines, data integration, and analytics platforms. Key Responsibilities Build and maintain ETL / ELT data pipelines Develop data solutions using SQL and Python Support healthcare data ingestion and transformation Assist in maintaining data warehouses and cloud platforms Perform data quality checks a… IT Jobs","['python', 'sql', 'etl']"
data engineer,Data Engineer,Fiekon,US,134904.4,134904.4,IT Jobs,2026-09-19 02:15:32+00:00,"Job Description: Role: Senior Data Engineer Location: Remote Duration: Full Time Job Description Seeking a Senior Data Engineer with strong hands-on experience in Databricks, Spark, and AWS to build scalable, secure data pipelines and lakehouse solutions supporting analytics, AI/ML, and healthcare data. Key Responsibilities Design and build data pipelines using Databricks, Delta Lake, Spark, Unity Catalog, and Workflows . Develop batch and real-time pipelines using AWS S3, Glue, Redshift, Athen…",https://www.adzuna.com/land/ad/5890275293?se=hKqg5ja78RGGQ9u1mQKVdw&utm_medium=api&utm_source=e45342b0&v=F301B728B7E8818658004D028B4CB6D6A4169581,"Data Engineer Job Description: Role: Senior Data Engineer Location: Remote Duration: Full Time Job Description Seeking a Senior Data Engineer with strong hands-on experience in Databricks, Spark, and AWS to build scalable, secure data pipelines and lakehouse solutions supporting analytics, AI/ML, and healthcare data. Key Responsibilities Design and build data pipelines using Databricks, Delta Lake, Spark, Unity Catalog, and Workflows . Develop batch and real-time pipelines using AWS S3, Glue, Redshift, Athen… IT Jobs","['redshift', 'spark', 'aws']"
data engineer,Data Engineer,Tandym Tech,"Park Ridge, Bergen County",105314.84,105314.84,IT Jobs,2026-09-25 18:09:50+00:00,"A professional services firm in New Jersey is seeking a Data Engineer to support data platform stability, troubleshooting, and modernization efforts in Bergen County. About the Opportunity: Schedule: Monday to Friday Hours: Standard business Setting: Hybrid (at least 3 days onsite; Tues to Thurs are mandatory) Responsibilities: Support and troubleshoot data pipelines, large datasets, and production data issues Develop and maintain solutions within Azure data engineering environments using Pytho…",https://www.adzuna.com/land/ad/5898792563?se=hKqg5ja78RGGQ9u1mQKVdw&utm_medium=api&utm_source=e45342b0&v=641E6E07CC1C7A981B09F0B1F65318612E07711F,"Data Engineer A professional services firm in New Jersey is seeking a Data Engineer to support data platform stability, troubleshooting, and modernization efforts in Bergen County. About the Opportunity: Schedule: Monday to Friday Hours: Standard business Setting: Hybrid (at least 3 days onsite; Tues to Thurs are mandatory) Responsibilities: Support and troubleshoot data pipelines, large datasets, and production data issues Develop and maintain solutions within Azure data engineering environments using Pytho… IT Jobs",['azure']
data engineer,Data Engineer,Bridgetown Consulting Group Inc,"Elkins Park, Montgomery County",122172.84,122172.84,IT Jobs,2026-08-31 12:05:12+00:00,"Hiring: Analytics Engineer II / Data Engineer Client: Children s Hospital of Philadelphia (CHOP) Location: Philadelphia, PA 100% Onsite Duration: 6 Months Potential: Possible conversion to Full-Time at the end of the contract Employment Type: W2 Only Important Requirements Candidates must work directly on our W2 . No visa sponsorship available at this time. Candidates must currently be local to the Philadelphia, PA area and be available to work onsite. Position Overview The Analytics Engineer I…",https://www.adzuna.com/land/ad/5863048856?se=hKqg5ja78RGGQ9u1mQKVdw&utm_medium=api&utm_source=e45342b0&v=4ACB5294B9AE548C8E7208D18E0F4D15B96619DC,"Data Engineer Hiring: Analytics Engineer II / Data Engineer Client: Children s Hospital of Philadelphia (CHOP) Location: Philadelphia, PA 100% Onsite Duration: 6 Months Potential: Possible conversion to Full-Time at the end of the contract Employment Type: W2 Only Important Requirements Candidates must work directly on our W2 . No visa sponsorship available at this time. Candidates must currently be local to the Philadelphia, PA area and be available to work onsite. Position Overview The Analytics Engineer I… IT Jobs",[]
data engineer,Data Engineer,Resource 1,US,98367.87,98367.87,IT Jobs,2026-03-30 18:40:48+00:00,"Resource 1 is seeking a Data Engineer for a fully remote contract position. Candidates should have at least 5 years of experience as a Data Engineer and should have experience working with cloud platforms. Responsibilities: Design, build, and maintain scalable and reliable data pipelines to collect, process, and store large volumes of data from various sources. Ensure data integrity, quality, and availability throughout the entire data lifecycle. Develop and maintain data warehouse solutions th…",https://www.adzuna.com/land/ad/5683639228?se=hKqg5ja78RGGQ9u1mQKVdw&utm_medium=api&utm_source=e45342b0&v=36F659FFDF6544BE5E2803BCD4E87B6252DD99A2,"Data Engineer Resource 1 is seeking a Data Engineer for a fully remote contract position. Candidates should have at least 5 years of experience as a Data Engineer and should have experience working with cloud platforms. Responsibilities: Design, build, and maintain scalable and reliable data pipelines to collect, process, and store large volumes of data from various sources. Ensure data integrity, quality, and availability throughout the entire data lifecycle. Develop and maintain data warehouse solutions th… IT Jobs",[]
data engineer,Data Engineer,Stefanini,"Dearborn, Wayne County",113850.34,113850.34,IT Jobs,2026-08-14 18:19:30+00:00,"Stefanini Group is hiring! Stefanini is looking for Data Engineer , Dearborn, MI For quick apply, please reach out to Adil Khan at / We are looking for Data Engineer who will be responsible for designing, building, and maintaining data solutions, including data infrastructure and pipelines, for collecting, storing, processing, and analyzing large volumes of data efficiently and accurately. Key ResponsibilitiesSpearhead the design, development, and maintenance of scalable data ingestion and cura…",https://www.adzuna.com/land/ad/5842339420?se=hKqg5ja78RGGQ9u1mQKVdw&utm_medium=api&utm_source=e45342b0&v=9888772287B3B90AA753E6D19C486944F1185E4C,"Data Engineer Stefanini Group is hiring! Stefanini is looking for Data Engineer , Dearborn, MI For quick apply, please reach out to Adil Khan at / We are looking for Data Engineer who will be responsible for designing, building, and maintaining data solutions, including data infrastructure and pipelines, for collecting, storing, processing, and analyzing large volumes of data efficiently and accurately. Key ResponsibilitiesSpearhead the design, development, and maintenance of scalable data ingestion and cura… IT Jobs",[]
data engineer,Data Engineer,Dahl Consulting,"Brooklyn Park, Hennepin County",108574.41,108574.41,IT Jobs,2026-09-24 18:15:31+00:00,"Title : Data Engineer Location : Brooklyn Park, MN | Hybrid Job Type : Contract (6 months) Compensation : $48.00 - $75.00 per hour (W2) Industry: Retail  About the Role Our client, a leading organization in the retail and consumer services industry, is seeking a Data Engineer to join a high-performing data and analytics team. This role is focused on building scalable, cloud-based data solutions that enable data-driven decision-making across a large, complex enterprise environment. The ideal can…",https://www.adzuna.com/land/ad/5897404319?se=hKqg5ja78RGGQ9u1mQKVdw&utm_medium=api&utm_source=e45342b0&v=5DC5EB28A233A25AEB94F18C884A6E2046FDA3EF,"Data Engineer Title : Data Engineer Location : Brooklyn Park, MN | Hybrid Job Type : Contract (6 months) Compensation : $48.00 - $75.00 per hour (W2) Industry: Retail  About the Role Our client, a leading organization in the retail and consumer services industry, is seeking a Data Engineer to join a high-performing data and analytics team. This role is focused on building scalable, cloud-based data solutions that enable data-driven decision-making across a large, complex enterprise environment. The ideal can… IT Jobs",[]
data engineer,Data Engineer,"Mitchell Martin, Inc.","Rosemont, Cook County",100373.84,100373.84,IT Jobs,2026-09-16 16:02:44+00:00,"Data Engineer - Charlotte, NC or Iselin, NJ - Contract W2/C2C - $37-47 per HR Description We are seeking a skilled data engineer for a hybrid position in the Southeast or Northeast region. This contract role involves designing, maintaining, and optimizing data applications, supporting business processes, and integrating data with enterprise ecosystems. The ideal candidate will have experience with data technologies and a strong background in data engineering. Key Responsibilities Design and dev…",https://www.adzuna.com/land/ad/5886628577?se=hKqg5ja78RGGQ9u1mQKVdw&utm_medium=api&utm_source=e45342b0&v=EBA58181F41A168030ED567BFA84BD7E9C651664,"Data Engineer Data Engineer - Charlotte, NC or Iselin, NJ - Contract W2/C2C - $37-47 per HR Description We are seeking a skilled data engineer for a hybrid position in the Southeast or Northeast region. This contract role involves designing, maintaining, and optimizing data applications, supporting business processes, and integrating data with enterprise ecosystems. The ideal candidate will have experience with data technologies and a strong background in data engineering. Key Responsibilities Design and dev… IT Jobs",[]
data engineer,Data Engineer,CloudAI Technologies,US,142229.36,142229.36,IT Jobs,2026-09-22 20:57:04+00:00,"Position Title: Data Engineer Reports to: Engineering Lead FLSA Classification: Exempt Location: DMV area, hybrid – primarily remote with in-person client engagement as needed Travel Requirements: Occasional travel within the DC-metro area for customer engagements and team on-sites Background Check Required: Yes Position Summary The Data Engineer builds the pipelines and models that turn source system data into analytics customers act on, and builds the reporting layer that sits on top of them.…",https://www.adzuna.com/land/ad/5894476900?se=hKqg5ja78RGGQ9u1mQKVdw&utm_medium=api&utm_source=e45342b0&v=8F21D42499A86D4E1471A1F5AB426C4CE56528EB,"Data Engineer Position Title: Data Engineer Reports to: Engineering Lead FLSA Classification: Exempt Location: DMV area, hybrid – primarily remote with in-person client engagement as needed Travel Requirements: Occasional travel within the DC-metro area for customer engagements and team on-sites Background Check Required: Yes Position Summary The Data Engineer builds the pipelines and models that turn source system data into analytics customers act on, and builds the reporting layer that sits on top of them.… IT Jobs",[]
data engineer,Data Engineer,"Digipulse Technologies, Inc",US,108213.12,108213.12,IT Jobs,2026-09-25 20:49:04+00:00,"Job Description: We are looking for a Senior Data Engineer to support the State of Nebraska’s Medicaid Encounter Processing and enterprise data ingestion platform . The ideal candidate will be responsible for development, production support, performance tuning, troubleshooting, and enhancement of distributed data applications. Required Skills: 7 years of enterprise data engineering / distributed data processing experience Strong hands-on Scala Apache Spark 2.x / 3.x Hive 3.x Drools Rules Engine…",https://www.adzuna.com/land/ad/5898910687?se=hKqg5ja78RGGQ9u1mQKVdw&utm_medium=api&utm_source=e45342b0&v=582C850CE14E2540CE61C50C5385FB5132BDA916,"Data Engineer Job Description: We are looking for a Senior Data Engineer to support the State of Nebraska’s Medicaid Encounter Processing and enterprise data ingestion platform . The ideal candidate will be responsible for development, production support, performance tuning, troubleshooting, and enhancement of distributed data applications. Required Skills: 7 years of enterprise data engineering / distributed data processing experience Strong hands-on Scala Apache Spark 2.x / 3.x Hive 3.x Drools Rules Engine… IT Jobs","['scala', 'spark']"
data engineer,Data Engineer,"Alltech Consulting Services, Inc.",US,108480.02,108480.02,IT Jobs,2026-09-25 14:12:20+00:00,"Sr Data Engineering (Manufacturing experience) REMOTE Job Description (JD) Minimum 8 years of experience in Data Engineering, Analytics, or related data platform development. Strong Power BI experience Modelling, dashboard creation, Self serve Strong proficiency in Python and SQL. Excellent analytical and problem-solving skills. Hands-on experience with Apache Spark and large-scale data processing. Experience working with at least one major cloud platform (AWS, Azure, or Google Cloud Platform).…",https://www.adzuna.com/land/ad/5898633149?se=hKqg5ja78RGGQ9u1mQKVdw&utm_medium=api&utm_source=e45342b0&v=5AA3FEEC542D994C07CF77D7C4DDB695148989FD,"Data Engineer Sr Data Engineering (Manufacturing experience) REMOTE Job Description (JD) Minimum 8 years of experience in Data Engineering, Analytics, or related data platform development. Strong Power BI experience Modelling, dashboard creation, Self serve Strong proficiency in Python and SQL. Excellent analytical and problem-solving skills. Hands-on experience with Apache Spark and large-scale data processing. Experience working with at least one major cloud platform (AWS, Azure, or Google Cloud Platform).… IT Jobs","['python', 'sql', 'power bi', 'spark', 'aws', 'azure', 'google cloud']"
data engineer,Data Engineer,Apex Systems,"Okemos, Ingham County",99002.95,99002.95,IT Jobs,2026-09-17 08:14:36+00:00,"Job: 3052478 Job Description: Summary: We are looking for a Data Engineer to join our Data Engineering Team. The ideal candidate should have a minimum of 3 years of data engineering experience with excellent analytical reasoning and critical thinking skills. The candidate will be a part of a team that does general extraction, transformation, and load (ETL) work, along with traditional Enterprise Data Warehousing (EDW) work. The Data Engineering Team also creates data pipelines that use change d…",https://www.adzuna.com/land/ad/5887678686?se=hKqg5ja78RGGQ9u1mQKVdw&utm_medium=api&utm_source=e45342b0&v=7E531AD2E1CA1F5FBFE03846FBA34ECFAD27131C,"Data Engineer Job: 3052478 Job Description: Summary: We are looking for a Data Engineer to join our Data Engineering Team. The ideal candidate should have a minimum of 3 years of data engineering experience with excellent analytical reasoning and critical thinking skills. The candidate will be a part of a team that does general extraction, transformation, and load (ETL) work, along with traditional Enterprise Data Warehousing (EDW) work. The Data Engineering Team also creates data pipelines that use change d… IT Jobs","['etl', 'data warehousing']"
data engineer,data engineer,Valueprosite,"The Colony, Denton County",207437.47,207437.47,IT Jobs,2026-09-10 01:31:38+00:00,"We are looking marketing profile for a Senior Data Engineer / Technical Lead to architect and lead enterprise-scale data engineering solutions for a leading technology and telecommunications organization. The ideal candidate will have strong expertise in Snowflake, Databricks, Python/PySpark, SQL, Azure, streaming, CI/CD, data quality, and enterprise data platforms , along with strong finance and revenue data experience. Candidate Requirements Senior-level experience in Data Engineering / Techn…",https://www.adzuna.com/land/ad/5878043512?se=hKqg5ja78RGGQ9u1mQKVdw&utm_medium=api&utm_source=e45342b0&v=6628F25A01CCF834AA4FDFDA7B211B9F17734E69,"data engineer We are looking marketing profile for a Senior Data Engineer / Technical Lead to architect and lead enterprise-scale data engineering solutions for a leading technology and telecommunications organization. The ideal candidate will have strong expertise in Snowflake, Databricks, Python/PySpark, SQL, Azure, streaming, CI/CD, data quality, and enterprise data platforms , along with strong finance and revenue data experience. Candidate Requirements Senior-level experience in Data Engineering / Techn… IT Jobs","['python', 'sql', 'snowflake', 'azure']"
data engineer,Data Engineer,"Javen Technologies, Inc","Schiller Park, Cook County",151698.94,151698.94,IT Jobs,2026-09-23 21:06:50+00:00,"Job Title: Data Engineer Duration: 12 Months with possible extension Location: Chicago, IL. About JLL and JLL Technologies: JLL is a leading professional services firm that specializes in real estate and investment management. Our vision is to reimagine the world of real estate, creating rewarding opportunities and amazing spaces where people can achieve their ambitions. In doing so, we will build a better tomorrow for our clients, our people, and our communities. JLL Technologies is a speciali…",https://www.adzuna.com/land/ad/5895975010?se=hKqg5ja78RGGQ9u1mQKVdw&utm_medium=api&utm_source=e45342b0&v=75464DB8F8E7D26078086E3088005A05B3588429,"Data Engineer Job Title: Data Engineer Duration: 12 Months with possible extension Location: Chicago, IL. About JLL and JLL Technologies: JLL is a leading professional services firm that specializes in real estate and investment management. Our vision is to reimagine the world of real estate, creating rewarding opportunities and amazing spaces where people can achieve their ambitions. In doing so, we will build a better tomorrow for our clients, our people, and our communities. JLL Technologies is a speciali… IT Jobs",[]
data engineer,Data Engineer,"Symbioun Technologies, Inc",US,116913.7,116913.7,IT Jobs,2026-09-11 13:45:50+00:00,"• Experience in data engineering, data warehousing, data migration, or analytics engineering. • Strong expertise in SQL development and query optimization. • Strong understanding of relational database concepts and data modeling. • Experience working with databases. • Experience gathering business requirements and translating them into technical solutions. • Demonstrated experience conducting gap analyses and impact assessments. • Strong troubleshooting and problem-solving skills. • Ability to …",https://www.adzuna.com/land/ad/5880040443?se=hKqg5ja78RGGQ9u1mQKVdw&utm_medium=api&utm_source=e45342b0&v=02E6EFCC443BD697E3B84D66530EA759D7DE0E2C,"Data Engineer • Experience in data engineering, data warehousing, data migration, or analytics engineering. • Strong expertise in SQL development and query optimization. • Strong understanding of relational database concepts and data modeling. • Experience working with databases. • Experience gathering business requirements and translating them into technical solutions. • Demonstrated experience conducting gap analyses and impact assessments. • Strong troubleshooting and problem-solving skills. • Ability to … IT Jobs","['sql', 'data warehousing']"
data engineer,Data Engineer,Robert Half,US,110059.05,110059.05,IT Jobs,2026-09-23 10:43:45+00:00,"Description We are looking for a Data Engineer to support data-focused initiatives with a strong emphasis on controls, process clarity, and technical documentation. This is a Long-term Contract position expected to begin as a 3-4 month engagement at 40 hours per week, with remote work flexibility. The ideal candidate will help strengthen data workflows, improve reliability across engineering processes, and create well-organized documentation that supports ongoing delivery and compliance. Respon…",https://www.adzuna.com/land/ad/5895257887?se=hKqg5ja78RGGQ9u1mQKVdw&utm_medium=api&utm_source=e45342b0&v=9B1449A96E6536537CDDD6A7046C454D61D04EB9,"Data Engineer Description We are looking for a Data Engineer to support data-focused initiatives with a strong emphasis on controls, process clarity, and technical documentation. This is a Long-term Contract position expected to begin as a 3-4 month engagement at 40 hours per week, with remote work flexibility. The ideal candidate will help strengthen data workflows, improve reliability across engineering processes, and create well-organized documentation that supports ongoing delivery and compliance. Respon… IT Jobs",[]
data engineer,Data Engineer,Dahl Consulting,"Brooklyn Park, Hennepin County",112036.21,112036.21,IT Jobs,2026-09-24 18:08:18+00:00,"Title: Data Engineer Location: Brooklyn Park, MN | Hybrid Job Type: Contract (6 months) Compensation: $48.00 - $75.00 per hour (W2) Industry: Retail  About the Role Our client, a leading enterprise in the retail and consumer services industry, is seeking a Data Engineer to support large-scale data modernization and analytics initiatives. This role will focus on designing and building scalable data platforms, developing high-performance data pipelines, and delivering reliable data solutions that…",https://www.adzuna.com/land/ad/5897402105?se=hKqg5ja78RGGQ9u1mQKVdw&utm_medium=api&utm_source=e45342b0&v=3BB90F4A4F0A066D6E296D84FCAA6859F78478CC,"Data Engineer Title: Data Engineer Location: Brooklyn Park, MN | Hybrid Job Type: Contract (6 months) Compensation: $48.00 - $75.00 per hour (W2) Industry: Retail  About the Role Our client, a leading enterprise in the retail and consumer services industry, is seeking a Data Engineer to support large-scale data modernization and analytics initiatives. This role will focus on designing and building scalable data platforms, developing high-performance data pipelines, and delivering reliable data solutions that… IT Jobs",[]
data engineer,Data Engineer,INSPYR Solutions,"Jacks Cabin, Gunnison County",129701.91,129701.91,IT Jobs,2026-09-16 14:06:01+00:00,"Title: Data Engineer Location: LATAM Remote Duration: Long Term Contract Compensation: Competitive, based on experience Work Requirements: Citizen of the country of employment or authorized to work in that country. Data Engineer Overview We are seeking an experienced Data Engineer to join our Data Platforms team in an offshore/nearshore capacity. This role is hands-on and focused on designing, building, governing, and supporting reliable data pipelines, data models, and modern lakehouse solutio…",https://www.adzuna.com/land/ad/5886572081?se=hKqg5ja78RGGQ9u1mQKVdw&utm_medium=api&utm_source=e45342b0&v=EEE5A2EC66DC136BD935824FABAD1041BFBD682C,"Data Engineer Title: Data Engineer Location: LATAM Remote Duration: Long Term Contract Compensation: Competitive, based on experience Work Requirements: Citizen of the country of employment or authorized to work in that country. Data Engineer Overview We are seeking an experienced Data Engineer to join our Data Platforms team in an offshore/nearshore capacity. This role is hands-on and focused on designing, building, governing, and supporting reliable data pipelines, data models, and modern lakehouse solutio… IT Jobs",[]
data engineer,Data Engineer,Cycle 3 IT Staffing,US,104842.35,104842.35,IT Jobs,2026-08-18 14:03:35+00:00,"Cycle3 IT Staffing is seeking a Data Engineer for a contracting opportunity. The company is going through access to Databricks migration and need a Data Engineer. Position Overview: • PMO need an Access/VBA developer to update the Tech Finance Master Access DB so it supports two new accounting categories, Deferred SaaS and Add-back, alongside the existing Capitalization and Expense categories. KEY RESPONSIBILITIES: • Learn the current database structure, VBA code, and macro logic. • Add Deferre…",https://www.adzuna.com/land/ad/5847112695?se=hKqg5ja78RGGQ9u1mQKVdw&utm_medium=api&utm_source=e45342b0&v=ECAF26FE70E205687B6681A640DE1F7F5AF6EDE3,"Data Engineer Cycle3 IT Staffing is seeking a Data Engineer for a contracting opportunity. The company is going through access to Databricks migration and need a Data Engineer. Position Overview: • PMO need an Access/VBA developer to update the Tech Finance Master Access DB so it supports two new accounting categories, Deferred SaaS and Add-back, alongside the existing Capitalization and Expense categories. KEY RESPONSIBILITIES: • Learn the current database structure, VBA code, and macro logic. • Add Deferre… IT Jobs",[]
data engineer,Data Engineer,ApTask,"Grand Prairie, Dallas",127967.67,127967.67,IT Jobs,2026-08-25 14:00:53+00:00,"Role: Data Engineer Location: Grand-Prairie, Texas 75050 (Hybrid) Fulltime Salary=$160k/Annum Immediate interview Must have skills: Minimum 5 years of experience (No limit for a right candidate) Strong in SQL and Python proficiency with hands-on experience in medallion/Lakehouse architectures on Databricks, Snowflake, AWS, or Azure. Job Overview: Data Engineering Skilled in building scalable cloud data pipelines for high-volume manufacturing and IoT data using Spark, Kafka, Airflow, and Delta L…",https://www.adzuna.com/land/ad/5855651469?se=hKqg5ja78RGGQ9u1mQKVdw&utm_medium=api&utm_source=e45342b0&v=2A7028FB9D692195350E601584D6A9FCDA013B00,"Data Engineer Role: Data Engineer Location: Grand-Prairie, Texas 75050 (Hybrid) Fulltime Salary=$160k/Annum Immediate interview Must have skills: Minimum 5 years of experience (No limit for a right candidate) Strong in SQL and Python proficiency with hands-on experience in medallion/Lakehouse architectures on Databricks, Snowflake, AWS, or Azure. Job Overview: Data Engineering Skilled in building scalable cloud data pipelines for high-volume manufacturing and IoT data using Spark, Kafka, Airflow, and Delta L… IT Jobs","['python', 'sql', 'snowflake', 'spark', 'kafka', 'airflow', 'aws', 'azure']"
data engineer,Data Engineer,Apex Systems,"Fort Sam Houston, Bexar County",100324.65,100324.65,IT Jobs,2026-09-17 10:12:24+00:00,"Job: 3047677 Job Description: Data Engineer Location: San Antonio, Texas (Hybrid) Role Overview Our organization is seeking a Senior Data Engineer to join our data engineering team. The data engineer will be a key contributor in building and maintaining end-to-end data pipelines for analytics solutions within our Insights & Discovery Platform, which is based on Microsoft Azure Cloud and Azure Synapse Analytics. Key Responsibilities Design, develop, and implement analytics solutions on the Micro…",https://www.adzuna.com/land/ad/5887738773?se=XjEm5za78RGCw6kuTDrJlg&utm_medium=api&utm_source=e45342b0&v=838638FD91C8FBBC3E0462060EF3DD4572D2AAF4,"Data Engineer Job: 3047677 Job Description: Data Engineer Location: San Antonio, Texas (Hybrid) Role Overview Our organization is seeking a Senior Data Engineer to join our data engineering team. The data engineer will be a key contributor in building and maintaining end-to-end data pipelines for analytics solutions within our Insights & Discovery Platform, which is based on Microsoft Azure Cloud and Azure Synapse Analytics. Key Responsibilities Design, develop, and implement analytics solutions on the Micro… IT Jobs",['azure']
data engineer,Data Engineer-,Arcadia Talent Advisory LLC,"Brookhaven, Fulton County",123133.87,123133.87,IT Jobs,2026-08-31 16:03:43+00:00,"Database Engineer (Sandy Springs, GA) Seeking a Data Engineer to help build and launch a new Azure-based lakehouse environment. This role focuses on designing scalable data pipelines, implementing lakehouse architecture, and delivering clean, governed datasets for reporting, analytics, and AI/ML. You'll work across Azure and Microsoft Fabric (OneLake, Data Factory, Power BI, Databricks, Synapse) to create ingestion patterns, curated data models, semantic layers, and AI-ready datasets. Responsib…",https://www.adzuna.com/land/ad/5863122477?se=XjEm5za78RGCw6kuTDrJlg&utm_medium=api&utm_source=e45342b0&v=BA43BFFDA4B969E898B97EDC84F03C969B535AAC,"Data Engineer- Database Engineer (Sandy Springs, GA) Seeking a Data Engineer to help build and launch a new Azure-based lakehouse environment. This role focuses on designing scalable data pipelines, implementing lakehouse architecture, and delivering clean, governed datasets for reporting, analytics, and AI/ML. You'll work across Azure and Microsoft Fabric (OneLake, Data Factory, Power BI, Databricks, Synapse) to create ingestion patterns, curated data models, semantic layers, and AI-ready datasets. Responsib… IT Jobs","['power bi', 'azure']"
data engineer,Data Engineer,Recruit Professional Services,"Pluckemin, Somerset County",74665.23,74665.23,IT Jobs,2026-08-26 18:22:25+00:00,"Data Engineer Responsibilities Develop and maintain scripts and tools using Python, PowerShell, and R. Design, write, and optimize SQL queries for performance and scalability. Help modernize 'legacy' solutions to realign with our current code base and tech stack. Assist in redevelopment, improvement and ongoing maintenance of existing data, analytics, and reporting solutions. Ensure accurate and efficient data integration of diverse data sources and formats. Enhance and support database functio…",https://www.adzuna.com/land/ad/5857428483?se=XjEm5za78RGCw6kuTDrJlg&utm_medium=api&utm_source=e45342b0&v=E3CC979B7ED08BBE7A2AFA6D5210EA4BA5DE7B65,"Data Engineer Data Engineer Responsibilities Develop and maintain scripts and tools using Python, PowerShell, and R. Design, write, and optimize SQL queries for performance and scalability. Help modernize 'legacy' solutions to realign with our current code base and tech stack. Assist in redevelopment, improvement and ongoing maintenance of existing data, analytics, and reporting solutions. Ensure accurate and efficient data integration of diverse data sources and formats. Enhance and support database functio… IT Jobs","['python', 'sql', 'r']"
data engineer,Data Engineer,eNGINE LLC,US,126002.7,126002.7,IT Jobs,2026-09-22 12:41:12+00:00,"Senior Data Engineer About eNGINE eNGINE builds Technical Teams. We are a Solutions and Placement firm shaped by decades of interaction with Technical professionals. Our inspiration is continuous learning and engagement with the markets we serve, the talent we represent, and the teams we build. Our Consulting Workforce is encouraged to enjoy career fulfillment in the form of challenging projects, schedule flexibility, and paid training/certifications. Successful outcomes start and finish with e…",https://www.adzuna.com/land/ad/5894160500?se=XjEm5za78RGCw6kuTDrJlg&utm_medium=api&utm_source=e45342b0&v=2221C3B98D6D813C503314A6E2C11EE84EA073A5,"Data Engineer Senior Data Engineer About eNGINE eNGINE builds Technical Teams. We are a Solutions and Placement firm shaped by decades of interaction with Technical professionals. Our inspiration is continuous learning and engagement with the markets we serve, the talent we represent, and the teams we build. Our Consulting Workforce is encouraged to enjoy career fulfillment in the form of challenging projects, schedule flexibility, and paid training/certifications. Successful outcomes start and finish with e… IT Jobs",[]
data engineer,Data Engineer,Vernus Technologies,US,112847.42,112847.42,IT Jobs,2026-09-02 19:22:02+00:00,"Job Title: Data Engineer 100% Remote Expenses allowed: no Equipment to be Provided Job Summary: Data Engineers work collaboratively with architects, business intelligence developers, data analysts and data scientists to build and maintain analytic solutions utilizing both traditional on-premises and cloud-based platforms. The Data Engineer mid-level is a data pipeline builder contributing to the development and maintenance of data assets. Additional Job Description: Designs, configures, develop…",https://www.adzuna.com/land/ad/5867741816?se=XjEm5za78RGCw6kuTDrJlg&utm_medium=api&utm_source=e45342b0&v=4E25B1F8E06CCFB8A3C89F980F7711D5A3D0058E,"Data Engineer Job Title: Data Engineer 100% Remote Expenses allowed: no Equipment to be Provided Job Summary: Data Engineers work collaboratively with architects, business intelligence developers, data analysts and data scientists to build and maintain analytic solutions utilizing both traditional on-premises and cloud-based platforms. The Data Engineer mid-level is a data pipeline builder contributing to the development and maintenance of data assets. Additional Job Description: Designs, configures, develop… IT Jobs",[]
data engineer,Data Engineer,Pantheon,"Kohrville, Harris County",172270.11,172270.11,IT Jobs,2026-09-24 12:27:28+00:00,"Overview We are looking for a hands-on Data Analytics Engineer with strong experience in DBT, Snowflake, and dimensional data modeling to help build and maintain the analytical foundation that supports enterprise reporting and analytics. Key Responsibilities: - Design, develop, and maintain star-schema data models, including fact and dimension tables. - Build and support DBT models and testing frameworks to deliver trusted, analytics-ready datasets. - Develop, optimize, and troubleshoot data st…",https://www.adzuna.com/land/ad/5897085015?se=XjEm5za78RGCw6kuTDrJlg&utm_medium=api&utm_source=e45342b0&v=D78185D4356029C2D6649D77043C085D0F25FD94,"Data Engineer Overview We are looking for a hands-on Data Analytics Engineer with strong experience in DBT, Snowflake, and dimensional data modeling to help build and maintain the analytical foundation that supports enterprise reporting and analytics. Key Responsibilities: - Design, develop, and maintain star-schema data models, including fact and dimension tables. - Build and support DBT models and testing frameworks to deliver trusted, analytics-ready datasets. - Develop, optimize, and troubleshoot data st… IT Jobs",['snowflake']
data engineer,Data Engineer,Robert Half,"Princeton Junction, Mercer County",101072.84,101072.84,IT Jobs,2026-09-24 21:59:01+00:00,"Description We are looking for a Data Engineer to help build reliable data solutions that support reporting, analytics, and day-to-day business decisions in Princeton, New Jersey. This position focuses on creating scalable data flows, improving platform performance, and organizing data for efficient access across teams. The ideal candidate brings strong technical depth in pipeline development, database technologies, and cloud-based data environments. Responsibilities: Build, enhance, and suppor…",https://www.adzuna.com/land/ad/5897757203?se=XjEm5za78RGCw6kuTDrJlg&utm_medium=api&utm_source=e45342b0&v=F56E1E48FF3EF25DD118143A4373BC47EBC5AD8E,"Data Engineer Description We are looking for a Data Engineer to help build reliable data solutions that support reporting, analytics, and day-to-day business decisions in Princeton, New Jersey. This position focuses on creating scalable data flows, improving platform performance, and organizing data for efficient access across teams. The ideal candidate brings strong technical depth in pipeline development, database technologies, and cloud-based data environments. Responsibilities: Build, enhance, and suppor… IT Jobs",[]
data engineer,Data Engineer,"Innova Solutions, Inc","Five Corners, Hudson County",93532.3,93532.3,IT Jobs,2026-09-15 20:03:35+00:00,"A client of Innova Solutions is immediately hiring for a Data Engineer. Position type: Full-Time Contract (W2) Role: Data Engineer Duration: 6 Months Contract Location : Jersey City, NJ - Onsite Role Job Description: We are seeking an experienced Senior Engineer with strong programming and cloud platform expertise. The ideal candidate will have hands-on experience across core AWS services , a solid background in Python, PySpark, SQL, and data modeling , along with proficiency in leveraging AI d…",https://www.adzuna.com/land/ad/5885287514?se=XjEm5za78RGCw6kuTDrJlg&utm_medium=api&utm_source=e45342b0&v=820917306C852FA2D4B29F5C7069B6C72A6C9749,"Data Engineer A client of Innova Solutions is immediately hiring for a Data Engineer. Position type: Full-Time Contract (W2) Role: Data Engineer Duration: 6 Months Contract Location : Jersey City, NJ - Onsite Role Job Description: We are seeking an experienced Senior Engineer with strong programming and cloud platform expertise. The ideal candidate will have hands-on experience across core AWS services , a solid background in Python, PySpark, SQL, and data modeling , along with proficiency in leveraging AI d… IT Jobs","['python', 'sql', 'aws']"
data engineer,Data Engineer,Apex Systems,"Clayton, Saint Louis County",81736.62,81736.62,IT Jobs,2026-08-28 18:15:45+00:00,"Job: 3048320 Job Description: Data Engineer Location: Clayton, Missouri (Partial Remote) Role Overview We are seeking a Data Engineer for a role in the financial services industry. The position involves authoring, debugging, and optimizing complex data scripts using Python and advanced SQL. The candidate will work with Apache Airflow to design, schedule, and monitor data pipelines and will be responsible for improving existing data pipelines by resolving failures and optimizing resource utiliza…",https://www.adzuna.com/land/ad/5860268291?se=XjEm5za78RGCw6kuTDrJlg&utm_medium=api&utm_source=e45342b0&v=B5FE18643D89CFE2039B496A33B3276C897B8420,"Data Engineer Job: 3048320 Job Description: Data Engineer Location: Clayton, Missouri (Partial Remote) Role Overview We are seeking a Data Engineer for a role in the financial services industry. The position involves authoring, debugging, and optimizing complex data scripts using Python and advanced SQL. The candidate will work with Apache Airflow to design, schedule, and monitor data pipelines and will be responsible for improving existing data pipelines by resolving failures and optimizing resource utiliza… IT Jobs","['python', 'sql', 'airflow']"
data engineer,Data Engineer,SR Talent Solution Inc,"Mount Rainier, Prince George's County",191968.17,191968.17,IT Jobs,2026-09-21 20:52:42+00:00,"In person Interview Title: ETL Data Engineer Location: Washington, DC-4 days onsite MUST HAVES- 15 yrs ETL / Data Engineering experience — end-to-end ETL pipelines, multiple data sources Strong Azure — especially ADF, Synapse, Azure SQL, ADLS Gen2, Blob Storage Strong SQL — relational databases 5 years visualization/reporting tools — Esri ArcGIS, Tableau, or MicroStrategy Data formats — Oracle/SQL/Postgres/DB2  CSV/XML  Parquet/AVRO Data integration/pipeline tools — Informatica, NiFi, Airflow, …",https://www.adzuna.com/land/ad/5893384804?se=XjEm5za78RGCw6kuTDrJlg&utm_medium=api&utm_source=e45342b0&v=AE65B2E5CA691AF62CDDC14DE9ED334ED2E2CEBF,"Data Engineer In person Interview Title: ETL Data Engineer Location: Washington, DC-4 days onsite MUST HAVES- 15 yrs ETL / Data Engineering experience — end-to-end ETL pipelines, multiple data sources Strong Azure — especially ADF, Synapse, Azure SQL, ADLS Gen2, Blob Storage Strong SQL — relational databases 5 years visualization/reporting tools — Esri ArcGIS, Tableau, or MicroStrategy Data formats — Oracle/SQL/Postgres/DB2  CSV/XML  Parquet/AVRO Data integration/pipeline tools — Informatica, NiFi, Airflow, … IT Jobs","['sql', 'tableau', 'airflow', 'azure', 'etl']"
data engineer,Data Engineer,"Mitchell Martin, Inc.","Rosemont, Cook County",130954.49,130954.49,IT Jobs,2026-09-25 08:50:36+00:00,"Data Engineer - Charlotte, NC - Contract - $34-44 per HR Join our team as a Data Engineer in Charlotte, NC, on a contract basis. You will be responsible for developing user-centric applications and collaborating with stakeholders using cutting-edge technologies. This role requires expertise in frontend and backend integration, as well as experience with modern web development frameworks. Key Responsibilities Design and develop modern web applications using a component-based architecture. Build …",https://www.adzuna.com/land/ad/5898348577?se=XjEm5za78RGCw6kuTDrJlg&utm_medium=api&utm_source=e45342b0&v=13833502CA49C31F16D2BE2C9E2AE65326F40A84,"Data Engineer Data Engineer - Charlotte, NC - Contract - $34-44 per HR Join our team as a Data Engineer in Charlotte, NC, on a contract basis. You will be responsible for developing user-centric applications and collaborating with stakeholders using cutting-edge technologies. This role requires expertise in frontend and backend integration, as well as experience with modern web development frameworks. Key Responsibilities Design and develop modern web applications using a component-based architecture. Build … IT Jobs",[]
data engineer,Data Engineer,AgreeYa Solutions,"El Segundo, Los Angeles County",127292.87,127292.87,IT Jobs,2026-09-09 15:53:09+00:00,"Data Engineer Location: El Segundo, CA Work Arrangement: Hybrid – 3 Days Onsite / 2 Days Remote Position Summary We are looking for a skilled Data Engineer with strong hands-on experience in Python, Apache Airflow, ETL/ELT, and SQL. The ideal candidate will be responsible for designing, developing, maintaining, and optimizing data pipelines and workflows that support business and analytical needs. The candidate should have strong experience building reliable ETL pipelines, developing Airflow DA…",https://www.adzuna.com/land/ad/5877477637?se=XjEm5za78RGCw6kuTDrJlg&utm_medium=api&utm_source=e45342b0&v=92050FFDD3D4D413B1FE5FB338E6905FD261A966,"Data Engineer Data Engineer Location: El Segundo, CA Work Arrangement: Hybrid – 3 Days Onsite / 2 Days Remote Position Summary We are looking for a skilled Data Engineer with strong hands-on experience in Python, Apache Airflow, ETL/ELT, and SQL. The ideal candidate will be responsible for designing, developing, maintaining, and optimizing data pipelines and workflows that support business and analytical needs. The candidate should have strong experience building reliable ETL pipelines, developing Airflow DA… IT Jobs","['python', 'sql', 'airflow', 'etl']"
data engineer,Data Engineer,Sabio infotech,"Alondra Park, Los Angeles County",148385.78,148385.78,IT Jobs,2026-09-21 20:52:43+00:00,"Position: Data Engineer Location: Torrance, California (3 Days onsite) Employment Type: Full-Time Responsibilities Develop and Maintain Data Integration Solutions: · Design and implement data integration workflows using AWS Glue/EMR,AWS MWAA(Airflow), Lambda, Redshift · Demonstrate proficiency in Pyspark, Apache Spark and Python for data processing large datasets · Ensure data is accurately and efficiently extracted, transformed, and loaded into target systems. Ensure Data Quality and Integrity…",https://www.adzuna.com/land/ad/5893384890?se=XjEm5za78RGCw6kuTDrJlg&utm_medium=api&utm_source=e45342b0&v=46AE7DDE9DFF7E62AF2AA46BA9B43CD79F8228B4,"Data Engineer Position: Data Engineer Location: Torrance, California (3 Days onsite) Employment Type: Full-Time Responsibilities Develop and Maintain Data Integration Solutions: · Design and implement data integration workflows using AWS Glue/EMR,AWS MWAA(Airflow), Lambda, Redshift · Demonstrate proficiency in Pyspark, Apache Spark and Python for data processing large datasets · Ensure data is accurately and efficiently extracted, transformed, and loaded into target systems. Ensure Data Quality and Integrity… IT Jobs","['python', 'redshift', 'spark', 'airflow', 'aws']"
data engineer,Data Engineer,IO Associates,"Washington, Washington, D.C.",210501.47,210501.47,IT Jobs,2026-09-16 16:05:37+00:00,"Join Our Client as a Data Engineer Our Client is a pioneering organisation at the forefront of AI-driven solutions for defence, government, and critical infrastructure sectors. With a heritage rooted in advanced research and innovation, the company is renowned for its commitment to solving some of the world's most complex, mission-critical challenges through cutting-edge AI technology. Known for a culture that values transparency, results, and compassion, Our Client fosters an environment where…",https://www.adzuna.com/land/ad/5886629219?se=XjEm5za78RGCw6kuTDrJlg&utm_medium=api&utm_source=e45342b0&v=CE94C82BBB6796B7DADE02EC06EA814C420DE402,"Data Engineer Join Our Client as a Data Engineer Our Client is a pioneering organisation at the forefront of AI-driven solutions for defence, government, and critical infrastructure sectors. With a heritage rooted in advanced research and innovation, the company is renowned for its commitment to solving some of the world's most complex, mission-critical challenges through cutting-edge AI technology. Known for a culture that values transparency, results, and compassion, Our Client fosters an environment where… IT Jobs",[]
data engineer,Data Engineer,"InfoVision, Inc.",US,155590.48,155590.48,IT Jobs,2026-09-21 14:38:17+00:00,"Role Summary As a Data Engineer you ll design and build the data infrastructure that powers analytics, AI, and client-facing platforms across our portfolio of engagements. You ll sit at the center of our Data, Analytics & AI practice working alongside data scientists, analytics engineers, and solution architects to turn raw, complex data into reliable, production-grade pipelines. This isn t a support role. The pipelines you build directly shape what our clients can see, measure, and act on. The…",https://www.adzuna.com/land/ad/5893070498?se=XjEm5za78RGCw6kuTDrJlg&utm_medium=api&utm_source=e45342b0&v=E5746CEB4C1CA83F280125FF12BF8A410D85FE8E,"Data Engineer Role Summary As a Data Engineer you ll design and build the data infrastructure that powers analytics, AI, and client-facing platforms across our portfolio of engagements. You ll sit at the center of our Data, Analytics & AI practice working alongside data scientists, analytics engineers, and solution architects to turn raw, complex data into reliable, production-grade pipelines. This isn t a support role. The pipelines you build directly shape what our clients can see, measure, and act on. The… IT Jobs",[]
data engineer,Data Engineer,Robert Half,"Creve Coeur, Saint Louis County",114128.86,114128.86,IT Jobs,2026-09-15 22:09:01+00:00,"Description We are looking for a Data Engineer to support a remote Contract engagement. This role focuses on strengthening device management and compliance operations while helping ensure policies are effectively defined, validated, and enforced across the environment. The ideal candidate brings a strong technical background in data and systems engineering, along with hands-on experience working with modern platforms and compliance-focused workflows. Responsibilities: Assess existing device man…",https://www.adzuna.com/land/ad/5885473135?se=XjEm5za78RGCw6kuTDrJlg&utm_medium=api&utm_source=e45342b0&v=60600A6B127436A98080F77B1E8B6B79BC87AE8A,"Data Engineer Description We are looking for a Data Engineer to support a remote Contract engagement. This role focuses on strengthening device management and compliance operations while helping ensure policies are effectively defined, validated, and enforced across the environment. The ideal candidate brings a strong technical background in data and systems engineering, along with hands-on experience working with modern platforms and compliance-focused workflows. Responsibilities: Assess existing device man… IT Jobs",[]
data engineer,Data Engineer,Techgene Solutions LLC,US,108096.26,108096.26,IT Jobs,2026-09-17 18:11:57+00:00,"Job Description: We want someone who has: 5 years in data engineering or something closely adjacent, with real ownership of production systems Strong SQL and Python, and fluency in modern data modeling Genuine hands-on coverage across the full pipeline - ingestion, transformation, modeling, orchestration, and visualization/BI - not depth at just one end Experience architecting a dbt project, not just adding models to one A modern stack comparable to Snowflake, Fivetran, dbt, and a BI layer like…",https://www.adzuna.com/land/ad/5888243904?se=XjEm5za78RGCw6kuTDrJlg&utm_medium=api&utm_source=e45342b0&v=FCB593EB91D4D87495754AB9FCB13F9EF2A566AB,"Data Engineer Job Description: We want someone who has: 5 years in data engineering or something closely adjacent, with real ownership of production systems Strong SQL and Python, and fluency in modern data modeling Genuine hands-on coverage across the full pipeline - ingestion, transformation, modeling, orchestration, and visualization/BI - not depth at just one end Experience architecting a dbt project, not just adding models to one A modern stack comparable to Snowflake, Fivetran, dbt, and a BI layer like… IT Jobs","['python', 'sql', 'snowflake']"
data engineer,Data Engineer,System One,"Williams, Tulsa County",160338.52,160338.52,IT Jobs,2026-09-10 17:33:56+00:00,"Job Title: Data Engineer Location: Tulsa, OK Type: Contract To Hire Work Model: Hybrid – onsite and remote Hours: 40.0 Security Clearance: Not specified Responsibilities Design, develop, and maintain scalable data pipelines and ETL/ELT processes in AWS. Build and optimize data lakes and data warehouses using modern cloud architectures. Develop and manage batch and real-time data ingestion frameworks. Create high-quality, reusable data models that support analytics and reporting needs. Implement…",https://www.adzuna.com/land/ad/5878879603?se=XjEm5za78RGCw6kuTDrJlg&utm_medium=api&utm_source=e45342b0&v=2E8E90FC2B6D0F7726D664A9D4BAC9F5CE1996AD,"Data Engineer Job Title: Data Engineer Location: Tulsa, OK Type: Contract To Hire Work Model: Hybrid – onsite and remote Hours: 40.0 Security Clearance: Not specified Responsibilities Design, develop, and maintain scalable data pipelines and ETL/ELT processes in AWS. Build and optimize data lakes and data warehouses using modern cloud architectures. Develop and manage batch and real-time data ingestion frameworks. Create high-quality, reusable data models that support analytics and reporting needs. Implement… IT Jobs","['aws', 'etl']"
data engineer,Data Engineer,StoneGate-Technologies LLC,US,91775.72,91775.72,IT Jobs,2026-09-22 16:53:44+00:00,"Job Title: Data Engineer Location: Remote Support the September ramp-up and October implementation of inbound and outbound data processes. Ingest, transform, validate, and reconcile Gainwell, Arcadia, DHCS, and other approved data feeds within standard claims and eligibility environment. Support Atrezzo-related interfaces or reportable extracts, as defined during implementation. Establish data-quality, refresh, completeness, and reconciliation controls for PRISM, case creation, and reporting. P…",https://www.adzuna.com/land/ad/5894311209?se=XjEm5za78RGCw6kuTDrJlg&utm_medium=api&utm_source=e45342b0&v=DD0F93B94F5476B26443E2B4E324E608A316EF24,"Data Engineer Job Title: Data Engineer Location: Remote Support the September ramp-up and October implementation of inbound and outbound data processes. Ingest, transform, validate, and reconcile Gainwell, Arcadia, DHCS, and other approved data feeds within standard claims and eligibility environment. Support Atrezzo-related interfaces or reportable extracts, as defined during implementation. Establish data-quality, refresh, completeness, and reconciliation controls for PRISM, case creation, and reporting. P… IT Jobs",[]
data engineer,Data Engineer,Apex Systems,"Bee Cave, Travis County",92341.11,92341.11,IT Jobs,2026-08-26 18:15:43+00:00,"Job: 3047926 Job Description: Data Engineer Location: Austin, Texas (Onsite) Role Overview We are seeking a Data Engineer to design, build, and maintain scalable data pipelines. This role involves partnering with business and technology teams to define data requirements for AI use cases and operational workflows. The position will focus on developing data models, integrations, and quality controls to support analytics, automation, and model performance. Key Responsibilities Design and build sca…",https://www.adzuna.com/land/ad/5857393063?se=XjEm5za78RGCw6kuTDrJlg&utm_medium=api&utm_source=e45342b0&v=9D1AF4B8C44DE0E227F60F60ED53D94BAF1515BE,"Data Engineer Job: 3047926 Job Description: Data Engineer Location: Austin, Texas (Onsite) Role Overview We are seeking a Data Engineer to design, build, and maintain scalable data pipelines. This role involves partnering with business and technology teams to define data requirements for AI use cases and operational workflows. The position will focus on developing data models, integrations, and quality controls to support analytics, automation, and model performance. Key Responsibilities Design and build sca… IT Jobs",[]
data engineer,Data Engineer,Cyber Space Technologies LLC,"Five Corners, Hudson County",180357.19,180357.19,IT Jobs,2026-07-10 15:17:56+00:00,"Role: Data Engineer Location: Jersey City, NJ Responsibilities Design and develop ETL/ELT pipelines using Databricks and PySpark . Ingest data from multiple sources and transform it for analytics. Collaborate with business and technical teams to deliver data solutions. Implement data quality, monitoring, and governance standards. Required Skills Strong hands-on experience with Databricks and PySpark . Proficiency in SQL and Python. Experience with AWS Cloud. Experience with production support. …",https://www.adzuna.com/land/ad/5795913637?se=XjEm5za78RGCw6kuTDrJlg&utm_medium=api&utm_source=e45342b0&v=49EAF83FDBF4ADD639A3EECCDFFAB24D0871CFC3,"Data Engineer Role: Data Engineer Location: Jersey City, NJ Responsibilities Design and develop ETL/ELT pipelines using Databricks and PySpark . Ingest data from multiple sources and transform it for analytics. Collaborate with business and technical teams to deliver data solutions. Implement data quality, monitoring, and governance standards. Required Skills Strong hands-on experience with Databricks and PySpark . Proficiency in SQL and Python. Experience with AWS Cloud. Experience with production support. … IT Jobs","['python', 'sql', 'aws', 'etl']"
data engineer,Data Engineer,System One,"Edina, Hennepin County",129075.55,129075.55,IT Jobs,2026-09-15 20:13:05+00:00,"Location: Minneapolis, MN System One is seeking a Data Engineer (3 years) to join a growing team in Minneapolis, MN. In this role, you’ll help build and support a modern data platform in Microsoft SQL Server, transforming raw and messy data into high-performance, conformed star schemas that drive business intelligence and reporting Responsibilities: Build multi-layer data pipelines moving data through: Raw layer: ingest structured/semi-structured data from multiple sources Delta layer: cleanse,…",https://www.adzuna.com/land/ad/5885298156?se=XjEm5za78RGCw6kuTDrJlg&utm_medium=api&utm_source=e45342b0&v=250E710A436F8A88869979B2B718E4B3F50735FC,"Data Engineer Location: Minneapolis, MN System One is seeking a Data Engineer (3 years) to join a growing team in Minneapolis, MN. In this role, you’ll help build and support a modern data platform in Microsoft SQL Server, transforming raw and messy data into high-performance, conformed star schemas that drive business intelligence and reporting Responsibilities: Build multi-layer data pipelines moving data through: Raw layer: ingest structured/semi-structured data from multiple sources Delta layer: cleanse,… IT Jobs",['sql']
data engineer,Data Engineer,Robert Half,"Brookfield, Waukesha County",112129.2,112129.2,IT Jobs,2026-09-26 22:13:08+00:00,"Description We are looking for a Data Engineer to help shape and expand a cloud-focused data environment that supports analytics, operational reporting, automation, and emerging AI use cases. Based in Brookfield, Wisconsin, this position works across technical and business teams to deliver dependable data solutions that improve access, accuracy, and usability. The role is ideal for someone who thrives on translating complex data needs into scalable engineering outcomes and values collaboration,…",https://www.adzuna.com/land/ad/5900185957?se=XjEm5za78RGCw6kuTDrJlg&utm_medium=api&utm_source=e45342b0&v=4BBBB704A8BE7BAFF7F239A7C4D7892E6AC021A7,"Data Engineer Description We are looking for a Data Engineer to help shape and expand a cloud-focused data environment that supports analytics, operational reporting, automation, and emerging AI use cases. Based in Brookfield, Wisconsin, this position works across technical and business teams to deliver dependable data solutions that improve access, accuracy, and usability. The role is ideal for someone who thrives on translating complex data needs into scalable engineering outcomes and values collaboration,… IT Jobs",[]
data engineer,Data Engineer,Apex Systems,"Fitchburg, Dane County",112046.57,112046.57,IT Jobs,2026-09-23 20:43:23+00:00,"Job: 3053010 Job Description: Data Engineer Location: Madison, Wisconsin (Remote) Role Overview We are seeking an experienced Snowflake Data Engineering Consultant to support the design, development, and optimization of a foundational enterprise HR data warehouse initiative. This role combines hands-on data engineering responsibilities with data architecture, governance, and future-state planning to help establish a scalable analytics platform that will support reporting, advanced analytics, pr…",https://www.adzuna.com/land/ad/5895813816?se=XjEm5za78RGCw6kuTDrJlg&utm_medium=api&utm_source=e45342b0&v=C17D1BA54DA79FA28C0457E14011D66204450B99,"Data Engineer Job: 3053010 Job Description: Data Engineer Location: Madison, Wisconsin (Remote) Role Overview We are seeking an experienced Snowflake Data Engineering Consultant to support the design, development, and optimization of a foundational enterprise HR data warehouse initiative. This role combines hands-on data engineering responsibilities with data architecture, governance, and future-state planning to help establish a scalable analytics platform that will support reporting, advanced analytics, pr… IT Jobs",['snowflake']
data engineer,Data Engineer,Robert Half,"Saint Paul, Ramsey County",140960.3,140960.3,IT Jobs,2026-09-24 21:59:00+00:00,"Description We are looking for a senior Data Engineer. This position combines architectural leadership with hands-on development across a modern cloud data ecosystem, with a strong focus on building dependable, scalable, and efficient data solutions. The role will help shape engineering standards, strengthen platform governance, and support high-quality data delivery for enterprise analytics and emerging AI-driven use cases. Responsibilities: Provide technical direction to engineering teams and…",https://www.adzuna.com/land/ad/5897757196?se=XjEm5za78RGCw6kuTDrJlg&utm_medium=api&utm_source=e45342b0&v=49190A56AE17831E7098CE66BC5E2DF0B88A412B,"Data Engineer Description We are looking for a senior Data Engineer. This position combines architectural leadership with hands-on development across a modern cloud data ecosystem, with a strong focus on building dependable, scalable, and efficient data solutions. The role will help shape engineering standards, strengthen platform governance, and support high-quality data delivery for enterprise analytics and emerging AI-driven use cases. Responsibilities: Provide technical direction to engineering teams and… IT Jobs",[]
data engineer,Data Engineer,Robert Half,"Fitchburg, Dane County",137976.0,137976.0,IT Jobs,2026-09-19 22:09:45+00:00,"Description We're partnering with a team that is expanding its cloud data capabilities and looking for a Data Engineer to help build the foundation that powers analytics, reporting, and data-driven decision making. This role offers the opportunity to work with large, complex datasets while helping improve how data is collected, organized, and delivered across the business. You'll have a direct impact on the performance, reliability, and scalability of modern data platforms operating in cloud en…",https://www.adzuna.com/land/ad/5891237012?se=XjEm5za78RGCw6kuTDrJlg&utm_medium=api&utm_source=e45342b0&v=896348D5DAF933C81D7003680CD6C2D0200232F6,"Data Engineer Description We're partnering with a team that is expanding its cloud data capabilities and looking for a Data Engineer to help build the foundation that powers analytics, reporting, and data-driven decision making. This role offers the opportunity to work with large, complex datasets while helping improve how data is collected, organized, and delivered across the business. You'll have a direct impact on the performance, reliability, and scalability of modern data platforms operating in cloud en… IT Jobs",[]
data engineer,Data engineer,Xpertiz Inc,"Saint Helena, Pender County",120063.61,120063.61,IT Jobs,2026-09-24 12:42:03+00:00,"Job Title: Senior Databricks Platform & CI/CD Engineer Job Summary We are seeking a hands-on Senior Databricks Platform & CI/CD Engineer to support the implementation, administration, automation, governance, and operationalization of an enterprise Databricks platform. The ideal candidate will have strong experience with Databricks, Unity Catalog, CI/CD, Azure DevOps, GitHub Enterprise, Databricks Asset Bundles (DAB), Python, SQL, and PySpark . This role focuses on Databricks platform engineerin…",https://www.adzuna.com/land/ad/5897131191?se=XjEm5za78RGCw6kuTDrJlg&utm_medium=api&utm_source=e45342b0&v=DA97CB6D2D82693481D032F0348A160D380054E3,"Data engineer Job Title: Senior Databricks Platform & CI/CD Engineer Job Summary We are seeking a hands-on Senior Databricks Platform & CI/CD Engineer to support the implementation, administration, automation, governance, and operationalization of an enterprise Databricks platform. The ideal candidate will have strong experience with Databricks, Unity Catalog, CI/CD, Azure DevOps, GitHub Enterprise, Databricks Asset Bundles (DAB), Python, SQL, and PySpark . This role focuses on Databricks platform engineerin… IT Jobs","['python', 'sql', 'azure']"
data engineer,Data Engineer,Marlabs LLC,"Roseland, Essex County",150959.73,150959.73,IT Jobs,2026-09-15 13:56:28+00:00,"Senior Data Engineer / Power BI Developer - Databricks Location: ALPHARETTA, GA or Roseland, NJ (Hybrid) 12 Month Contract, possible to extend. Overview We are seeking a highly skilled Senior Data / Power BI Developer to transform complex data into scalable, interactive, and actionable business intelligence solutions. This role combines advanced Power BI development, data analysis, and hands-on experience working with Databricks, Python, SQL, and enterprise data platforms. The ideal candidate c…",https://www.adzuna.com/land/ad/5884996704?se=XjEm5za78RGCw6kuTDrJlg&utm_medium=api&utm_source=e45342b0&v=1613DEB28B6CBB7C64FE95D785019F5E200F4404,"Data Engineer Senior Data Engineer / Power BI Developer - Databricks Location: ALPHARETTA, GA or Roseland, NJ (Hybrid) 12 Month Contract, possible to extend. Overview We are seeking a highly skilled Senior Data / Power BI Developer to transform complex data into scalable, interactive, and actionable business intelligence solutions. This role combines advanced Power BI development, data analysis, and hands-on experience working with Databricks, Python, SQL, and enterprise data platforms. The ideal candidate c… IT Jobs","['python', 'sql', 'power bi']"
data engineer,Data Engineer,"Innova Solutions, Inc","Plano, Collin County",87195.66,87195.66,IT Jobs,2026-09-21 12:36:55+00:00,"A client of Innova Solutions is immediately hiring for the Data Engineer ( Python/S3 Storage Developer with AI driven platform Starburst) Position Type: Full time, Hybrid Onsite Contract  (Hybrid Position – 3 days onsite and 2 days remote work in a week) Duration: 12-18 Months contract Location(s): Either Plano, TX / Jersey City, NJ / Charlotte, NC LOCAL OR NEARBY CANDIDATES HIGHLY PREFERRED….SECOND ONSITE/IN-PERSON INTERVIEW REQUIRED CLIENT INTERVIEW PROCESS: • 1st Round Interview - Phone Scre…",https://www.adzuna.com/land/ad/5892993935?se=XjEm5za78RGCw6kuTDrJlg&utm_medium=api&utm_source=e45342b0&v=C8229FBA0B5A0E38278D761C3BC0A01CE57CB780,"Data Engineer A client of Innova Solutions is immediately hiring for the Data Engineer ( Python/S3 Storage Developer with AI driven platform Starburst) Position Type: Full time, Hybrid Onsite Contract  (Hybrid Position – 3 days onsite and 2 days remote work in a week) Duration: 12-18 Months contract Location(s): Either Plano, TX / Jersey City, NJ / Charlotte, NC LOCAL OR NEARBY CANDIDATES HIGHLY PREFERRED….SECOND ONSITE/IN-PERSON INTERVIEW REQUIRED CLIENT INTERVIEW PROCESS: • 1st Round Interview - Phone Scre… IT Jobs",['python']
data engineer,Data Engineer,Robert Half,"Jacksonville, Duval County",173700.9,173700.9,IT Jobs,2026-09-10 22:03:51+00:00,"Description We are looking for a Data Engineer to join our team in Jacksonville, Florida and help shape scalable, enterprise-ready analytics solutions. In this role, you will turn complex business needs into well-structured data models, high-performing pipelines, and actionable reporting assets that support informed decision-making. The ideal candidate brings deep experience with modern data platforms, strong technical leadership, and the ability to guide best practices for analytics, governanc…",https://www.adzuna.com/land/ad/5879136277?se=XjEm5za78RGCw6kuTDrJlg&utm_medium=api&utm_source=e45342b0&v=15E395E512748A2EF3A7C54D2AC2539225CF7760,"Data Engineer Description We are looking for a Data Engineer to join our team in Jacksonville, Florida and help shape scalable, enterprise-ready analytics solutions. In this role, you will turn complex business needs into well-structured data models, high-performing pipelines, and actionable reporting assets that support informed decision-making. The ideal candidate brings deep experience with modern data platforms, strong technical leadership, and the ability to guide best practices for analytics, governanc… IT Jobs",[]
data engineer,Data Engineer,RAKS Group LLC,US,126931.5,126931.5,IT Jobs,2026-09-10 20:22:13+00:00,"Overview: Grant Thornton s Information Technology (IT) vision and strategy consists of 3 pillars, Application Modernization, AI, and Data. In Data, our vision is to enable data-driven decision-making by implementing a firm-wide data strategy that ensures accurate, meaningful reporting and generates actionable insights and opportunities. To realize this vision, IT is establishing a Data & Analytics function underneath the Chief Technology Officer. This organization s goal will be to drive techno…",https://www.adzuna.com/land/ad/5879000242?se=XjEm5za78RGCw6kuTDrJlg&utm_medium=api&utm_source=e45342b0&v=F44A385B7ED550DC880DFD9AA3383559B2778150,"Data Engineer Overview: Grant Thornton s Information Technology (IT) vision and strategy consists of 3 pillars, Application Modernization, AI, and Data. In Data, our vision is to enable data-driven decision-making by implementing a firm-wide data strategy that ensures accurate, meaningful reporting and generates actionable insights and opportunities. To realize this vision, IT is establishing a Data & Analytics function underneath the Chief Technology Officer. This organization s goal will be to drive techno… IT Jobs",[]
data engineer,Data Engineer,"Innova Solutions, Inc","Phoenix, Maricopa County",96252.25,96252.25,IT Jobs,2026-08-11 14:00:57+00:00,"A client of Innova Solutions is immediately hiring for a Data Engineer position Position type: Fulltime, Contract Duration: 12 months Location: Charlotte, NC/ Irving, TX/ Phoenix, AZ/ Minneapolis, MN As a Data Engineer you will : Day to Day Responsibilities Creating/supporting Spark based processing, Kafka streaming Developing data flows using Kafka, Flink, and Spark streaming Design and implementation of highly scalable and modular data pipelines with built-in data controls for automating data…",https://www.adzuna.com/land/ad/5837108810?se=XjEm5za78RGCw6kuTDrJlg&utm_medium=api&utm_source=e45342b0&v=3F92316277D5EE0FE355BA745EA35EA350C211DF,"Data Engineer A client of Innova Solutions is immediately hiring for a Data Engineer position Position type: Fulltime, Contract Duration: 12 months Location: Charlotte, NC/ Irving, TX/ Phoenix, AZ/ Minneapolis, MN As a Data Engineer you will : Day to Day Responsibilities Creating/supporting Spark based processing, Kafka streaming Developing data flows using Kafka, Flink, and Spark streaming Design and implementation of highly scalable and modular data pipelines with built-in data controls for automating data… IT Jobs","['spark', 'kafka']"
data engineer,Data Engineer,Princeton IT Services,US,166923.6,166923.6,IT Jobs,2026-07-24 13:08:08+00:00,"Job Title: Data Engineer Snowflake Location: Toronto,ON Job Overview We are building a modern data platform centered on Snowflake and are seeking a Snowflake-focused Data Engineer to design, build, and operationalize Snowflake-native solutions. This role combines advanced Snowflake development, data architecture, and platform engineering to deliver secure, scalable, and high-performing data products and utilities that support analytics and enterprise data initiatives. Key Responsibilities Desig…",https://www.adzuna.com/land/ad/5814144073?se=XjEm5za78RGCw6kuTDrJlg&utm_medium=api&utm_source=e45342b0&v=C58BFED6820E0F0AC835CFAA9A7F362CEA476B81,"Data Engineer Job Title: Data Engineer Snowflake Location: Toronto,ON Job Overview We are building a modern data platform centered on Snowflake and are seeking a Snowflake-focused Data Engineer to design, build, and operationalize Snowflake-native solutions. This role combines advanced Snowflake development, data architecture, and platform engineering to deliver secure, scalable, and high-performing data products and utilities that support analytics and enterprise data initiatives. Key Responsibilities Desig… IT Jobs",['snowflake']
data engineer,Data Engineer,"Select Solutions Group, LLC","Grand Central, Manhattan",167013.08,167013.08,IT Jobs,2026-09-15 16:05:47+00:00,"Data Engineer Consulting Opportunity in NYC (hybrid, in office 3 days a week) The qualified candidate must have experience/skills in the following areas: 5 years of experience working as a Software Engineer, preferably in a fast-paced startup environment Python/Web frameworks SQL / MySQL RDBMS and database design AWS (EC2, RDS, S3, SQS) Kubernetes, Istio, ArgoCD Unit/functional testing Linux/UNIX API design and implementation Comfortable working with stakeholders outside the Engineering team, i…",https://www.adzuna.com/land/ad/5885090469?se=XjEm5za78RGCw6kuTDrJlg&utm_medium=api&utm_source=e45342b0&v=952F37A21D0D6B55778BD94A2FD67EC93E6E494F,"Data Engineer Data Engineer Consulting Opportunity in NYC (hybrid, in office 3 days a week) The qualified candidate must have experience/skills in the following areas: 5 years of experience working as a Software Engineer, preferably in a fast-paced startup environment Python/Web frameworks SQL / MySQL RDBMS and database design AWS (EC2, RDS, S3, SQS) Kubernetes, Istio, ArgoCD Unit/functional testing Linux/UNIX API design and implementation Comfortable working with stakeholders outside the Engineering team, i… IT Jobs","['python', 'sql', 'mysql', 'aws']"
data engineer,Data Engineer,Apex Systems,"Eagan, Dakota County",77659.04,77659.04,IT Jobs,2026-09-24 08:55:36+00:00,"Job: 3053190 Job Description: Data Engineer Location: Remote Role Overview This position is for a Data Engineer. The role involves the development and design of web applications and websites. The main function is to direct website content creation, enhancement, and maintenance. Key Responsibilities Design, build, or maintain websites using authoring or scripting languages, content creation tools, management tools, and digital media. Identify and correct problems uncovered by testing or customer…",https://www.adzuna.com/land/ad/5896876652?se=XjEm5za78RGCw6kuTDrJlg&utm_medium=api&utm_source=e45342b0&v=B40973E81BBE5F6F7C8B0A4779A7B7AFE0CBF662,"Data Engineer Job: 3053190 Job Description: Data Engineer Location: Remote Role Overview This position is for a Data Engineer. The role involves the development and design of web applications and websites. The main function is to direct website content creation, enhancement, and maintenance. Key Responsibilities Design, build, or maintain websites using authoring or scripting languages, content creation tools, management tools, and digital media. Identify and correct problems uncovered by testing or customer… IT Jobs",[]
data engineer,Data Engineer,Prudent Technologies and Consulting,"Plano, Collin County",123989.12,123989.12,IT Jobs,2026-09-23 13:23:25+00:00,"Role -Data Engineer ( DBT , Snowflake is must) Location - San Antonia, TX/ Plano, TX Job Summary The Senior Technical Lead will be responsible for leading technical teams and projects related to Snowflake, DBT, SQL, and Python. The role involves overseeing the design, development, and implementation of data solutions leveraging these technologies to meet business requirements. Key Responsibilities 1. Lead and manage technical teams in the development and implementation of snowflake data solutio…",https://www.adzuna.com/land/ad/5895481302?se=XjEm5za78RGCw6kuTDrJlg&utm_medium=api&utm_source=e45342b0&v=83EAB49CD64FE9BA6A79C65E0A80B1F1680330EC,"Data Engineer Role -Data Engineer ( DBT , Snowflake is must) Location - San Antonia, TX/ Plano, TX Job Summary The Senior Technical Lead will be responsible for leading technical teams and projects related to Snowflake, DBT, SQL, and Python. The role involves overseeing the design, development, and implementation of data solutions leveraging these technologies to meet business requirements. Key Responsibilities 1. Lead and manage technical teams in the development and implementation of snowflake data solutio… IT Jobs","['python', 'sql', 'snowflake']"
data engineer,Data Engineer,Prudent Technologies and Consulting,"Plano, Collin County",128897.31,128897.31,IT Jobs,2026-09-23 13:23:25+00:00,"Job Title - Data Engineer ( DBT , Snowflake is must) Location - San Antonia, TX/ Plano, TX Duration: 6 Months USC-EAD/TN/ only Job Summary The Senior Technical Lead will be responsible for leading technical teams and projects related to Snowflake, DBT, SQL, and Python. The role involves overseeing the design, development, and implementation of data solutions leveraging these technologies to meet business requirements. Key Responsibilities 1. Lead and manage technical teams in the development an…",https://www.adzuna.com/land/ad/5895481312?se=XjEm5za78RGCw6kuTDrJlg&utm_medium=api&utm_source=e45342b0&v=5D2CFABC5874B51487DC1FEE607B82D79A359936,"Data Engineer Job Title - Data Engineer ( DBT , Snowflake is must) Location - San Antonia, TX/ Plano, TX Duration: 6 Months USC-EAD/TN/ only Job Summary The Senior Technical Lead will be responsible for leading technical teams and projects related to Snowflake, DBT, SQL, and Python. The role involves overseeing the design, development, and implementation of data solutions leveraging these technologies to meet business requirements. Key Responsibilities 1. Lead and manage technical teams in the development an… IT Jobs","['python', 'sql', 'snowflake']"
data engineer,Data Engineer,Apex Systems,"Ocoee, Orange County",106631.18,106631.18,IT Jobs,2026-09-25 08:40:00+00:00,"Job: 3053243 Job Description: Data Engineer Location: Ocoee, Florida (Remote) Duration: 6 Month Contract to Hire Rate: $55-$68 Per Hour W2 Position Overview We are seeking a hands-on BI Data Engineer to support the modernization of our business intelligence and data platform. This individual will initially focus on analyzing, rationalizing, and cleaning up a large Tableau Cloud reporting environment. The role will then help support the transition of priority reporting solutions from Tableau to …",https://www.adzuna.com/land/ad/5898325655?se=XjEm5za78RGCw6kuTDrJlg&utm_medium=api&utm_source=e45342b0&v=0A1CD0EE10B90B8379EC4C41BC3123F705C3129F,"Data Engineer Job: 3053243 Job Description: Data Engineer Location: Ocoee, Florida (Remote) Duration: 6 Month Contract to Hire Rate: $55-$68 Per Hour W2 Position Overview We are seeking a hands-on BI Data Engineer to support the modernization of our business intelligence and data platform. This individual will initially focus on analyzing, rationalizing, and cleaning up a large Tableau Cloud reporting environment. The role will then help support the transition of priority reporting solutions from Tableau to … IT Jobs",['tableau']
data engineer,Data Engineer,Apex Systems,"Eagan, Dakota County",91166.3,91166.3,IT Jobs,2026-09-21 18:45:33+00:00,"Job: 3052644 Job Description: Data Engineer Location: Eagan, Minnesota (Remote) Role Overview We are seeking two intermediate Data Engineers to support the build of a new Google Cloud Platform-based data platform and establish standardized ELT patterns. This role is integral to supporting key deliverables that require new data ingestion pipelines and platform capabilities. The position involves working heavily with Google Cloud Platform Composer, Dataflow, and BigQuery. Key Responsibilities Des…",https://www.adzuna.com/land/ad/5893244127?se=XjEm5za78RGCw6kuTDrJlg&utm_medium=api&utm_source=e45342b0&v=FAF8BC74ED038D6C36275119CD4A046C80B9BE1F,"Data Engineer Job: 3052644 Job Description: Data Engineer Location: Eagan, Minnesota (Remote) Role Overview We are seeking two intermediate Data Engineers to support the build of a new Google Cloud Platform-based data platform and establish standardized ELT patterns. This role is integral to supporting key deliverables that require new data ingestion pipelines and platform capabilities. The position involves working heavily with Google Cloud Platform Composer, Dataflow, and BigQuery. Key Responsibilities Des… IT Jobs","['bigquery', 'google cloud']"
data engineer,Data Engineer,Aditi Consulting,"Coppell, Dallas",111386.77,111386.77,IT Jobs,2026-09-24 14:13:35+00:00,"Payrate: $44.00 - $44.05/hr. Summary We are seeking a Data Engineer to join our team for a 12-month assignment at our Coppell, TX location. The ideal candidate will have a Bachelor's degree and 0-3 years of job-related experience, with a preference for prior experience in telecommunications. Korean bilingual proficiency is required. Responsibilities Collaborate with stakeholders to identify opportunities for automation in the manufacturing process. Design and develop customized solutions using …",https://www.adzuna.com/land/ad/5897257350?se=XjEm5za78RGCw6kuTDrJlg&utm_medium=api&utm_source=e45342b0&v=C43BB740D9B6456E8D089348793D1661991A8640,"Data Engineer Payrate: $44.00 - $44.05/hr. Summary We are seeking a Data Engineer to join our team for a 12-month assignment at our Coppell, TX location. The ideal candidate will have a Bachelor's degree and 0-3 years of job-related experience, with a preference for prior experience in telecommunications. Korean bilingual proficiency is required. Responsibilities Collaborate with stakeholders to identify opportunities for automation in the manufacturing process. Design and develop customized solutions using … IT Jobs",[]
data engineer,Data Engineer,Genesis10,"Plano, Collin County",136278.31,136278.31,IT Jobs,2026-07-15 19:59:40+00:00,"Genesis10 is currently seeking a Data Engineer for a direct hire opportunity with a Financial Services Organization located in Plano, TX or Camas, WA. Summary: In this role, you will design and deliver modern data solutions using cloud-based platforms and AI-driven innovations. As an enterprise expert, you will partner with business, technology, and governance teams to develop and optimize data processing systems and pipelines used to populate transactional databases, data warehouses, and other…",https://www.adzuna.com/land/ad/5801952696?se=XjEm5za78RGCw6kuTDrJlg&utm_medium=api&utm_source=e45342b0&v=AB992F6637C5382FEF87F697BD0D93B4ABDC6241,"Data Engineer Genesis10 is currently seeking a Data Engineer for a direct hire opportunity with a Financial Services Organization located in Plano, TX or Camas, WA. Summary: In this role, you will design and deliver modern data solutions using cloud-based platforms and AI-driven innovations. As an enterprise expert, you will partner with business, technology, and governance teams to develop and optimize data processing systems and pipelines used to populate transactional databases, data warehouses, and other… IT Jobs",[]
data engineer,Data Engineer,Shakti Solutions,US,81136.35,81136.35,Healthcare & Nursing Jobs,2026-09-17 18:17:04+00:00,"Over 8 Years of IT experience. Good experience in Spark, Python and DBX. Good communication skills. Thanks and Regards, Aju Shakti Group Inc Email:",https://www.adzuna.com/land/ad/5888245921?se=XjEm5za78RGCw6kuTDrJlg&utm_medium=api&utm_source=e45342b0&v=1F21BF0803CCF6411F20563D995373189AAB6E00,"Data Engineer Over 8 Years of IT experience. Good experience in Spark, Python and DBX. Good communication skills. Thanks and Regards, Aju Shakti Group Inc Email: Healthcare & Nursing Jobs","['python', 'spark', 'communication']"
data engineer,Data Engineer,VRN Technologies,"Fort Sam Houston, Bexar County",195310.6,195310.6,IT Jobs,2026-09-15 13:56:28+00:00,"· 6 years of hands-on experience architectural designing or building in Snowflake. · Deep proficiency with dbt (Core or Cloud). · Strong familiarity with AWS services such as S3, IAM, EC2, Lambda. · Expert-level SQL (window functions, CTEs) and strong proficiency in Python for data scripting. · Experience with workflow management tools like Apache Airflow. · Version Control: Solid grounding in Git workflows and CI/CD pipelines.",https://www.adzuna.com/land/ad/5884996685?se=XjEm5za78RGCw6kuTDrJlg&utm_medium=api&utm_source=e45342b0&v=92C2794DAD7A64D48B88E43534FBD33CB32FB811,"Data Engineer · 6 years of hands-on experience architectural designing or building in Snowflake. · Deep proficiency with dbt (Core or Cloud). · Strong familiarity with AWS services such as S3, IAM, EC2, Lambda. · Expert-level SQL (window functions, CTEs) and strong proficiency in Python for data scripting. · Experience with workflow management tools like Apache Airflow. · Version Control: Solid grounding in Git workflows and CI/CD pipelines. IT Jobs","['python', 'sql', 'snowflake', 'airflow', 'aws']"
data engineer,Data Engineer,Apex 2000,"Bentonville, Benton County",111478.05,111478.05,IT Jobs,2026-09-15 14:06:55+00:00,Google Cloud Platform Airflow Java spark -they shud be good in java spark and Google Cloud Platform airflow,https://www.adzuna.com/land/ad/5884998904?se=XjEm5za78RGCw6kuTDrJlg&utm_medium=api&utm_source=e45342b0&v=6DE50B3C5578AF8F416141D302094433AE4FDA21,Data Engineer Google Cloud Platform Airflow Java spark -they shud be good in java spark and Google Cloud Platform airflow IT Jobs,"['java', 'spark', 'airflow', 'google cloud']"
data engineer,Principal Data Engineer,Oracle,"Nashville, Howard County",116591.48,116591.48,IT Jobs,2026-09-15 07:46:05+00:00,"hackajob is collaborating with Oracle to connect them with exceptional professionals for this role. Description Provides expertise on the design and participates in building of data infrastructure to optimize data processing from a variety of data sources. Independently designs and implements data governance policies and procedures for data handling to manage data consistency, integrity, accuracy, and reliability. Provides expertise on and participates in the design and implementation of rigoro…",https://www.adzuna.com/land/ad/5884583656?se=XjEm5za78RGCw6kuTDrJlg&utm_medium=api&utm_source=e45342b0&v=8665E0E22217F8DC3AB0C90E9532DBCC014A52EE,"Principal Data Engineer hackajob is collaborating with Oracle to connect them with exceptional professionals for this role. Description Provides expertise on the design and participates in building of data infrastructure to optimize data processing from a variety of data sources. Independently designs and implements data governance policies and procedures for data handling to manage data consistency, integrity, accuracy, and reliability. Provides expertise on and participates in the design and implementation of rigoro… IT Jobs",[]
data engineer,Senior Data Engineer,Oracle,"Nashville, Howard County",148793.47,148793.47,IT Jobs,2026-09-15 07:45:40+00:00,"hackajob is collaborating with Oracle to connect them with exceptional professionals for this role. Description Oracle Cloud Infrastructure (OCI) is seeking a Senior Data Engineer to join the Capacity Data Analytics team. This team develops the trusted data foundation, reporting platforms, self-service analytics solutions, and data management infrastructure that enable strategic decision-making across OCI's Compute, Storage, Networking, and Data Center organizations. In this role, you will part…",https://www.adzuna.com/land/ad/5884582280?se=XjEm5za78RGCw6kuTDrJlg&utm_medium=api&utm_source=e45342b0&v=98DE3C20A2F4EB3B4CAA2AD25DC535E599A8FBC3,"Senior Data Engineer hackajob is collaborating with Oracle to connect them with exceptional professionals for this role. Description Oracle Cloud Infrastructure (OCI) is seeking a Senior Data Engineer to join the Capacity Data Analytics team. This team develops the trusted data foundation, reporting platforms, self-service analytics solutions, and data management infrastructure that enable strategic decision-making across OCI's Compute, Storage, Networking, and Data Center organizations. In this role, you will part… IT Jobs",[]
data engineer,Lead Data Engineer,J.P. Morgan,"Jersey City, Hudson County",114027.03,114027.03,IT Jobs,2026-09-16 22:30:00+00:00,"hackajob is collaborating with J.P. Morgan to connect them with exceptional professionals for this role. JOB DESCRIPTION Join us as we embark on a journey of collaboration and innovation, where your unique skills and talents will be valued and celebrated. Together we will create a brighter future and make a meaningful difference. As a Lead Data Engineer at JPMorganChase within the Corporate Sector, you are an integral part of an agile team that works to enhance, build, and deliver data collecti…",https://www.adzuna.com/land/ad/5887016355?se=XjEm5za78RGCw6kuTDrJlg&utm_medium=api&utm_source=e45342b0&v=57ABB88DF9993EC0559658A30A5E57E1B953527A,"Lead Data Engineer hackajob is collaborating with J.P. Morgan to connect them with exceptional professionals for this role. JOB DESCRIPTION Join us as we embark on a journey of collaboration and innovation, where your unique skills and talents will be valued and celebrated. Together we will create a brighter future and make a meaningful difference. As a Lead Data Engineer at JPMorganChase within the Corporate Sector, you are an integral part of an agile team that works to enhance, build, and deliver data collecti… IT Jobs",['agile']
data engineer,Senior Data Engineer,MANTECH,"Chantilly, Fairfax County",110934.31,110934.31,IT Jobs,2026-09-14 19:40:07+00:00,"hackajob is collaborating with MANTECH to connect them with exceptional professionals for this role. MANTECH seeks a motivated, career and customer-oriented Senior Data Engineer to join our team in Chantilly, VA. In this role, you will leverage your software development expertise to support the design, ingestion, cleansing, transformation, loading, and visualization of complex, large-scale data sets. Responsibilities Design, implement, and optimize data extraction, cleansing, transformation, lo…",https://www.adzuna.com/land/ad/5883982556?se=XjEm5za78RGCw6kuTDrJlg&utm_medium=api&utm_source=e45342b0&v=5B81CB937B1059474682D03E72845DCEF0C27DCC,"Senior Data Engineer hackajob is collaborating with MANTECH to connect them with exceptional professionals for this role. MANTECH seeks a motivated, career and customer-oriented Senior Data Engineer to join our team in Chantilly, VA. In this role, you will leverage your software development expertise to support the design, ingestion, cleansing, transformation, loading, and visualization of complex, large-scale data sets. Responsibilities Design, implement, and optimize data extraction, cleansing, transformation, lo… IT Jobs",[]
data engineer,Data Engineering Associate,J.P. Morgan,"Columbus, Hempstead County",119726.76,119726.76,IT Jobs,2026-09-27 22:58:58+00:00,"hackajob is collaborating with J.P. Morgan to connect them with exceptional professionals for this role. JOB DESCRIPTION Join a team where your engineering skills directly shape the technology powering millions of customers and businesses worldwide. At JPMorganChase, we invest in our engineers, offering the tools, mentorship, and scale to help you grow from a strong individual contributor into a well-rounded technologist. As a Software Engineer III at JPMorganChase, you will contribute to the d…",https://www.adzuna.com/land/ad/5901148126?se=XjEm5za78RGCw6kuTDrJlg&utm_medium=api&utm_source=e45342b0&v=38A7679A198F23A65E1201846798F27ABFC55B95,"Data Engineering Associate hackajob is collaborating with J.P. Morgan to connect them with exceptional professionals for this role. JOB DESCRIPTION Join a team where your engineering skills directly shape the technology powering millions of customers and businesses worldwide. At JPMorganChase, we invest in our engineers, offering the tools, mentorship, and scale to help you grow from a strong individual contributor into a well-rounded technologist. As a Software Engineer III at JPMorganChase, you will contribute to the d… IT Jobs",[]
data engineer,"Data Engineer, Specialist",Vanguard,"Frazer, Chester County",112316.6,112316.6,IT Jobs,2026-09-02 07:52:39+00:00,"hackajob is collaborating with Vanguard to connect them with exceptional professionals for this role. Provides advanced data solutions by using software to process, store, and serve data to others. Tests data quality and optimizes data availability. Ensures that data pipelines are scalable, repeatable, and secure. Utilizes a deep dive analytical skillset on a variety of internal and external data. Core Responsibilities Provides advanced data solutions by using software to process, store, and se…",https://www.adzuna.com/land/ad/5867068376?se=XjEm5za78RGCw6kuTDrJlg&utm_medium=api&utm_source=e45342b0&v=39FAFABB43750BEACB7CB6CD94AF531392BFFC48,"Data Engineer, Specialist hackajob is collaborating with Vanguard to connect them with exceptional professionals for this role. Provides advanced data solutions by using software to process, store, and serve data to others. Tests data quality and optimizes data availability. Ensures that data pipelines are scalable, repeatable, and secure. Utilizes a deep dive analytical skillset on a variety of internal and external data. Core Responsibilities Provides advanced data solutions by using software to process, store, and se… IT Jobs",[]
remote,Software Developer Security Analytics,RedMimicry,,,,"golang, infosec, dev, stats, full time, digital nomad",2026-09-22 09:00:01+00:00,"Remote - Location: Mostly remote (within Germany), with monthly in-person collaboration at our Berlin officeHours: Full-time, 40 hours per weekContract: Fixed-termSalary: EUR 69,000 â 77,000We are building a new capability that turns fragmented, noisy security logs...<br/><br/>Please mention the word **CONTINUITY** and tag RNTIuMjQyLjI0Mi4xODY= when applying to show you read the job post completely (#RNTIuMjQyLjI0Mi4xODY=). This is a beta feature to avoid spam applicants. Companies can search these words to find applicants that read this and see they're human.",https://remoteOK.com/remote-jobs/remote-software-developer-security-analytics-redmimicry-1137417,"Software Developer Security Analytics Remote - Location: Mostly remote (within Germany), with monthly in-person collaboration at our Berlin officeHours: Full-time, 40 hours per weekContract: Fixed-termSalary: EUR 69,000 â 77,000We are building a new capability that turns fragmented, noisy security logs...<br/><br/>Please mention the word **CONTINUITY** and tag RNTIuMjQyLjI0Mi4xODY= when applying to show you read the job post completely (#RNTIuMjQyLjI0Mi4xODY=). This is a beta feature to avoid spam applicants. Companies can search these words to find applicants that read this and see they're human. golang, infosec, dev, stats, full time, digital nomad",[]
remote,Data Analyst,SEAhub Asia,"Kuala Lumpur, Kuala Lumpur, Wilayah Persekutuan Kuala Lumpur, Malaysia",,,"saas, customer support, marketing, exec, ops, sales, analyst, virtual assistant, infosec, consulting, dev, finance, math, data science, medical, full time, digital nomad, web dev, speech, video, mobile, senior, recruiter, technical, content writing, social media, golang, ads, embedded, bus dev, python, excel, stats",2026-08-04 14:20:29+00:00,"<strong>Build What's Next With Us<br><br></strong>At SEAhub Asia, your career isn't just a job â it's a launchpad.<br><br>We move fast, think big, and build futures together.<br><br>What's waiting for you here?<br><br><strong>Remote-first roles built for freedom and flexibility<br><br></strong><strong>Learning &amp; Development That Sharpens Skills And Accelerates Careers<br><br></strong><strong>Competitive salary packages for high performers<br><br></strong><strong>Wellbeing perks that help you thrive inside and outside work<br><br></strong><strong>A team that supports, celebrates, and wins as one<br><br></strong>and we're just getting started.<br><br>We're growing across Southeast Asia â and we're searching for sharp minds, big thinkers and curious hearts ready to help us build what's next. learners, and big thinkers who want to create what's next.<br><br>If you're ready to make a real impact and grow with a future-ready team, <strong>your next chapter starts here.<br><br></strong><strong>Job Summary<br><br></strong>Support the Data Analytics team by assisting with data validation, report generation, and basic analysis to help ensure data accuracy and enable informed business decision-making. <br><br><strong>Responsibilities:<br><br></strong><ul><li>Reporting, Analysis &amp; Insight Communication</li><ul><li>Prepare reports and perform data analysis to support data-driven decision-making</li><li>Monitor key business performance metrics to identify trends, patterns, and anomalies</li><li>Assist in building and maintaining dashboards and reports for performance tracking</li><li>Communicate data insights to stakeholders in a clear, concise, and actionable way<br></li></ul><li>Data Quality &amp; Validation</li><ul><li>Support the validation and upkeep of data accuracy across dashboards and data pipelines<br></li></ul><li>Cross-Team Collaboration</li><ul><li>Respond to data requests from cross-functional teams, including coordinating requirements and providing basic analytical support<br></li></ul><li>Process Improvement &amp; Documentation</li><ul><li>Document data processes and workflows, and contribute to improving existing data practices and standards</li><li>Explore and apply new tools and methods to enhance the efficiency and quality of data work<br></li></ul><li>Ad-Hoc Analytical Projects</li><ul><li>Assist with ad-hoc data tasks and analytical projects as needed<br><br><br></li></ul></ul><strong>Requirements:<br><br></strong><ul><li>0â1 year of experience in data analysis or a related field.</li><li>Foundational knowledge of SQL, Excel, and data visualization platforms such as Power BI or Tableau.</li><li>Exposure to Python for data analysis is an added advantage.</li><li>Highly detail-oriented with a strong focus on maintaining data quality and accuracy.</li><li>Strong communication skills with the ability to present findings and insights clearly.</li><li>Demonstrates a proactive mindset and willingness to learn new tools, technologies, and analytical techniques.</li><li>Well-organized, with the ability to prioritize and manage multiple tasks effectively.<br><br><br></li></ul>Don't miss out on this exciting opportunity! Apply now at www.seahubasia.com.<br/><br/>Please mention the word **BRIGHTEST** and tag RNTIuMjQyLjI0Mi4xODY= when applying to show you read the job post completely (#RNTIuMjQyLjI0Mi4xODY=). This is a beta feature to avoid spam applicants. Companies can search these words to find applicants that read this and see they're human.",https://remoteOK.com/remote-jobs/remote-data-analyst-seahub-asia-1136222,"Data Analyst <strong>Build What's Next With Us<br><br></strong>At SEAhub Asia, your career isn't just a job â it's a launchpad.<br><br>We move fast, think big, and build futures together.<br><br>What's waiting for you here?<br><br><strong>Remote-first roles built for freedom and flexibility<br><br></strong><strong>Learning &amp; Development That Sharpens Skills And Accelerates Careers<br><br></strong><strong>Competitive salary packages for high performers<br><br></strong><strong>Wellbeing perks that help you thrive inside and outside work<br><br></strong><strong>A team that supports, celebrates, and wins as one<br><br></strong>and we're just getting started.<br><br>We're growing across Southeast Asia â and we're searching for sharp minds, big thinkers and curious hearts ready to help us build what's next. learners, and big thinkers who want to create what's next.<br><br>If you're ready to make a real impact and grow with a future-ready team, <strong>your next chapter starts here.<br><br></strong><strong>Job Summary<br><br></strong>Support the Data Analytics team by assisting with data validation, report generation, and basic analysis to help ensure data accuracy and enable informed business decision-making. <br><br><strong>Responsibilities:<br><br></strong><ul><li>Reporting, Analysis &amp; Insight Communication</li><ul><li>Prepare reports and perform data analysis to support data-driven decision-making</li><li>Monitor key business performance metrics to identify trends, patterns, and anomalies</li><li>Assist in building and maintaining dashboards and reports for performance tracking</li><li>Communicate data insights to stakeholders in a clear, concise, and actionable way<br></li></ul><li>Data Quality &amp; Validation</li><ul><li>Support the validation and upkeep of data accuracy across dashboards and data pipelines<br></li></ul><li>Cross-Team Collaboration</li><ul><li>Respond to data requests from cross-functional teams, including coordinating requirements and providing basic analytical support<br></li></ul><li>Process Improvement &amp; Documentation</li><ul><li>Document data processes and workflows, and contribute to improving existing data practices and standards</li><li>Explore and apply new tools and methods to enhance the efficiency and quality of data work<br></li></ul><li>Ad-Hoc Analytical Projects</li><ul><li>Assist with ad-hoc data tasks and analytical projects as needed<br><br><br></li></ul></ul><strong>Requirements:<br><br></strong><ul><li>0â1 year of experience in data analysis or a related field.</li><li>Foundational knowledge of SQL, Excel, and data visualization platforms such as Power BI or Tableau.</li><li>Exposure to Python for data analysis is an added advantage.</li><li>Highly detail-oriented with a strong focus on maintaining data quality and accuracy.</li><li>Strong communication skills with the ability to present findings and insights clearly.</li><li>Demonstrates a proactive mindset and willingness to learn new tools, technologies, and analytical techniques.</li><li>Well-organized, with the ability to prioritize and manage multiple tasks effectively.<br><br><br></li></ul>Don't miss out on this exciting opportunity! Apply now at www.seahubasia.com.<br/><br/>Please mention the word **BRIGHTEST** and tag RNTIuMjQyLjI0Mi4xODY= when applying to show you read the job post completely (#RNTIuMjQyLjI0Mi4xODY=). This is a beta feature to avoid spam applicants. Companies can search these words to find applicants that read this and see they're human. saas, customer support, marketing, exec, ops, sales, analyst, virtual assistant, infosec, consulting, dev, finance, math, data science, medical, full time, digital nomad, web dev, speech, video, mobile, senior, recruiter, technical, content writing, social media, golang, ads, embedded, bus dev, python, excel, stats","['python', 'sql', 'excel', 'tableau', 'power bi', 'data visualization', 'communication']"
remote,Data Analyst Assistant,Arabian Private Holdings,"Ø¯Ø¨Ù, Ø¯Ø¨Ù Ø¯Ø¨Ù Ø§ÙØ¥ÙØ§Ø±Ø§Øª Ø§ÙØ¹Ø±Ø¨ÙØ© Ø§ÙÙØªØ­Ø¯Ø©",,,"saas, customer support, marketing, exec, ops, sales, analyst, virtual assistant, infosec, consulting, dev, finance, math, data science, medical, full time, digital nomad",2026-08-04 13:06:29+00:00,"<strong>About the role<br></strong> The Data Analyst Assistant role is central to our current engagement with a Dubai-based investment firm that requires precise data handling and clear visualization. This position provides the quantitative groundwork that allows our principals to form a view on complex corporate governance and strategy questions. We need an assistant who can organize messy data sets into logical structures that reveal the health and performance of a holding company.<br>  <br><strong>About Arabian Private Holdings<br></strong> Arabian Private Holdings was founded on the principle that many critical business problems do not fit the traditional large-firm consulting model. A board facing a succession question or a family group weighing a capital injection does not need a team of twelve associates and a hundred-page methodology deck. They need experienced partners who can sit with a problem, form a rigorous view, and defend it. We take on a limited number of mandates to ensure that every client receives direct attention from the principals who are actually accountable for the outcome. Our work covers corporate strategy, governance, and operating model efficiency for some of the most significant family groups, listed corporations, and government entities in the region. We focus on clarity over complexity. We operate as a remote firm, choosing to prioritize the quality of our analysis and the strength of our relationships over traditional office overhead or aggressive growth targets.<br>  <br><strong>What you will do</strong><ul> <li>Collect and organize financial and operational data from various portfolio companies for a Dubai-based investment.</li> <li>Clean and validate data sets to ensure accuracy before they are used in client presentations.</li> <li>Build simple, effective spreadsheets that track performance indicators for large holding companies.</li> <li>Assist in drafting reports that translate numbers into clear written arguments for our principals.</li> <li>Monitor industry trends and perform basic market research to support ongoing strategic mandates.</li> <li>Maintain internal records to ensure that historical client data is easily accessible and correctly categorized.</li> <li>Prepare charts and graphs that simplify complex financial structures for board-level reviews.</li> <li>Support the audit of corporate governance documents by cross-referencing quantitative findings with qualitative reports.</li> <br><br></ul><strong>What we are looking for</strong><ul> <li>A clear understanding of basic statistics and a logical approach to problem-solving.</li> <li>Proficiency in spreadsheet software with an ability to manage large amounts of information without errors.</li> <li>Strong written skills and the ability to explain what a set of numbers means in plain English.</li> <li>Curiosity about how large corporations and family groups operate in different sectors.</li> <li>Precision in your work, where you check your own calculations before submitting them for review.</li> <li>A degree or ongoing studies in a quantitative field such as economics, finance, or mathematics.</li> <br><br></ul><strong>How we work<br></strong> We operate as a fully remote firm, which means we rely on clear documentation and asynchronous communication. Because our work involves sensitive mandates for high-profile clients, we maintain a high standard of professional conduct and data security. You will work closely with a principal who provides direct mentorship and expects you to form your own view on the data you analyze. We do not value long hours for the sake of appearances. Instead, we focus on the rigor of the output and the clarity of the logic. This remote model allows us to hire individuals based on their intellectual capability rather than their physical location, ensuring we can provide the best possible advice to our clients.<br>  <br><strong>What the role offers</strong><ul> <li>A paid entry-level position with a competitive compensation package for the current market.</li> <li>Direct exposure to high-level corporate strategy and governance mandates.</li> <li>Mentorship from experienced principals who have managed some of the largest holding companies in the region.</li> <li>The flexibility of a permanent, full-time role that is entirely remote.</li> <li>Practical experience in forming a rigorous view on business performance and portfolio health.</li></ul><br/><br/>Please mention the word **TRIVIALLY** and tag RNTIuMjQyLjI0Mi4xODY= when applying to show you read the job post completely (#RNTIuMjQyLjI0Mi4xODY=). This is a beta feature to avoid spam applicants. Companies can search these words to find applicants that read this and see they're human.",https://remoteOK.com/remote-jobs/remote-data-analyst-assistant-arabian-private-holdings-1136217,"Data Analyst Assistant <strong>About the role<br></strong> The Data Analyst Assistant role is central to our current engagement with a Dubai-based investment firm that requires precise data handling and clear visualization. This position provides the quantitative groundwork that allows our principals to form a view on complex corporate governance and strategy questions. We need an assistant who can organize messy data sets into logical structures that reveal the health and performance of a holding company.<br>  <br><strong>About Arabian Private Holdings<br></strong> Arabian Private Holdings was founded on the principle that many critical business problems do not fit the traditional large-firm consulting model. A board facing a succession question or a family group weighing a capital injection does not need a team of twelve associates and a hundred-page methodology deck. They need experienced partners who can sit with a problem, form a rigorous view, and defend it. We take on a limited number of mandates to ensure that every client receives direct attention from the principals who are actually accountable for the outcome. Our work covers corporate strategy, governance, and operating model efficiency for some of the most significant family groups, listed corporations, and government entities in the region. We focus on clarity over complexity. We operate as a remote firm, choosing to prioritize the quality of our analysis and the strength of our relationships over traditional office overhead or aggressive growth targets.<br>  <br><strong>What you will do</strong><ul> <li>Collect and organize financial and operational data from various portfolio companies for a Dubai-based investment.</li> <li>Clean and validate data sets to ensure accuracy before they are used in client presentations.</li> <li>Build simple, effective spreadsheets that track performance indicators for large holding companies.</li> <li>Assist in drafting reports that translate numbers into clear written arguments for our principals.</li> <li>Monitor industry trends and perform basic market research to support ongoing strategic mandates.</li> <li>Maintain internal records to ensure that historical client data is easily accessible and correctly categorized.</li> <li>Prepare charts and graphs that simplify complex financial structures for board-level reviews.</li> <li>Support the audit of corporate governance documents by cross-referencing quantitative findings with qualitative reports.</li> <br><br></ul><strong>What we are looking for</strong><ul> <li>A clear understanding of basic statistics and a logical approach to problem-solving.</li> <li>Proficiency in spreadsheet software with an ability to manage large amounts of information without errors.</li> <li>Strong written skills and the ability to explain what a set of numbers means in plain English.</li> <li>Curiosity about how large corporations and family groups operate in different sectors.</li> <li>Precision in your work, where you check your own calculations before submitting them for review.</li> <li>A degree or ongoing studies in a quantitative field such as economics, finance, or mathematics.</li> <br><br></ul><strong>How we work<br></strong> We operate as a fully remote firm, which means we rely on clear documentation and asynchronous communication. Because our work involves sensitive mandates for high-profile clients, we maintain a high standard of professional conduct and data security. You will work closely with a principal who provides direct mentorship and expects you to form your own view on the data you analyze. We do not value long hours for the sake of appearances. Instead, we focus on the rigor of the output and the clarity of the logic. This remote model allows us to hire individuals based on their intellectual capability rather than their physical location, ensuring we can provide the best possible advice to our clients.<br>  <br><strong>What the role offers</strong><ul> <li>A paid entry-level position with a competitive compensation package for the current market.</li> <li>Direct exposure to high-level corporate strategy and governance mandates.</li> <li>Mentorship from experienced principals who have managed some of the largest holding companies in the region.</li> <li>The flexibility of a permanent, full-time role that is entirely remote.</li> <li>Practical experience in forming a rigorous view on business performance and portfolio health.</li></ul><br/><br/>Please mention the word **TRIVIALLY** and tag RNTIuMjQyLjI0Mi4xODY= when applying to show you read the job post completely (#RNTIuMjQyLjI0Mi4xODY=). This is a beta feature to avoid spam applicants. Companies can search these words to find applicants that read this and see they're human. saas, customer support, marketing, exec, ops, sales, analyst, virtual assistant, infosec, consulting, dev, finance, math, data science, medical, full time, digital nomad","['statistics', 'communication']"
