search_keyword,title,company,location,salary_min,salary_max,category,created,description,redirect_url
data analyst,Data Analyst,Ignite Digital,"Chesapeake, Chesapeake City",73813.59,73813.59,IT Jobs,2026-07-31T15:28:57Z,"Ignite Digital enables national security agencies to accelerate decisions, elevate operational outcomes and achieve the outsized performance only an inside partner can deliver. We combine mission experience, domain knowledge and technology expertise with the things partners can only know by being there every day. When agencies need a combination of tech and touch, Ignite Digital creates outcome-driving partnerships and stands with agencies to accomplish mission objectives. Ignite Digital accele…",https://www.adzuna.com/land/ad/5822624031?se=YCf9-B-N8RG8JMyxbRrc7Q&utm_medium=api&utm_source=e45342b0&v=3CFF1A2A91FBF3B63B6B3005B98661D90DCE5BC6
data analyst,Data Analyst,Mass General Brigham,"Boston, Suffolk County",57621.16,57621.16,Healthcare & Nursing Jobs,2026-07-31T14:52:00Z,"Site: The General Hospital Corporation Mass General Brigham relies on a wide range of professionals, including doctors, nurses, business people, tech experts, researchers, and systems analysts to advance our mission. As a not-for-profit, we support patient care, research, teaching, and community service, striving to provide exceptional care. We believe that high-performing teams drive groundbreaking medical discoveries and invite all applicants to join us and experience what it means to be part…",https://www.adzuna.com/land/ad/5822602864?se=YCf9-B-N8RG8JMyxbRrc7Q&utm_medium=api&utm_source=e45342b0&v=3685D2421487AB7E6E24C967F2B84A55A5E9060C
data analyst,Data Analyst,Solstice Advanced Materials,"Morris Plains, Morris County",64502.31,64502.31,Consultancy Jobs,2026-07-30T18:17:16Z,"This is an exciting opportunity for someone with strong data skills and a passion for sustainability to help map regulatory obligations, analyze packaging and sales data, and support reporting that drives compliance and environmental improvement across our business. You will collaborate with internal teams and external consultants to ensure accurate data collection, reporting, and insight generation. Solstice Advanced Materials is looking for a Data Analyst to support our Extended Producer Resp…",https://www.adzuna.com/land/ad/5821656277?se=YCf9-B-N8RG8JMyxbRrc7Q&utm_medium=api&utm_source=e45342b0&v=D27CF45E3F739A1092CACD53FCDC0C7BCADE5A32
data analyst,Data Analyst,Jewish Vocational Service ,"South San Francisco, San Mateo County",70424.76,70424.76,IT Jobs,2026-07-30T07:34:52Z,"Why Join JVS? JVS is a nonprofit working to close opportunity gaps in employment by supporting jobseekers with the skills and confidence to secure quality careers with family-sustaining wages. Grounded in core values of repairing the world and focused on helping our program participants achieve economic mobility, we believe everyone deserves access to training and the chance for a good job. JVS develops training programs in close partnership with employers in high growth sectors, offering high …",https://www.adzuna.com/land/ad/5821084183?se=YCf9-B-N8RG8JMyxbRrc7Q&utm_medium=api&utm_source=e45342b0&v=8587E226A6C792A84A54C7ADE6996DC83DECA7A6
data analyst,Data Analyst,Adelphi Group,"Salt Lake City, Salt Lake County",82235.92,82235.92,"PR, Advertising & Marketing Jobs",2026-07-30T17:48:42Z,"Agency: Omnicom Precision Marketing Job Function: Data and Analytics Job Subfunction: Data Science and Analytics Job Description: MRM is part of the Omnicom Precision Marketing activation practice. This practice integrates CRM platform expertise, journey management, and first-party data capabilities with creative excellence and performance capabilities, enabling Omnicom to deliver intelligent activation across the full funnel with data-driven decisioning at scale to help clients move faster and…",https://www.adzuna.com/land/ad/5821582879?se=YCf9-B-N8RG8JMyxbRrc7Q&utm_medium=api&utm_source=e45342b0&v=216D8DF7FECA5B0320F540E4CB9ED653CB8A8CA3
data analyst,Data Analyst II,Children's Hospital of Philadelphia,"Philadelphia, Philadelphia County",106467.18,106467.18,IT Jobs,2026-07-31T15:25:29Z,"SHIFT: Day (United States of America) Seeking Breakthrough Makers Children’s Hospital of Philadelphia (CHOP) offers countless ways to change lives. Our diverse community of more than 20,000 Breakthrough Makers will inspire you to pursue passions, develop expertise, and drive innovation. At CHOP, your experience is valued; your voice is heard; and your contributions make a difference for patients and families. Join us as we build on our promise to advance pediatric care—and your career. CHOP doe…",https://www.adzuna.com/land/ad/5822618520?se=YCf9-B-N8RG8JMyxbRrc7Q&utm_medium=api&utm_source=e45342b0&v=CCA9214CB4FEC1DD6EAFC9EAC7D9D7B2CCE0292E
data analyst,Data Analyst IV,TX-HHSC-DSHS-DFPS,"Austin, Travis County",93025.42,93025.42,IT Jobs,2026-07-30T17:55:32Z,"Join the Texas Health and Human Services Commission (HHSC) and be part of a team committed to creating a positive impact in the lives of fellow Texans. At HHSC, your contributions matter, and we support you at each stage of your life and work journey. Our comprehensive benefits package includes 100% paid employee health insurance for full-time eligible employees, a defined benefit pension plan, generous time off benefits, numerous opportunities for career advancement and more. Explore more deta…",https://www.adzuna.com/land/ad/5821616744?se=YCf9-B-N8RG8JMyxbRrc7Q&utm_medium=api&utm_source=e45342b0&v=6F6D9B518F08E097DE5966A62685E486DC5A0453
data analyst,Data Analyst II,TX-HHSC-DSHS-DFPS,"Rusk, Cherokee County",55676.41,55676.41,Healthcare & Nursing Jobs,2026-07-30T07:24:11Z,"Join the Texas Health and Human Services Commission (HHSC) and be part of a team committed to creating a positive impact in the lives of fellow Texans. At HHSC, your contributions matter, and we support you at each stage of your life and work journey. Our comprehensive benefits package includes 100% paid employee health insurance for full-time eligible employees, a defined benefit pension plan, generous time off benefits, numerous opportunities for career advancement and more. Explore more deta…",https://www.adzuna.com/land/ad/5821073617?se=YCf9-B-N8RG8JMyxbRrc7Q&utm_medium=api&utm_source=e45342b0&v=D91B4556DBE30D33B0A2C28F3F9216781C84A1FB
data analyst,Market Data Analyst,Schonfeld,"Ny State Campus, Albany County",131146.72,131146.72,Accounting & Finance Jobs,2026-07-30T17:41:00Z,"About the Role Schonfeld's Enterprise Data team is looking for a Market Data Analyst to manage the sourcing, licensing, and entitlements of market data across global vendors, exchanges, and brokers. You'll support Schonfeld’s quantitative, fundamental, tactical, and macro portfolio managers in managing access to datasets across multiple asset classes and regions. What You’ll Do Oversee day to day user entitlements, usage tracking, and compliance with vendor agreements and exchange rules Manage …",https://www.adzuna.com/land/ad/5821527738?se=YCf9-B-N8RG8JMyxbRrc7Q&utm_medium=api&utm_source=e45342b0&v=9827E2E9A4C4B2A7264B7336F7954FC09E623561
data analyst,GTM Data Analyst,Global Payments Inc.,"Columbus, Muscogee County",50567.73,50567.73,IT Jobs,2026-07-30T17:46:12Z,"Every day, Global Payments makes it possible for millions of people to move money between buyers and sellers using our payments solutions for credit, debit, prepaid and merchant services. Our worldwide team helps over 3 million companies, more than 1,300 financial institutions and over 600 million cardholders grow with confidence and achieve amazing results. We are driven by our passion for success and we are proud to deliver best-in-class payment technology and software solutions. Join our dyn…",https://www.adzuna.com/land/ad/5821566218?se=YCf9-B-N8RG8JMyxbRrc7Q&utm_medium=api&utm_source=e45342b0&v=C7E56B2439EBA59D8CF12533F1885B406F66DF76
data analyst,Data Analyst II,Verisign,"Reston, Fairfax County",59735.72,59735.72,IT Jobs,2026-07-31T04:35:08Z,"Verisign helps enable the security, stability, and resiliency of the internet. We are a trusted provider of internet infrastructure services for the networked world and deliver unmatched performance in domain name system (DNS) services. We are a mission focused, values driven company where each individual can contribute to building a stronger, more secure internet. We offer a dynamic and flexible work environment with competitive benefits and the ability to grow your career. The Data Analyst II…",https://www.adzuna.com/land/ad/5822158929?se=YCf9-B-N8RG8JMyxbRrc7Q&utm_medium=api&utm_source=e45342b0&v=F7B49D0016343816CE33866199C69F820B404F27
data analyst,Lead Data Analyst,Collective Health,"South San Francisco, San Mateo County",117405.32,117405.32,IT Jobs,2026-07-30T17:44:11Z,"At Collective Health, we’re transforming how employers and their people engage with their health benefits by seamlessly integrating cutting-edge technology, compassionate service, and world-class user experience design. As a Lead Data Analyst, you will be the primary technical lead for our most significant clients and a driving force behind our team’s data and analytics excellence. You will move beyond standard reporting to lead complex analyses, with AI first mentality serving as a trusted adv…",https://www.adzuna.com/land/ad/5821548861?se=YCf9-B-N8RG8JMyxbRrc7Q&utm_medium=api&utm_source=e45342b0&v=94DF0B0E226DB0F042C1688D0EF2B25F7DA43EE7
data analyst,Lead Data Analyst,Collective Health,"Lehi, Utah County",106683.16,106683.16,IT Jobs,2026-07-30T17:35:55Z,"At Collective Health, we’re transforming how employers and their people engage with their health benefits by seamlessly integrating cutting-edge technology, compassionate service, and world-class user experience design. As a Lead Data Analyst, you will be the primary technical lead for our most significant clients and a driving force behind our team’s data and analytics excellence. You will move beyond standard reporting to lead complex analyses, with AI first mentality serving as a trusted adv…",https://www.adzuna.com/land/ad/5821487070?se=YCf9-B-N8RG8JMyxbRrc7Q&utm_medium=api&utm_source=e45342b0&v=D02E3D1D788B9387D272757FCD53A91465FF39F9
data analyst,Lead Data Analyst,Collective Health,"Plano, Collin County",113968.21,113968.21,IT Jobs,2026-07-30T18:05:33Z,"At Collective Health, we’re transforming how employers and their people engage with their health benefits by seamlessly integrating cutting-edge technology, compassionate service, and world-class user experience design. As a Lead Data Analyst, you will be the primary technical lead for our most significant clients and a driving force behind our team’s data and analytics excellence. You will move beyond standard reporting to lead complex analyses, with AI first mentality serving as a trusted adv…",https://www.adzuna.com/land/ad/5821649330?se=YCf9-B-N8RG8JMyxbRrc7Q&utm_medium=api&utm_source=e45342b0&v=3AB22C62FC9E6ED7D3F5CC641CD161914ADD9FB9
data analyst,Data Analyst - Finance,Particle Measuring Systems,"Niwot, Boulder County",100727.97,100727.97,IT Jobs,2026-07-30T23:48:27Z,"Do you want to be part of a business that genuinely values entrepreneurialism, innovation and individual accountability? We focus on our customers and are proud of the difference our technology makes. We partner with some of the biggest manufacturing companies in the world and our technical innovations are used to enhance well-known brands across multiple industries. Title Data Analyst (Finance) Department Business Transformation Program Location Niwot/Hybrid Reports To Data Architect About Us …",https://www.adzuna.com/land/ad/5821992954?se=YCf9-B-N8RG8JMyxbRrc7Q&utm_medium=api&utm_source=e45342b0&v=18E2FA358F85E387781CCA25E6B959C51E4AF4CD
data analyst,Data Analyst - Project / Remote,Adelphi Group,"Salt Lake City, Salt Lake County",77580.87,77580.87,IT Jobs,2026-07-30T17:35:49Z,"Omnicom Precision Marketing Data and Analytics Data Science and Analytics MRM is part of the Omnicom Precision Marketing activation practice. practice integrates CRM platform expertise, journey management, and first-party data capabilities with creative excellence and performance capabilities, data-driven decisioning at scale to help clients move faster and deliver more connected customer experiences. MRM is a modern relationship marketing agency dedicated to building enduring brand relationshi…",https://www.adzuna.com/land/ad/5821485977?se=YCf9-B-N8RG8JMyxbRrc7Q&utm_medium=api&utm_source=e45342b0&v=3C2CD0E5F4EA69EB1F00A16B94A3DEB87FC9FBCB
data analyst,Data Analyst,Solace,US,84412.97,84412.97,IT Jobs,2026-07-18T04:36:34Z,"hackajob is collaborating with Solace to connect them with exceptional professionals for this role. About Solace Healthcare in the U.S. is fundamentally broken. The system is so complex that 88% of U.S. adults do not have the health literacy necessary to navigate it without help. Solace cuts through the red tape of healthcare by pairing patients with expert advocates and giving them the tools to make better decisions—and get better outcomes. We're a Series C startup, founded in 2022 and backed …",https://www.adzuna.com/land/ad/5805946719?se=YCf9-B-N8RG8JMyxbRrc7Q&utm_medium=api&utm_source=e45342b0&v=46A9F8D0FAA018E5FE46233B5B1A091FD0E238E0
data analyst,Data Analyst,HackerEarth,US,76501.51,76501.51,IT Jobs,2026-07-17T12:17:34Z,"About the Role We are looking for a Data Analyst with strong Python skills and exposure to Generative AI tools to help analyze data, automate workflows, and generate insights for business teams. The ideal candidate should be comfortable working with large datasets, building data pipelines, and leveraging GenAI tools and APIs to enhance data analysis and reporting . Key Responsibilities Analyze large datasets using Python (Pandas, NumPy) to identify trends and insights. Write and optimize SQL qu…",https://www.adzuna.com/land/ad/5805043176?se=YCf9-B-N8RG8JMyxbRrc7Q&utm_medium=api&utm_source=e45342b0&v=5CB712D77C696B50FDA3AC20B12080F8DE0C901F
data analyst,Data Analyst,Eliassen Group,"Jacks Cabin, Gunnison County",89632.9,89632.9,IT Jobs,2026-07-14T19:43:32Z,"Description: Remote Our client is seeking a highly skilled and intellectually curious Data Analyst. As the Data Analyst you will play a critical part in architecting and delivering data models, pipelines, and reporting that supports month-end close, enhances accounting workflows, and drives ongoing improvements in data quality, reliability, and efficiency. Due to client requirements, applicants must be willing and able to work on a w2 basis. For our w2 consultants, we offer a great benefits pac…",https://www.adzuna.com/land/ad/5800473938?se=YCf9-B-N8RG8JMyxbRrc7Q&utm_medium=api&utm_source=e45342b0&v=43D682B20A363B2111956FA68F8633A9EB8F335C
data analyst,Data Analyst,Na Oiwi Kane,"Mount Rainier, Prince George's County",148544.22,148544.22,IT Jobs,2026-07-23T21:24:28Z,"Overview Job Summary Galapagos Federal Systems LLC is looking for an enthusiastic, well-qualified individual to fill the Data Analyst position. This role offers the opportunity to work with a diverse and talented group of individuals committed to driving success. The ideal candidate is responsible for collecting, analyzing, and managing system and project data to support Tech Refresh operations, data-driven decision-making, and process improvement initiatives. The Data Analyst provides actionab…",https://www.adzuna.com/land/ad/5813141729?se=YCf9-B-N8RG8JMyxbRrc7Q&utm_medium=api&utm_source=e45342b0&v=E73568B4D251D07DD28B4B0DC53EE801E51F7F70
data analyst,Data Analyst,"Judge Group, Inc.","Bridgeport, Montgomery County",107764.72,107764.72,IT Jobs,2026-06-24T22:42:09Z,"Location: Bridgeport, PA Salary: $70,000.00 USD Annually - $85,000.00 USD Annually Description: Data Analyst (Power BI/SQL) Location: Conshohocken, PA Salary: $70,000 - $85,000 Overview We are seeking a Data Analyst with 3-5 years of experience to support reporting, analytics, and data visualization initiatives. The ideal candidate will have strong expertise in Power BI and SQL, along with a solid foundation in data modeling and analytics best practices. Key Responsibilities Develop, maintain, …",https://www.adzuna.com/land/ad/5775687128?se=YCf9-B-N8RG8JMyxbRrc7Q&utm_medium=api&utm_source=e45342b0&v=52DE47B215F783A25B0FC96FB344E0BBB6ADA5DF
data analyst,Data Analyst,Booz Allen Hamilton,"San Diego, San Diego County",108214.77,108214.77,IT Jobs,2026-07-02T19:13:20Z,"Job Number: R0243644 Data Analyst The Opportunity: As data analyst, you love diving into data and turning it into meaningful insights. With the abundance of structured and unstructured data, you understand the importance of transforming complex data sets into useful information to solve challenges. As a data analyst at Booz Allen, you can use your skills and experience to support a mission and use data for good. We need a data analyst like you to bring your knowledge to the Navy. As a client-fa…",https://www.adzuna.com/land/ad/5786123800?se=YCf9-B-N8RG8JMyxbRrc7Q&utm_medium=api&utm_source=e45342b0&v=D7EE4281E94C8C228BE42C4DF8AC68F747174386
data analyst,Data Analyst,Na Oiwi Kane,US,95673.22,95673.22,IT Jobs,2026-07-20T22:41:53Z,"Overview Job Summary Galapagos Federal Systems, LLC is seeking a motivated and detail-oriented Data Analyst to join our team at Patrick Space Force Base, Florida. This position offers an exciting opportunity to support the Space Training and Readiness Command (STARCOM) by providing data analysis, reporting, and visualizations to improve operational effectiveness, and support mission success. The Data Analyst will collect, analyze, and interpret data from multiple enterprise systems to develop w…",https://www.adzuna.com/land/ad/5808781969?se=YCf9-B-N8RG8JMyxbRrc7Q&utm_medium=api&utm_source=e45342b0&v=DB8DB52935F67EEAF1C0A59C5C4A1AE9E6B6617A
data analyst,Data Analyst,Cherokee Federal,"State Farm, Arlington County",134388.06,134388.06,IT Jobs,2026-06-12T19:39:28Z,"Job Description Data Analyst This position requires an active TS/Sensitive Compartmental Information (SCI) clearance. The position shall provide an array of technical support to the Narcotics and Transnational Crime Support Center (NTC) within the Knowledge management and Information management Cell (KIC). Compensation & Benefits: Estimated Starting Salary Range for Information Management Specialist: Pay commensurate with experience. Full time benefits include Medical, Dental, Vision, 401K, and…",https://www.adzuna.com/land/ad/5761867133?se=YCf9-B-N8RG8JMyxbRrc7Q&utm_medium=api&utm_source=e45342b0&v=A9E320C79B533892BDD4C53314ACEB8BA53D32B0
data analyst,Data Analyst,ISOFT,"Pimmit, Fairfax County",67673.49,67673.49,IT Jobs,2026-07-27T17:19:11Z,"Would prefer Prior Cap 1 and also open to relocation candidates but need to have Alexandria Feature Library(MUST) or strong financial exp (only locals with Alexandria Feature Library(MUST) would work Data Analyst Job location Mclean VA Technical skills - Proficient in SQL, data bricks, python, GIT and familiar with Alexandria Feature Library at Capital One is a HUGE plus. Problem solving - Strong ability to identify problems, analyze causes, and develop solutions Communication - Ability to effe…",https://www.adzuna.com/land/ad/5817617648?se=YCf9-B-N8RG8JMyxbRrc7Q&utm_medium=api&utm_source=e45342b0&v=469C951FA349FE8E80112CF7B68BBBFCF55B88F1
data analyst,Data Analyst,Kforce Technology Staffing,"Triana, Madison County",75205.65,75205.65,IT Jobs,2026-07-23T15:01:25Z,"RESPONSIBILITIES: restonfed Kforce has a client that is seeking a Data Analyst in Huntsville, AL. Summary: We are seeking a Data Analyst to support the design, development, and optimization of advanced analytics applications. This role will focus on building scalable data pipelines, developing visual analytics capabilities, and transforming structured and semi-structured data into actionable intelligence. The ideal candidate has hands-on experience with data querying, BI/dashboard development, …",https://www.adzuna.com/land/ad/5812593434?se=YCf9-B-N8RG8JMyxbRrc7Q&utm_medium=api&utm_source=e45342b0&v=A4D1DBEB9482DDA8AD277562197908193EF0EB6A
data analyst,Data Analyst,Chenega MIOS,"Trade, Alexandria City",64133.36,64133.36,IT Jobs,2026-03-27T10:10:27Z,"Data Analyst Alexandria, VA Data Analyst Alexandria, VA Are you ready to enhance your skills and build your career in a rapidly evolving business climate? Are you looking for a career where professional development is embedded in your employer's core culture? If so, Chenega Military, Intelligence & Operations Support (MIOS) could be the place for you! Join our team of professionals who support large-scale government operations by leveraging cutting-edge technology and take your career to the ne…",https://www.adzuna.com/land/ad/5680353927?se=YCf9-B-N8RG8JMyxbRrc7Q&utm_medium=api&utm_source=e45342b0&v=91E49353DBA21C2AB57374AE6A7D962C2A3F700B
data analyst,Data Analyst,Chenega MIOS,"Trade, Alexandria City",68732.12,68732.12,IT Jobs,2026-06-29T22:55:30Z,"Req ID: 41163 Summary Data Analyst Alexandria, VA Are you ready to enhance your skills and build your career in a rapidly evolving business climate? Are you looking for a career where professional development is embedded in your employers core culture? If so, Chenega Military, Intelligence & Operations Support (MIOS) could be the place for you! Join our team of professionals who support large-scale government operations by leveraging cutting-edge technology and take your career to the next leve…",https://www.adzuna.com/land/ad/5781698387?se=YCf9-B-N8RG8JMyxbRrc7Q&utm_medium=api&utm_source=e45342b0&v=438AE7759846BFACAE5E584C17FD48561ACE7E6B
data analyst,Data Analyst,Booz Allen Hamilton,"Oakwood, Montgomery County",93909.12,93909.12,IT Jobs,2026-06-10T18:38:52Z,"Job Number: R0241818 Data Analyst The Opportunity: The Data Analyst applies their technical and analytical capab ilities to support key business and security objectives. This role involves working with stakeholders to clarify requirements, developing and maintaining analytical models, and transforming data into actionable insights. You will leverage your skills as a problem-solver, including working both independently and collaboratively to contribute to projects that enhance organizational eff…",https://www.adzuna.com/land/ad/5759191393?se=YCf9-B-N8RG8JMyxbRrc7Q&utm_medium=api&utm_source=e45342b0&v=376B92BE8311B1A6A8A3AC4968364CFABCB72811
data analyst,Data Analyst,Software Guidance & Assistance,"Tampa Palms, Hillsborough County",82485.7,82485.7,IT Jobs,2026-07-30T21:27:27Z,"Software Guidance & Assistance, Inc., (SGA), is searching for a Data Analyst for a right to hire assignment with one of our premier financial services clients in Tampa, FL and Irving, TX. Required Skills : Bachelor's/University degree or equivalent experience 5-8 years' experience in business and data analysis, process improvement, and project management. Experience in writing complex SQL queries, analytical and aggregate functions on views Hands-on experience in handling data assets, identifyi…",https://www.adzuna.com/land/ad/5821831926?se=YCf9-B-N8RG8JMyxbRrc7Q&utm_medium=api&utm_source=e45342b0&v=E32B70AB845B7D908A013792655C4B3D4A131464
data analyst,Data Analyst,SAIC,"Heltonville, Lawrence County",94336.12,94336.12,IT Jobs,2026-07-29T03:19:38Z,"Job ID: 2614994 Location: Bedford, IN, US Date Posted: 2026-07-28 Category: Information Technology Subcategory: Metrics and Data Schedule: Full-Time Shift: Day Job Travel: Yes - 10% of the time Minimum Clearance Required: Secret Clearance Level Must Be Able to Obtain: None Potential for Remote Work: ORA_ON_SITE Description We are seeking a highly skilled and experienced Data Analyst Subject Matter Expert (SME) Contractor Support Lead to provide advanced analytical expertise in direct support of…",https://www.adzuna.com/land/ad/5819462694?se=YCf9-B-N8RG8JMyxbRrc7Q&utm_medium=api&utm_source=e45342b0&v=A5935E5AA28E96B3B815A46DB770656960C23C2F
data analyst,Data Analyst,Randstad Digital,"Daytona Beach Shores, Volusia County",54799.59,54799.59,IT Jobs,2026-07-24T17:13:42Z,"job summary: We are seeking two detail-oriented Temporary Data Analysts to join our team for a hands-on role combining data maintenance, hygiene, and foundational analysis. This position is ideal for an early-career professional or recent graduate eager to apply their analytical mindset to real-world business systems. In this role, you will work closely with enterprise datasets to ensure data integrity, perform quality audits, and support routine reporting. You'll spend significant time in Exce…",https://www.adzuna.com/land/ad/5814311678?se=YCf9-B-N8RG8JMyxbRrc7Q&utm_medium=api&utm_source=e45342b0&v=F58711BDD037706554E3F029B13E0B183477763A
data analyst,Data Analyst,"Electronic Consulting Services, Inc ","Burke, Fairfax County",112785.34,112785.34,IT Jobs,2026-07-27T23:14:33Z,"Job Description Everforth ECS is seeking a Data Analyst to work in our Arlington, VA office. Job Description: This candidate will serve as a key point of contact in managing data target and data quality aspects of the CDM Data Services - BETSIE Program. Successful candidates will have excellent communication skills and will interact with stakeholders spanning multiple Agile teams, program leadership, and customer representatives. All parties have an interest in understanding and/or implementing…",https://www.adzuna.com/land/ad/5817972954?se=YCf9-B-N8RG8JMyxbRrc7Q&utm_medium=api&utm_source=e45342b0&v=ABF2E2918FBA9BE857747D8407AF11C128E372A9
data analyst,Data Analyst,CGI,"State Farm, Arlington County",107725.47,107725.47,IT Jobs,2026-07-29T05:35:34Z,"Position Description: CGI Federal is seeking a Data Analyst to collect, analyze, and visualize data to support client decision making and operational improvements. You will work with stakeholders to translate business questions into analytical approaches and deliver clear, actionable insights. This position is located in Arlington, VA. Your future duties and responsibilities: Gather, clean, and validate data from multiple sources to ensure accuracy and completeness. Perform exploratory analysis…",https://www.adzuna.com/land/ad/5819611432?se=YCf9-B-N8RG8JMyxbRrc7Q&utm_medium=api&utm_source=e45342b0&v=774CE0A57327AA7DA1AEB4569A41A1D98412D7A3
data analyst,Data Analyst,Randstad Digital,"Centerdale, Providence County",52219.97,52219.97,IT Jobs,2026-07-08T16:47:32Z,"job summary: Analyzing the client source data to identify issues, potential causes, and suggested remediation Navigating the organization, bringing together interested parties, negotiating differences, and drawing effective conclusions Asking appropriate questions to extract information, follow up and bring closure to issues Learning and applying WI's Systems and Processes as they pertain to the job (such as analysis process and data loading process) location: Smithfield, Rhode Island job type:…",https://www.adzuna.com/land/ad/5793061728?se=YCf9-B-N8RG8JMyxbRrc7Q&utm_medium=api&utm_source=e45342b0&v=2FCFBED7542E536249E36522BBF8C859A236100E
data analyst,"Data Analyst, Specialist",Vanguard,"Charlotte, Clinton County",71369.29,71369.29,IT Jobs,2026-07-29T18:49:12Z,"hackajob is collaborating with Vanguard to connect them with exceptional professionals for this role. Role Summary The Data Analyst, Specialist is responsible for leveraging data-driven insights to support strategic business decisions and improve operational efficiency. This role involves structuring complex business requests into well-defined analytical projects, extracting and analyzing large datasets from multiple sources and developing automated reporting solutions to enhance data accessibi…",https://www.adzuna.com/land/ad/5820379113?se=YCf9-B-N8RG8JMyxbRrc7Q&utm_medium=api&utm_source=e45342b0&v=85428849AC6DB71F6EB78FFE8D0911847E0D3225
data analyst,Financial Data Analyst,CAI,"Miramar, Broward County",77917.57,77917.57,IT Jobs,2026-07-16T04:37:25Z,"hackajob is collaborating with CAI to connect them with exceptional professionals for this role. Financial Data Analyst Req number: R6473 Employment type: Full time Worksite flexibility: Onsite Who we are CAI is a global services firm with over 9,000 associates worldwide and a yearly revenue of $1.3 billion. We have over 40 years of excellence in uniting talent and technology to power the possible for our clients, colleagues, and communities. As a privately held company, we have the freedom and…",https://www.adzuna.com/land/ad/5802478131?se=YCf9-B-N8RG8JMyxbRrc7Q&utm_medium=api&utm_source=e45342b0&v=2BBDE377DAAD5EE4376E54A24A7D6A6BCCA0A7C3
data analyst,"Data Analyst, Specialist",Vanguard,"Frazer, Chester County",78604.81,78604.81,IT Jobs,2026-07-25T18:26:36Z,"hackajob is collaborating with Vanguard to connect them with exceptional professionals for this role. Analyzes data, assesses trends and develops actionable insights and recommendations in support of business objectives. Trains and develops junior analysts. Analyzes data, assesses trends and develops actionable insights and recommendations in support of business objectives. Trains and develops junior analysts. Core Responsibilities 1. Engages with internal partners to understand business strate…",https://www.adzuna.com/land/ad/5815857556?se=YCf9-B-N8RG8JMyxbRrc7Q&utm_medium=api&utm_source=e45342b0&v=D1B192A8A2562D6C2ADF53687F23B8524E1D0C3B
data analyst,"Data Analyst, Specialist",Vanguard,"Charlotte, Clinton County",83889.32,83889.32,IT Jobs,2026-07-06T11:33:04Z,"hackajob is collaborating with Vanguard to connect them with exceptional professionals for this role. Personal Investor (PI) Distribution is responsible for converting Vanguard’s Personal Investor strategy into growth outcomes by acquiring clients, deepening relationships, and retaining and growing assets. As part of the PI Distribution Analytics team, you will provide actionable insights and scalable analytics that enable Personal Investor Distribution to drive growth, improve client experienc…",https://www.adzuna.com/land/ad/5789985328?se=YCf9-B-N8RG8JMyxbRrc7Q&utm_medium=api&utm_source=e45342b0&v=BCEF858D53F4B5CC933D7464E2F2152D908DC715
data analyst,"Data Analyst, Specialist",Vanguard,"Charlotte, Clinton County",70474.47,70474.47,IT Jobs,2026-07-29T18:49:11Z,"hackajob is collaborating with Vanguard to connect them with exceptional professionals for this role. Analyzes data, assesses trends and develops actionable insights and recommendations in support of large strategic business initiatives. Actively develops the analytics community at Vanguard by coaching others internally and participating in external events. Role Summary The Data Analyst, Senior Specialist is responsible in driving data-driven decision-making across the organization by leading c…",https://www.adzuna.com/land/ad/5820379088?se=YCf9-B-N8RG8JMyxbRrc7Q&utm_medium=api&utm_source=e45342b0&v=BA5B52C6B4E55F665FAA373BB30E4D743DBE3F66
data analyst,"Data Analyst, AVP",Barclays,"Hanover Township, Morris County",152091.5,152091.5,Accounting & Finance Jobs,2026-07-06T11:33:08Z,"hackajob is collaborating with Barclays to connect them with exceptional professionals for this role. What will you be doing? Barclays Services Corp. seeks Data Analyst, AVP in Whippany, NJ (multiple positions available): Facilitate the delivery of high-quality data insights utilizing a range of business intelligence utilities and analytics capabilities to ensure comprehensive, timely and accurate operational oversight for operational teams, senior leadership, service buyers, audit activity and…",https://www.adzuna.com/land/ad/5789985522?se=YCf9-B-N8RG8JMyxbRrc7Q&utm_medium=api&utm_source=e45342b0&v=0855B57339AFFA6D0F24373D22049E730398E4EA
data analyst,Senior Data Analyst,TransUnion,"Chicago, Cook County",95487.0,95487.0,IT Jobs,2026-07-08T16:10:18Z,"hackajob is collaborating with TransUnion to connect them with exceptional professionals for this role. TransUnion's Job Applicant Privacy Notice Personal Information We Collect Your Privacy Choices Team Overview The Senior Data Analyst will report into a Senior Manager of Data Science & Analytics. As part of the Data Analytics Team, you will help with development of TransUnion’s IP Geolocation technology. This position requires a understanding IP network topology. You will be working with othe…",https://www.adzuna.com/land/ad/5792991589?se=YCf9-B-N8RG8JMyxbRrc7Q&utm_medium=api&utm_source=e45342b0&v=464C44845C1B70EB471EDCE0CE77554B78DBDF9B
data analyst,"Data Analyst, Specialist",Vanguard,"Frazer, Chester County",76658.02,76658.02,IT Jobs,2026-07-19T04:52:16Z,"hackajob is collaborating with Vanguard to connect them with exceptional professionals for this role. Analyzes data, assesses trends and develops actionable insights and recommendations in support of large strategic business initiatives. Actively develops the analytics community at Vanguard by coaching others internally and participating in external events. PW Growth Strategy Analytics is growing! We’re opening a new role to support some of the most important questions facing the Personal Wealt…",https://www.adzuna.com/land/ad/5806988189?se=YCf9-B-N8RG8JMyxbRrc7Q&utm_medium=api&utm_source=e45342b0&v=482C6D99D5ABDB4DC7EAAD7486B617831E809077
data analyst,Marketing Data Analyst,TransUnion,"Chicago, Cook County",90916.08,90916.08,Accounting & Finance Jobs,2026-07-30T18:49:20Z,"hackajob is collaborating with TransUnion to connect them with exceptional professionals for this role. TransUnion's Job Applicant Privacy Notice Personal Information We Collect Your Privacy Choices Team Overview team focused on helping clients maximize the value of their marketing investments through data-driven measurement and analytics solutions. The team partners closely with leading brands, agencies, and internal stakeholders to design, implement, and optimize Multi-Touch Attribution (MTA)…",https://www.adzuna.com/land/ad/5821666321?se=YCf9-B-N8RG8JMyxbRrc7Q&utm_medium=api&utm_source=e45342b0&v=0788EEEB38F6AD1AD02CBBB63C1936D893B276D2
data analyst,"Data Analyst, Specialist",Vanguard,"Frazer, Chester County",81335.77,81335.77,IT Jobs,2026-07-21T15:12:31Z,"hackajob is collaborating with Vanguard to connect them with exceptional professionals for this role. The Advice and Wealth Management (AWM) Analytics team is seeking an analyst to play an important role supporting the Personal Wealth Marketing team and enabling growth through data-driven strategy. Our work includes data preparation and transformation, discovery analysis, experimental design, campaign measurement, dashboard development, and strategic recommendations sourced from the data. The r…",https://www.adzuna.com/land/ad/5809620931?se=YCf9-B-N8RG8JMyxbRrc7Q&utm_medium=api&utm_source=e45342b0&v=593027D0D281D96258C5CF9410D0179B9488CCB6
data analyst,Data Analyst,Up2date Technologies,"Pimmit, Fairfax County",81866.35,81866.35,IT Jobs,2026-07-29T15:12:52Z,"Job Title: Data Analyst Location: McLean, VA (Hybrid) Employment Type: Contract W2 Job Description: We are looking for a Data Analyst with 2–5 years of experience to support the Customer Management Data Team on the Alexandria Feature Migration initiative. The ideal candidate should have strong SQL and Python skills, experience with Databricks and Git, and the ability to perform data discovery, gap analysis, and SQL transformation development. Responsibilities: Perform data discovery and gap ana…",https://www.adzuna.com/land/ad/5820136678?se=YCf9-B-N8RG8JMyxbRrc7Q&utm_medium=api&utm_source=e45342b0&v=37F9AC22CC399ADFE6E5A9BBF021879EFEE15C5A
data analyst,Data Analyst,ETS LLC,"Richmond, Richmond County",62302.2,62302.2,IT Jobs,2026-07-30T19:15:14Z,Role : Data Analyst Location : VA Looking for candidates with 7/8 years of experience working as data analyst. Must Have Strong SQL skills Ability to analysis data well Reporting using BI tools Good communication skills,https://www.adzuna.com/land/ad/5821683158?se=YCf9-B-N8RG8JMyxbRrc7Q&utm_medium=api&utm_source=e45342b0&v=D4F48A230E5E6905C5ABF8811DE971DBF204F178
data analyst,Data Analyst,Futuremindz llc,US,149980.94,149980.94,IT Jobs,2026-07-08T13:03:32Z,"Job Tittle : Senior Data analyst Exp : 10 years only Visa : and USC Rate : Open Remote Core Responsibilities Insight Generation : Extract, clean, and analyze complex big data sets to discover patterns. Dashboard Development : Build interactive, scalable BI dashboards using tools like Tableau or Power BI. Data Modeling : Partner with Data Engineering to design dimensional models and robust data marts. Stakeholder Collaboration : Translate intricate technical findings into simple business recomme…",https://www.adzuna.com/land/ad/5792941498?se=YCf9-B-N8RG8JMyxbRrc7Q&utm_medium=api&utm_source=e45342b0&v=D6524A7F45D7800477A787B2F3D1963F68B64B16
data analyst,Data analyst,SLK America Inc.,"Wilmington, New Castle County",72142.22,72142.22,IT Jobs,2026-07-30T23:16:39Z,"Job Title: Data Analyst (Reference Data Management - RDM) Location: Wilmington, DE (Onsite) Employment Type: Full-Time Position Summary We are seeking a highly analytical and detail-oriented Data Analyst with Reference Data Management (RDM) experience to join our team in Wilmington, DE. The ideal candidate will have strong expertise in data analysis, data quality, governance, and reference/master data management within financial services, banking, insurance, or large enterprise environments. Th…",https://www.adzuna.com/land/ad/5821965040?se=YCf9-B-N8RG8JMyxbRrc7Q&utm_medium=api&utm_source=e45342b0&v=CA1A514749B4056D8D00F2CAE3751798E620680E
data analyst,Data Analyst,"iTech US, Inc.","Charlotte, Mecklenburg County",91528.19,91528.19,IT Jobs,2026-07-16T17:52:23Z,"Job Title: Data Analyst Location: Charlotte, NC (Hybrid) Employment Type: Contract Required Skills: 5 years of experience as a Data Analyst. Strong hands-on experience with Python for data analysis and automation. Advanced SQL skills, including complex queries, joins, stored procedures, and performance optimization. Experience with data profiling, cleansing, validation, and transformation. Strong analytical and problem-solving abilities. Experience working with large datasets and relational dat…",https://www.adzuna.com/land/ad/5803823376?se=YCf9-B-N8RG8JMyxbRrc7Q&utm_medium=api&utm_source=e45342b0&v=19E1CA7D583A3CD98900099031124D260540235F
data analyst,Data Analyst,Ellianse LLC,US,72790.95,72790.95,IT Jobs,2026-07-20T16:58:53Z,"Position : Junior Data Analyst Full Time We are seeking a proactive and eager-to-learn Junior Data Analyst to join our dynamic team. The ideal candidate will have a foundational understanding of data analysis and visualization, with a strong desire to grow and develop their skills in a supportive environment. Key Responsibilities: Work with relational databases to manage and analyze data. Create and maintain PowerBI dashboards and reports to visualize data insights . Translate business question…",https://www.adzuna.com/land/ad/5808394738?se=9A5Z-R-N8RG8JMyxbRrc7Q&utm_medium=api&utm_source=e45342b0&v=55A7A99CA266B921361FABEE87700AE2E7E98875
data analyst,DATA ANALYST,AaraTechnologies Inc,"Kansas City, Jackson County",62737.27,62737.27,Accounting & Finance Jobs,2026-07-29T11:19:40Z,"Data Analyst Banking (2-3 Years Experience) Company: AaraTech Inc About the Role AaraTech Inc is seeking a Data Analyst Banking to support reporting and analytics for banking and payments platforms. This role involves analyzing transaction data, building dashboards, and supporting KPI reporting. You will work with business and analytics teams to support data-driven decision-making. Ideal for early-career professionals in financial analytics. Key Responsibilities Analyze banking and transaction …",https://www.adzuna.com/land/ad/5819875695?se=9A5Z-R-N8RG8JMyxbRrc7Q&utm_medium=api&utm_source=e45342b0&v=751AB26C85D6A05B1997F7E7555D07CF3691403F
data analyst,DATA ANALYST,AaraTechnologies Inc,US,63174.9,63174.9,IT Jobs,2026-07-30T11:27:35Z,"Data Analyst Healthcare (1 2 Years Experience) Company : AaraTech Inc About the Role AaraTech Inc is seeking a detail-oriented Data Analyst Healthcare to support healthcare reporting, analytics, and data quality initiatives. This role is ideal for early-career professionals who enjoy working with healthcare data, building reports, and delivering insights that support business and operational decision-making. Key Responsibilities Collect, clean, and analyze healthcare data from multiple sources …",https://www.adzuna.com/land/ad/5821225198?se=9A5Z-R-N8RG8JMyxbRrc7Q&utm_medium=api&utm_source=e45342b0&v=8BD7170E879E3ABF185E436ED110A4BD1BF1FBC1
data analyst,DATA ANALYST,AaraTechnologies Inc,"Grandville, Kent County",77688.81,77688.81,IT Jobs,2026-07-28T13:38:20Z,"Data Analyst Retail & E-Commerce (2-3 Years Experience) Company: AaraTech Inc About the Role AaraTech Inc is seeking a Data Analyst Retail & E-Commerce to support reporting and analytics for retail and ecommerce platforms. This role involves analyzing sales and transaction data, building dashboards, and supporting KPI reporting. You will work closely with business teams to enable data-driven decisions. Ideal for early-career professionals building analytics expertise. Key Responsibilities Analy…",https://www.adzuna.com/land/ad/5818686567?se=9A5Z-R-N8RG8JMyxbRrc7Q&utm_medium=api&utm_source=e45342b0&v=16E64D5A63E85651E67C31A64D4B9E8B341BD46A
data analyst,Data Analyst,Enterprise Business Solutions Inc,"Virginia Beach, Virginia Beach City",80000.28,80000.28,IT Jobs,2026-06-19T18:30:50Z,"Job Summary We are seeking a Data Analyst to collect, analyze, and interpret large datasets to support business decision-making. The ideal candidate will have strong analytical skills, experience with data visualization tools, and proficiency in SQL and reporting. Required Skills Technical Skills Strong experience with SQL for data extraction and analysis Experience with Excel (Pivot Tables, VLOOKUP, Power Query) Proficiency in Power BI , Tableau , or similar visualization tools Knowledge of da…",https://www.adzuna.com/land/ad/5769854278?se=9A5Z-R-N8RG8JMyxbRrc7Q&utm_medium=api&utm_source=e45342b0&v=98A6CBACB5F61B8A123ADA6638997B55E835D7CA
data analyst,DATA ANALYST,AaraTechnologies Inc,"Chesapeake City, Cecil County",50370.06,50370.06,IT Jobs,2026-07-31T11:19:40Z,"Data Analyst Retail & E-Commerce (2-3 Years Experience) Company: AaraTech Inc About the Role AaraTech Inc is seeking a Data Analyst Retail & E-Commerce to support reporting and analytics for retail and ecommerce platforms. This role involves analyzing sales and transaction data, building dashboards, and supporting KPI reporting. You will work closely with business teams to enable data-driven decisions. Ideal for early-career professionals building analytics expertise. Key Responsibilities Analy…",https://www.adzuna.com/land/ad/5822430412?se=9A5Z-R-N8RG8JMyxbRrc7Q&utm_medium=api&utm_source=e45342b0&v=1EA93C520E42F881074A614CE0D1F502A5975DF7
data analyst,: Data Analyst,Gov Services Hub,"Richmond, Richmond County",119611.38,119611.38,IT Jobs,2026-03-30T18:34:44Z,"Title: Data Analyst Location: Richmond, VA- Hybrid Duration: 12 Months Contract Experience required : 5 years Note: Hybrid working out of our HQ office (3 days in office, 2 days remotely) Description: We are searching for a Data Analyst reporting to our Policy & Planning department. Researches and analyses housing, economic and demographic conditions, and trends, as well as state, local and federal initiatives and policies impacting the programs and activities of Virginia Housing. Evaluates Vir…",https://www.adzuna.com/land/ad/5683630339?se=9A5Z-R-N8RG8JMyxbRrc7Q&utm_medium=api&utm_source=e45342b0&v=7D9B7EAC268FCA02A66F276987B4459E30A84613
data analyst,Data Analyst,Synergie Systems,"Bee Cave, Travis County",68127.23,68127.23,IT Jobs,2026-07-29T15:21:57Z,"Job Title: Data Analyst Location: Austin, TX - Onsite Job Type: Only W2 Job Description: Collect, clean, and validate data from multiple sources to ensure data accuracy and integrity. Analyze large datasets to identify trends, patterns, and actionable insights. Develop and maintain dashboards, reports, and visualizations using BI tools. Create regular and ad hoc reports to support business operations and strategic planning. Collaborate with business stakeholders to understand reporting and anal…",https://www.adzuna.com/land/ad/5820143286?se=9A5Z-R-N8RG8JMyxbRrc7Q&utm_medium=api&utm_source=e45342b0&v=5A510567E87A495CFD628FD4708FE09EE1FCDEEB
data analyst,Data Analyst,"ArnAmy, Inc.","Bee Cave, Travis County",66331.16,66331.16,IT Jobs,2026-07-29T15:25:19Z,"Data Analyst Introduction As a Data Analyst, you will be responsible for understanding business objectives and problems, identifying alternative solutions, and performing studies and cost/benefit analysis of alternatives. You will analyze user requirements, procedures, and problems to automate processing or improve existing computer systems. This role requires strong analytical skills and the ability to translate business needs into actionable insights. Responsibilities Confer with personnel of…",https://www.adzuna.com/land/ad/5820144471?se=9A5Z-R-N8RG8JMyxbRrc7Q&utm_medium=api&utm_source=e45342b0&v=4B816451924575759D3A7C854B561E4C3BE0044C
data analyst,DATA ANALYST,AaraTechnologies Inc,"Chesapeake City, Cecil County",57206.12,57206.12,IT Jobs,2026-07-27T11:12:34Z,"Data Analyst Healthcare (2-3 Years Experience) Company: AaraTech Inc About the Role AaraTech Inc is seeking a detail-oriented Data Analyst Healthcare (2-3 years experience) to support healthcare reporting, analytics, and data quality initiatives. This role is ideal for early-career professionals who enjoy working with healthcare data, building reports, and delivering insights that support business and operational decision-making. Key Responsibilities Collect, clean, and analyze healthcare data …",https://www.adzuna.com/land/ad/5817452253?se=9A5Z-R-N8RG8JMyxbRrc7Q&utm_medium=api&utm_source=e45342b0&v=7A1B80225A1A8B46D028D55304A08B0015018D08
data analyst,Data Analyst,Rangam Consultants,"South Waltham, Middlesex County",89658.03,89658.03,IT Jobs,2026-07-28T19:15:07Z,"Expertise in translating stakeholder needs into actionable business requirements, validating data solutions and driving successful data product development and adoption. Data Analyst, Customer Data Platform ( Hybrid to Waltham, Ma ) The US Customer Data Office is seeking an experienced Data Analyst for immediate deployment. This role involves writing clear, actionable requirements to support data development efforts that build and deliver functionality to stakeholders through downstream systems…",https://www.adzuna.com/land/ad/5819003965?se=9A5Z-R-N8RG8JMyxbRrc7Q&utm_medium=api&utm_source=e45342b0&v=38FE9D1F5BD2496F914D884E15A320CF08C1BEB1
data analyst,Data Analyst,"California SoftTech, Inc.","Richmond, Richmond County",89739.12,89739.12,IT Jobs,2026-07-29T19:30:31Z,"Title: Sr. Data Analyst Location: Richmond/Mclean VA Duration: EOY  extension highly likely (contract only) IV: 2 rounds - 30-minute zoom (job fit) - 1 hour in-person (technical panel) - Skill Sets Must have tech skills: SQL, Python & Quick sight, AWS Nice to have tech skills: AWS",https://www.adzuna.com/land/ad/5820417160?se=9A5Z-R-N8RG8JMyxbRrc7Q&utm_medium=api&utm_source=e45342b0&v=20BA92392F50776D357E9C3F6645AAF20704E1EF
data analyst,Data Analyst,RightTalents,"Flatbush, Brooklyn",132558.17,132558.17,IT Jobs,2026-07-31T13:19:47Z,"Role: Data Analyst Location: Brooklyn NY (Onsite) Duration: 12 months Job Description: The Senior Data Analyst with Data Modeling expertise will primarily be responsible for detailed field-level analysis, metadata analysis and profiling of internal and external sources as well as creation of conceptual, logical physical, and dimensional data models as part of Client ongoing process improvement programs. Mandatory Skills/Experience Minimum of five (5) years of source-to-target data mapping exper…",https://www.adzuna.com/land/ad/5822586053?se=9A5Z-R-N8RG8JMyxbRrc7Q&utm_medium=api&utm_source=e45342b0&v=AC0E04F5355D35FEA7A12E76F682BE3E67743472
data analyst,Data Analyst,"Belcan, LLC","Country Park Acres, Guilford County",130926.77,130926.77,Engineering Jobs,2026-07-21T23:00:47Z,"Job Description Job Title: Data Analyst Location: Greensboro, NC Zip Code: 27409 Duration: 6 months Pay Rate: $50 - $59/hr. Keyword's: Greensborojobs; DataAnalystjobs; Start Date: Immediate Contract to Hire role We provide a competitive pay and benefits package. This position is offering a pay range of $50 - $59/hr. however, Belcan considers several factors when extending an offer, including but not limited to education, experience, geographic location, and discipline. Benefits offered may incl…",https://www.adzuna.com/land/ad/5810313399?se=9A5Z-R-N8RG8JMyxbRrc7Q&utm_medium=api&utm_source=e45342b0&v=DAF20AFA92495D766816CC9AB266B7ED14B801E2
data analyst,Data Analyst,Staffworks Inc,"Southington, Hartford County",57367.46,57367.46,IT Jobs,2026-07-16T13:50:25Z,"Hybrid Data Analyst Contact Center Analytics & Conversational Intelligence (BPO)  Southington, CT (Hybrid – 3 days in office) About the Role We’re looking for a curious, data-driven Data Analyst who thrives on turning customer conversations into actionable business insights. In this role, you’ll analyze consumer feedback from contact center interactions and help clients understand what their customers are saying—and more importantly, what to do about it. You’ll work directly with clients and in…",https://www.adzuna.com/land/ad/5803519819?se=9A5Z-R-N8RG8JMyxbRrc7Q&utm_medium=api&utm_source=e45342b0&v=5AA73665C1CF9FB79B5317C8794A28FBCC8D6AEB
data analyst,Data Analyst,MS INFO TECH LLC,"University Park, Centre County",94967.71,94967.71,IT Jobs,2026-07-23T19:11:48Z,"Data Analyst Location: Melvin, PA/NJ Duration: Long Term 7 years of experience in Data Analytics, Business Intelligence, Data Science, or a related field. Advanced expertise with Tableau, including dashboard development, data modeling, governance, and performance optimization. Strong proficiency in SQL and experience working with relational databases. Hands-on experience with Databricks, Spark, or cloud-based data platforms. Strong analytical, problem-solving, and data visualization skills. Dem…",https://www.adzuna.com/land/ad/5812952183?se=9A5Z-R-N8RG8JMyxbRrc7Q&utm_medium=api&utm_source=e45342b0&v=3326AC1419645F80550DF6BAFD756551A08FE187
data analyst,Data Analyst,Stanley David and Associates,"Phoenix, Maricopa County",115643.67,115643.67,IT Jobs,2026-07-27T19:18:13Z,"Data Analyst Must Have Technical/Functional Skills SQL , Data Analysis & Analytics, Data Governance, Data Quality Management, Metadata & Data Lineage Management, Reporting & Visualization, Cloud Data Platforms(Google Cloud Platform), Data Integration & ETL, AI/ML Fundamentals The Role As a Data Analyst / Data Management & Governance Professional with Emerging AI Experience, you will play a key role in analyzing, managing, and governing financial data while supporting the development and impleme…",https://www.adzuna.com/land/ad/5817724288?se=9A5Z-R-N8RG8JMyxbRrc7Q&utm_medium=api&utm_source=e45342b0&v=110D2D8EB07C6C7934BDD966EBD0B689BB721A37
data analyst,Data Analyst,Techgene Solutions LLC,US,78989.71,78989.71,Accounting & Finance Jobs,2026-07-23T21:17:25Z,Job Description: We are looking for a Data Analyst with a background in Mortgage Sourcing or Mortgage Servicing to help modernize core applications and support daily business operations. Responsibilities Help upgrade and modernize legacy mortgage systems. Work with operational teams to improve business processes and run testing (UAT). Support daily (BAU) business operations in mortgage sourcing or servicing. Write clear business requirements and process flows for development teams. Requirements…,https://www.adzuna.com/land/ad/5813128756?se=9A5Z-R-N8RG8JMyxbRrc7Q&utm_medium=api&utm_source=e45342b0&v=FC5B1FE95CDC507EEB0C3DD17F4C2E5E59CE2633
data analyst,Data Analyst,Cliff Services Inc,"Northlake, DeKalb County",78824.31,78824.31,IT Jobs,2026-07-13T11:33:02Z,"Position: Data Analyst Duration: 12 Months Location: Atlanta, GA Role Summary: The Data Analyst is responsible for analyzing, sourcing, profiling, and validating data required for banking regulatory reporting solutions, including Axiom reporting platforms and reports such as Call Reports and FR Y-9C. This role works closely with Regulatory Reporting, Finance, Risk, Compliance, Business, and Technology teams to gather requirements, define data sourcing and mapping rules, and ensure accurate regu…",https://www.adzuna.com/land/ad/5798895565?se=9A5Z-R-N8RG8JMyxbRrc7Q&utm_medium=api&utm_source=e45342b0&v=B191818711FC66E20DB49A8F2329296B0DDEAFC1
data analyst,Data Analyst,TechNix LLC,"Bee Cave, Travis County",97573.88,97573.88,IT Jobs,2026-07-27T17:22:42Z,"Position: Data Analyst Duration: 12 Months Agency: HHSC Job ID: 529701755 Client: State of Texas Location: Austin, Texas (100% Hybrid position) The primary work location(s) will be at 4601 W Gudalupe St Austin, TX 78751 . SPECIAL REQUIREMENTS Position will be 3 days remote with 2 days (Mon & Thurs) required to be onsite at the location listed above. Subject to change per the hiring team Project will only allow candidates who are LOCAL TO THE AUSTIN AREA ONLY (Within 50-mile radius). Please do n…",https://www.adzuna.com/land/ad/5817624501?se=9A5Z-R-N8RG8JMyxbRrc7Q&utm_medium=api&utm_source=e45342b0&v=0CCCB24C3BE4031AD0317A09338BE76E57F81895
data analyst,Data Analyst,GARGI TECHNOLOGIES INC,"Bloomfield, Allegheny County",91930.85,91930.85,IT Jobs,2026-07-23T17:03:55Z,"Key Responsibilities Collect, clean, and analyze large datasets. Develop dashboards and reports using Power BI or Tableau . Write and optimize SQL queries for data extraction and reporting. Use Python for data analysis, automation, and basic machine learning tasks. Build predictive models and perform statistical analysis using Machine Learning techniques. Collaborate with business stakeholders to understand reporting requirements. Ensure data accuracy, integrity, and quality. Required Skills St…",https://www.adzuna.com/land/ad/5812673893?se=9A5Z-R-N8RG8JMyxbRrc7Q&utm_medium=api&utm_source=e45342b0&v=F8866535081AF1C74A993A89C3569A8C0C7019FF
data analyst,Data Analyst,System One,"Pensacola, Escambia County",58906.04,58906.04,IT Jobs,2026-07-06T12:51:20Z,"Job Title: Data Analyst Location: Pensacola, FL Type: Contract Work Model: Hybrid – onsite and remote Responsibilities • Contribute to the development of technical requirements including data definitions, business rules, and data quality requirements; conduct data UAT, and data accuracy, validation, integrity research • Ensure compliance with deliverable reporting requirements by performing quality data audits and analysis • Identify and compile data sets using a variety of tools to help predic…",https://www.adzuna.com/land/ad/5790059221?se=9A5Z-R-N8RG8JMyxbRrc7Q&utm_medium=api&utm_source=e45342b0&v=FE59B62F30AF7767924F7C492A40B08D38C7F62F
data analyst,Data Analyst,Innosoul inc,"Raleigh, Wake County",163893.38,163893.38,IT Jobs,2026-07-31T11:19:46Z,"Job ID: NC-806867 Hybrid/Local EHR Data Analyst/Architect (15) with SQL/SAS, InterSystems HealthShare, EHR, clinical data, HL7, C-CDA, ETL, HIE/HIPAA experience Location: Raleigh, NC (NCDIT-HIEA) Duration: 9 Months Skills: SQL, SAS & InterSystems HealthShare core technical toolset for queries, analytics, and data platforms Required 5 Years EHR systems & clinical data expertise SME-level knowledge of EHR architecture, HL7 v2, and C-CDA standards Required 5 Years ETL & data analysis validating ex…",https://www.adzuna.com/land/ad/5822430571?se=9A5Z-R-N8RG8JMyxbRrc7Q&utm_medium=api&utm_source=e45342b0&v=FEB70E78AAA66A1D5A1B26A3A40FEA9E2B57FB2A
data analyst,Data Analyst,Apex Systems,"Florin, Sacramento County",83539.55,83539.55,IT Jobs,2026-07-30T19:21:16Z,"Job: 3044382 Job Description: Data Analyst Apex Systems | Program Analytics & Reporting Overview Apex Systems is seeking a Data Analyst to support program reporting, issue tracking, performance analytics, dashboard development, and operational reporting for a statewide telecommunications transformation initiative. Required Qualifications Minimum five (5) years of experience supporting enterprise technology programs. Minimum three (3) years of data analysis experience. Experience using Excel, Po…",https://www.adzuna.com/land/ad/5821709060?se=9A5Z-R-N8RG8JMyxbRrc7Q&utm_medium=api&utm_source=e45342b0&v=494378B1673E477759F0789A2C220187CEE7571A
data analyst,Data Analyst,INSPYR Solutions,"Jacks Cabin, Gunnison County",119795.63,119795.63,IT Jobs,2026-07-16T09:46:29Z,"Title: Data Analyst Location: Orlando, FL (Hybrid 4/1) Duration: 12 month contract Compensation: $70.00 - $73.00/hr Work Requirements: , Holders or Authorized to Work in the U.S. Data Analyst The ideal candidate combines strong statistical fundamentals with hands-on experience with statistics, machine learning and AI; and is comfortable owning experiments end-to-end (design, instrumentation review, analysis, readout), and can clearly communicate methodology and results to both technical and non…",https://www.adzuna.com/land/ad/5802894734?se=9A5Z-R-N8RG8JMyxbRrc7Q&utm_medium=api&utm_source=e45342b0&v=0255F77CFBC44DFE8E57693C34A581FF1666DC81
data analyst,Data Analyst,Apex Systems,"Birmingham, Jefferson County",83112.59,83112.59,IT Jobs,2026-07-07T09:11:35Z,"Job: 3041091 Job Description: Data Analyst I - Asset Data Management Position Overview We are seeking an entry-level Data Analyst to support enterprise asset data management initiatives. This role will focus on reviewing, validating, organizing, and maintaining asset information to improve data quality, consistency, and accessibility across business systems. The ideal candidate is highly detail-oriented, comfortable working with large datasets, and interested in data analytics, business process…",https://www.adzuna.com/land/ad/5790981739?se=9A5Z-R-N8RG8JMyxbRrc7Q&utm_medium=api&utm_source=e45342b0&v=71F109ADACFD532DF521D383166CA27799CAA302
data analyst,DATA ANALYST,Globex IT Solutions INC,US,72677.95,72677.95,IT Jobs,2026-07-27T17:22:52Z,"Job Title: Data Analyst Location: Remote Duration: Long Term Essential Duties: · Builds actionable data visualizations that identify areas of opportunity and help drive Excellence at scale. Our Primary BI platform is Microsoft PowerBI · Contributes to the development of custom metrics and reports to support the CCS Operations reporting needs · Writes advanced SQL to extract and model data from multiple databases (Databricks Delta, SQL server, Oracle, KQL etc.) · Contributes to project deliverab…",https://www.adzuna.com/land/ad/5817624603?se=9A5Z-R-N8RG8JMyxbRrc7Q&utm_medium=api&utm_source=e45342b0&v=C93332BF5E53F87413DD710603FDDE4C078DF6E7
data analyst,Data Analyst,INSPYR Solutions,"Pensacola, Escambia County",58546.93,58546.93,IT Jobs,2026-07-06T13:05:05Z,"Title: Data Analyst Location: Open to hybrid in Pensacola, FL, Winchester, VA, or Vienna VA. Duration: Initial 6 months plus extensions Work Requirements: or Authorized to work in the US Description Partner with business stakeholders and other analysts to understand business data needs, capture data requirements, and perform data collection, processing and cleaning. Provide inputs for data science and business intelligence projects and perform analysis on large data sets to support departmental…",https://www.adzuna.com/land/ad/5790059738?se=9A5Z-R-N8RG8JMyxbRrc7Q&utm_medium=api&utm_source=e45342b0&v=B4C06B05F1421FC42DDA5782B694B0B355C4FA40
data analyst,Data Analyst,Collabera LLC,"Charlotte, Mecklenburg County",78980.3,78980.3,Accounting & Finance Jobs,2026-06-25T16:21:01Z,"Project Details: Client: Banking Position: Process Automation Engineer/ Data Analyst - Xceptor Location: Charlotte, NC 28202 : 3 day in office, 2 day remote weekly Schedule: Mon-Fri : Basic Business hours Duration: 6-month contract to start, potential to extend down the road Work Hours: 40 hrs/ wk Pay range: $50 -55/hr Note: Only looking for candidates local to Charlotte, NC. Must Haves: Xceptor 4 years of building out process improvement/automation solutions Capital Markets/Investment Banking …",https://www.adzuna.com/land/ad/5776610950?se=9A5Z-R-N8RG8JMyxbRrc7Q&utm_medium=api&utm_source=e45342b0&v=D45BA679F6D319F4BA3CCC55BB6C055EF171275B
data analyst,Data Analyst,Collabera LLC,"Charlotte, Mecklenburg County",97246.52,97246.52,Accounting & Finance Jobs,2026-07-29T11:14:26Z,"Project Details: Client: Bank Position Title: Data Analyst/ Business Analyst - Process Automation & Reporting Location: Charlotte, NC 28202 Hybrid Schedule (2 day remote weekly) Duration: 6 months contract to start, potential to extend down the road Typical Hours: 40 hrs/ wk Pay-rate: 47/hr Note: Please only Apply - If you are Local and can go onsite - 3 day. Must Haves: Xceptor or Alteryx 4 years of building out process improvement/automation solutions Capital Markets/Investment Banking Backgr…",https://www.adzuna.com/land/ad/5819862478?se=9A5Z-R-N8RG8JMyxbRrc7Q&utm_medium=api&utm_source=e45342b0&v=1913AAE357FDB506830EC1FEAAD27038BA233D6B
data analyst,Data Analyst,Robert Half,"La Porte, Harris County",77950.27,77950.27,IT Jobs,2026-07-24T23:08:25Z,"Description We are looking for a Data Analyst to support fraud detection and investigative efforts through careful analysis of complex data sets in Texas. This Long-term Contract position is ideal for someone who can turn transactional and operational data into actionable insights that help reduce risk and strengthen anti-fraud controls. The role requires someone who can identify suspicious patterns, communicate findings clearly, and collaborate with stakeholders to improve decision-making. Res…",https://www.adzuna.com/land/ad/5814879907?se=9A5Z-R-N8RG8JMyxbRrc7Q&utm_medium=api&utm_source=e45342b0&v=FCF9C09B777F600C655719A0000780FDB35CA478
data analyst,Data Analyst,QUANTUM TECHNOLOGIES LLC,US,111776.66,111776.66,IT Jobs,2026-07-29T17:20:23Z,"Job Title: Data Analyst Location: Titusville, NJ Duration: 8 Months  Extension Bill Rate: $90/hr Job Type: W2 Contract Client: To Be Discussed Later Work Authorization: US-Citizen, H-1B, OPT-EAD, GC-EAD Job Description Design and build end-to-end reporting solutions (dashboards, recurring reports, ad-hoc analysis ) aligned to business needs partner with stakeholders (OPS, DQAS, OPCC, TECH) to define reporting requirements and KPIs develop and maintain data models and pipelines to support reliab…",https://www.adzuna.com/land/ad/5820188244?se=9A5Z-R-N8RG8JMyxbRrc7Q&utm_medium=api&utm_source=e45342b0&v=92855597B427F7070B971FF96ED6A617B998F7CF
data analyst,Data Analyst,Apex Systems,"Country Park Acres, Guilford County",76225.79,76225.79,IT Jobs,2026-06-18T06:35:27Z,"Job: 3038949 Job Description: Apex Systems is looking to hire an ONSITE Data Analyst for our client based out of Greensboro, NC . This assignment is anticipated to be a 12-month contract with strong potential for extension; however, Apex Systems cannot guarantee the length of this assignment. This will also have a first-shift Monday-Friday schedule. Responsibilities: Analyze large and complex datasets to identify trends, patterns, and insights related to product quality, reliability, operationa…",https://www.adzuna.com/land/ad/5768024970?se=9A5Z-R-N8RG8JMyxbRrc7Q&utm_medium=api&utm_source=e45342b0&v=7F6DCD0DAACFC5C77BFC8777206CE91D91718E78
data analyst,Data Analyst,Robert Half,"Centreville, St. Joseph County",75950.19,75950.19,IT Jobs,2026-07-10T21:19:25Z,"Description We are looking for a Data Analyst to join a non-profit organization in a contract-to-permanent capacity. This position will focus on building and improving data integration processes that support reporting, analytics, and day-to-day business operations. The role is ideal for someone who can turn complex data needs into dependable technical solutions while helping maintain strong data quality, performance, and governance standards. Responsibilities: Develop and support data integrati…",https://www.adzuna.com/land/ad/5796377949?se=9A5Z-R-N8RG8JMyxbRrc7Q&utm_medium=api&utm_source=e45342b0&v=A67D36E5413E521611A0E7F503EB86D672282A7F
data analyst,Data Analyst,Apex Systems,"Pineville, Mecklenburg County",76306.95,76306.95,IT Jobs,2026-07-07T09:11:35Z,"Job: 3040659 Job Description: Data Analyst Location: Remote Role Overview We are seeking a Data Governance and Application Inventory Analyst. This role supports a focused initiative to improve the completeness, accuracy, and governance of a Business Application Inventory (CMDB). The position involves partnering with Data Governance, CMDB, Enterprise Architecture, and Application SMEs to reconcile application inventories, improve data quality, and standardize application inventory definitions. K…",https://www.adzuna.com/land/ad/5790981738?se=9A5Z-R-N8RG8JMyxbRrc7Q&utm_medium=api&utm_source=e45342b0&v=92D120C88580A4D3E23FCE89BE532AD98A5BE678
data analyst,Data Analyst,Apex Systems,"Charlotte, Mecklenburg County",79305.52,79305.52,IT Jobs,2026-07-29T19:17:38Z,"Job: 3044034 Job Description: Data Analyst Large Banking Client W2 Contract FULLY ONSITE (5x/week) in Richmond, VA / Charlotte, NC / Atlanta, GA Required Skills/Experience: 7 years of experience in Data Analytics Focus on process automation to improve efficiency AWS and/or Snowflake experience - to support scalable reporting and insight generation Python and/or R experience - to support data analysis, automation, or advanced analytical problem-solving Experience managing small-mid size projects…",https://www.adzuna.com/land/ad/5820395837?se=9A5Z-R-N8RG8JMyxbRrc7Q&utm_medium=api&utm_source=e45342b0&v=F5701D03E22258E0B7E35D99E31D7BDFFB6C25FB
data analyst,Data Analyst,Apex Systems,"Pensacola, Escambia County",58508.47,58508.47,IT Jobs,2026-07-07T09:01:06Z,"Job: 3041027 Job Description: Contractor - Human Resources Location: Open to hybrid in Pensacola, FL, Winchester, VA, or Vienna VA. Role Overview In this role, you will partner with business stakeholders and analysts to understand data needs, capture requirements, and perform data collection, processing, and cleaning. You will provide inputs for data science and business intelligence projects and conduct analysis on large data sets to support organizational objectives. This position involves so…",https://www.adzuna.com/land/ad/5790973758?se=9A5Z-R-N8RG8JMyxbRrc7Q&utm_medium=api&utm_source=e45342b0&v=A02F34F02FD1B30BDBAC77FB2AFC5148903C8B9E
data analyst,Data Analyst,Saicon Consultants Inc.,"Rosemont, Cook County",84018.62,84018.62,IT Jobs,2026-07-28T17:13:18Z,"Key Responsibilities Aladdin Data Integration Flows: Analyze and support inbound/outbound data flows to/from Aladdin. Understand integrations with trading platforms, custodian systems, and market data providers. Assist in validating data movement across Aladdin and external applications. Data Analysis & Validation: Perform data validation, reconciliation, and quality checks across trades, positions, holdings, and valuations. Execute SQL queries to detect data breaks and validate transformation …",https://www.adzuna.com/land/ad/5818781463?se=9A5Z-R-N8RG8JMyxbRrc7Q&utm_medium=api&utm_source=e45342b0&v=9AA902B3483B9A19200147B41D65A9FBBB7A3507
data analyst,Data Analyst,"Digipulse Technologies, Inc","Centerdale, Providence County",67073.96,67073.96,IT Jobs,2026-07-08T14:34:21Z,"About Digipulse Digipulse Technologies, Inc (DTI) is a software solutions company offering focused IT services to fortune 1000 clients. We provide services in enterprise application development, system integration & support services for Insurance, Financial, Hospitality, Telecommunication, Pharmaceutical & Banking sectors. About the Role The Purpose of Your Role The Analyst will primarily be focused on supporting client corporate actions. They will lead the effort to update a client’s data duri…",https://www.adzuna.com/land/ad/5792955085?se=9A5Z-R-N8RG8JMyxbRrc7Q&utm_medium=api&utm_source=e45342b0&v=1B7B51D9DA4679FE0D20BF955E949EE293024A58
data analyst,Data Analyst,Uline,"Pleasant Prairie, Kenosha County",87959.53,87959.53,IT Jobs,2026-07-31T05:11:18Z,"Data Analyst Corporate Headquarters 12575 Uline Dr. Pleasant Prairie, WI 53158 Ready to make a real impact? Join Uline as a Data Analyst to be a driver of operational excellence. From searching for improvements regarding manual processes to thinking critically about various issues, your skills will help shape our growing company's future! Careers Packed with Potential. Backed by 45 years of success, Uline offers opportunities to grow your career with stability you can count on. Position Respons…",https://www.adzuna.com/land/ad/5822198716?se=9A5Z-R-N8RG8JMyxbRrc7Q&utm_medium=api&utm_source=e45342b0&v=C3203961DF0D36B16DB3F46489F4ABC86723DC1B
data analyst,DATA ANALYST,Arizona State University,"Tempe, Maricopa County",77067.55,77067.55,Healthcare & Nursing Jobs,2026-07-31T05:12:08Z,"Data Analyst Arizona State University Campus: Tempe JR123549 End Date: August 1, 2026 Apply before 11:59 PM Arizona time the day before the posted End Date. Minimum Qualifications: Bachelor's degree and five (5) years of experience appropriate to the area of assignment/field; OR, Any equivalent combination of experience and/or training from which comparable knowledge, skills and abilities have been achieved. Job Profile Summary: Defines systems requirements, makes recommendations for technology…",https://www.adzuna.com/land/ad/5822204587?se=9A5Z-R-N8RG8JMyxbRrc7Q&utm_medium=api&utm_source=e45342b0&v=C077088E898E887DD946B5D1BD3779AFE4F27492
data analyst,Data Analyst,"The Computer Merchant, Ltd","Norfolk Downs, Norfolk County",94250.24,94250.24,IT Jobs,2026-07-31T05:14:29Z,"JOB TITLE: Data Analyst JOB LOCATION: Quincy MA WAGE RANGE*: $65-$68 JOB NUMBER: ITS77-EHS-FY27-DATA ANAL- QA – 002- 180 – 7/10/ JOB DESCRIPTION: DPH is executing large-scale data modernization across the agency as part of DMI. This includes creating a consolidated Enterprise Data Platform on modern cloud tools (including AWS & Snowflake,) and re-platforming existing business data applications from solutions such as SAS and legacy databases to the new platform. DPH data systems enable epidemiol…",https://www.adzuna.com/land/ad/5822217484?se=9A5Z-R-N8RG8JMyxbRrc7Q&utm_medium=api&utm_source=e45342b0&v=B77F9BCCFE3B8DD6CEF2D09AD0A8E887DE42097D
data analyst,Data Analyst,CYNET SYSTEMS,"Pittsburgh, Allegheny County",91396.12,91396.12,IT Jobs,2026-07-31T05:11:35Z,"Job Overview: Pay Range: $45hr - $50hr Requirement/Must Have: Experience working with Collibra. Proven expertise in SQL performance analysis and tuning across Oracle and Snowflake environments. Hands-on experience investigating and remediating data quality issues including root cause analysis and corrective/preventive actions. Demonstrated ability to elicit and document business requirements and translate them into functional specifications, use cases, and technical designs. Familiarity with op…",https://www.adzuna.com/land/ad/5822200828?se=9A5Z-R-N8RG8JMyxbRrc7Q&utm_medium=api&utm_source=e45342b0&v=141AC9FAC16347A54F0CD609BBDB3F78A4694659
data analyst,Data Analyst /Data Analytics,"Rayomind Software Solutions LLC, DBA, Hire'in Solutions","Santa Clara, Santa Clara County",119774.95,119774.95,IT Jobs,2026-05-20T14:13:10Z,"Job Title: Data Analyst / Data Analytics Location: Santa Clara, CA (Onsite) Duration: C2C/W2 Job Description:- Need profiles with Strong SQL, Tableau & Data Analytics (Instead of Data Analyst), Databricks and AWS and Supply chain domain Strong in advance SQL Good at data analysis Should be able to build BI dashboards using Tableau & Power BI Experience in Databricks, AWS and Python Candidate should be able to assist business stakeholders to build their dashboards Supply chain domain knowledge S…",https://www.adzuna.com/land/ad/5735320963?se=9A5Z-R-N8RG8JMyxbRrc7Q&utm_medium=api&utm_source=e45342b0&v=E2233E2F8DCAFBDE2C3B2EC7A94A2A0FCC082386
data analyst,Procurement Data Analyst,Kforce Technology Staffing,"Schiller Park, Cook County",158996.86,158996.86,IT Jobs,2026-06-29T17:04:01Z,"RESPONSIBILITIES: Kforce has a client in Chicago, IL that is seeking a Procurement Data Analyst. Summary: We are seeking a highly skilled and commercially focused Data Analyst to join our Procurement function within a leading commercial real estate organization. This is a pivotal role that sits at the intersection of data analytics, procurement analytics, and business intelligence, enabling smarter sourcing decisions, supplier performance management, and cost optimisation across our property po…",https://www.adzuna.com/land/ad/5781433834?se=9A5Z-R-N8RG8JMyxbRrc7Q&utm_medium=api&utm_source=e45342b0&v=6CE75B3905E76D4BDFB5CBCE8C94AFF20C5CF71F
data analyst,Financial Data Analyst,Jobot,"Lawrenceville, Gwinnett County",81800.02,81800.02,Accounting & Finance Jobs,2026-07-21T01:13:01Z,"Hybrid Financial Data Analyst for Large Industrial Manufacturing Organization This Jobot Job is hosted by: Jade Greenlee Are you a fit? Easy Apply now by clicking the ""Quick Apply"" button and sending us your resume. Salary: $90,000 - $110,000 per year A bit about us: We are a world leader in the industrial space. Why join us? Hybrid Work Life Balance Retirement Match Employee Benefits Team Environment Job Details Job Details: We are seeking a dynamic and experienced Permanent Financial Data Ana…",https://www.adzuna.com/land/ad/5808890871?se=9A5Z-R-N8RG8JMyxbRrc7Q&utm_medium=api&utm_source=e45342b0&v=AA9E6BDDA38105604F2024045D2EC0579D7485B1
data analyst,Senior Data Analyst,Kforce Technology Staffing,"Northlake, DeKalb County",112407.69,112407.69,IT Jobs,2026-07-30T15:13:59Z,"RESPONSIBILITIES: Kforce has a client seeking a Senior Data Analyst to join their team in Atlanta, GA. Summary: We are seeking a Senior Data Analyst to support enterprise analytics, reporting, and data strategy initiatives. This role will drive measurement frameworks, data governance, reporting standards, and insight generation across digital platforms. The ideal candidate will partner with business and technical stakeholders to ensure data accuracy, support platform enhancements, develop scala…",https://www.adzuna.com/land/ad/5821431134?se=9A5Z-R-N8RG8JMyxbRrc7Q&utm_medium=api&utm_source=e45342b0&v=BFEA6BDC7DE52A170E0208D6CD9C35EFBDE7B7C9
data analyst,Data Analyst II,Medasource,US,62688.41,62688.41,IT Jobs,2026-07-06T19:09:18Z,"Job Title: Data Analyst II Hourly/Salary Compensation Range: 31-37/hr (contract) Location: Remote, onsite as needed at Client (Northern California) Hours: 8:00 AM - 5:00 PM PST Start Date: 7/13/2026 Client Overview: Client Health Plan - integrated healthcare delivery; requires accurate provider network and operational data for member access, vendor publication, and internal operations. Job Description: Support provider network data management, reporting, and data quality workflows. Handle Sales…",https://www.adzuna.com/land/ad/5790373502?se=9A5Z-R-N8RG8JMyxbRrc7Q&utm_medium=api&utm_source=e45342b0&v=AF4FDE08C03FE1F339453D5088469F07E70AE237
data analyst,Data Analyst II,Medasource,US,56587.72,56587.72,IT Jobs,2026-07-10T19:32:40Z,"Job Title: Data Analyst II Hourly/Salary Compensation Range: 52.50/hr Location: Remote, onsite as needed at Client Health Plan Hours: 8:00 AM - 5:00 PM Start Date: 7/20/26 Client Overview: Client Health Plan - managed care organization requiring accurate provider network data and operational reporting to support members, providers, vendors, and sales. Job Description (Summary / Duties): Support provider network data management, reporting, and data quality workflows Handle daily Salesforce servi…",https://www.adzuna.com/land/ad/5796297051?se=9A5Z-R-N8RG8JMyxbRrc7Q&utm_medium=api&utm_source=e45342b0&v=90BFCE6D2A7DEF0C94315304F507E20ECBE41FE4
data analyst,Master Data Analyst,Jobot,"Minden, Douglas County",99156.02,99156.02,IT Jobs,2026-07-04T03:56:44Z,"Master Data Analyst This Jobot Job is hosted by: Jerry Sipocz Are you a fit? Easy Apply now by clicking the ""Quick Apply"" button and sending us your resume. Salary: $70,000 - $85,000 per year A bit about us: Our client is a well-established and growing manufacturer known for delivering innovative, high-quality products to customers around the world. With a strong commitment to operational excellence, continuous improvement, and product innovation, the company has built a reputation for quality,…",https://www.adzuna.com/land/ad/5787714499?se=9A5Z-R-N8RG8JMyxbRrc7Q&utm_medium=api&utm_source=e45342b0&v=16A941DCD2443F3D41BCCF07C305BD479865EEAD
data analyst,IT Bus & Data Info Analyst,Stoughton Trailers,"Stoughton, Dane County",64491.29,64491.29,IT Jobs,2026-07-30T02:57:15Z,"Essential Duties and Responsibilities: Maintains an in-depth and current knowledge of the Stoughton Trailer business processes as well as industry best practices. Provides leadership and support to a cross-functional team of key stakeholders in the business, responsible for process execution. Performs analysis and investigation into root cause of problems and proposes solutions. Prepares detailed functional specification based on business requirements and as necessary assists with technical des…",https://www.adzuna.com/land/ad/5820855691?se=VGvJ-R-N8RGNzO_fQd9OLg&utm_medium=api&utm_source=e45342b0&v=7F144E00929C7E90590FA53D766C553EE4D8CA87
data analyst,Lead Data Analyst,GovCIO,US,109374.95,109374.95,IT Jobs,2026-04-08T13:21:20Z,"GovCIO is currently hiring for a Data Analyst to lead development of data strategy. This position will be located in Fort Meaded, MD and will be an onsite position. Responsibilities The Data Analyst leads development of the data strategy that transforms autonomous pentesting outputs into structured, contextualized datasets suitable for AI training and advanced analytics. This role defines data taxonomies, metadata requirements, labeling approaches, and governance considerations to ensure collec…",https://www.adzuna.com/land/ad/5693336521?se=VGvJ-R-N8RGNzO_fQd9OLg&utm_medium=api&utm_source=e45342b0&v=895A146634E0AF4914D47293D279C1B51223C9FE
data analyst,Mid Data Analyst,Booz Allen Hamilton,"Triana, Madison County",52563.72,52563.72,IT Jobs,2026-07-22T07:03:49Z,"Job Number: R0245026 Data Analyst, Mid The Opportunity: As data analyst, you love diving into data and turning it into meaningful insights. With the abundance of structured and unstructured data, you understand the importance of transforming complex data sets into useful information to solve challenges. As a data analyst at Booz Allen, you can use your skills and experience to support a mission and use data for good. We need a data analyst like you to bring your knowledge. As a client-facing da…",https://www.adzuna.com/land/ad/5810829970?se=VGvJ-R-N8RGNzO_fQd9OLg&utm_medium=api&utm_source=e45342b0&v=6B18FECAE1B031D9F536AEBB474E6BD9841026D7
data analyst,Mid Data Analyst,Booz Allen Hamilton,"Tampa Palms, Hillsborough County",106214.45,106214.45,IT Jobs,2026-07-29T05:33:00Z,"Job Number: R0245563 Data Analyst, Mid The Opportunity: As a data analyst, you love diving into data and turning it into meaningful insights. With the abundance of structured and unstructured data, you understand the importance of transforming complex data sets into useful information to solve challenges. As a data analyst at Booz Allen, you can use your skills to support a mission and use data for good. We need a data analyst like you to bring your knowledge to USCENTCOM's data lake environmen…",https://www.adzuna.com/land/ad/5819609638?se=VGvJ-R-N8RGNzO_fQd9OLg&utm_medium=api&utm_source=e45342b0&v=443167AFAEF39415CC06F9D82227BBF406D0F0B1
data analyst,Senior Data Analyst,Booz Allen Hamilton,"Haymount, Cumberland County",139454.98,139454.98,IT Jobs,2026-05-07T06:05:22Z,"Job Number: R0239478 Data Analyst, Senior The Opportunity: As data analyst, you love diving into data and turning it into meaningful insights. With the abundance of structured and unstructured data, you understand the importance of transforming complex data sets into useful information to solve challenges. As a data analyst at Booz Allen, you can use your skills and experience to support a mission and use data for good. We need a data analyst like you to bring your knowledge to empower our clie…",https://www.adzuna.com/land/ad/5721558726?se=VGvJ-R-N8RGNzO_fQd9OLg&utm_medium=api&utm_source=e45342b0&v=2FFA4D3F13F2D4BF541356AE2DEF11CC9585482C
data analyst,Senior Data Analyst,Booz Allen Hamilton,"Hurlburt Field, Okaloosa County",120606.3,120606.3,IT Jobs,2026-07-01T05:06:04Z,"Job Number: R0243434 Data Analyst, Senior The Opportunity: As data analyst, you love diving into data and turning it into meaningful insights. With the abundance of structured and unstructured data, you understand the importance of transforming complex data sets into useful information to solve challenges. As a data analyst at Booz Allen, you can use your skills and experience to support a mission and use data for good. We need a data analyst like you to bring your knowledge to empower our clie…",https://www.adzuna.com/land/ad/5783333855?se=VGvJ-R-N8RGNzO_fQd9OLg&utm_medium=api&utm_source=e45342b0&v=83A87010C9B68B2CF4849F4913EA5B65CA4A66C1
data analyst,Sr. Data Analyst,Neos Consulting,"Bee Cave, Travis County",72825.45,72825.45,IT Jobs,2026-07-27T19:13:56Z,"City : Austin State : Texas Neos is Seeking a Senior Data Analyst for a long-term contract role with our client in Austin, TX. HYBRID - ONLY CANDIDATES CURRENTLY RESIDING IN THE AUSTIN, TX AREA (within 50 miles) WILL BE CONSIDERED Position is Hybrid - 3 days remote with 2 days (Mondays and Thursdays) required to be onsite ( Austin, TX 78751 ) Subject to change per the hiring team Interviews to be conducted via MS Teams and Onsite (Austin) No calls, no emails, please respond directly to the ""app…",https://www.adzuna.com/land/ad/5817722574?se=VGvJ-R-N8RGNzO_fQd9OLg&utm_medium=api&utm_source=e45342b0&v=D17EB72E308811ACA526F8DFDCF4502A14ACE0C9
data analyst,Business Data Analyst,Software Guidance & Assistance,"Blue Hills, Hartford County",93070.23,93070.23,IT Jobs,2026-04-27T20:31:38Z,"Software Guidance & Assistance, Inc., (SGA), is searching for a Junior Business Data Analyst for a CONTRACT assignment with one of our premier Insurance clients, working a hybrid schedule in Hartford, CT; Chicago, IL; Columbus, OH; and Charlotte, NC Our Clients Enterprise Data Office is currently looking for a Business Data Analyst to join the Corporate Data Services team. This role will be focused on providing business and data analysis support for several highly visible, business-critical app…",https://www.adzuna.com/land/ad/5712145516?se=VGvJ-R-N8RGNzO_fQd9OLg&utm_medium=api&utm_source=e45342b0&v=D42E847718AC92D45191DA81530202187ABD4448
data analyst,Lead Data Analyst,Vistra Corp,"Irving, Dallas",104308.2,104308.2,IT Jobs,2026-03-27T10:11:25Z,"If you have what it takes to become part of the Vistra family and would like to start a promising career with a global leader, take a look at the exciting employment opportunities that are currently available and apply online. Job Summary As a Lead Data Analyst, you will be responsible for leading and driving data strategy and analytics initiatives that impact business decisions. The successful candidate will have extensive experience in statistical analysis and data modeling and be able to wor…",https://www.adzuna.com/land/ad/5680356732?se=VGvJ-R-N8RGNzO_fQd9OLg&utm_medium=api&utm_source=e45342b0&v=B03E9CBA5B19D84025DF70AC1122520BD2C82ED6
data analyst,Data Analyst (Reporting),DecisionPoint Corporation,US,56285.29,56285.29,IT Jobs,2026-07-30T05:28:04Z,"Overview DecisionPoint seeks a Data Analyst (Reporting) to develop KPI frameworks, analyze operational and performance data, and produce recurring reports for a large federal and DoD-aligned mission environment. This role is responsible for generating weekly and monthly performance reports, tracking service-level agreements (SLAs), analyzing alert trends, and identifying areas for system and operational improvement. The Data Analyst supports the PMO, dashboard teams, engineering teams, and oper…",https://www.adzuna.com/land/ad/5820955627?se=VGvJ-R-N8RGNzO_fQd9OLg&utm_medium=api&utm_source=e45342b0&v=EF48A058072628B6C38BCCABF65BF487E87D8373
data analyst,Senior Data Analyst,Gainwell Technologies LLC,"Enterprise, Clark County",108761.67,108761.67,IT Jobs,2026-06-18T22:44:33Z,"Be part of a team that unleashes the power of leading-edge technologies to help improve the health and well-being of those most vulnerable in our country and communities. Working at Gainwell carries its rewards. You'll have an incredible opportunity to grow your career in a company that values work flexibility, learning, and career development. You'll add to your technical credentials and certifications while enjoying a generous, flexible vacation policy and educational assistance. We also have…",https://www.adzuna.com/land/ad/5768882085?se=VGvJ-R-N8RGNzO_fQd9OLg&utm_medium=api&utm_source=e45342b0&v=43506091651B216BD0DC673EB0D51756A8C1BB2B
data analyst,Senior Data Analyst,Hiring Dreams LLC,"Charlotte, Mecklenburg County",92145.29,92145.29,IT Jobs,2026-07-20T19:23:26Z,"Role - Senior Data Analyst Location - Charlotte, NC SUMMARY Demonstrated strong domain expertise in Property & Casualty (P&C) Insurance, with hands-on experience in interpreting ACORD policy formats, Broker Submission documents, and Statements of Values (SOVs). Led data sourcing, mapping, analysis, and remediation efforts as part of legacy system migration to Guidewire PolicyCenter, ensuring high data quality and alignment with business rules. Applied deep understanding of insurance data models…",https://www.adzuna.com/land/ad/5808567541?se=VGvJ-R-N8RGNzO_fQd9OLg&utm_medium=api&utm_source=e45342b0&v=70C9ECB7A196D97B355CF6DB475DA735123E898C
data analyst,Business Data Analyst,Kforce Technology Staffing,"Altamonte Springs, Seminole County",110963.94,110963.94,IT Jobs,2026-07-17T13:49:54Z,"RESPONSIBILITIES: Kforce's client in Altamonte Springs, FL is seeking a Business Data Analyst to support multiple strategic initiatives across the organization. This is a newly created role designed for someone who can operate independently, bridge the gap between business and technology teams, and drive data-focused projects to completion. This individual will work cross-functionally with approximately 15 different teams to collect, analyze, and interpret data while partnering closely with dev…",https://www.adzuna.com/land/ad/5805094454?se=VGvJ-R-N8RGNzO_fQd9OLg&utm_medium=api&utm_source=e45342b0&v=9BEA00399EC7253B065DB6B3ED4DDE6875257BCC
data analyst,Business / Data Analyst,Kforce Technology Staffing,"Phoenix, Maricopa County",103938.2,103938.2,IT Jobs,2026-07-23T10:52:11Z,"RESPONSIBILITIES: Kforce has a client that is seeking a Business/Data Analyst in Phoenix, AZ. Summary: This Business/Data Analyst role supports a transition from a managed-services model to an internally driven analytics function. The Analyst will partner with stakeholders to uncover insights, improve reporting, and deliver measurable business value. Curiosity, initiative, and the ability to connect technical data work to real business outcomes are essential. Key Duties: * Analyze data from mul…",https://www.adzuna.com/land/ad/5812413596?se=VGvJ-R-N8RGNzO_fQd9OLg&utm_medium=api&utm_source=e45342b0&v=2DB11FEA7FDEC16D760F73EAF2DD6101A176B8E7
data analyst,People Data Analyst,Anduril Industries,"South Boston, Suffolk County",120541.69,120541.69,HR & Recruitment Jobs,2026-06-23T09:17:53Z,"Anduril Industries is a defense technology company with a mission to transform U.S. and allied military capabilities with advanced technology. By bringing the expertise, technology, and business model of the 21st century's most innovative companies to the defense industry, Anduril is changing how military systems are designed, built and sold. Anduril's family of systems is powered by Lattice OS, an AI-powered operating system that turns thousands of data streams into a realtime, 3D command and …",https://www.adzuna.com/land/ad/5773555588?se=VGvJ-R-N8RGNzO_fQd9OLg&utm_medium=api&utm_source=e45342b0&v=0052C68BCAC275874B5E1EBA970B5C5843C0C1D4
data analyst,Facilities Data Analyst,SAIC,"North Springfield, Fairfax County",135809.3,135809.3,Engineering Jobs,2026-06-12T02:56:41Z,"Job ID: 2613589 Location: Springfield, VA, US Date Posted: 2026-06-11 Category: Facilities Subcategory: Facilities Schedule: Full-Time Shift: Day Job Travel: Yes - 10% of the time Minimum Clearance Required: TS.SCI_wPoly Clearance Level Must Be Able to Obtain: None Potential for Remote Work: ORA_ON_SITE Description SAIC is seeking a top-notch Facilities Project Manager/Data Analyst to join our talented team in Springfield, VA. This role requires an active TS/SCI clearance with Polygraph. SAIC p…",https://www.adzuna.com/land/ad/5761086112?se=VGvJ-R-N8RGNzO_fQd9OLg&utm_medium=api&utm_source=e45342b0&v=FB0F6291E2331F4DF9714525A7BE8E88F98865DD
data analyst,Data Analyst (Analytics),DecisionPoint Corporation,US,61929.89,61929.89,IT Jobs,2026-07-28T05:15:27Z,"Overview DecisionPoint seeks a Data Analyst (Analytics) to transform enterprise operational, monitoring, and performance data into actionable insights within a large federal and DoD-aligned IT mission environment. This role produces executive-level visualizations, summaries, analytical narratives, heatmaps, and trend analyses that enable informed decision making across leadership, engineering teams, and mission stakeholders. The Data Scientist (Analytics) develops robust analytical models, eval…",https://www.adzuna.com/land/ad/5818187011?se=VGvJ-R-N8RGNzO_fQd9OLg&utm_medium=api&utm_source=e45342b0&v=45EF9BE0315F05A181CB2FB46A510902E5B7046C
data analyst,Sr Data Analyst,Randstad Digital,"Virginia, US",65204.66,65204.66,IT Jobs,2026-07-30T21:30:43Z,"job summary: Randstad Digital is hiring and we're looking for someone like YOU to join our team! If you are seeking a new opportunity, looking to grow in your career, or you know someone who is - we want to hear from you! Take a look at the below opportunity, or feel free to visit RandstadUSA.com to view and apply. location: McLean, Virginia job type: Contract salary: $54.93 - 60.79 per hour work hours: 8am to 5pm education: Bachelors responsibilities: Key Responsibilities: Backbook Data Analys…",https://www.adzuna.com/land/ad/5821839938?se=VGvJ-R-N8RGNzO_fQd9OLg&utm_medium=api&utm_source=e45342b0&v=439846CE8D69DF0FF65484C7A574D105F67941C8
data analyst,Technical Data Analyst,"Judge Group, Inc.","South Boston, Suffolk County",121586.67,121586.67,IT Jobs,2026-07-30T21:27:31Z,"Location: Boston, MA Salary: $55.00 USD Hourly - $60.00 USD Hourly Description: Role Overview We are seeking a highly analytical and detail-oriented Technical Data Analyst to support enterprise data quality, migration, and integration initiatives. The ideal candidate will have experience assessing, profiling, cleansing, validating, and transforming large datasets while developing reporting and integration solutions to support business and technical teams. Required Qualifications Bachelor's degr…",https://www.adzuna.com/land/ad/5821832049?se=VGvJ-R-N8RGNzO_fQd9OLg&utm_medium=api&utm_source=e45342b0&v=9C4CD0B40EC395DE7CC1E7A768C7F21D1D526814
data analyst,AI/Data Analyst,Kforce Technology Staffing,"Riviera Beach, Palm Beach County",89764.2,89764.2,IT Jobs,2026-05-27T18:54:33Z,"RESPONSIBILITIES: Kforce has a client that is seeking an AI/Data Analyst in Riviera Beach, FL. Summary: The project that they are doing is taking global schedule (schedule of everything they have to build across the world) and they want to run it through AI to find the most efficient use of every machine they have and to build that. The candidate will likely run in parallel with human planners up until the point that it can run without human planners. REQUIREMENTS: * Data Science degree or Data…",https://www.adzuna.com/land/ad/5742773370?se=VGvJ-R-N8RGNzO_fQd9OLg&utm_medium=api&utm_source=e45342b0&v=2DDF8C91ABB8177696C456CC296978196CF1D853
data analyst,Product/Data Analyst,Eliassen Group,"Greenwood Village, Arapahoe County",72068.64,72068.64,IT Jobs,2026-07-21T19:00:45Z,"Description: Hybrid 4 days onsite, 1 remote. in Greenwood Village, CO Our client seeks a Product/Data Analyst to enable data-informed decisions and real-time health monitoring for WiFi products and services. The role will translate complex product questions into actionable analytics, dashboards, and metrics while partnering with product, engineering, and data teams. The analyst will drive clarity in ambiguous domains, surface hidden needs, and guide stakeholders toward proactive, insight-led pr…",https://www.adzuna.com/land/ad/5809936641?se=VGvJ-R-N8RGNzO_fQd9OLg&utm_medium=api&utm_source=e45342b0&v=4C57183718EBCCCE46E228A3C4D4748BAEEBDBF9
data analyst,Data Analyst II,"Judge Group, Inc.","Bridgewater, Somerset County",130423.67,130423.67,IT Jobs,2026-03-27T10:11:28Z,"Location: Bridgewater, NJ Salary: $40.00 USD Hourly - $42.00 USD Hourly Description: Our client is currently seeking a Data Analyst II The CX Insights and Engagement Team designs and implements a best-in-class Voice of the Customer (VOC) program to drive customer-centric decision-making. This role requires strong communication, interpersonal, presentation, financial/analytical, and problem-solving skills. The ideal candidate has a proven track record in leading data-driven customer experience p…",https://www.adzuna.com/land/ad/5680356924?se=VGvJ-R-N8RGNzO_fQd9OLg&utm_medium=api&utm_source=e45342b0&v=EE54A4EC99390FFACDE318F19C8DEC552403AD1A
data analyst,Data Analyst Sr,Lockheed Martin Corporation,"Alabama, US",142301.0,142301.0,Engineering Jobs,2026-06-28T08:52:59Z,"Job Description You will be the Data Analyst Sr for the Production Planning & Control (PP&C) department. Our team is responsible for delivering data-driven insights that guide business decisions and improve operational performance. What You Will Be Doing As the Data Analyst Sr you will be responsible for collecting, processing, and analyzing production-planning data, turning insights into actionable recommendations, and supporting cross-functional decision-making. Your responsibilities will inc…",https://www.adzuna.com/land/ad/5780234086?se=VGvJ-R-N8RGNzO_fQd9OLg&utm_medium=api&utm_source=e45342b0&v=9DF8F2A31AA202346CE53DF0E867C2A7D58A186A
data analyst,Data Analyst Senior,Lockheed Martin Corporation,"Lexington, Fayette County",164803.53,164803.53,IT Jobs,2026-07-17T08:19:54Z,"Job Description Lockheed Martin seeks a Data Analyst who will translate raw data into compelling, actionable stories that drive business and risk management decisions. The analyst will locate novel data sources, apply rigorous statistical methods, and deliver insights through dashboards, reports, and narrative visualizations while supporting the organization's data governance initiatives. Responsible for collecting, processing, and analyzing data to develop immersive stories that answer busines…",https://www.adzuna.com/land/ad/5804841497?se=VGvJ-R-N8RGNzO_fQd9OLg&utm_medium=api&utm_source=e45342b0&v=9A5EA5872D970F6825D707D1068972AB53A0A9AA
data analyst,Product Data Analyst,Kforce Technology Staffing,"Westlake, Denton County",128150.12,128150.12,IT Jobs,2026-07-16T19:59:22Z,"RESPONSIBILITIES: Kforce has a client in Westlake, TX that is seeking a Product Data Analyst. Responsibilities: * Collaborate with business and technical teams to analyze current systems and identify inefficiencies * Recommend improvements based on data-driven insights and design-oriented modeling approaches * Derive and document business requirements, rules and workflows from systems such as Informatica, Python, and PL/SQL * Apply knowledge of dimensional, relational, and unstructured modeling…",https://www.adzuna.com/land/ad/5803995591?se=VGvJ-R-N8RGNzO_fQd9OLg&utm_medium=api&utm_source=e45342b0&v=E9FB07493E569BE077C6348582FB65DDF5DC1867
data analyst,Data Analyst (EO),Kentro,"Mount Rainier, Prince George's County",121230.4,121230.4,IT Jobs,2026-07-30T19:18:46Z,"Overview Thank you for considering IT Concepts dba Kentro, where innovation drives opportunity and collaboration leads to success. Our dynamic community of experts is fully committed to advancing our customers' missions, fostering professional growth, and making a positive impact on our communities. By joining our supportive community, you will find that Kentro is dedicated to your personal and professional development. Together, we can drive meaningful change, spark innovation, and achieve ext…",https://www.adzuna.com/land/ad/5821688504?se=VGvJ-R-N8RGNzO_fQd9OLg&utm_medium=api&utm_source=e45342b0&v=36725130509ACC4E6679BA5746DB2A2BF7440C6F
data analyst,Senior Data Analysts,Kforce Technology Staffing,"Tampa Palms, Hillsborough County",208397.75,208397.75,IT Jobs,2026-07-27T17:15:52Z,"RESPONSIBILITIES: Kforce is looking for Senior Data Analysts. Qualified candidates will be analyzing user requirements, business intelligence (BI) data, and trends to define functional specifications; Collecting BI data; Designing and developing robust extract, transform, load (ETL) processes; Developing and implementing complex BI tools, data warehouses, and systems using ETL, Python, Pandas, Scikit-learn, Tableau, PowerBI, Qlik, Alteryx, and QuickBase; Developing and enhancing data solutions …",https://www.adzuna.com/land/ad/5817616426?se=VGvJ-R-N8RGNzO_fQd9OLg&utm_medium=api&utm_source=e45342b0&v=06C8A485DA09F9BDB5EAEE60A5CC85E6026F1180
data analyst,Product Data Analyst,Eliassen Group,"Westlake, Denton County",95601.9,95601.9,IT Jobs,2026-07-16T20:07:31Z,"Description: Hybrid Every Other Week onsite / 5 days in either Westlake, TX or Merrimack, NH or Durham, NC Our client has an opportunity for a Product Data Analyst to support Stock Plan Services Customer Solutions. The role blends business analysis, data analysis, systems analysis, and product management to interpret complex data, modernize reporting, and drive process improvement. The analyst will partner with stakeholders across product, technology, operations, and compliance to define, analy…",https://www.adzuna.com/land/ad/5803999581?se=VGvJ-R-N8RGNzO_fQd9OLg&utm_medium=api&utm_source=e45342b0&v=3C981237D00C9752C5BFE0629F2CECF13D6A01C0
data analyst,PRINCIPAL DATA ANALYST,City Of Chicago,"Schiller Park, Cook County",114353.19,114353.19,IT Jobs,2026-07-29T15:12:46Z,"Description BID/JOB ANNOUNCEMENT PRINCIPAL DATA ANALYST Department of Technology and Innovation IT Delivery Number of Positions: 1 (Additional vacancies are possible pending budget approval) Annual Starting Salary: $99,480 These positions are open to the general public and to all current city employees covered under the terms of the City's collective bargaining agreement with the AMERICAN FEDERATION OF STATE, COUNTY AND MUNICIPAL EMPLOYEES (AFSCME) - (BARGAINING UNIT 01, 03, 04, 05) . Only empl…",https://www.adzuna.com/land/ad/5820136630?se=VGvJ-R-N8RGNzO_fQd9OLg&utm_medium=api&utm_source=e45342b0&v=8AFD6D9F59934C253690C8378F06C3E845EB4BC1
data analyst,Data Analyst (Cleared),"ICF Consulting Group, Inc.","Ashburn, Loudoun County",89708.92,89708.92,IT Jobs,2026-07-30T19:19:04Z,"Please note: This role is contingent upon a contract award. While it is not an immediate opening, we are actively conducting interviews and extending offers in anticipation of the award. Overview We are seeking a Data Analyst to support federal government trade, analytics, and mission transformation priorities by preparing, analyzing, documenting, and reporting on complex data to support data-driven decision-making. This role will support data science project teams by conducting data mining, da…",https://www.adzuna.com/land/ad/5821690701?se=VGvJ-R-N8RGNzO_fQd9OLg&utm_medium=api&utm_source=e45342b0&v=6CCDEBA3CC397C5E8AB240BF36CD37DA78C5B1E0
data analyst,Sr Data Analyst,Randstad Digital,"Virginia, US",89712.52,89712.52,IT Jobs,2026-07-08T18:55:40Z,"job summary: Randstad Digital is hiring and we're looking for someone like YOU to join our team! If you are seeking a new opportunity, looking to grow in your career, or you know someone who is - we want to hear from you! Take a look at the below opportunity, or feel free to visit RandstadUSA.com to view and apply. location: Richmond, Virginia job type: Contract salary: $43.83 - 48.50 per hour work hours: 8am to 5pm education: Bachelors responsibilities: Key Responsibilities 1. Data Ingestion &…",https://www.adzuna.com/land/ad/5793393012?se=VGvJ-R-N8RGNzO_fQd9OLg&utm_medium=api&utm_source=e45342b0&v=40ACAF34360D15261467D9EE40B31C19A2DDDBBE
data analyst,"Data Analyst, Senior Specialist",Vanguard,"Charlotte, Clinton County",104330.68,104330.68,IT Jobs,2026-07-06T11:33:02Z,"hackajob is collaborating with Vanguard to connect them with exceptional professionals for this role. Analyzes data, assesses trends and develops actionable insights and recommendations in support of enterprise-wide strategic business initiatives. Develops the analytics community at Vanguard by coaching others internally and participating in external events. Vanguard’s Flagship & Distribution Analytics team is expanding! We are seeking an experienced data analyst to support the Flagship Client …",https://www.adzuna.com/land/ad/5789985215?se=VGvJ-R-N8RGNzO_fQd9OLg&utm_medium=api&utm_source=e45342b0&v=1A7BCE29ECD577729BFC42992B3F946912371D01
data analyst,"Data Analyst, Senior Specialist",Vanguard,"Dallas, Texas",92661.07,92661.07,IT Jobs,2026-07-06T11:32:54Z,"hackajob is collaborating with Vanguard to connect them with exceptional professionals for this role. Analyzes data, assesses trends and develops actionable insights and recommendations in support of enterprise-wide strategic business initiatives. Develops the analytics community at Vanguard by coaching others internally and participating in external events. USDI Analytics (Supporting CX Transformation Office) About the Team USDI Analytics is responsible for delivering insights that help Vangua…",https://www.adzuna.com/land/ad/5789984821?se=VGvJ-R-N8RGNzO_fQd9OLg&utm_medium=api&utm_source=e45342b0&v=10F904328C66A06507A3C534B24529471CC20F06
data analyst,"Data Analyst, Senior Specialist",Vanguard,"Frazer, Chester County",86034.12,86034.12,IT Jobs,2026-07-19T04:52:16Z,"hackajob is collaborating with Vanguard to connect them with exceptional professionals for this role. Analyzes data, assesses trends and develops actionable insights and recommendations in support of enterprise-wide strategic business initiatives. Develops the analytics community at Vanguard by coaching others internally and participating in external events. PW Growth Strategy Analytics is growing! We’re opening a new role to support some of the most important questions facing the Personal Weal…",https://www.adzuna.com/land/ad/5806988197?se=VGvJ-R-N8RGNzO_fQd9OLg&utm_medium=api&utm_source=e45342b0&v=8A7F163991F54D54A0FEDF6C1550D114ED9CA2D6
data analyst,Junior Investment Data Analyst,Vanguard,"Frazer, Chester County",81680.98,81680.98,IT Jobs,2026-07-29T18:49:11Z,"hackajob is collaborating with Vanguard to connect them with exceptional professionals for this role. To produce timely and accurate gold-copy investment data per assigned data domain with a focus on operational efficiency and output quality. To execute and analyze a wide variety of complex data exception reports, quality control queries, and periodic reports in a timely and accurate manner. Proactively engages and works collaboratively with colleagues across the fund ecosystem to improve and s…",https://www.adzuna.com/land/ad/5820379093?se=VGvJ-R-N8RGNzO_fQd9OLg&utm_medium=api&utm_source=e45342b0&v=1541FFB5EDC6206D16B166701979E6A6C6399E3D
data analyst,Associate Director - Data Analyst,Moody's Corporation,"New York City, New York",171285.89,171285.89,IT Jobs,2026-07-19T04:52:16Z,"hackajob is collaborating with Moody's Corporation to connect them with exceptional professionals for this role. At Moody's, we unite the brightest minds to turn today’s risks into tomorrow’s opportunities. We do this by striving to create an inclusive environment where everyone feels welcome to be who they are—with the freedom to exchange ideas, think innovatively, and listen to each other and customers in meaningful ways. Moody’s is transforming how the world sees risk. As a global leader in …",https://www.adzuna.com/land/ad/5806988210?se=VGvJ-R-N8RGNzO_fQd9OLg&utm_medium=api&utm_source=e45342b0&v=7C850FB6FED30D0F74B9AD40F43C37CB682BE480
data analyst,Data Analyst/Engineer,Changeis Inc,US,70591.18,70591.18,IT Jobs,2026-07-29T13:40:18Z,"Data Analyst/Engineer Changeis, Inc. is seeking a highly skilled and motivated Data Analyst/Engineer to support data initiatives in our current work. As a Data Analyst/Engineer, you will be responsible for creating reports, visualizations, and dashboards that turn data into actionable insights for a key federal client. You will work closely with business stakeholders to understand their requirements and deliver analytical solutions that help them make data-driven decisions. A key focus will be …",https://www.adzuna.com/land/ad/5820108599?se=VGvJ-R-N8RGNzO_fQd9OLg&utm_medium=api&utm_source=e45342b0&v=A049D35DF8BDAA7B430240345141513C8323E0B9
data analyst,Databricks Data Analyst,Rayven IT Solutions,"Bridgewater, Somerset County",117755.62,117755.62,IT Jobs,2026-07-09T15:08:25Z,"RAYVEN IT Solutions is a leading IT Consulting firm offers a comprehensive range of services that are domain specific with a strong focus on technology, business process & practices. Founded by top-notch profs with the vision of bridging the gap between people, process & technology. RAYVEN has the capability & resources to help clients realize their technology driven business transformation initiatives. We are specialized & provide solution-based services to our clients in the areas of SAP/ERP.…",https://www.adzuna.com/land/ad/5794407935?se=VGvJ-R-N8RGNzO_fQd9OLg&utm_medium=api&utm_source=e45342b0&v=07353F19C2FE2A6520CBEB202BFEB7E63D9E57D3
data analyst,Senior Data Analyst,Business Enterprize Inc.,"Florin, Sacramento County",119067.59,119067.59,IT Jobs,2026-07-07T15:02:51Z,"Senior Data Analyst We are seeking an experienced Senior Data Analyst with a strong background in enterprise data platforms, business intelligence tools, and advanced analytics. This role supports large-scale data initiatives, reporting modernization, and cross-functional decisionmaking across the organization. Please submit your resume along with the expected rate per hour. Location: Sacramento, CA (Hybrid) Duration: 12 Months Job Responsibilities: Perform advanced quantitative analysis with 5…",https://www.adzuna.com/land/ad/5791215456?se=VGvJ-R-N8RGNzO_fQd9OLg&utm_medium=api&utm_source=e45342b0&v=E669C9EB0A95FED84059FAF4DF883AA2A1C58D07
data analyst,Guidewire Data Analyst,Excelon Solutions LLC,"Hayes Valley, San Francisco",128820.13,128820.13,IT Jobs,2026-03-30T18:30:11Z,"Job Title: Guidewire Data Analyst Work Mode: Hybrid 3 days onsite Locations : San Fransisco, CA Job Overview We are seeking a highly skilled Guidewire Data Analyst to join our team. The ideal candidate will have a strong background in Property & Casualty insurance , hands-on experience with Guidewire , and solid expertise in SQL, ETL processes, and reporting . This role requires both technical and business acumen to analyze data, provide insights, and support decision-making within the organiza…",https://www.adzuna.com/land/ad/5683625494?se=VGvJ-R-N8RGNzO_fQd9OLg&utm_medium=api&utm_source=e45342b0&v=9FBEC14E27D1636B6B9D92A5477406B3F9651A26
data analyst,BI/Data Analyst,Promantis Inc,US,63651.99,63651.99,IT Jobs,2026-07-30T17:18:43Z,"Job Description – BI/Data Analyst Remote Role Overview We are seeking a skilled BI/Data Analyst to support business intelligence and data-driven decision-making. The role involves developing dashboards, reporting KPIs, and delivering actionable insights through advanced data visualization and analysis. The analyst will collaborate with stakeholders to understand requirements and translate them into effective BI solutions. Key Responsibilities Design and develop interactive dashboards using Tabl…",https://www.adzuna.com/land/ad/5821468348?se=VGvJ-R-N8RGNzO_fQd9OLg&utm_medium=api&utm_source=e45342b0&v=DAC8D35D46113E5D66B56F1A6D72946EAB3F56EF
data analyst,Senior Data Analyst,Spruce Technology Inc.,"Grand Central, Manhattan",157959.61,157959.61,IT Jobs,2026-07-29T21:31:13Z,"Title: Sr. Data Analyst Location: Brooklyn NY (Hybrid: 2/3 days onsite) Long term We are in need of a Senior Data Analyst with Data Modelling (DM) expertise to work with Information Technology (IT). The Senior Data Analyst with Data Modelling expertise will primarily be responsible for detailed field-level analysis, metadata analysis and profiling of internal and external sources as well as creation of conceptual, logical physical, and dimensional data models as part of ongoing process improvem…",https://www.adzuna.com/land/ad/5820553649?se=VGvJ-R-N8RGNzO_fQd9OLg&utm_medium=api&utm_source=e45342b0&v=1C89D3658C1A04E07FC511272224933EB34B5926
data analyst,Environmental Data Analyst,Sacrum Technologies LLC,"West Indianapolis, Marion County",66294.48,66294.48,Admin Jobs,2026-07-16T15:46:38Z,"Environmental Data Analyst Introduction: The Environmental Data Analyst will play a crucial role in updating databases, tracking waste profiles, ensuring regulatory compliance, and running reports efficiently. Attention to detail is a key requirement for this position, and candidates will need to demonstrate their data entry and typing skills during the application process. Attention to detail is a must for this role. All submissions must include a basic typing/data entry test result for review…",https://www.adzuna.com/land/ad/5803568224?se=VGvJ-R-N8RGNzO_fQd9OLg&utm_medium=api&utm_source=e45342b0&v=4FFED4A7059C0B0838D263072B307C28C943256E
data analyst,Informatics Data Analyst,"Russell, Tobin & Associates","Alhambra, Los Angeles County",79605.37,79605.37,IT Jobs,2026-07-17T13:42:00Z,Apply today for consideration! Title: SAS Data Analyst Location: Alhambra CA Pay rate: $35.00 - 40/hour DOE Duration: 12Months (Possibility of extension) Skills Required: An Informatics Data Analyst works independently to document external data acquisition policies and procedures as well as interface with other business units to define and document data needs and ad-hoc analysis requirements. Identify business practice workflow and process issues and concerns; provide leadership and guidance to…,https://www.adzuna.com/land/ad/5805093675?se=VGvJ-R-N8RGNzO_fQd9OLg&utm_medium=api&utm_source=e45342b0&v=7A7A0133BB58DACBD4BD17F742BAF82F9A0A8C4C
data analyst,Insurance Data Analyst,Source Code Technologies LLC,US,190646.17,190646.17,Accounting & Finance Jobs,2026-07-28T13:22:20Z,"Looking 12 Years of experience candidate Hiring: Bordereaux (BDX) Analyst / Insurance Data Analyst Location: Remote (EST/CST Candidates Only) Duration: Long-Term Contract Requirements: 8 years of Insurance Bordereaux (BDX) Reporting experience Strong MGA, P&C, Program, or Specialty Insurance background Advanced SQL for data extraction, reconciliation & analysis Experience with premium, claims & policy data Strong Excel (PivotTables, XLOOKUP/VLOOKUP) Data quality, reporting & reconciliation expe…",https://www.adzuna.com/land/ad/5818638465?se=VGvJ-R-N8RGNzO_fQd9OLg&utm_medium=api&utm_source=e45342b0&v=EDFFEEA4A10DED912667D972676C687FFBD7D1CD
data analyst,Senior Data Analyst,"iSpace, Inc","Textile Finance, Los Angeles County",100758.81,100758.81,IT Jobs,2026-03-30T18:40:49Z,"JOB DETAILS: Title: Senior Data Analyst Location: Century City, CA (Remote / Hybrid role 1-2 days onsite, 3-4 days remote work) Type: 06 - 12 plus months contract (long term - extendable) Job Description: As a Data Analyst specializing in KPI frameworks, you will leverage your experience to design, build and implement comprehensive KPI structures. You will collaborate with cross-functional teams to join various datasets, across various schemas in order to develop KPI frameworks that optimize bu…",https://www.adzuna.com/land/ad/5683639289?se=VGvJ-R-N8RGNzO_fQd9OLg&utm_medium=api&utm_source=e45342b0&v=D1EE1F78799C32FA343094219CC4A4A804F53BBA
data analyst,Business Data Analyst,Global Soft Systems,US,102476.6,102476.6,IT Jobs,2026-06-15T18:17:41Z,"Role: Business Data Analyst Duration: 6 months Location: REMOTE The Business Data Analyst will be responsible for identifying a problem statement, gathering requirements, identifying the proper data solution, and documenting the decisions to support client's business stakeholders. This role supports data development and maintenance efforts of the Data & Analytics activities and initiatives in alignment with the Enterprise Data strategy, policies, and organizational goals. Duties and Responsibil…",https://www.adzuna.com/land/ad/5764758413?se=VGvJ-R-N8RGNzO_fQd9OLg&utm_medium=api&utm_source=e45342b0&v=3D24C623825E6CDD351AB85AAF8227DDE2BD8500
data analyst,Senior Data Analyst,Innovee Consulting LLC,"Flatbush, Brooklyn",120789.21,120789.21,IT Jobs,2026-07-29T13:42:48Z,"Role: Senior Data Analyst Location: Brooklyn, NY (Hybrid) Duration: Long Term Scope of Services: The Senior Data Analyst shall provide Client’s Data Management team with technical expertise for the completion of Data Profiling/Cleansing, Conversion/Migration and Validation efforts part Legacy Replacement initiative as well as client’s ongoing process improvement programs. Responsibilities: Participate in identification, inventory, and classification of client critical data. Work with data SME’s…",https://www.adzuna.com/land/ad/5820119810?se=VGvJ-R-N8RGNzO_fQd9OLg&utm_medium=api&utm_source=e45342b0&v=37B22AEF5B0F5D01FA4E7FACFF6BAB65E11D3016
data analyst,Data Analyst-II,"Russell, Tobin & Associates",US,120461.24,120461.24,IT Jobs,2026-07-31T15:28:47Z,"Our client, a technology company, is looking to hire a Data Analyst in Remote (U.S.). Apply today for consideration! Job Title: Data Analyst Location: Remote (U.S.) Duration: Contract - 4 months (possible extension) Pay Rate Range: $30 - $33.82 per hour (DOE) Responsibilities: Build, maintain, and troubleshoot ETL/data pipelines supporting merchant onboarding and data integrations. Analyze, transform, and validate merchant data feeds (JSON, XML, CSV, TXT) into standardized schemas using SQL. De…",https://www.adzuna.com/land/ad/5822623338?se=VGvJ-R-N8RGNzO_fQd9OLg&utm_medium=api&utm_source=e45342b0&v=3766DD11C8695450D37F59C955C31CC2406190C2
data analyst,Senior Data Analyst,"Seneca Resources, LLC","Grand Central, Manhattan",158138.38,158138.38,IT Jobs,2026-07-24T15:05:46Z,"Position Title: Senior Data Analyst Location: New York, NY Clearance Requirements: Not Applicable, No Pay Rate: $55/hr on W2 Position Description: We are seeking a highly skilled Senior Data Analyst to turn complex data into strategic insights that empower business growth. The ideal candidate will excel in SAS programming and SQL, blending technical expertise with a keen business sense. You will develop automated reports, craft advanced queries, create dashboards, and uncover data-driven opport…",https://www.adzuna.com/land/ad/5814241896?se=VGvJ-R-N8RGNzO_fQd9OLg&utm_medium=api&utm_source=e45342b0&v=FB17F13345D361E8D62330DC6735493D23F3FEDF
data scientist,Data Scientist,Manulife,"Boston, Suffolk County",100814.37,100814.37,IT Jobs,2026-07-30T17:55:12Z,"At John Hancock, data scientists collaborate with engineers, IT, and experts to build analytical models and data architectures for solving business problems within a modern MLOps framework! The Data Scientist is accountable for delivering business value with data by focusing on key corporate objectives, including portfolio optimization, expense efficiency, growth acceleration, digital customer leadership, fraud detection, and high-performance of the team. The Data Scientist is responsible for c…",https://www.adzuna.com/land/ad/5821615939?se=2uE1-h-N8RG2-a5orHTjVQ&utm_medium=api&utm_source=e45342b0&v=D5C5E8CE1643297E4295094C04BEE640C62CE816
data scientist,Data Scientist,Booz Allen Hamilton,"Tampa, Hillsborough County",144125.94,144125.94,IT Jobs,2026-07-30T07:21:29Z,"Data Scientist The Opportunity: As a data scientist, you’re excited at the prospect of unlocking the secrets held by a data set, and you’re fascinated by the possibilities presented by machine learning and artificial intelligence. In an increasingly connected world, massive amounts of structured and unstructured data open new opportunities. As a data scientist at Booz Allen, you can help turn these complex data sets into useful information to solve global challenges. We need you to help find th…",https://www.adzuna.com/land/ad/5821069695?se=2uE1-h-N8RG2-a5orHTjVQ&utm_medium=api&utm_source=e45342b0&v=A151844228B310EBF749E03DC55720D55136A6A2
data scientist,Data Scientist,Fanatics Collectibles,"Los Angeles, Los Angeles County",134768.48,134768.48,IT Jobs,2026-07-30T12:46:51Z,"About Us Fanatics is building a leading global digital sports platform. We ignite the passions of global sports fans and maximize the presence and reach for our hundreds of sports partners globally by offering products and services across Fanatics Commerce, Fanatics Collectibles, and Fanatics Betting & Gaming, allowing sports fans to Buy, Collect, and Bet. Through the Fanatics platform, sports fans can buy licensed fan gear, jerseys, lifestyle and streetwear products, headwear, and hardgoods; c…",https://www.adzuna.com/land/ad/5821339231?se=2uE1-h-N8RG2-a5orHTjVQ&utm_medium=api&utm_source=e45342b0&v=663AA87D6F1A93E785213F6AAD54C9FE89876E10
data scientist,Data Scientist,Fanatics Collectibles,"Ny State Campus, Albany County",136604.66,136604.66,IT Jobs,2026-07-30T07:37:22Z,"About Us Fanatics is building a leading global digital sports platform. We ignite the passions of global sports fans and maximize the presence and reach for our hundreds of sports partners globally by offering products and services across Fanatics Commerce, Fanatics Collectibles, and Fanatics Betting & Gaming, allowing sports fans to Buy, Collect, and Bet. Through the Fanatics platform, sports fans can buy licensed fan gear, jerseys, lifestyle and streetwear products, headwear, and hardgoods; c…",https://www.adzuna.com/land/ad/5821085816?se=2uE1-h-N8RG2-a5orHTjVQ&utm_medium=api&utm_source=e45342b0&v=58095484B61CA18FCF1EBDA4D4C64816CEED1D25
data scientist,Data Scientist,CACI International,"Springfield, Fairfax County",155965.9,155965.9,IT Jobs,2026-07-30T18:00:59Z,"Job Title: Data Scientist Job Category: Information Technology Time Type: Full time Minimum Clearance Required to Start: TS/SCI with Polygraph Employee Type: Regular Percentage of Travel Required: None Type of Travel: None * * * The Opportunity: The Data Scientist will support the Business Analytics division which is responsible for identifying, acquiring, transforming, and analyzing the Agency's data to assess agency performance and inform senior leadership decision making. A qualified candida…",https://www.adzuna.com/land/ad/5821634001?se=2uE1-h-N8RG2-a5orHTjVQ&utm_medium=api&utm_source=e45342b0&v=8CEB0CC8FF5353F7DB1ABCDF7DFB736627AE5A75
data scientist,Data Scientist,"Woodward, Inc.","Fort Collins, Larimer County",100204.84,100204.84,IT Jobs,2026-07-30T17:35:57Z,"Woodward is committed to creating a great workplace for all team members. Our company and its members are committed to acting with integrity, being respectful and accountable to one another, and staying humble and driven, while maintaining the highest professional and ethical standards. We are steadfastly committed to attracting the best talent across our communities, creating a rewarding workplace. Together we are fulfilling our purpose to design and deliver energy control solutions our partne…",https://www.adzuna.com/land/ad/5821487758?se=2uE1-h-N8RG2-a5orHTjVQ&utm_medium=api&utm_source=e45342b0&v=D0F1A70C7811A020782EDED08DE6F0B0943C6C40
data scientist,Data Scientist,Harris-Stowe State University,"Epworth, Lewis County",73248.59,73248.59,Scientific & QA Jobs,2026-07-30T23:28:31Z,"Job Description Job Description Harris-Stowe State University is a historically Black institution (HBCU) located in the heart of vibrant mid-town St. Louis, Missouri. Harris-Stowe’s beautiful campus is minutes from the renown Gateway Arch, St. Louis Zoo, St. Louis Art and History Museums, Forest Park and other cultural and educational institutions. Harris-Stowe’s diverse faculty and staff provide a wide range of academic programs to one of the most culturally diverse student bodies in the St. L…",https://www.adzuna.com/land/ad/5821973081?se=2uE1-h-N8RG2-a5orHTjVQ&utm_medium=api&utm_source=e45342b0&v=ADA8A379094317F7F35E4DA43C847269AAF12505
data scientist,Data Scientist,PhysicsX,"South San Francisco, San Mateo County",186833.8,186833.8,IT Jobs,2026-07-30T07:05:19Z,"About us PhysicsX is a deep-tech company with roots in numerical physics and Formula One, dedicated to accelerating hardware innovation at the speed of software. We are building an AI-driven simulation software stack for engineering and manufacturing across advanced industries. By enabling high-fidelity, multi-physics simulation through AI inference across the entire engineering lifecycle, PhysicsX unlocks new levels of optimization and automation in design, manufacturing, and operations — empo…",https://www.adzuna.com/land/ad/5821055466?se=2uE1-h-N8RG2-a5orHTjVQ&utm_medium=api&utm_source=e45342b0&v=F8E7DA4A58EE82C400A8BA80788218FBC40A5D34
data scientist,Data Scientist,Corning,"North Carolina, US",106813.88,106813.88,IT Jobs,2026-07-30T17:38:45Z,"Requisition Number: 76036 The company built on breakthroughs. ​ Join us.​ Corning is one of the world’s leading innovators in glass, ceramic, and materials science. From the depths of the ocean to the farthest reaches of space, our technologies push the boundaries of what’s possible. ​ How do we do this? With our people. They break through limitations and expectations – not once in a career, but every day. They help move our company, and the world, forward. ​ At Corning, there are endless possi…",https://www.adzuna.com/land/ad/5821510149?se=2uE1-h-N8RG2-a5orHTjVQ&utm_medium=api&utm_source=e45342b0&v=1D708AF64FFD4CB9849D5588BEB0D394AD630CAA
data scientist,Data Scientist,Capgemini,"Atlanta, Fulton County",92586.87,92586.87,IT Jobs,2026-07-30T12:23:50Z,"Choosing Capgemini means choosing a company where you will be empowered to shape your career in the way you’d like, where you’ll be supported and inspired by a collaborative community of colleagues around the world, and where you’ll be able to reimagine what’s possible. Join us and help the world’s leading organizations unlock the value of technology and build a more sustainable, more inclusive world.Job Location : Cary, NC (Onsite/Hybrid from Day 1) Job Description We are seeking an experience…",https://www.adzuna.com/land/ad/5821334055?se=2uE1-h-N8RG2-a5orHTjVQ&utm_medium=api&utm_source=e45342b0&v=1DA6B8FA0E6E7739F70C0FE9344A49E2BA6143F9
data scientist,Data Scientist - Fulltime,Fanatics Collectibles,"Ny State Campus, Albany County",131936.66,131936.66,IT Jobs,2026-07-30T06:55:04Z,"Fanatics is building a leading global digital sports platform. We ignite the passions of global sports fans and maximize the presence and reach for our hundreds of sports partners globally by offering products and services across Fanatics Commerce, Fanatics Collectibles, and Fanatics Betting & Gaming, allowing sports fans to Buy, Collect, and Bet. Through the Fanatics platform, sports fans can buy licensed fan gear, jerseys, lifestyle and streetwear products, headwear, and hardgoods; collect ph…",https://www.adzuna.com/land/ad/5821045062?se=2uE1-h-N8RG2-a5orHTjVQ&utm_medium=api&utm_source=e45342b0&v=4B4100A312BCD5558A4DC45DFEE493E4524F965B
data scientist,Associate Data Scientist,Hayden AI,"South San Francisco, San Mateo County",129557.88,129557.88,IT Jobs,2026-07-30T18:17:32Z,"About Us At Hayden AI, we are on a mission to harness the power of computer vision to transform the way transit systems and other government agencies address real-world challenges. From bus lane and bus stop enforcement to transportation optimization technologies and beyond, our innovative mobile perception system empowers our clients to accelerate transit, enhance street safety, and drive toward a sustainable future. Job Summary: Hayden AI seeks a Data Scientist to support a diverse set of sta…",https://www.adzuna.com/land/ad/5821656734?se=2uE1-h-N8RG2-a5orHTjVQ&utm_medium=api&utm_source=e45342b0&v=0739B3851A56D6C007AB022786BD51538B6E2DC4
data scientist,Senior Data Scientist,Leidos,"Reston, Fairfax County",216510.16,216510.16,IT Jobs,2026-07-30T18:03:23Z,"Leidos is seeking a Senior AI/Data Scientist to drive advanced AI development for a strategic Defense Threat Reduction Agency (DTRA) contract, executed in direct partnership with the Defense Intelligence Agency (DIA). You will work within a multi-disciplinary team of engineers, scientists, and software developers to physically and functionally characterize hardened facilities and Weapons of Mass Destruction (WMD) processes in order to create physics based models capable of supporting various si…",https://www.adzuna.com/land/ad/5821646704?se=2uE1-h-N8RG2-a5orHTjVQ&utm_medium=api&utm_source=e45342b0&v=A8F04717E59F0A1D280A5837DB35331FED4EE1D4
data scientist,"Data Scientist, Mid",Booz Allen Hamilton,"Springfield, Fairfax County",82183.63,82183.63,IT Jobs,2026-07-31T15:16:52Z,"Data Scientist, Mid The Opportunity: As a mid-level data scientist supporting a Space Force program, you will contribute to analytic development and mission‑focused modernization across space-based GEOINT environments. You will work within a multi‑disciplinary team of data engineers, mission analysts, and cloud engineers to design, build, validate, and deploy analytic models that enhance decision advantage for operational users. You will help build end‑to‑end analytic workflows, from ingesting …",https://www.adzuna.com/land/ad/5822609385?se=2uE1-h-N8RG2-a5orHTjVQ&utm_medium=api&utm_source=e45342b0&v=7140072F353D43C0349BBB449000A64C2A78BE1C
data scientist,"Data Scientist, Senior",Booz Allen Hamilton,"Springfield, Fairfax County",155025.88,155025.88,IT Jobs,2026-07-30T07:39:57Z,"Data Scientist, Senior The Opportunity: As a data scientist, you’re excited at the prospect of unlocking the secrets held by a data set, and you’re fascinated by the possibilities presented by IoT, machine learning, and artificial intelligence. In an increasingly connected world, massive amounts of structured and unstructured data open new opportunities. As a data scientist at Booz Allen, you can help turn these complex data sets into useful information to solve global challenges. Across privat…",https://www.adzuna.com/land/ad/5821087917?se=2uE1-h-N8RG2-a5orHTjVQ&utm_medium=api&utm_source=e45342b0&v=7E653008D7CAEF7FE37060F051977E0C3415965E
data scientist,"Data Scientist, Senior",Booz Allen Hamilton,"Springfield, Fairfax County",155092.58,155092.58,IT Jobs,2026-07-30T17:46:11Z,"Data Scientist, Senior The Opportunity: As a data scientist, you’re excited at the prospect of unlocking the secrets held by a data set, and you’re fascinated by the possibilities presented by IoT, machine learning, and artificial intelligence. In an increasingly connected world, massive amounts of structured and unstructured data open new opportunities. As a data scientist at Booz Allen, you can help turn these complex data sets into useful information to solve global challenges. Across privat…",https://www.adzuna.com/land/ad/5821566079?se=2uE1-h-N8RG2-a5orHTjVQ&utm_medium=api&utm_source=e45342b0&v=E7277069BF59E20309A254D6CCCB84EDA5DEB60D
data scientist,Principal Data Scientist,AbbVie,"Mettawa, Lake County",296953.47,296953.47,IT Jobs,2026-07-30T17:44:10Z,"Company Description About AbbVie AbbVie's mission is to discover and deliver innovative medicines and solutions that solve serious health issues today and address the medical challenges of tomorrow. We strive to have a remarkable impact on people's lives across several key therapeutic areas including immunology, oncology and neuroscience - and products and services in our Allergan Aesthetics portfolio. For more information about AbbVie, please visit us at Follow @abbvie on LinkedIn, Facebook, I…",https://www.adzuna.com/land/ad/5821548692?se=2uE1-h-N8RG2-a5orHTjVQ&utm_medium=api&utm_source=e45342b0&v=0EE07DE21200DACD4D8A6DF054829AC3671ACF0E
data scientist,Senior Data Scientist,Humana,"Tampa, Hillsborough County",154440.2,154440.2,IT Jobs,2026-07-30T18:03:32Z,"Become a part of our caring community The Enterprise AI organization at Humana is a pioneering force, advancing AI innovation enterprise-wide across Humana’s Insurance, CenterWell, Growth, and Corporate business segments. By collaborating with world-leading experts, we are at the forefront of delivering cutting-edge AI technologies to improve care quality and experience of millions of consumers. We are actively seeking top talent to develop robust and reusable AI modules and pipelines, ensuring…",https://www.adzuna.com/land/ad/5821647534?se=2uE1-h-N8RG2-a5orHTjVQ&utm_medium=api&utm_source=e45342b0&v=46EA658ABA2482CAB4A011573FBCF0C71A5D9A32
data scientist,Senior Data Scientist,Humana,"Boston, Suffolk County",156192.16,156192.16,IT Jobs,2026-07-30T17:35:50Z,"Become a part of our caring community The Enterprise AI organization at Humana is a pioneering force, advancing AI innovation enterprise-wide across Humana’s Insurance, CenterWell, Growth, and Corporate business segments. By collaborating with world-leading experts, we are at the forefront of delivering cutting-edge AI technologies to improve care quality and experience of millions of consumers. We are actively seeking top talent to develop robust and reusable AI modules and pipelines, ensuring…",https://www.adzuna.com/land/ad/5821486030?se=2uE1-h-N8RG2-a5orHTjVQ&utm_medium=api&utm_source=e45342b0&v=4AA3329A50BB654596F653B9D77DF6F692F27731
data scientist,Senior Data Scientist,Humana,"Lake Dallas, Denton County",155158.7,155158.7,IT Jobs,2026-07-30T17:33:25Z,"Become a part of our caring community The Enterprise AI organization at Humana is a pioneering force, advancing AI innovation enterprise-wide across Humana’s Insurance, CenterWell, Growth, and Corporate business segments. By collaborating with world-leading experts, we are at the forefront of delivering cutting-edge AI technologies to improve care quality and experience of millions of consumers. We are actively seeking top talent to develop robust and reusable AI modules and pipelines, ensuring…",https://www.adzuna.com/land/ad/5821470007?se=2uE1-h-N8RG2-a5orHTjVQ&utm_medium=api&utm_source=e45342b0&v=32D56CB313DD0C7192169322D3415BD1744B4B29
data scientist,Senior Data Scientist,Humana,"Ny State Campus, Albany County",162944.27,162944.27,IT Jobs,2026-07-30T17:33:19Z,"Become a part of our caring community The Enterprise AI organization at Humana is a pioneering force, advancing AI innovation enterprise-wide across Humana’s Insurance, CenterWell, Growth, and Corporate business segments. By collaborating with world-leading experts, we are at the forefront of delivering cutting-edge AI technologies to improve care quality and experience of millions of consumers. We are actively seeking top talent to develop robust and reusable AI modules and pipelines, ensuring…",https://www.adzuna.com/land/ad/5821469612?se=2uE1-h-N8RG2-a5orHTjVQ&utm_medium=api&utm_source=e45342b0&v=BFD28E9102BFE7B6254D918541F77F3DF78D51E9
data scientist,Senior Data Scientist,Humana,"Louisville, Jefferson County",149434.83,149434.83,IT Jobs,2026-07-30T17:33:13Z,"Become a part of our caring community The Enterprise AI organization at Humana is a pioneering force, advancing AI innovation enterprise-wide across Humana’s Insurance, CenterWell, Growth, and Corporate business segments. By collaborating with world-leading experts, we are at the forefront of delivering cutting-edge AI technologies to improve care quality and experience of millions of consumers. We are actively seeking top talent to develop robust and reusable AI modules and pipelines, ensuring…",https://www.adzuna.com/land/ad/5821469304?se=2uE1-h-N8RG2-a5orHTjVQ&utm_medium=api&utm_source=e45342b0&v=982C91C6756331EB3745E8A72D7DB5702020284F
data scientist,Senior Data Scientist,Humana,"Washington, Washington, D.C.",168718.98,168718.98,IT Jobs,2026-07-30T18:12:01Z,"Become a part of our caring community The Enterprise AI organization at Humana is a pioneering force, advancing AI innovation enterprise-wide across Humana’s Insurance, CenterWell, Growth, and Corporate business segments. By collaborating with world-leading experts, we are at the forefront of delivering cutting-edge AI technologies to improve care quality and experience of millions of consumers. We are actively seeking top talent to develop robust and reusable AI modules and pipelines, ensuring…",https://www.adzuna.com/land/ad/5821654163?se=2uE1-h-N8RG2-a5orHTjVQ&utm_medium=api&utm_source=e45342b0&v=E5E0529DF0E446461A1843E05CD590401BD630E5
data scientist,Data Scientist II,AbbVie,"North Chicago, Lake County",177928.0,177928.0,IT Jobs,2026-07-30T17:41:01Z,"Company Description About AbbVie AbbVie's mission is to discover and deliver innovative medicines and solutions that solve serious health issues today and address the medical challenges of tomorrow. We strive to have a remarkable impact on people's lives across several key therapeutic areas including immunology, oncology and neuroscience - and products and services in our Allergan Aesthetics portfolio. For more information about AbbVie, please visit us at Follow @abbvie on LinkedIn, Facebook, I…",https://www.adzuna.com/land/ad/5821527996?se=2uE1-h-N8RG2-a5orHTjVQ&utm_medium=api&utm_source=e45342b0&v=92058DA9A52C1EB7DAF8AC6D4C8F998B72B24F8B
data scientist,Lead Data Scientist,Solstice Advanced Materials,"Morris Plains, Morris County",117262.98,117262.98,IT Jobs,2026-07-30T17:35:52Z,"As a Lead Data Scientist at Solstice, you will leverage deep expertise in data science to drive transformative analytics initiatives in our Integrated Supply Chain (ISC), Finance and other similar domains. You will apply advanced machine learning and statistical techniques to solve complex business problems in these areas, from demand forecasting and inventory optimization to financial modeling and anomaly detection. You will report directly to our Director of IT, AI, Analytics and Automation, …",https://www.adzuna.com/land/ad/5821486358?se=2uE1-h-N8RG2-a5orHTjVQ&utm_medium=api&utm_source=e45342b0&v=6FAFD7EBDE40C1250783682033E0C71156111D32
data scientist,Principal Data Scientist,Autodesk,"South San Francisco, San Mateo County",290225.38,290225.38,IT Jobs,2026-07-30T18:05:35Z,"Job Requisition ID  26WD98421 Position Overview At Autodesk, we do what no other company can: we help our customers design and make anything. The Experience Foundations team at Autodesk plays a critical role in designing the experiences that make that mission a reality, especially in this transformative moment where seamless digital experiences and AI-powered innovation will empower customers and teams to achieve meaningful outcomes faster. The Principal Data Scientist will work within an Engin…",https://www.adzuna.com/land/ad/5821649512?se=2uE1-h-N8RG2-a5orHTjVQ&utm_medium=api&utm_source=e45342b0&v=41FC88527DD95ACB2C20B5B16F593B05C4F4AF5B
data scientist,Lead Data Scientist,GE Vernova,"Houston, Harris County",156343.86,156343.86,IT Jobs,2026-07-30T18:17:34Z,"Job Description Summary Aero Alliance is an equal opportunity employer, offering a great work environment, challenging career opportunities, professional training and competitive compensation. The Digital Technology organization is responsible for delivering secure, reliable and scalable technology solutions that enable our business to operate safely, efficiently and with world class quality. This includes building and maintaining the data, analytics and digital tools that support operational e…",https://www.adzuna.com/land/ad/5821656809?se=2uE1-h-N8RG2-a5orHTjVQ&utm_medium=api&utm_source=e45342b0&v=8C75A1DB45248A08AEEBC28D6AE461F015DD9D8B
data scientist,Senior Data Scientist,Traba,"Ny State Campus, Albany County",185297.48,185297.48,Scientific & QA Jobs,2026-07-30T17:38:53Z,"Traba is the AI operating layer for the industrial supply chain. We started in workforce—temp staffing, the biggest operational pain point for the manufacturing and logistics customers we serve—and used it to embed ourselves inside their daily operations and create a far better customer experience through technology. Now those same customers are pulling us beyond staffing into the broader operational workflows that run their facilities. That foundation gave us proprietary data from millions of …",https://www.adzuna.com/land/ad/5821511788?se=2uE1-h-N8RG2-a5orHTjVQ&utm_medium=api&utm_source=e45342b0&v=DB8C4E20FC1A7CE57A3F23181D17847BEF02CC55
data scientist,Sr. Data Scientist,Oshkosh Corporation,"Wisconsin, US",120426.66,120426.66,Engineering Jobs,2026-07-30T17:41:12Z,"At Oshkosh, we build, serve and protect people and communities around the world by designing and manufacturing some of the toughest specialty trucks and access equipment. We employ over 18,000 team members all united by a common purpose. Our engineering and product innovation help keep soldiers and firefighters safe, is critical in building and keeping communities clean and helps people do their jobs every day. The Sr. Data Scientist is a key member in data analytics team for Corporate Engineer…",https://www.adzuna.com/land/ad/5821529750?se=2uE1-h-N8RG2-a5orHTjVQ&utm_medium=api&utm_source=e45342b0&v=F81EBD5D6F3E7FE905DBF80E5F04EC3CFC69DDCB
data scientist,Sr. Data Scientist,Oshkosh Corporation,"Michigan, US",122895.48,122895.48,Engineering Jobs,2026-07-30T18:12:28Z,"At Oshkosh, we build, serve and protect people and communities around the world by designing and manufacturing some of the toughest specialty trucks and access equipment. We employ over 18,000 team members all united by a common purpose. Our engineering and product innovation help keep soldiers and firefighters safe, is critical in building and keeping communities clean and helps people do their jobs every day. The Sr. Data Scientist is a key member in data analytics team for Corporate Engineer…",https://www.adzuna.com/land/ad/5821655010?se=2uE1-h-N8RG2-a5orHTjVQ&utm_medium=api&utm_source=e45342b0&v=FB12D4415CB8893DD6BA3059AF838988528AAD7A
data scientist,AI Data Scientist,Booz Allen Hamilton,"Maryland, Anne Arundel County",136066.62,136066.62,IT Jobs,2026-07-30T18:12:31Z,"AI Data Scientist The Opportunity: Support strategic operational design and capability development and apply critical and creative thinking to define the nature of complex national security problems. Analyze the client’s mission and intent, organizational relationships, and purpose of proposed operations to develop strategic knowledge of the operational environment and frame mission analysis. Conceptualize and construct frameworks to explain the operational environment through visual effects an…",https://www.adzuna.com/land/ad/5821655105?se=2uE1-h-N8RG2-a5orHTjVQ&utm_medium=api&utm_source=e45342b0&v=3CFA1DA3F2729541A549A6744C08301FDDEA60A0
data scientist,Data Scientist I,Esri,"Saint Louis, Saint Louis County",107026.88,107026.88,IT Jobs,2026-07-30T18:00:45Z,"Overview Are you passionate about changing the world through machine learning and location intelligence? Join Esri as we leverage the IoT revolution and explosive growth of location data to help organizations extract advanced intelligence, predict significant events, and automate work processes using AI and machine learning. We're seeking a Data Scientist who combines technical expertise with strong interpersonal skills to collaborate directly with customers, understand their unique challenges,…",https://www.adzuna.com/land/ad/5821632841?se=2uE1-h-N8RG2-a5orHTjVQ&utm_medium=api&utm_source=e45342b0&v=B20C79E91C705CDA816A7D50E73F42B40C64A22D
data scientist,Associate Data Scientist,PACCAR,US,104792.97,104792.97,IT Jobs,2026-07-30T17:48:28Z,"Company Information PACCAR is a Fortune 500 company recognized as a global leader in the commercial vehicle, financial, and customer service fields with internationally recognized brands such as Kenworth, Peterbilt, and DAF trucks. PACCAR is a global technology leader in the design, manufacture and customer support of high-quality light-, medium- and heavy-duty trucks under the Kenworth, Peterbilt and DAF nameplates. PACCAR designs and manufactures advanced diesel engines and also provides cust…",https://www.adzuna.com/land/ad/5821580703?se=2uE1-h-N8RG2-a5orHTjVQ&utm_medium=api&utm_source=e45342b0&v=3AC6EC9ECC5ABF7E64AF93172AA28EF8DE44A7E2
data scientist,Staff Data Scientist,Taskrabbit,"South San Francisco, San Mateo County",163927.92,163927.92,IT Jobs,2026-07-30T07:27:31Z,"About Taskrabbit: Taskrabbit is a marketplace platform that conveniently connects people with Taskers to handle everyday home to-do’s, such as furniture assembly, handyman work, moving help, and much more. At Taskrabbit, we want to transform lives one task at a time. As a company we celebrate innovation, inclusion and hard work. Our culture is collaborative, pragmatic, and fast-paced. We’re looking for talented, entrepreneurially minded and data-driven people who also have a passion for helping…",https://www.adzuna.com/land/ad/5821077763?se=2uE1-h-N8RG2-a5orHTjVQ&utm_medium=api&utm_source=e45342b0&v=B798452DD670BD763E4704BC31F25E6D9F50232D
data scientist,Senior Data Scientist,Paramount,"Ny State Campus, Albany County",185561.5,185561.5,IT Jobs,2026-07-30T17:35:46Z,"WeAreParamount on a mission to unleash the power of content… you in?We’ve got the brands, we’ve got the stars, we’ve got the power to achieve our mission to entertain the planet – now all we’re missing is… YOU! Becoming a part of Paramount means joining a team of passionate people who not only recognize the power of content but also enjoy a touch of fun and uniqueness. Together, we co-create moments that matter – both for our audiences and our employees – and aim to leave a positive mark on cul…",https://www.adzuna.com/land/ad/5821485335?se=2uE1-h-N8RG2-a5orHTjVQ&utm_medium=api&utm_source=e45342b0&v=5C9A956A9A49654DCA9B1E23ACBFF5DD8F7750A6
data scientist,Senior Data Scientist,Adobe,"South San Francisco, San Mateo County",184460.17,184460.17,IT Jobs,2026-07-30T07:08:17Z,"The Opportunity The world of design is changing rapidly, and the Pro Design team is leading that transformation. We are the Adobe organization behind Illustrator, InDesign, and emerging experiences that connect creativity, collaboration, and AI. Our teams are reimagining what professional design looks like for the next decade - building intelligent, connected tools that empower creators and teams to move faster without sacrificing craft. We are looking for a Senior Business Data Scientist who i…",https://www.adzuna.com/land/ad/5821057459?se=2uE1-h-N8RG2-a5orHTjVQ&utm_medium=api&utm_source=e45342b0&v=83C1ED025CC4B2B898C958A6F1B3A0436893D945
data scientist,Lead Data Scientist,Farmers Insurance Careers,"Los Angeles, Los Angeles County",80216.33,80216.33,Engineering Jobs,2026-07-30T07:11:26Z,"We are Farmers – where ambition meets opportunity. At Farmers, we’re not just known for unforgettable jingle – we’re a team with a passion for purpose and making a real difference in people’s lives. We deliver peace of mind when it matters most. Our results-driven, high-performance culture thrives on creativity, accountability and bold solutions. Here, growth isn’t just a goal – it’s a way of life for both the organization and every individual on our team. We tackle challenges head-on, learn fr…",https://www.adzuna.com/land/ad/5821059561?se=2uE1-h-N8RG2-a5orHTjVQ&utm_medium=api&utm_source=e45342b0&v=CECAF4420576772D02CB82558C7F19126148EDD4
data scientist,Staff Data Scientist,Adobe,"South San Francisco, San Mateo County",215848.38,215848.38,IT Jobs,2026-07-31T15:11:56Z,"The Opportunity The world of design is changing rapidly, and the Pro Design team is leading that transformation. We are the Adobe organization behind Illustrator, InDesign, and emerging experiences that connect creativity, collaboration, and AI. Our teams are reimagining what professional design looks like for the next decade - building intelligent, connected tools that empower creators and teams to move faster without sacrificing craft. We are looking for a Staff Data Scientist to be the analy…",https://www.adzuna.com/land/ad/5822607934?se=2uE1-h-N8RG2-a5orHTjVQ&utm_medium=api&utm_source=e45342b0&v=FCBE9C51CDB240AA61B2DB53A15A31FFBE887814
data scientist,Senior Data Scientist,Amgen,"Wisconsin, US",195155.69,195155.69,IT Jobs,2026-07-30T17:36:04Z,"Career Category Operations Job Description Join Amgen’s Mission of Serving Patients At Amgen, if you feel like you’re part of something bigger, it’s because you are. Our shared mission—to serve patients living with serious illnesses—drives all that we do. Since 1980, we’ve helped pioneer the world of biotech in our fight against the world’s toughest diseases. With our focus on four therapeutic areas –Oncology, Inflammation, General Medicine, and Rare Disease– we reach millions of patients each …",https://www.adzuna.com/land/ad/5821489403?se=2uE1-h-N8RG2-a5orHTjVQ&utm_medium=api&utm_source=e45342b0&v=F02FEB367FBDDCFE28A46CCF628C96480D08205A
data scientist,Senior Data Scientist,Roku,"Santa Monica, Los Angeles County",139107.77,139107.77,IT Jobs,2026-07-30T07:07:19Z,"Teamwork makes the stream work. Roku is changing how the world watches TV Roku is the 1 TV streaming platform in the U.S., Canada, and Mexico, and we've set our sights on powering every television in the world. Roku pioneered streaming to the TV. Our mission is to be the TV streaming platform that connects the entire TV ecosystem. We connect consumers to the content they love, enable content publishers to build and monetize large audiences, and provide advertisers unique capabilities to engage …",https://www.adzuna.com/land/ad/5821056399?se=2uE1-h-N8RG2-a5orHTjVQ&utm_medium=api&utm_source=e45342b0&v=B4F5CCC4F4DA0E2F95C266AC22FE6DACAC9EA2CE
data scientist,Senior Data Scientist,"Aircall.io, Inc.","South San Francisco, San Mateo County",116914.48,116914.48,IT Jobs,2026-07-30T12:23:48Z,"Aircall is a unicorn, AI-powered customer communications platform used by 22,000 companies worldwide to drive revenue, resolve issues faster, and scale customer-facing teams. We’re redefining customer communications by bringing voice, SMS, WhatsApp, and AI together into one seamless workspace. Our momentum comes from a simple idea: help teams work smarter, not harder. Aircall’s AI Voice Agent automates routine calls, AI Assist streamlines post-call work, and AI Assist Pro delivers real-time gui…",https://www.adzuna.com/land/ad/5821333847?se=2uE1-h-N8RG2-a5orHTjVQ&utm_medium=api&utm_source=e45342b0&v=E5592EBACE57F85F71C9D2D5128444BE8B91C918
data scientist,Principal Data Scientist,Northrop Grumman,"Corinne, Box Elder County",140256.58,140256.58,Engineering Jobs,2026-07-30T12:43:55Z,"RELOCATION ASSISTANCE: Relocation assistance may be available CLEARANCE REQUIRED FOR START: No CLEARANCE TYPE: None TRAVEL: Yes, 10% of the Time Description At Northrop Grumman, our employees have incredible opportunities to work on revolutionary systems that impact people's lives around the world today, and for generations to come. Our pioneering and inventive spirit has enabled us to be at the forefront of many technological advancements in our nation's history - from the first flight across …",https://www.adzuna.com/land/ad/5821338915?se=2uE1-h-N8RG2-a5orHTjVQ&utm_medium=api&utm_source=e45342b0&v=C7F03352F4505AD7E4C8B42DF53B1613642B59B9
data scientist,Senior Data Scientist,Parsons Corporation,"Springfield, Fairfax County",135012.39,135012.39,IT Jobs,2026-07-30T17:33:27Z,"In a world of possibilities, pursue one with endless opportunities. Imagine Next! At Parsons, you can imagine a career where you thrive, work with exceptional people, and be yourself. Guided by our leadership vision of valuing people, embracing agility, and fostering growth, we cultivate an innovative culture that empowers you to achieve your full potential. Unleash your talent and redefine what’s possible. Job Description: The Data Analysis – Senior, leads the integration and application of ad…",https://www.adzuna.com/land/ad/5821470102?se=2uE1-h-N8RG2-a5orHTjVQ&utm_medium=api&utm_source=e45342b0&v=C519266B38E9BCA86745FC9520AC1DF44B93D208
data scientist,AWS Data Scientist,Capgemini,"Arkansas, US",80584.6,80584.6,Creative & Design Jobs,2026-07-31T14:54:28Z,"Choosing Capgemini means choosing a company where you will be empowered to shape your career in the way you’d like, where you’ll be supported and inspired by a collaborative community of colleagues around the world, and where you’ll be able to reimagine what’s possible. Join us and help the world’s leading organizations unlock the value of technology and build a more sustainable, more inclusive world. JOB LOCATION - MALVERN PA / CHARLOTTE NC (DAY ONE ONSITE - HYBRID) KEY RESPONSIBILITIES * Desi…",https://www.adzuna.com/land/ad/5822604012?se=2uE1-h-N8RG2-a5orHTjVQ&utm_medium=api&utm_source=e45342b0&v=D71D996C5F83777676A37034953A9E8B7406CA0A
data scientist,AWS Data Scientist,Capgemini,"Pittsburg, Contra Costa County",90446.66,90446.66,Creative & Design Jobs,2026-07-31T15:25:30Z,"Choosing Capgemini means choosing a company where you will be empowered to shape your career in the way you’d like, where you’ll be supported and inspired by a collaborative community of colleagues around the world, and where you’ll be able to reimagine what’s possible. Join us and help the world’s leading organizations unlock the value of technology and build a more sustainable, more inclusive world. JOB LOCATION - MALVERN PA / CHARLOTTE NC (DAY ONE ONSITE - HYBRID) KEY RESPONSIBILITIES * Desi…",https://www.adzuna.com/land/ad/5822618541?se=2uE1-h-N8RG2-a5orHTjVQ&utm_medium=api&utm_source=e45342b0&v=CCB34C53894CEA2B68633F815C97DE1CFA47ED0D
data scientist,AWS Data Scientist,Capgemini,"Columbia, Richland County",79558.16,79558.16,Creative & Design Jobs,2026-07-31T15:16:56Z,"Choosing Capgemini means choosing a company where you will be empowered to shape your career in the way you’d like, where you’ll be supported and inspired by a collaborative community of colleagues around the world, and where you’ll be able to reimagine what’s possible. Join us and help the world’s leading organizations unlock the value of technology and build a more sustainable, more inclusive world. JOB LOCATION - MALVERN PA / CHARLOTTE NC (DAY ONE ONSITE - HYBRID) KEY RESPONSIBILITIES * Desi…",https://www.adzuna.com/land/ad/5822609467?se=2uE1-h-N8RG2-a5orHTjVQ&utm_medium=api&utm_source=e45342b0&v=32D132C17AA3B770E00B2716282C622EA976DCB3
data scientist,"Data Scientist, Finance Forecasting",ClickHouse,"South San Francisco, San Mateo County",235111.69,235111.69,IT Jobs,2026-07-30T17:33:28Z,"ABOUT CLICKHOUSE Recognized on the 2025 Forbes Cloud 100 list, ClickHouse is one of the most innovative and fast-growing private cloud companies. With more than 3,000 customers and ARR that has grown over 250 percent year over year, ClickHouse leads the market in real-time analytics, data warehousing, observability, and AI workloads. The company’s sustained, accelerating momentum was recently validated by a $400M Series D financing round. Over the past three months, customers including Capital …",https://www.adzuna.com/land/ad/5821470147?se=2uE1-h-N8RG2-a5orHTjVQ&utm_medium=api&utm_source=e45342b0&v=FF46D342D4B47E7EBEF80162C0A7100640BFEBB7
data scientist,"(USA) Senior, Data Scientist",Walmart,"Sunnyvale, Santa Clara County",151208.28,151208.28,IT Jobs,2026-07-30T13:19:52Z,"Position Summary What you'll do Role summary: As a Senior Data Scientist at Walmart, you will leverage advanced analytical techniques and domain expertise to identify, develop, and deploy data-driven solutions that support strategic business objectives. This role involves designing robust models, performing rigorous validation, and ensuring scalable implementation while collaborating across functions to translate complex data into actionable insights. You will guide data quality assessments, ap…",https://www.adzuna.com/land/ad/5821394334?se=2uE1-h-N8RG2-a5orHTjVQ&utm_medium=api&utm_source=e45342b0&v=2FCFAD4F35318150811136792D18DF62D5295A9A
data scientist,Remote Machine Learning Data Scientist,Booz Allen Hamilton,"Springfield, Fairfax County",86624.76,86624.76,IT Jobs,2026-07-31T15:11:53Z,"Data Scientist, Mid As a mid-level data scientist supporting a Space Force program, you will contribute to analytic development and mission‑focused modernization across space-based GEOINT environments. You will work within a multi‑disciplinary team of data engineers, mission analysts, and cloud engineers to design, build, validate, and deploy analytic models that enhance decision advantage for operational users. You will help build end‑to‑end analytic workflows, from ingesting complex mission d…",https://www.adzuna.com/land/ad/5822607860?se=2uE1-h-N8RG2-a5orHTjVQ&utm_medium=api&utm_source=e45342b0&v=B0086F9CC918E62D4BBFBA44719FFCDB27261AAF
data scientist,"Data Scientist - Predictive Analytics, Senior",Pacific Gas And Electric Company,"Oakland, Alameda County",218694.52,218694.52,IT Jobs,2026-07-31T15:29:01Z,Requisition ID  167320 Job Category: Accounting / Finance Job Level: Individual Contributor Business Unit: Electric Engineering Work Type: Hybrid Job Location: Oakland; Alameda; Alta; American Canyon; Angels Camp; Antioch; Auberry; Auburn; Avenal; Avila Beach; Bakersfield; Balch Camp; Bay Point; Bear Valley; Belden; Bellota; Belmont; Benicia; Berkeley; Brentwood; Brisbane; Buellton; Burney; Buttonwillow; Calistoga; Campbell; Canyon Dam; Canyondam; Capitola; Caruthers; Chico; Clearlake; Clovis; …,https://www.adzuna.com/land/ad/5822624228?se=2uE1-h-N8RG2-a5orHTjVQ&utm_medium=api&utm_source=e45342b0&v=699FB18979D6BFA3074668DA99FB71485A52BDDE
data scientist,Data Scientist,ManTech International,"Chantilly, Fairfax County",120000.0,160000.0,IT Jobs,2026-07-26T06:03:20Z,"At ManTech, we are dedicated to providing advanced technology and solutions to secure our national security. We are seeking a Data Scientist who will leverage data analytics, machine learning, and artificial intelligence to support critical missions across the U.S. intelligence community and federal agencies. The right candidate will contribute to the maintenance of our nation's security by transforming large amounts of complex data into actionable intelligence. Develop predictive models and al…",https://www.adzuna.com/land/ad/5816413099?se=1rKQ-h-N8RG2-a5orHTjVQ&utm_medium=api&utm_source=e45342b0&v=6DCD85402292FB06587401F79C9710BCB900CEB2
data scientist,Data Scientist,MANTECH,"Tampa, Hillsborough County",112013.98,112013.98,IT Jobs,2026-07-06T11:33:01Z,"hackajob is collaborating with MANTECH to connect them with exceptional professionals for this role. MANTECH seeks a motivated, career and customer-oriented Data Scientist to join our team in Tampa, FL . The Data Scientist will leverage their strong technical background and knowledge to interpret and analyze complex sets of data to produce actionable insights. This role requires a knowledge of programming, mathematical modeling, and statistics to carry out machine learning projects. Responsibil…",https://www.adzuna.com/land/ad/5789985191?se=1rKQ-h-N8RG2-a5orHTjVQ&utm_medium=api&utm_source=e45342b0&v=ECDE68B23D3AC312E311C3894F422B9A35507C99
data scientist,Data Scientist,MANTECH,"Springfield, Effingham County",103764.39,103764.39,IT Jobs,2026-07-08T16:10:15Z,"hackajob is collaborating with MANTECH to connect them with exceptional professionals for this role. MANTECH seeks a motivated, career and customer-oriented Data Scientist to join our team in Springfield, VA . This is a full-time onsite position. The Data Scientist shall support the maintenance and implementation of the data architecture for all Program data. This position requires experience with databases, cloud architectures, and compliance with data standards. This position is responsible f…",https://www.adzuna.com/land/ad/5792991528?se=1rKQ-h-N8RG2-a5orHTjVQ&utm_medium=api&utm_source=e45342b0&v=8153E7478DECFDC1171862ABD6C9D22DA42C2FBC
data scientist,Data Scientist,MANTECH,"Chantilly, Fairfax County",108394.18,108394.18,IT Jobs,2026-07-27T18:44:21Z,"hackajob is collaborating with MANTECH to connect them with exceptional professionals for this role. ManTech seeks a motivated, career and customer-oriented Data Scientist to join our team in Chantilly, VA . In this dynamic role, you will join a top-tier team of Information Technology and Analytic professionals dedicated to supporting national security through innovative data science and analytics. You will work in a self-contained Big Data environment where the team manages everything from inf…",https://www.adzuna.com/land/ad/5817696405?se=1rKQ-h-N8RG2-a5orHTjVQ&utm_medium=api&utm_source=e45342b0&v=E9EFEB2C3A8995053BDB9D0440DD78E5568C8C77
data scientist,Data Scientist,Solace,US,104705.46,104705.46,IT Jobs,2026-07-06T11:32:51Z,"hackajob is collaborating with Solace to connect them with exceptional professionals for this role. About Solace Healthcare in the U.S. is fundamentally broken. The system is so complex that 88% of U.S. adults do not have the health literacy necessary to navigate it without help. Solace cuts through the red tape of healthcare by pairing patients with expert advocates and giving them the tools to make better decisions—and get better outcomes. We're a Series C startup, founded in 2022 and backed …",https://www.adzuna.com/land/ad/5789984632?se=1rKQ-h-N8RG2-a5orHTjVQ&utm_medium=api&utm_source=e45342b0&v=0BB1C5E8D5976B68C8109C6538AA80A51C5BDFCF
data scientist,Data Scientist,Planet Technologies,"Washington, Washington, D.C.",117302.47,117302.47,IT Jobs,2026-07-06T11:32:33Z,"hackajob is collaborating with Planet Technologies to connect them with exceptional professionals for this role. Key Duties: Builds, maintains, and improves dashboards, applications, and automations. Connects to APIs, system-to-system connections, and manual data transfers for ETL. Builds predictive risk models using statistical analysis. Applies AI/ML to extract insights from unstructured documentation. Develops and carries out full-service data calls, including data normalization and visualiz…",https://www.adzuna.com/land/ad/5789983699?se=1rKQ-h-N8RG2-a5orHTjVQ&utm_medium=api&utm_source=e45342b0&v=8A8D5C840C43730F7EE4807D5828269EC2C96059
data scientist,Data Scientist,HackerEarth,US,105975.37,105975.37,IT Jobs,2026-07-21T17:01:50Z,"About the Role We are looking for a Data Scientist who can transform data into actionable insights and build intelligent models that drive business decisions. The ideal candidate should be comfortable working with large datasets, developing machine learning models, and leveraging Python and Generative AI tools to solve complex problems. Key Responsibilities Analyze large datasets to identify patterns, trends, and insights. Build and deploy machine learning models for prediction and optimization…",https://www.adzuna.com/land/ad/5809724333?se=1rKQ-h-N8RG2-a5orHTjVQ&utm_medium=api&utm_source=e45342b0&v=ED099F51DC9CABD77D7BD0EC452E0376485BAAB6
data scientist,Data Scientist,"NasTech Global, Inc.",US,98922.63,98922.63,Scientific & QA Jobs,2026-07-22T17:05:49Z,"Job Title: Data Scientist Location: Remote Job Type: Contract W2 Clearance: with Active Top Secret Top Skills Strong background building and deploying machine learning models. Experience with: Predictive modeling Classification Clustering Statistical analysis Feature engineering Model evaluation Experience preparing, cleaning, and curating large datasets. Hands-on experience with Databricks preferred. Experience creating synthetic datasets is a plus. Comfortable taking models from concept throu…",https://www.adzuna.com/land/ad/5811201670?se=1rKQ-h-N8RG2-a5orHTjVQ&utm_medium=api&utm_source=e45342b0&v=B2A01DD6BAF5B24C43099B5EB68A7E2E9CD584DB
data scientist,Data Scientist,Kforce Technology Staffing,"Trammells, Harris County",145266.72,145266.72,IT Jobs,2026-07-30T15:16:52Z,"RESPONSIBILITIES: Kforce has a client that is seeking a Data Scientist in Houston, TX. Key Tasks: * Developing and validating agentic solutions * Developing end-to-end LLM based solutions, from data cleaning, pre-processing, to modelling and validation REQUIREMENTS: * Experience with HITL validation and LLM fine tuning * Working knowledge of Azure Databricks and Pyspark * Working knowledge of SQL and APIs (fast Api/rest Apis) * Worked on production grade AI solutions, with an understanding of d…",https://www.adzuna.com/land/ad/5821431399?se=1rKQ-h-N8RG2-a5orHTjVQ&utm_medium=api&utm_source=e45342b0&v=6B5B2FFDAF07691880C89BE2CC2EAB8661ED46FB
data scientist,Data Scientist,Eliassen Group,"Jacks Cabin, Gunnison County",93636.36,93636.36,Consultancy Jobs,2026-07-24T19:10:28Z,"Description: Travel up to 80% around the greater United States. Our client seeks a Data Scientist to creatively use data to solve business challenges and uncover opportunities. The role applies advanced analytics, quantitative tools, and modeling techniques to interpret data and deliver actionable recommendations. Due to client requirements, applicants must be willing and able to work on a w2 basis. For our w2 consultants, we offer a great benefits package that includes Medical, Dental, and Vis…",https://www.adzuna.com/land/ad/5814575908?se=1rKQ-h-N8RG2-a5orHTjVQ&utm_medium=api&utm_source=e45342b0&v=EA710E4A412F9C9FD9A221F0811937EDCE53DE06
data scientist,Data Scientist,"Judge Group, Inc.","Fort Sam Houston, Bexar County",231958.75,231958.75,IT Jobs,2026-04-22T14:02:04Z,"Location: San Antonio, TX Salary: $130,000.00 USD Annually - $150,000.00 USD Annually Description: Data Scientist Location: San Antonio, TX Full-Time About the Role We are seeking an experienced Data Scientist to join a collaborative, mission-driven technical team focused on solving complex problems through advanced analytics and innovation. This role supports data-driven decision-making in a defense-focused environment. Key Responsibilities Design and maintain scalable data pipelines and analy…",https://www.adzuna.com/land/ad/5707332846?se=1rKQ-h-N8RG2-a5orHTjVQ&utm_medium=api&utm_source=e45342b0&v=CFE68C13F685BB3F998AD11FEA6ABBD2F5E784D6
data scientist,Data Scientist,GovCIO,US,135406.19,135406.19,IT Jobs,2026-04-08T13:21:20Z,"GovCIO is currently hiring for a Data Scientist to define the characteristics of high-quality training data . This position will be located in Fort Meade, MD and will be an onsite position. Responsibilities The Data Scientist defines the characteristics of high-quality training data required to support future AI-powered cyber models. This role focuses on feature relevance, representativeness, bias, and generalization considerations rather than model training. Early data science input during IOC…",https://www.adzuna.com/land/ad/5693336505?se=1rKQ-h-N8RG2-a5orHTjVQ&utm_medium=api&utm_source=e45342b0&v=B635DF88CF1E5FF84F2E4363199242CA4E7B2166
data scientist,Data Scientist,Booz Allen Hamilton,"Oakwood, Montgomery County",159984.0,159984.0,IT Jobs,2026-07-10T17:26:03Z,"Job Number: R0244150 Data Scientist The Opportunity: As a data scientist, you're excited at the prospect of unlocking the secrets held by a data set, and you're fascinated by the possibilities presented by IoT, machine learning, and artificial intelligence. In an increasingly connected world, massive amounts of structured and unstructured data open new opportunities. As a data scientist at Booz Allen, you can help turn these complex data sets into useful information to solve global challenges. …",https://www.adzuna.com/land/ad/5795987155?se=1rKQ-h-N8RG2-a5orHTjVQ&utm_medium=api&utm_source=e45342b0&v=C3F15EE43FEFC3FA9A8F2DC9BC1E98A4971AA89D
data scientist,Data Scientist,SAIC,"Chantilly, Fairfax County",158680.72,158680.72,"Energy, Oil & Gas Jobs",2026-03-27T10:13:38Z,"Job ID: T2601217 Location: Chantilly, VA, US Date Posted: 2026-03-05 Category: Engineering and Sciences Subcategory: Modeling/Sim Engr Schedule: Full-Time Shift: Day Job Travel: No Minimum Clearance Required: TS.SCI_wPoly Clearance Level Must Be Able to Obtain: None Potential for Remote Work: ORA_ON_SITE Description ? SAIC is hiring a Data Scientist to deliver Systems Engineering Technical Advisor (SETA) support a program based in Chantilly, VA. This role will contribute to the National Reconna…",https://www.adzuna.com/land/ad/5680364313?se=1rKQ-h-N8RG2-a5orHTjVQ&utm_medium=api&utm_source=e45342b0&v=C3904E88DFB492166A3348CB3DB5D8F3D5C28CB3
data scientist,Data Scientist,Booz Allen Hamilton,"Fort George G Meade, Anne Arundel County",130331.79,130331.79,IT Jobs,2026-07-25T07:00:55Z,"Job Number: R0245296 Data Scientist The Opportunity: Ever-expanding technologies like IoT, machine learning, and artificial intelligence are generating more structured and unstructured data than ever before. As a data scientist, you know that within this data are the patterns, trends, and insights that can drive smarter decisions and meaningful mission outcomes. We need a skilled data scientist like you to help our clients transform complex data into actionable insight that supports missions. A…",https://www.adzuna.com/land/ad/5815342156?se=1rKQ-h-N8RG2-a5orHTjVQ&utm_medium=api&utm_source=e45342b0&v=07925067EA1E4AB4E9DCE55160504C09C0DDB9E6
data scientist,Data Scientist,SAIC,"Pimmit, Fairfax County",116046.7,116046.7,IT Jobs,2026-07-10T03:20:50Z,"Job ID: 2614421 Location: McLean, VA, US Date Posted: 2026-07-09 Category: Information Technology Subcategory: Data Scientist Schedule: Full-Time Shift: Day Job Travel: No Minimum Clearance Required: TS.SCI_wPoly Clearance Level Must Be Able to Obtain: None Potential for Remote Work: ORA_ON_SITE Description SAIC is seeking a Lead Data Scientist to join our Data Modeling Team. This position is located in Mclean, VA and requires a TS/SCI with polygraph. Qualifications Bachelors and fourteen (14) …",https://www.adzuna.com/land/ad/5795200467?se=1rKQ-h-N8RG2-a5orHTjVQ&utm_medium=api&utm_source=e45342b0&v=E38727F7610250C99B8E6681732756A0E05D49D7
data scientist,Data Scientist,Booz Allen Hamilton,"Haymount, Cumberland County",173536.98,173536.98,IT Jobs,2026-05-04T17:57:38Z,"Job Number: R0239248 Data Scientist The Opportunity: Ever-expanding technologies like IoT, machine learning, and artifi cia l intelligence are generating more structured and unstructured data than ever before. As a data scientist, you know that within this data are the patterns, trends, and insights that can drive smarter decisions and meaningful mission outcomes. We need a skilled data scientist like you to help our clients transform complex data into actionable insight that supports critical …",https://www.adzuna.com/land/ad/5718880865?se=1rKQ-h-N8RG2-a5orHTjVQ&utm_medium=api&utm_source=e45342b0&v=2B9DEDB3BB0DB1F9DAF22108A80BD06A59239B1B
data scientist,Data Scientist,Booz Allen Hamilton,"Haymount, Cumberland County",170316.22,170316.22,IT Jobs,2026-07-23T19:15:01Z,"Job Number: R0245188 Data Scientist The Opportunity: Ever-expanding technologies like IoT, machine learning, and artifi cia l intelligence are generating more structured and unstructured data than ever before. As a data scientist, you know that within this data are the patterns, trends, and insights that can drive smarter decisions and meaningful mission outcomes. We need a skilled data scientist like you to help our clients transform complex data into actionable insight that supports missions.…",https://www.adzuna.com/land/ad/5812958413?se=1rKQ-h-N8RG2-a5orHTjVQ&utm_medium=api&utm_source=e45342b0&v=19CAFDECF1CA7959DBE005A1EA827FD008C34FC3
data scientist,Data Scientist,Booz Allen Hamilton,"Haymount, Cumberland County",177921.55,177921.55,IT Jobs,2026-07-13T17:33:40Z,"Job Number: R0244243 Data Scientist The Opportunity: Ever-expanding technologies like IoT, machine learning, and artifi cia l intelligence are generating more structured and unstructured data than ever before. As a data scientist, you know that within this data are the patterns, trends, and insights that can drive smarter decisions and meaningful mission outcomes. We need a skilled data scientist like you to help our clients transform complex data into actionable insight that supports critical …",https://www.adzuna.com/land/ad/5799135004?se=1rKQ-h-N8RG2-a5orHTjVQ&utm_medium=api&utm_source=e45342b0&v=A5FF12AE995557DC8E7D57300C6D2E9966BF6E8C
data scientist,Data Scientist,Booz Allen Hamilton,"Haymount, Cumberland County",174708.67,174708.67,IT Jobs,2026-07-06T19:13:12Z,"Job Number: R0243800 Data Scientist The Opportunity: Ever-expanding technologies like IoT, machine learning, and artifi cia l intelligence are generating more structured and unstructured data than ever before. As a data scientist, you know that within this data are the patterns, trends, and insights that can drive smarter decisions and meaningful mission outcomes. We need a skilled data scientist like you to help our clients transform complex data into actionable insight that supports critical …",https://www.adzuna.com/land/ad/5790376081?se=1rKQ-h-N8RG2-a5orHTjVQ&utm_medium=api&utm_source=e45342b0&v=A5FA02B1CFA377B72F08C3D29AA1EDF1FCD269FF
data scientist,Data Scientist,Booz Allen Hamilton,"Trade, Alexandria City",181057.73,181057.73,IT Jobs,2026-06-05T06:11:06Z,"Job Number: R0241573 Data Scientist The Opportunity: In this role, you will apply data science techniques and met hods and leverage a suite of data-driven tools to aid the client's service leadership and subject matter experts to increase decision space, understand strategic risk, and develop courses of action. Employ expert judgment, adaptable met hodologies, repeatable analytic processes, and enterprise-wide collaboration to provide routine, spe cia l interest, and alert-triggered campaign as…",https://www.adzuna.com/land/ad/5753069215?se=1rKQ-h-N8RG2-a5orHTjVQ&utm_medium=api&utm_source=e45342b0&v=028D0F39A8EA182765ED453304E6627667B7DF9A
data scientist,Data Scientist,SAIC,"Pimmit, Fairfax County",180540.45,180540.45,IT Jobs,2026-07-10T03:15:42Z,"Job ID: 2614424 Location: McLean, VA, US Date Posted: 2026-07-09 Category: Information Technology Subcategory: Data Scientist Schedule: Full-Time Shift: Day Job Travel: No Minimum Clearance Required: TS.SCI_wPoly Clearance Level Must Be Able to Obtain: None Potential for Remote Work: ORA_ON_SITE Description SAIC is seeking a Data Scientist to join our team to provide Subject Matter expertise and support specializing in natural language(NLP) processing and associated data preparation. The ideal …",https://www.adzuna.com/land/ad/5795192584?se=1rKQ-h-N8RG2-a5orHTjVQ&utm_medium=api&utm_source=e45342b0&v=F6B10CD796B7080FBBC0C368804C3BDB0265F628
data scientist,Data Scientist,SAIC,"Pimmit, Fairfax County",181304.12,181304.12,IT Jobs,2026-07-10T03:15:42Z,"Job ID: 2614430 Location: McLean, VA, US Date Posted: 2026-07-09 Category: Information Technology Subcategory: Data Scientist Schedule: Full-Time Shift: Day Job Travel: No Minimum Clearance Required: TS.SCI_wPoly Clearance Level Must Be Able to Obtain: None Potential for Remote Work: ORA_ON_SITE Description SAIC is seeking a Data Scientist to join our team to provide support specializing in natural language(NLP) processing and associated data preparation. The ideal candidate will have experienc…",https://www.adzuna.com/land/ad/5795192583?se=1rKQ-h-N8RG2-a5orHTjVQ&utm_medium=api&utm_source=e45342b0&v=C30C935131DE34EC96EA78DCCF9C1D4AC277DA9E
data scientist,Data Scientist,SAIC,"Pimmit, Fairfax County",217248.55,217248.55,IT Jobs,2026-03-27T10:10:32Z,"Job ID: T2600315 Location: McLean, VA, US Date Posted: 2026-03-05 Category: Information Technology Subcategory: Data Scientist Schedule: Full-Time Shift: Day Job Travel: No Minimum Clearance Required: TS.SCI_wPoly Clearance Level Must Be Able to Obtain: None Potential for Remote Work: ORA_ON_SITE Description ? SAIC is seeking a Data Scientist to provide specialized support across multiple projects from a Team of Systems Integrators and Data Scientists. In this role you would work on an IT Resou…",https://www.adzuna.com/land/ad/5680354238?se=1rKQ-h-N8RG2-a5orHTjVQ&utm_medium=api&utm_source=e45342b0&v=513A6410CC21648E55AF23785C30C497DFF13462
data scientist,Data Scientist,Decisionpoint Corporation,US,95390.61,95390.61,IT Jobs,2026-07-28T05:17:36Z,"Overview DecisionPoint seeks a Data Scientist to develop advanced analytics, machine learning models, and predictive capabilities that support operational visibility and decision-making across a large federal and DoD-aligned mission environment. This role analyzes operational, engineering, and IT datasets to build anomaly detection models, performance forecasting algorithms, predictive insights, and automated root-cause detection workflows. The Data Scientist collaborates closely with the dashb…",https://www.adzuna.com/land/ad/5818193115?se=1rKQ-h-N8RG2-a5orHTjVQ&utm_medium=api&utm_source=e45342b0&v=78EF115F81B34FB3AE0572E022C8B51078C8CE5F
data scientist,Data Scientist,SAIC,"Haymount, Cumberland County",113347.77,113347.77,IT Jobs,2026-06-30T02:54:06Z,"Job ID: 2614080 Location: Fayetteville, NC, US Date Posted: 2026-07-13 Category: Information Technology Subcategory: Data Scientist Schedule: Full-Time Shift: Day Job Travel: Yes - 25% of the time Minimum Clearance Required: Interim_Secret Clearance Level Must Be Able to Obtain: Secret Potential for Remote Work: ORA_ON_SITE Description SAIC is seeking a Data Scientist to join our team at Fort Bragg, North Carolina to support our Advanced Analytics Team to utilize the Army Vantage Data Analytics…",https://www.adzuna.com/land/ad/5781884848?se=1rKQ-h-N8RG2-a5orHTjVQ&utm_medium=api&utm_source=e45342b0&v=4FA9F6AD91B79E045312E39534EF7B076C76EE0B
data scientist,Data Scientist,Booz Allen Hamilton,"Stafford, Stafford County",146773.03,146773.03,IT Jobs,2026-05-15T19:47:16Z,"Job Number: R0240206 Data Scientist The Opportunity: As a data scientist, you're excited at the prospect of unlocking the secrets held by a data set, and you're fascinated by the possibilities presented by IoT, machine learning, and artificial intelligence. In an increasingly connected world, massive amounts of structured and unstructured data open new opportunities. As a data scientist at Booz Allen, you can help turn these complex data sets into useful information to solve global challenges. …",https://www.adzuna.com/land/ad/5730842577?se=1rKQ-h-N8RG2-a5orHTjVQ&utm_medium=api&utm_source=e45342b0&v=777602D0ED46CF2281E15087D583015D4615D540
data scientist,Data Scientist,Booz Allen Hamilton,"Trade, Alexandria City",135972.33,135972.33,IT Jobs,2026-06-09T06:45:42Z,"Job Number: R0241357 Data Scientist The Opportunity: As a data scientist, you're excited at the prospect of unlocking the secrets held by a data set, and you're fascinated by the possibilities presented by IoT, machine learning, and artificial intelligence. In an increasingly connected world, massive amounts of structured and unstructured data open new opportunities. As a data scientist at Booz Allen, you can help turn these complex data sets into useful information to solve global challenges. …",https://www.adzuna.com/land/ad/5757106432?se=1rKQ-h-N8RG2-a5orHTjVQ&utm_medium=api&utm_source=e45342b0&v=F730055AC46A14C4FDD766254B7C0402C65DA35D
data scientist,Data Scientist,Booz Allen Hamilton,"Trade, Alexandria City",153264.64,153264.64,IT Jobs,2026-06-05T06:21:26Z,"Job Number: R0241528 Data Scientist The Opportunity: As a data scientist, you're excited at the prospect of unlocking the secrets held by a data set, and you're fascinated by the possibilities presented by IoT, machine learning, and artificial intelligence. In an increasingly connected world, massive amounts of structured and unstructured data open new opportunities. As a data scientist at Booz Allen, you can help turn these complex data sets into useful information to solve global challenges. …",https://www.adzuna.com/land/ad/5753094282?se=1rKQ-h-N8RG2-a5orHTjVQ&utm_medium=api&utm_source=e45342b0&v=343793F57E8A6D15761EAD3334BAB87A37BFC08B
data scientist,Data Scientist,Booz Allen Hamilton,"Chantilly, Fairfax County",129330.0,129330.0,IT Jobs,2026-07-10T17:26:03Z,"Job Number: R0244172 Data Scientist The Opportunity: As a data scientist, you're excited at the prospect of unlocking the secrets held by a data set, and you're fascinated by the possibilities presented by IoT, machine learning, and artifi cia l intelligence. In an increasingly connected world, massive amounts of structured and unstructured data open new opportunities. As a data scientist at Booz Allen, you can help turn these complex data sets into useful information to solve global challenges…",https://www.adzuna.com/land/ad/5795987150?se=1rKQ-h-N8RG2-a5orHTjVQ&utm_medium=api&utm_source=e45342b0&v=0501171CFD359817C30E3C66E69579D61894A23D
data scientist,Data Scientist,Booz Allen Hamilton,"Stafford, Stafford County",135720.08,135720.08,IT Jobs,2026-06-29T19:00:20Z,"Job Number: R0237900 Data Scientist The Opportunity: As a data scientist, you're excited at the prospect of unlocking the secrets held by a data set, and you're fascinated by the possibilities presented by IoT, machine learning, and artificial intelligence. In an increasingly connected world, massive amounts of structured and unstructured data open new opportunities. As a data scientist at Booz Allen, you can help turn these complex data sets into useful information to solve global challenges. …",https://www.adzuna.com/land/ad/5781499894?se=1rKQ-h-N8RG2-a5orHTjVQ&utm_medium=api&utm_source=e45342b0&v=ECCD61647DDB2198CE5E734E09D3E9449F743A73
data scientist,Data Scientist,Booz Allen Hamilton,"Chantilly, Fairfax County",114549.33,114549.33,IT Jobs,2026-07-03T07:13:11Z,"Job Number: R0243682 Data Scientist The Opportunity: As a data scientist, you're excited at the prospect of unlocking the secrets held by a data set, and you're fascinated by the possibilities presented by IoT, machine learning, and artifi cia l intelligence. In an increasingly connected world, massive amounts of structured and unstructured data open new opportunities. As a data scientist at Booz Allen, you can help turn these complex data sets into useful information to solve global challenges…",https://www.adzuna.com/land/ad/5786753167?se=1rKQ-h-N8RG2-a5orHTjVQ&utm_medium=api&utm_source=e45342b0&v=5899B765BD45E2B826E7DEFCDAB9ACED03C03043
data scientist,Data Scientist,Booz Allen Hamilton,"South Carolina, US",165795.58,165795.58,IT Jobs,2026-07-27T19:18:11Z,"Job Number: R0245391 Data Scientist The Opportunity: As a data scientist, you're excited at the prospect of unlocking the secrets held by a data set, and you're fascinated by the possibilities presented by IoT, machine learning, and artificial intelligence. In an increasingly connected world, massive amounts of structured and unstructured data open new opportunities. As a data scientist at Booz Allen, you can help turn these complex data sets into useful information to solve global challenges. …",https://www.adzuna.com/land/ad/5817724229?se=1rKQ-h-N8RG2-a5orHTjVQ&utm_medium=api&utm_source=e45342b0&v=53A0225DA4BEFE4BBDDF79923CD7AB591F3FC572
data scientist,Data Scientist,Booz Allen Hamilton,"Trade, Alexandria City",172155.64,172155.64,IT Jobs,2026-06-02T18:07:18Z,"Job Number: R0241418 Data Scientist The Opportunity: As a data scientist, you're excited at the prospect of unlocking the secrets held by a data set, and you're fascinated by the possibilities presented by IoT, machine learning, and artificial intelligence. In an increasingly connected world, massive amounts of structured and unstructured data open new opportunities. As a data scientist at Booz Allen, you can help turn these complex data sets into useful information to solve global challenges. …",https://www.adzuna.com/land/ad/5749750406?se=1rKQ-h-N8RG2-a5orHTjVQ&utm_medium=api&utm_source=e45342b0&v=597F48069FAEF24AD3C4C0D986FADB19E5411304
data scientist,Data Scientist,Booz Allen Hamilton,"Pimmit, Fairfax County",147514.8,147514.8,IT Jobs,2026-05-05T17:57:47Z,"Job Number: R0236797 Data Scientist The Opportunity: As a data scientist, you're excited at the prospect of unlocking the secrets held by a data set, and you're fascinated by the possibilities presented by IoT, machine learning, and artifi cia l intelligence. In an increasingly connected world, massive amounts of structured and unstructured data open new opportunities. As a data scientist at Booz Allen, you can help turn these complex data sets into useful information to solve global challenges…",https://www.adzuna.com/land/ad/5719863015?se=1rKQ-h-N8RG2-a5orHTjVQ&utm_medium=api&utm_source=e45342b0&v=442249194130B83FB183FAC982D80DFF8D12CD67
data scientist,Data Scientist,Booz Allen Hamilton,"Mount Rainier, Prince George's County",159958.38,159958.38,IT Jobs,2026-07-24T19:16:01Z,"Job Number: R0245271 Data Scientist The Opportunity: As a data scientist, you're excited at the prospect of unlocking the secrets held by a data set, and you're fascinated by the possibilities presented by IoT, machine learning, and artifi cia l intelligence. In an increasingly connected world, massive amounts of structured and unstructured data open new opportunities. As a data scientist at Booz Allen, you can help turn these complex data sets into useful information to solve global challenges…",https://www.adzuna.com/land/ad/5814588851?se=1rKQ-h-N8RG2-a5orHTjVQ&utm_medium=api&utm_source=e45342b0&v=BD7CF01D24EEC485F242264024A22965DCFEAAB0
data scientist,Data Scientist,Booz Allen Hamilton,"Hampton Roads, Hampton City",168076.9,168076.9,IT Jobs,2026-06-22T17:22:47Z,"Job Number: R0242661 Data Scientist The Opportunity: As a data scientist, you're excited at the prospect of unlocking the secrets held by a data set, and you're fascinated by the possibilities presented by IoT, machine learning, and artifi cia l intelligence. In an increasingly connected world, massive amounts of structured and unstructured data open new opportunities. As a data scientist at Booz Allen, you can help turn these complex data sets into useful information to solve global challenges…",https://www.adzuna.com/land/ad/5772875144?se=1rKQ-h-N8RG2-a5orHTjVQ&utm_medium=api&utm_source=e45342b0&v=835A5457EE0156F5B4BBF5EB99A76813EB5A6EFC
data scientist,Data Scientist,Booz Allen Hamilton,"Pimmit, Fairfax County",148077.19,148077.19,IT Jobs,2026-07-14T17:39:53Z,"Job Number: R0229817 Data Scientist The Opportunity: As a data scientist, you're excited at the prospect of unlocking the secrets held by a data set, and you're fascinated by the possibilities presented by IoT, machine learning, and artifi cia l intelligence. In an increasingly connected world, massive amounts of structured and unstructured data open new opportunities. As a data scientist at Booz Allen, you can help turn these complex data sets into useful information to solve global challenges…",https://www.adzuna.com/land/ad/5800323557?se=1rKQ-h-N8RG2-a5orHTjVQ&utm_medium=api&utm_source=e45342b0&v=046FCBDF023D306D8CD6D948C3E7D3A4E4EF1E11
data scientist,Data Scientist,Booz Allen Hamilton,"State Farm, Arlington County",154526.1,154526.1,IT Jobs,2026-07-22T19:12:52Z,"Job Number: R0245106 Data Scientist The Opportunity: As a data scientist, you're excited at the prospect of unlocking the secrets held by a data set, and you're fascinated by the possibilities presented by IoT, machine learning, and artifi cia l intelligence. In an increasingly connected world, massive amounts of structured and unstructured data open new opportunities. As a data scientist at Booz Allen, you can help turn these complex data sets into useful information to solve global challenges…",https://www.adzuna.com/land/ad/5811474320?se=1rKQ-h-N8RG2-a5orHTjVQ&utm_medium=api&utm_source=e45342b0&v=3393AB9D88BA5562E6C668FB9F5B45545695662A
data scientist,Data Scientist,Booz Allen Hamilton,"State Farm, Arlington County",162148.4,162148.4,IT Jobs,2026-07-22T07:03:49Z,"Job Number: R0245016 Data Scientist The Opportunity: As a data scientist, you're excited at the prospect of unlocking the secrets held by a data set, and you're fascinated by the possibilities presented by IoT, machine learning, and artifi cia l intelligence ( AI ) . In an increasingly connected world, massive amounts of structured and unstructured data open new opportunities. As a data scientist at Booz Allen, you can help turn these complex data sets into useful information to solve global ch…",https://www.adzuna.com/land/ad/5810829959?se=1rKQ-h-N8RG2-a5orHTjVQ&utm_medium=api&utm_source=e45342b0&v=CF6ACF040841D06B5626AD12A3BEC52543ED595F
data scientist,Data Scientist,Booz Allen Hamilton,"Fort George G Meade, Anne Arundel County",117651.91,117651.91,IT Jobs,2026-03-27T10:13:49Z,"Job Number: R0234832 Data Scientist The Opportunity: As a data scientist, you're excited at the prospect of unlocking the secrets held by a data set, and you're fascinated by the possibilities presented by IoT, machine learning, and artifi cia l intelligence. In an increasingly connected world, massive amounts of structured and unstructured data open new opportunities. As a data scientist at Booz Allen, you can help turn these complex data sets into useful information to solve global challenges…",https://www.adzuna.com/land/ad/5680364973?se=1rKQ-h-N8RG2-a5orHTjVQ&utm_medium=api&utm_source=e45342b0&v=C62EFB187C2682B14DAF4C293DA7F2EBFF33AF57
data scientist,Data Scientist,Booz Allen Hamilton,"Fort George G Meade, Anne Arundel County",119380.84,119380.84,IT Jobs,2026-03-27T10:10:37Z,"Job Number: R0234833 Data Scientist The Opportunity: As a data scientist, you're excited at the prospect of unlocking the secrets held by a data set, and you're fascinated by the possibilities presented by IoT, machine learning, and artifi cia l intelligence. In an increasingly connected world, massive amounts of structured and unstructured data open new opportunities. As a data scientist at Booz Allen, you can help turn these complex data sets into useful information to solve global challenges…",https://www.adzuna.com/land/ad/5680354480?se=1rKQ-h-N8RG2-a5orHTjVQ&utm_medium=api&utm_source=e45342b0&v=9BC57FBAF6A8109E2AFEEB82DAD1592330F321D9
data scientist,Data Scientist,Booz Allen Hamilton,"State Farm, Arlington County",160921.55,160921.55,IT Jobs,2026-06-11T18:56:56Z,"Job Number: R0242010 Data Scientist The Opportunity: As a data scientist, you're excited at the prospect of unlocking the secrets held by a data set, and you're fascinated by the possibilities presented by IoT, machine learning, and artifi cia l intelligence. In an increasingly connected world, massive amounts of structured and unstructured data open new opportunities. As a data scientist at Booz Allen, you can help turn these complex data sets into useful information to solve global challenges…",https://www.adzuna.com/land/ad/5760650278?se=1rKQ-h-N8RG2-a5orHTjVQ&utm_medium=api&utm_source=e45342b0&v=B934FC5E46055B5BA8C06CF83E1F5A7ACFE01667
data scientist,Data Scientist,Booz Allen Hamilton,"State Farm, Arlington County",154474.08,154474.08,IT Jobs,2026-07-29T17:22:41Z,"Job Number: R0245586 Data Scientist The Opportunity: As a data scientist, you're excited at the prospect of unlocking the secrets held by a data set, and you're fascinated by the possibilities presented by IoT, machine learning, and artifi cia l intelligence. In an increasingly connected world, massive amounts of structured and unstructured data open new opportunities. As a data scientist at Booz Allen, you can help turn these complex data sets into useful information to solve global challenges…",https://www.adzuna.com/land/ad/5820188849?se=1rKQ-h-N8RG2-a5orHTjVQ&utm_medium=api&utm_source=e45342b0&v=321A36C1A3A6C22130BCEDDE7FD516C636F93C08
data scientist,Data Scientist,Booz Allen Hamilton,"Seaside, Monterey County",142397.66,142397.66,IT Jobs,2026-07-16T17:53:05Z,"Job Number: R0243945 Data Scientist The Opportunity: As a data scientist, you're excited at the prospect of unlocking the secrets held by a data set, and you're fascinated by the possibilities presented by IoT, machine learning, and artificial intelligence. In an increasingly connected world, massive amounts of structured and unstructured data open new opportunities. As a data scientist at Booz Allen, you can help turn these complex data sets into useful information to solve global challenges. …",https://www.adzuna.com/land/ad/5803828065?se=1rKQ-h-N8RG2-a5orHTjVQ&utm_medium=api&utm_source=e45342b0&v=5D815EB0AA0B808D492C348D3E6221D4F7BAFE36
data scientist,Data Scientist,Booz Allen Hamilton,"Tampa Palms, Hillsborough County",190006.0,190006.0,IT Jobs,2026-07-28T19:24:38Z,"Job Number: R0245472 Data Scientist The Opportunity: As a data scientist, you're excited at the prospect of unlocking the secrets held by a data set, and you're fascinated by the possibilities presented by machine learning and artifi cia l intelligence. In an increasingly connected world, massive amounts of structured and unstructured data open new opportunities. As a data scientist at Booz Allen, you can help turn these complex data sets into useful information to solve global challenges. We n…",https://www.adzuna.com/land/ad/5819010689?se=1rKQ-h-N8RG2-a5orHTjVQ&utm_medium=api&utm_source=e45342b0&v=496C2E6C5216ADBC0E93FCE6D2C8263337F25DFB
data scientist,Data Scientist,Booz Allen Hamilton,"State Farm, Arlington County",150719.22,150719.22,IT Jobs,2026-06-02T05:35:16Z,"Job Number: R0241242 Data Scientist The Opportunity: As a data scientist, you're excited at the prospect of unlocking the secrets held by a data set, and you're fascinated by the possibilities presented by IoT, machine learning, and artifi cia l intelligence ( AI ) . In an increasingly connected world, massive amounts of structured and unstructured data open new opportunities. As a Data Scientist at Booz Allen, you can help turn these complex data sets into useful information to solve global ch…",https://www.adzuna.com/land/ad/5748984635?se=1rKQ-h-N8RG2-a5orHTjVQ&utm_medium=api&utm_source=e45342b0&v=6EAB38DA92F49E6DF2889165505B7ED5DF092313
data scientist,Data Scientist,Booz Allen Hamilton,"Mount Rainier, Prince George's County",157725.69,157725.69,IT Jobs,2026-07-03T07:24:20Z,"Job Number: R0243614 Data Scientist The Opportunity: As a data scientist, you're excited at the prospect of unlocking the secrets held by a data set, and you're fascinated by the possibilities presented by IoT, machine learning, and artificial intelligence. In an increasingly connected world, massive amounts of structured and unstructured data open new opportunities. As a data scientist at Booz Allen, you can help turn these complex data sets into useful information to solve global challenges. …",https://www.adzuna.com/land/ad/5786761794?se=1rKQ-h-N8RG2-a5orHTjVQ&utm_medium=api&utm_source=e45342b0&v=F67C839EB4152D4A6F19CF7A0949F9C92C86A9FD
data scientist,Data Scientist,Booz Allen Hamilton,"Mount Rainier, Prince George's County",171923.66,171923.66,IT Jobs,2026-06-23T19:19:08Z,"Job Number: R0242769 Data Scientist The Opportunity: As a data scientist, you're excited at the prospect of unlocking the secrets held by a data set, and you're fascinated by the possibilities presented by IoT, machine learning, and artifi cia l intelligence. In an increasingly connected world, massive amounts of structured and unstructured data open new opportunities. As a data scientist at Booz Allen, you can help turn these complex data sets into useful information to solve global challenges…",https://www.adzuna.com/land/ad/5774147220?se=1rKQ-h-N8RG2-a5orHTjVQ&utm_medium=api&utm_source=e45342b0&v=B8CA296B191E5870F629D4336CE3993EE5B3E5F0
data scientist,Data Scientist,SAIC,"Mount Rainier, Prince George's County",175655.28,175655.28,IT Jobs,2026-07-16T03:42:23Z,"Job ID: 2614568 Location: Washington, DC, US Date Posted: 2026-07-14 Category: Information Technology Subcategory: Data Scientist Schedule: Full-Time Shift: Day Job Travel: No Minimum Clearance Required: Secret Clearance Level Must Be Able to Obtain: None Potential for Remote Work: ORA_HYBRID Description We are seeking a Data Scientist - Enterprise Data and AI Solutions to join our Hyperautomation team. This role is designed for an analytically curious, technically versatile data scientist who …",https://www.adzuna.com/land/ad/5802434730?se=1rKQ-h-N8RG2-a5orHTjVQ&utm_medium=api&utm_source=e45342b0&v=DA6EDF08A2C40AD6D4DCFD513CE3A3E06AC946EF
data scientist,Data Scientist,SAIC,"Chantilly, Fairfax County",165303.62,165303.62,Engineering Jobs,2026-06-30T02:54:07Z,"Job ID: 2614085 Location: Chantilly, VA, US Date Posted: 2026-07-07 Category: Engineering and Sciences Subcategory: Modeling/Sim Engr Schedule: Full-Time Shift: Day Job Travel: No Minimum Clearance Required: TS.SCI_wPoly Clearance Level Must Be Able to Obtain: None Potential for Remote Work: ORA_ON_SITE Description SAIC is seeking a Data Scientist to provide Systems Engineer Technical Advisor (SETA) services for a critical position on SAIC's Prime Program, Landmark AOS. Landmark AOS is a large …",https://www.adzuna.com/land/ad/5781884951?se=jqsb-x-N8RGNzO_fQd9OLg&utm_medium=api&utm_source=e45342b0&v=09D37B8462AAD2B727813670B55F8EC303350B11
data scientist,Data Scientist,SAIC,"North Springfield, Fairfax County",106482.11,106482.11,IT Jobs,2026-05-08T04:11:16Z,"Job ID: 2612195 Location: Springfield, VA, US Date Posted: 2026-05-07 Category: Information Technology Subcategory: Data Scientist Schedule: Full-Time Shift: Day Job Travel: No Minimum Clearance Required: TS.SCI Clearance Level Must Be Able to Obtain: TS/SCI with Poly Potential for Remote Work: ORA_ON_SITE Description The Data Scientist will apply their technical and analytical capabilities to support key business and security objectives. This role involves collaborating with stakeholders to cl…",https://www.adzuna.com/land/ad/5722742507?se=jqsb-x-N8RGNzO_fQd9OLg&utm_medium=api&utm_source=e45342b0&v=375969B1D4CCCF3FEF0A029F6EA7C9501E3A48D1
data scientist,Data Scientist,"Judge Group, Inc.","Frazer, Chester County",139524.42,139524.42,IT Jobs,2026-07-28T21:27:43Z,"Location: Malvern, PA Description: Our client is currently seeking a Data Scientist - Long term contract - Hybrid Remote, Mondays and Fridays! Responsibilities 1) Partner with internal stakeholders to understand business strategy and strategic objectives, define data-driven approaches, translate requirements into analytical projects, and lead high-impact analytical initiatives that align with business goals. 2) Acquire, extract, clean, integrate, and validate structured and unstructured data fr…",https://www.adzuna.com/land/ad/5819143871?se=jqsb-x-N8RGNzO_fQd9OLg&utm_medium=api&utm_source=e45342b0&v=12822E90E91F4573AD90D2203DB731EB9684830E
data scientist,Data Scientist,Redhorse Corporation,"Tampa Palms, Hillsborough County",151638.77,151638.77,IT Jobs,2026-07-28T03:30:53Z,"About the Organization Now is a great time to join Redhorse Corporation. We are a solution-driven company delivering data insights and technology solutions to customers with missions critical to U.S. national interests. We're looking for thoughtful, skilled professionals who thrive as trusted partners building technology-agnostic solutions and want to apply their talents supporting customers with difficult and important mission sets. About the Role Redhorse transforms the way government uses da…",https://www.adzuna.com/land/ad/5818050701?se=jqsb-x-N8RGNzO_fQd9OLg&utm_medium=api&utm_source=e45342b0&v=58AA2D0E946A29B7539E76A580D40BC4F42AA4C5
data scientist,Data Scientist,Booz Allen Hamilton,"Holland, Suffolk City",120392.1,120392.1,Engineering Jobs,2026-07-27T19:13:55Z,"Job Number: R0245322 Data Scientist The Opportunity: Design and implement effective AI solution architecture utilizing approaches of various AI technologies and met hods to address Marine Corps operational needs. Apply advanced technical expertise and full industry knowledge. Develop innovative solutions to complex problems. Work without considerable direction. Mentor and supervise team members, as needed. Contribute to the direction of critical solutions by applying best-fit ML algorithms and …",https://www.adzuna.com/land/ad/5817722552?se=jqsb-x-N8RGNzO_fQd9OLg&utm_medium=api&utm_source=e45342b0&v=EDFC93D713764475D67AD2C3465B7290D14F08EC
data scientist,Data Scientist,Penske Truck Leasing,"Wyomissing Hills, Berks County",93575.66,93575.66,IT Jobs,2026-06-05T14:19:30Z,"Position Summary: Supports Penske's Procurement & Fleet Planning team by developing and delivering advanced analytics, reporting, and data science solutions that support fleet planning, vehicle acquisition, replacement planning, lifecycle analysis, procurement strategy, supplier performance, residual value analysis, and operational efficiency. The incumbent will be responsible for converting raw data from multiple sources into actionable business intelligence through data evaluation, ETL develo…",https://www.adzuna.com/land/ad/5753357272?se=jqsb-x-N8RGNzO_fQd9OLg&utm_medium=api&utm_source=e45342b0&v=80DCC63A8CC011772EEBDF9E5FFAA03E1F02342C
data scientist,Data Scientist,LinTech Global Inc.,"State Farm, Arlington County",122364.53,122364.53,IT Jobs,2026-06-30T18:59:41Z,"Dexian Government Solutions is recruiting for a Data Scientist to support our contract at the USPSOIG in Arlington, Virginia. Position Description Works independently and within teams to use the necessary data extraction, manipulation, and aggregation techniques to prepare, clean, normalize, and validate data to complete varied projects and tasks. Researches, designs, and develops visualization solutions using a range of methods which support investigative and audit products. Designs experiment…",https://www.adzuna.com/land/ad/5782614970?se=jqsb-x-N8RGNzO_fQd9OLg&utm_medium=api&utm_source=e45342b0&v=339DB2B35CBA132A24018373CAF78C6BB0E24667
data scientist,Data Scientist,LinTech Global Inc.,"State Farm, Arlington County",105915.95,105915.95,IT Jobs,2026-06-05T19:55:53Z,"Dexian Government Solutions is recruiting for a Data Scientist to support our contract at the USPSOIG in Arlington, Virginia. Position Description Works independently and within teams to use the necessary data extraction, manipulation, and aggregation techniques to prepare, clean, normalize, and validate data to complete varied projects and tasks. Researches, designs, and develops visualization solutions using a range of methods which support investigative and audit products. Designs experiment…",https://www.adzuna.com/land/ad/5753742988?se=jqsb-x-N8RGNzO_fQd9OLg&utm_medium=api&utm_source=e45342b0&v=E8A4298037C8021AF14EAE3400B350478D1B8CAD
data scientist,Data Scientist,U.S. Railroad Retirement Board,"Schiller Park, Cook County",84835.77,84835.77,Scientific & QA Jobs,2026-07-27T11:03:44Z,"Apply by 8/07/2026. YOU MUST APPLY ON THE USAJOBS WEBSITE: This position is located in the Railroad Retirement Board''s Bureau of Information Services. The incumbent will be responsible for designing, developing and deploying advanced analytical solutions and Artificial Intelligence (AI) enabled solutions that directly support the RRB''s mission. This job announcement may be used to fill one or more vacancies. This is a bargaining unit position. This position is represented by the Council of AF…",https://www.adzuna.com/land/ad/5817452153?se=jqsb-x-N8RGNzO_fQd9OLg&utm_medium=api&utm_source=e45342b0&v=5BC88C61DEF2C7BDB0AB2163EF3D6C8AB61DE110
data scientist,Lead Data Scientist,LexisNexis,"Raleigh, Smith County",164090.44,164090.44,IT Jobs,2026-07-06T11:33:19Z,"hackajob is collaborating with LexisNexis to connect them with exceptional professionals for this role. About Us : LexisNexis, a part of RELX, is a leading global provider of legal, regulatory, and business information. We help customers increase productivity and improve decision-making and outcomes. Our 10,500 experts and innovative tools help us shape a better world for our customers and communities. About the Role : Are you looking to develop your Data Scientist career? Do you enjoy coaching…",https://www.adzuna.com/land/ad/5789986069?se=jqsb-x-N8RGNzO_fQd9OLg&utm_medium=api&utm_source=e45342b0&v=F22439E3495F86E1B7EF099DAA5CADD187385603
data scientist,"Data Scientist, Specialist",Vanguard,"Frazer, Chester County",146858.16,146858.16,IT Jobs,2026-07-30T18:49:20Z,"hackajob is collaborating with Vanguard to connect them with exceptional professionals for this role. As a Senior Data Scientist, you will lead the development of the next generation AI/ML solutions for Vanguard Workplace Solutions. Leveraging state-of-the-art AI capabilities in machine learning, advanced analytics and generative AI, you will design and build innovative solutions to enhance efficiency, improve client experience and drive impactful strategies. You will explore emerging AI method…",https://www.adzuna.com/land/ad/5821666297?se=jqsb-x-N8RGNzO_fQd9OLg&utm_medium=api&utm_source=e45342b0&v=4E27A1C044ADFF93B8C9FA65EA5808ED47880404
data scientist,Staff Data Scientist,Stord,US,144468.31,144468.31,IT Jobs,2026-07-09T04:47:53Z,"hackajob is collaborating with Stord to connect them with exceptional professionals for this role. Stord is The Consumer Experience Company, powering seamless checkout through delivery for today's leading brands. Stord is rapidly growing and is on track to double our revenue in the next 18 months. To meet and exceed this target, Stord is strategically scaling teams across the entire company, and seeking energetic experts to help us achieve our mission. By combining comprehensive commerce-enable…",https://www.adzuna.com/land/ad/5793895772?se=jqsb-x-N8RGNzO_fQd9OLg&utm_medium=api&utm_source=e45342b0&v=5DCC8CF8DC63E1DEA3000FB9A0532AA3FEC954E3
data scientist,"Data Scientist, Specialist",Vanguard,"Charlotte, Clinton County",94886.96,94886.96,IT Jobs,2026-07-27T06:31:25Z,"hackajob is collaborating with Vanguard to connect them with exceptional professionals for this role. Join a collaborative HR Analytics and AI team to develop and scale data science, machine learning, and generative AI solutions that enable smarter workforce decisions, drive business value, and advance Vanguard's enterprise AI capabilities. As a Data Scientist, you will join a highly collaborative team of data scientist, AI engineer, and analytics professionals focused on transforming how HR an…",https://www.adzuna.com/land/ad/5817346757?se=jqsb-x-N8RGNzO_fQd9OLg&utm_medium=api&utm_source=e45342b0&v=A4457B36857FA67424236D59DD799B4A61802CDC
data scientist,"Data Scientist, Specialist",Vanguard,"Frazer, Chester County",113022.01,113022.01,IT Jobs,2026-07-29T18:49:11Z,"hackajob is collaborating with Vanguard to connect them with exceptional professionals for this role. Leads and executes deep dive diagnostic, predictive, and prescriptive analytics to support data-driven business decision making. Mentors and develops junior data scientists and analysts. Job Description Core Responsibilities Develops complex queries and performs extensive programming to access, transform, and prepare data for statistical modeling. Leads and executes deep dive diagnostic, predic…",https://www.adzuna.com/land/ad/5820379105?se=jqsb-x-N8RGNzO_fQd9OLg&utm_medium=api&utm_source=e45342b0&v=A08B6B9753B89558FD4714161BD1EC6D845E0E50
data scientist,Lead Data Scientist,Stord,"Atlanta, Fulton County",189073.45,189073.45,IT Jobs,2026-07-09T04:47:53Z,"hackajob is collaborating with Stord to connect them with exceptional professionals for this role. Stord is The Consumer Experience Company, powering seamless checkout through delivery for today's leading brands. Stord is rapidly growing and is on track to double our revenue in the next 18 months. To meet and exceed this target, Stord is strategically scaling teams across the entire company, and seeking energetic experts to help us achieve our mission. By combining comprehensive commerce-enable…",https://www.adzuna.com/land/ad/5793895798?se=jqsb-x-N8RGNzO_fQd9OLg&utm_medium=api&utm_source=e45342b0&v=ADB8ACA0700EED98B9CB8308DFB0058FBCDDB305
data scientist,Data Scientist Manager,Solace,US,128307.76,128307.76,IT Jobs,2026-07-15T16:24:37Z,"hackajob is collaborating with Solace to connect them with exceptional professionals for this role. About Solace Healthcare in the U.S. is fundamentally broken. The system is so complex that 88% of U.S. adults do not have the health literacy necessary to navigate it without help. Solace cuts through the red tape of healthcare by pairing patients with expert advocates and giving them the tools to make better decisions—and get better outcomes. We're a Series C startup, founded in 2022 and backed …",https://www.adzuna.com/land/ad/5801527242?se=jqsb-x-N8RGNzO_fQd9OLg&utm_medium=api&utm_source=e45342b0&v=6AEF8980D29120348B5C8E907F93AA06C476A988
data scientist,"Data Scientist, Specialist",Vanguard,"Dallas, Texas",125665.01,125665.01,IT Jobs,2026-07-08T16:10:38Z,hackajob is collaborating with Vanguard to connect them with exceptional professionals for this role. We're the AI Center of Excellence within the Chief Data and Analytics Office. We work on projects that enable AI practitioners build AI products quickly and confidently. We work on many open problems around AI safety and evaluations. One way that we do so is by finding vulnerabilities in Gen AI applications with an automated adversarial testing service. We're looking for people who are technica…,https://www.adzuna.com/land/ad/5792991883?se=jqsb-x-N8RGNzO_fQd9OLg&utm_medium=api&utm_source=e45342b0&v=0416309F459F9B86EA55AD828C1092C72BAC8079
data scientist,"Data Scientist, Specialist",Vanguard,"Dallas, Texas",130819.06,130819.06,IT Jobs,2026-07-06T11:33:00Z,"hackajob is collaborating with Vanguard to connect them with exceptional professionals for this role. Vanguard is one of the world's largest and most respected investment management companies, known for its client-centric approach, low-cost investment products, and commitment to long-term, data-driven investment strategies. Our Center for Analytics and Insights (CAI) team is actively working on advancing AI innovation and building AI driven products for our business lines. The team aims to ulti…",https://www.adzuna.com/land/ad/5789985107?se=jqsb-x-N8RGNzO_fQd9OLg&utm_medium=api&utm_source=e45342b0&v=5514BF467BE47F1F61826351FC0070F90D7506A6
data scientist,Senior Data Scientist,MANTECH,"Springfield, Effingham County",146846.95,146846.95,IT Jobs,2026-07-06T11:33:09Z,"hackajob is collaborating with MANTECH to connect them with exceptional professionals for this role. MANTECH seeks a motivated, career and customer-oriented Senior Data Scientist to join our team in Springfield, VA. This role is 100% on-site. The Senior Data Scientist leads the integration and application of advanced data analytics to solve complex business challenges and enhance mission security. The contractor will serve as a subject matter expert (SME), responsible for the entire lifecycle o…",https://www.adzuna.com/land/ad/5789985559?se=jqsb-x-N8RGNzO_fQd9OLg&utm_medium=api&utm_source=e45342b0&v=6767EEB99D746792453F16776F758A608EEC4591
data scientist,"Data Scientist, Specialist",Vanguard,"Frazer, Chester County",114263.69,114263.69,IT Jobs,2026-07-06T11:33:28Z,"hackajob is collaborating with Vanguard to connect them with exceptional professionals for this role. Performs deep dive diagnostic, predictive, and prescriptive analytics to support data-driven business decision making. Role Summary As a Data Scientist, you will help turn data into decisions by combining strong technical execution with growing business awareness and communication skills. Working alongside more senior data scientists and cross-functional partners, you will contribute to solving…",https://www.adzuna.com/land/ad/5789986556?se=jqsb-x-N8RGNzO_fQd9OLg&utm_medium=api&utm_source=e45342b0&v=351F54C520F3A0AC6F7BBE3D55753F475CC89D84
data scientist,Senior Data Scientist,MANTECH,"Springfield, Effingham County",121887.36,121887.36,IT Jobs,2026-07-06T11:32:52Z,"hackajob is collaborating with MANTECH to connect them with exceptional professionals for this role. MANTECH seeks a motivated, career and customer-oriented Senior Data Scientist to join our team in Springfield, VA . This is a full-time onsite position. Responsibilities include but are not limited to: Assist in the creation of the necessary data pipelines to store and process data related to emergent sensors and platforms. This includes creation of any database tables and schemas, establishing …",https://www.adzuna.com/land/ad/5789984701?se=jqsb-x-N8RGNzO_fQd9OLg&utm_medium=api&utm_source=e45342b0&v=82A6CC617E95E2AA10560F344FA7C52908019875
data scientist,"Data Scientist, Specialist",Vanguard,"Dallas, Texas",110167.52,110167.52,IT Jobs,2026-07-29T18:49:11Z,"hackajob is collaborating with Vanguard to connect them with exceptional professionals for this role. We are seeking a Senior AI/ML/Data Scientist / Applied AI Leader with deep expertise in Agentic AI, Large Language Models (LLMs), and Natural Language Processing (NLP) to solve high impact business problems using advanced AI capabilities. This role is not focused on experimentation alone. You will lead the transformation of complex, ambiguous business challenges into scalable, production ready …",https://www.adzuna.com/land/ad/5820379107?se=jqsb-x-N8RGNzO_fQd9OLg&utm_medium=api&utm_source=e45342b0&v=E8EFBF26E3060DEE255BD8B843B7097714ED3695
data scientist,Data Scientist - Insurance,TransUnion,"Chicago, Cook County",96016.45,96016.45,Accounting & Finance Jobs,2026-07-09T04:47:54Z,"hackajob is collaborating with TransUnion to connect them with exceptional professionals for this role. TransUnion's Job Applicant Privacy Notice Personal Information We Collect Your Privacy Choices Team Overview The Data Scientist is responsible for supporting the development of analytic solutions through consulting engagements for TransUnion’s clients across a broad array of credit, fraud, insurance and marketing business applications. This position requires a general understanding of US fina…",https://www.adzuna.com/land/ad/5793895829?se=jqsb-x-N8RGNzO_fQd9OLg&utm_medium=api&utm_source=e45342b0&v=ECCE72941903CFACFAFE894003FAB37E1005C0BC
data scientist,Lead Data Scientist,TransUnion,"Chicago, Cook County",131525.47,131525.47,Accounting & Finance Jobs,2026-07-09T04:47:54Z,"hackajob is collaborating with TransUnion to connect them with exceptional professionals for this role. TransUnion's Job Applicant Privacy Notice Personal Information We Collect Your Privacy Choices Team Overview This role reports into a Director of Data Science & Analytics. The Financial Services Analytics team is an industry recognized, client-facing department that rewards an entrepreneurial spirit. We have deep technical expertise and an established reputation as an analytic solutions provi…",https://www.adzuna.com/land/ad/5793895892?se=jqsb-x-N8RGNzO_fQd9OLg&utm_medium=api&utm_source=e45342b0&v=5E88022C2EC9CB96ECC4FF4B5C9AB180D5CD6024
data scientist,Data Scientist,Software Technology Inc,"Times Square, King County",130451.04,130451.04,IT Jobs,2026-07-21T16:58:52Z,"We are seeking an experienced Data Scientist with expertise in Agentic AI and Microsoft AI technologies to join our team. If you're interested please share updated resume Job Title: Data Scientist Agentic AI Location: Remote work Duration: Contract (C2C) Microsoft Fabric , Data scientist, Agentic AI Experience15 Years Start Date: ASAP Job Description ideal candidate will have strong experience building AI-driven solutions, developing machine learning models, and leveraging Microsoft's AI ecosys…",https://www.adzuna.com/land/ad/5809712375?se=jqsb-x-N8RGNzO_fQd9OLg&utm_medium=api&utm_source=e45342b0&v=833353EC068ED2902C04351847254DB0BF220791
data scientist,Data Scientist,Aivra Health LLC,"Schiller Park, Cook County",134519.62,134519.62,IT Jobs,2026-07-14T13:33:07Z,"Data Scientist Location: New York, NY, USA (Hybrid/On-site/Remote) Job Type: Full-Time About the Role We are seeking a talented Data Scientist to analyze complex datasets, build predictive models, and generate actionable business insights. You will collaborate with cross-functional teams to develop data-driven solutions that improve products and business performance. Key Responsibilities Analyze structured and unstructured datasets. Build predictive and statistical models. Develop machine learn…",https://www.adzuna.com/land/ad/5800166886?se=jqsb-x-N8RGNzO_fQd9OLg&utm_medium=api&utm_source=e45342b0&v=1FD6628A4D117EC76EB44FF08F65BA88FC6BC9E9
data scientist,Data Scientist,TechYantram Solutions,"South Boston, Suffolk County",114080.33,114080.33,IT Jobs,2026-07-02T19:20:32Z,"Data Scientist Introduction: As a Data Scientist, you will be responsible for analyzing complex data sets to inform business decisions and drive strategy. You will work closely with cross-functional teams to identify trends, build predictive models, and develop data-driven solutions. Responsibilities: Utilize advanced statistical and machine learning techniques to analyze and interpret data. Develop and implement algorithms to extract insights from large data sets. Build predictive models to fo…",https://www.adzuna.com/land/ad/5786127884?se=jqsb-x-N8RGNzO_fQd9OLg&utm_medium=api&utm_source=e45342b0&v=F7295563A1CFD49759A7A301FC2B7595394757E9
data scientist,Data Scientist,"ADG Tech Consulting, LLC.",US,121764.09,121764.09,IT Jobs,2026-07-20T13:17:52Z,"Job Title: Data Scientist Location: Remote Customer: USCIS Clearance Requirement: U.S. Citizenship Required; Active Public Trust or ability to obtain DHS suitability Overview: We are seeking a highly skilled Data Scientist to join our team and drive data-driven decision-making through advanced analytics, automation, and intelligent solutions. The ideal candidate will have strong expertise in Python , Databricks , and automation frameworks , with hands-on experience in UiPath for process optimiz…",https://www.adzuna.com/land/ad/5808315380?se=jqsb-x-N8RGNzO_fQd9OLg&utm_medium=api&utm_source=e45342b0&v=B04486EEF966970F6471904A77CCB987581654A7
data scientist,Data Scientist,Wise Equation Solutions Inc.,"Newark, Essex County",134041.84,134041.84,IT Jobs,2026-07-16T15:42:07Z,"Role Overview We are looking for a skilled Data Scientist to join our team. You will work on large-scale datasets, build and deploy predictive models, and contribute to data engineering activities. The ideal candidate has a strong foundation in mathematics and statistics, hands-on experience with distributed computing, and the ability to communicate insights to non-technical stakeholders. Must-Have Requirements 3–5 years of experience as a Data Scientist or similar role Strong hands-on experien…",https://www.adzuna.com/land/ad/5803567221?se=jqsb-x-N8RGNzO_fQd9OLg&utm_medium=api&utm_source=e45342b0&v=3204305F8199BB1FD00D3DE6F21C961678D9EB57
data scientist,Data Scientist,Stellar Professionals LLC,"Raleigh, Wake County",106619.29,106619.29,IT Jobs,2026-07-28T11:16:04Z,"We are seeking an experienced Data Scientist to analyze complex datasets, build predictive models, and deliver actionable insights that support strategic decision-making. If you love extracting trends from structured and unstructured data, engineering scalable data pipelines, and driving innovation through machine learning, we want to hear from you! Position Overview Location: Raleigh, NC 27601 ( Strictly Local to North Carolina Only ) Work Arrangement: Hybrid Interview Process: Webcam or In-Pe…",https://www.adzuna.com/land/ad/5818416609?se=jqsb-x-N8RGNzO_fQd9OLg&utm_medium=api&utm_source=e45342b0&v=685E5102FFCCAC492D53B79088DE4CBA7461B5DE
data scientist,Data Scientists,4 Consulting Inc,"Plano, Collin County",90417.95,90417.95,IT Jobs,2026-07-29T11:25:02Z,"Job Title: Data Scientists Location: Irving, TX Employer: 4Consulting, Inc Position Type: Full Time Worksite: Onsite Position Summary 4Consulting, Inc is seeking a qualified Data Scientists to support technology consulting, application development, systems analysis, testing, data management, cybersecurity, infrastructure, or project delivery services for client projects. The selected candidate will perform duties consistent with the client’s project requirements and company delivery standards. …",https://www.adzuna.com/land/ad/5819880514?se=jqsb-x-N8RGNzO_fQd9OLg&utm_medium=api&utm_source=e45342b0&v=A92470123A70DA5B991B3544433F3FD443CD5B2D
data scientist,Data Scientist,Inabia Software & Consulting Inc.,"Grand Prairie, Dallas",163205.23,163205.23,IT Jobs,2026-07-31T03:23:21Z,"To be noted: Due to the heightened security nature of this job, there will be a background check after two rounds before offer, then final interview with client. Please send candidates. Role: Data Scientist Location: Grand-Prairie, Texas 75050 Work Model: Onsite (4 days a week work from office Mon - Thu) Duration: Fulltime Employee Numbers of Interview : 3 to 4 Mode of Interviews – Virtual Tentative start date – ASAP Note : Relocation assistance will be provided by Nagarro . USD $148,500 ($135,…",https://www.adzuna.com/land/ad/5822102684?se=jqsb-x-N8RGNzO_fQd9OLg&utm_medium=api&utm_source=e45342b0&v=E8F5C12D8128D73B34EB30AEC3BE6082ED0F641D
data scientist,Data Scientist,Zyxware Technologies,US,124607.91,124607.91,IT Jobs,2026-07-08T19:10:42Z,"Role: Mid-Level Data Scientist Location: Fully Remote Duration: Full Time Job Description As a Mid-Level Data Scientist, you will support efforts to design and implement advanced statistical and AI/ML solutions focused on extracting actionable insights, evaluating model performance, and leveraging semantic analysis techniques to enhance product safety decision-making. This role emphasizes innovation, efficiency, and interpretability in modern cloud data environments, contributing to strategic a…",https://www.adzuna.com/land/ad/5793411729?se=jqsb-x-N8RGNzO_fQd9OLg&utm_medium=api&utm_source=e45342b0&v=5118FB5E52F05597E0AD48D32F4F44DC252F5AAE
data scientist,Data Scientist,System One,"Lauderdale, Ramsey County",184960.27,184960.27,IT Jobs,2026-07-22T13:02:30Z,"Job Title: Data Scientist Location: Minneapolis, MN Job Summary: System One is seeking a Data Scientist with 5 years of hands-on experience to design, build, and deploy production-grade machine learning models. In this role, you will bridge the gap between traditional data science and software engineering by writing clean, modular Python code to build robust AI capabilities embedded directly into our enterprise products and systems. Responsibilities Design, train, and validate traditional predi…",https://www.adzuna.com/land/ad/5811089523?se=jqsb-x-N8RGNzO_fQd9OLg&utm_medium=api&utm_source=e45342b0&v=E63B88E7B98869BB6D9729734CF1D701A9E8773A
data scientist,Data Scientist,Accroid Inc,"North Springfield, Fairfax County",124773.2,124773.2,IT Jobs,2026-07-28T13:22:18Z,"Data Scientist (Active TS/SCI Clearance) Top Mandatory Skills 8 years of experience in Data Science, Machine Learning, or Analytics Strong foundation in Statistics, Probability, Graph Theory, or Calculus for developing and validating ML algorithms and models. Proficiency in Python (NumPy, Pandas, Scikit-learn, OpenCV), SQL, R, and Git . Experience developing and deploying Machine Learning (ML), Deep Learning (DL), Natural Language Processing (NLP), and Computer Vision models. Experience with Si…",https://www.adzuna.com/land/ad/5818638276?se=jqsb-x-N8RGNzO_fQd9OLg&utm_medium=api&utm_source=e45342b0&v=1B80A02A40520138C8D8F4B4424AC239D11F54BF
data scientist,Data Scientist,Vaco by Highspring,"Pennsylvania, US",149916.44,149916.44,IT Jobs,2026-05-13T11:32:39Z,"Work Authorization Candidates must currently reside in the Pittsburgh area and be available for a hybrid schedule. This opportunity is for direct hire only and is not available for C2C, third-party submissions, or visa sponsorship Data Scientist We are seeking a versatile Data Scientist to join our team in Pittsburgh, PA. This is a direct hire position offering a hybrid work schedule for candidates who currently reside in the Pittsburgh area. This role is not open to C2C, visa sponsorship, or t…",https://www.adzuna.com/land/ad/5728131415?se=jqsb-x-N8RGNzO_fQd9OLg&utm_medium=api&utm_source=e45342b0&v=A4FEFBA034A0AF479BFD2CE9427BA740EBF20D75
data scientist,Data Scientist,THE TILTED CIRCLE LLC,US,138612.23,138612.23,IT Jobs,2026-07-31T11:18:18Z,"Position: Senior Data Scientist Location: Remote Duration: 6 Months Contract W2 only. Must be eligible for or already possess a Public Trust clearance (Mandatory) or else Profiles should have Active Security clearance. Qualifications Master''s, Ph.D., or doctorate-level equivalent degree in Data Science, Machine Learning, Computer Science, Mathematics, or a related field; OR 10 years of applied work experience in one or more of these fields. Five (5) or more years of hands-on experience in each…",https://www.adzuna.com/land/ad/5822428931?se=jqsb-x-N8RGNzO_fQd9OLg&utm_medium=api&utm_source=e45342b0&v=C7F343EC7C747F33CFCFBF0BD8AC16AD718F462B
data scientist,Data Scientist,Naztec International Group LLC,US,155072.61,155072.61,IT Jobs,2026-07-31T13:21:19Z,"Must Have: Master's degree in Data Science, Computer Science, Statistics, Applied Mathematics, Geography, or related field with 5 years of experience OR Bachelor's degree with 10 years of experience. 10 years of hands-on experience in Data Science, Analytics Engineering, and predictive/modeling solutions. 5 years of client-facing consulting experience delivering analytics and data-driven solutions. Strong expertise in Python (Pandas, NumPy, SciPy), SQL, and R . Advanced Machine Learning experie…",https://www.adzuna.com/land/ad/5822586198?se=jqsb-x-N8RGNzO_fQd9OLg&utm_medium=api&utm_source=e45342b0&v=9851B1201B1C747EA48BB55CEC7C772FAD25896D
data scientist,Data Scientist,Talentrupt,"Newark, Essex County",159847.81,159847.81,IT Jobs,2026-06-18T18:30:51Z,"Title: Data Scientist Location: Newark, NJ/Hybrid (3 days onsite) Duration: 12 months Contract on W2 Job Description Are you interested in building capabilities that enable the organization with innovation, speed, agility, scalability and efficiency? The Global Technology team takes great pride in our culture where digital transformation is built into our DNA! When you join our organization at client, you’ll unlock an exciting and impactful career – all while growing your skills and advancing y…",https://www.adzuna.com/land/ad/5768689042?se=jqsb-x-N8RGNzO_fQd9OLg&utm_medium=api&utm_source=e45342b0&v=AD8379FBA9D4679D7207F78D7D2AE34048262568
data scientist,Data Scientist,"Pyramid Systems, Inc.",US,146833.23,146833.23,IT Jobs,2026-07-07T13:07:02Z,"Overview The Senior Data Scientist is a senior technical leader responsible for executing and advancing the advanced analytics, machine learning, and AI strategy across the organization. This role focuses on applied data science at enterprise scale, including model development, experimentation, and operationalization. The role emphasizes deep Python-based modeling expertise, leadership of end-to-end ML lifecycle and MLOps, and delivery of scalable AI solutions (including large language models) …",https://www.adzuna.com/land/ad/5791193683?se=jqsb-x-N8RGNzO_fQd9OLg&utm_medium=api&utm_source=e45342b0&v=D2F2A3BBF6BCC285D896CB2DB10FA3EDD33854F2
data scientist,Data Scientist,"Innova Solutions, Inc","Bee Cave, Travis County",57923.19,57923.19,IT Jobs,2026-07-21T18:57:38Z,"A client of Innova Solutions is immediately hiring for a “ Data Scientist"" Position type: Full-time Contract (W2) Role: “Data Scientist” Duration: 6  months Contract Location : Austin, TX (Onsite role) Must have required skills - SQL, R, Python, Tableau Primary Skill for the Role: 10 years of demonstrated experience in an Analytics role. Details: 10 years of demonstrated experience in an Analytics role. Proven experience being a thought partner to cross-functional business teams offering action…",https://www.adzuna.com/land/ad/5809933465?se=jqsb-x-N8RGNzO_fQd9OLg&utm_medium=api&utm_source=e45342b0&v=2E4FBEE84B3889E5C218ACD5648E9EBFB1CF84AA
data scientist,Data Scientist,Zenotis Technologies INC,"Phoenix, Maricopa County",145775.34,145775.34,IT Jobs,2026-07-15T13:42:00Z,We are seeking a highly analytical and hands-on Data Scientist to join a team building data-driven personalization solutions while helping drive the organization''s transition into Generative AI and Agentic AI . This role requires someone who can work across the complete data science lifecycle—from understanding and validating large-scale datasets to building production-ready machine learning solutions and contributing to next-generation AI initiatives. The ideal candidate has strong expertise …,https://www.adzuna.com/land/ad/5801458659?se=jqsb-x-N8RGNzO_fQd9OLg&utm_medium=api&utm_source=e45342b0&v=07A2E6537C314F491E0B5D2FE0ADAEBCB771C370
data scientist,Data Scientist,"SAI Systems Intl., Inc.",US,135115.56,135115.56,IT Jobs,2026-07-29T21:26:06Z,"Role: Data Scientist Location: Remote Job Summary We are seeking a Senior AI/ML Engineer with strong expertise across Data Science, Generative AI/LLMs, AI Engineering, and Databricks . The ideal candidate will have hands-on experience selecting and developing AI/ML models, building RAG and vector-based solutions , deploying models into production, and leveraging Databricks, MLflow, and Feature Store for scalable ML workflows. Key Responsibilities Data Science & Model Development Evaluate and se…",https://www.adzuna.com/land/ad/5820549193?se=jqsb-x-N8RGNzO_fQd9OLg&utm_medium=api&utm_source=e45342b0&v=11E2B8DAD37449740B43748FF53D34E98FB44D30
data scientist,Data Scientist,Prudent Technologies and Consulting,"Grand Central, Manhattan",203178.44,203178.44,IT Jobs,2026-06-29T14:51:21Z,"Title: Data Scientist location: NYC, NY (Hybrid) Full Time Technical Responsibilities: Design and Execute Experiments: Lead end-to-end A/B testing initiatives and Geo Experiments, from hypothesis formation and experimental design to statistical analysis and business recommendations Advanced Statistical & Causal Inference: Apply deep knowledge of experimental design, regression, classification, causal inference (difference-in-differences, propensity scores, instrumental variables), and ensure pr…",https://www.adzuna.com/land/ad/5781282400?se=jqsb-x-N8RGNzO_fQd9OLg&utm_medium=api&utm_source=e45342b0&v=A786B2ECBA84D595278C061EA944A4CF6AEE917A
data scientist,Data Scientist,"MetaSense, Inc.","Glendale, Los Angeles County",129795.82,129795.82,IT Jobs,2026-07-20T22:42:09Z,"JD: Technical Responsibilities: · Design and Execute Experiments: Lead end-to-end A/B testing initiatives and Geo Experiments, from hypothesis formation and experimental design to statistical analysis and business recommendations. · Advanced Statistical & Causal Inference: Apply deep knowledge of experimental design, regression, classification, causal inference (difference-in-differences, propensity scores, instrumental variables), and ensure proper assumptions. · Build Scalable Solutions: Deve…",https://www.adzuna.com/land/ad/5808782336?se=jqsb-x-N8RGNzO_fQd9OLg&utm_medium=api&utm_source=e45342b0&v=0214E5B5BD528B313CEEBE7DBC03A4F515556835
data scientist,Data Scientist,Lucid Technologies,"State Farm, Arlington County",135329.25,135329.25,IT Jobs,2026-07-27T13:24:26Z,"Job Title: Data Scientist Location: Arlington VA - Hybrid (twice in a month or fortnight) We are seeking a Data Scientist to join our team. Candidates will need to live in the DC Metro area and report to the office in Arlington VA twice in a month or fortnight. Position Requirements: Proficiency in common data science tools and programming and scripting languages such as SQL, Python, R, and JavaScript with a proven ability to create solutions in complex environments, including the use of progra…",https://www.adzuna.com/land/ad/5817552222?se=jqsb-x-N8RGNzO_fQd9OLg&utm_medium=api&utm_source=e45342b0&v=3EA2F6664F439C2F5E35325C5D396B810D062C28
data scientist,Data Scientist,InterEx Group,"Austin, Lonoke County",95885.96,95885.96,IT Jobs,2026-07-24T21:14:29Z,"Job Description Data Scientist \n Contract To Hire \n Location: Austin, TX (Hybrid – 3 days onsite) \n Contract: 6–12 Month SOW-to-Hire \n \n *Please Note: This role is only open to candidates who are authorized to work in the U.S. without sponsorship (U.S. Citizens or Green Card holders only). \n \n We're looking for a Data Scientist to join a leading manufacturing organization, developing machine learning solutions that drive supply chain optimization, predictive analytics, and AI-powered aut…",https://www.adzuna.com/land/ad/5814747519?se=jqsb-x-N8RGNzO_fQd9OLg&utm_medium=api&utm_source=e45342b0&v=350124729B05F750F0B42930928D90ACE2F31E7C
data scientist,Data Scientist,Intelliswift - An LTTS Company,"Plano, Madison County",150477.08,150477.08,IT Jobs,2026-07-23T09:06:40Z,"Job Description Pay rate range- $75/hr. - $80/hr \n Fully Onsite \n \n Job Description: \n Top skills: \n -Data Modeling \n -Machine Learning \n -Artificial Intelligence \n \n KEY RESPONSIBILITES/REQUIREMENTS: \n As a Performance Assurance Machine Learning Engineer, you will work under the coaching of Senior and Lead engineers of the Data Science & Tools Team to analyze Client's deployed network elements. You will utilize skills to query databases to extract data, use skills in Python or R to a…",https://www.adzuna.com/land/ad/5812332207?se=jqsb-x-N8RGNzO_fQd9OLg&utm_medium=api&utm_source=e45342b0&v=32435194CCF3201C71B20FBD9F6767C4E405197B
data scientist,Sr. Data Scientist,Brooksource,US,121052.72,121052.72,IT Jobs,2026-07-13T15:33:20Z,"Geospatial Data Scientist Remote This is a Remote role. Compensation: $80 - $88 per hour ABOUT THE ROLE Our client is seeking a Geospatial Data Scientist to transform complex spatial data into actionable insights and support product and business decision-making. In this role, you will work across the full geospatial data pipeline-from data ingestion and processing to analysis, modeling, and visualization-and collaborate closely with engineering and product teams to embed spatial intelligence in…",https://www.adzuna.com/land/ad/5799029584?se=jqsb-x-N8RGNzO_fQd9OLg&utm_medium=api&utm_source=e45342b0&v=85842E77DBE757D0A5775B2A5C00FBE47F724D5A
data scientist,Senior Data Scientist,Booz Allen Hamilton,US,178680.27,178680.27,IT Jobs,2026-07-09T17:07:51Z,"Job Number: R0244051 Data Scientist, Senior The Opportunity: As a data scientist, you're excited at the prospect of unlocking the secrets held by a data set, and you're fascinated by the possibilities presented by IoT, machine learning, and artificial intelligence. In an increasingly connected world, massive amounts of structured and unstructured data open new opportunities. As a data scientist at Booz Allen, you can help turn these complex data sets into useful information to solve global chal…",https://www.adzuna.com/land/ad/5794497803?se=jqsb-x-N8RGNzO_fQd9OLg&utm_medium=api&utm_source=e45342b0&v=12A27F4E99ED457CBF9C73C4D84C62DACF72A1D7
junior data analyst,Junior Data Analyst,Dhalite Inc.,"Fountainebleau, Miami-Dade County",58488.5,58488.5,IT Jobs,2026-07-22T17:05:44Z,"Job description We are currently looking for a Junior Data Analyst who is passionate about data analysis, reporting, and deriving insights to support business decisions. Responsibilities Collect, organize, and analyze business data to support decision-making Prepare reports, dashboards, and data summaries for stakeholders Identify trends, patterns, and insights from datasets Assist in data cleaning, validation, and quality checks Support business teams by providing actionable data insights Extr…",https://www.adzuna.com/land/ad/5811201587?se=lECP-x-N8RG8JMyxbRrc7Q&utm_medium=api&utm_source=e45342b0&v=795B01F165427ADA958D73A1EE68A99DA798D79B
junior data analyst,Junior Data Analyst,Global Alliant Inc,US,59437.84,59437.84,IT Jobs,2026-07-14T11:38:54Z,"Seeking a Junior Data Analyst with strong SQL skills and Python knowledge who is eager to use their skills to rapidly turn data into insights. You'll have an opportunity to work on projects that support Federal Health Agencies as we develop next-generation analytics and reporting systems that directly impacts healthcare quality. Need ship because of federal regulations and the sensitive nature of the work involved. Salary- $50,000-$60,000/year  Benefits Responsibilities: Code and validate large…",https://www.adzuna.com/land/ad/5800072246?se=lECP-x-N8RG8JMyxbRrc7Q&utm_medium=api&utm_source=e45342b0&v=2869279A09934DEAD812ED0470517E2BF55395BB
junior data analyst,Junior Data Analyst,SynergisticIT,"Hillcrest Heights, Prince George's County",140239.19,140239.19,IT Jobs,2026-07-31T05:13:52Z,"Data Analyst / BI Analyst — Turn Analytical Thinking Into a Tech Career If you enjoy working with numbers, reports, dashboards, and business questions, a data analyst or BI analyst path can be a strong entry point into technology. Companies need people who can transform raw data into insights that support better decisions. But to stand out, candidates need SQL, visualization tools, business understanding, and communication skills. SynergisticIT is looking for candidates interested in SQL, Excel…",https://www.adzuna.com/land/ad/5822214241?se=lECP-x-N8RG8JMyxbRrc7Q&utm_medium=api&utm_source=e45342b0&v=A3F84ED645E82F2D8CCB489D1957B8F434A18B8C
junior data analyst,Junior Data Analyst (Cleared),"ICF Consulting Group, Inc.","Ashburn, Loudoun County",76197.3,76197.3,IT Jobs,2026-07-30T19:15:22Z,"Please note: This role is contingent upon a contract award. While it is not an immediate opening, we are actively conducting interviews and extending offers in anticipation of the award. Overview We are seeking a Junior Data Analyst to support federal government trade, analytics, and mission transformation priorities by assisting with data mining, data preparation, reporting, documentation, and analysis across complex data environments. This role will support data scientists, data analysts, and…",https://www.adzuna.com/land/ad/5821683239?se=lECP-x-N8RG8JMyxbRrc7Q&utm_medium=api&utm_source=e45342b0&v=99656767C10DF3A86C7D5724579FBB22CB6EDD58
junior data analyst,Junior Data Analyst in Reston VA,"Hexaware Technologies, Inc","Reston, Fairfax County",134540.28,134540.28,IT Jobs,2026-05-08T20:17:18Z,"Junior Data Analyst Reston VA Skillsets: 3 4 years of hands-on experience in data analysis, business intelligence, or analytics. Strong proficiency in SQL (joins, window functions, aggregations, query optimization). Advanced Excel/Google Sheets skills (pivot tables, lookups, formulas, basic modeling). Experience building dashboards/reports in at least one BI tool (Power BI, Tableau, or Looker). Working knowledge of Python or R for data manipulation (pandas or tidyverse). Solid understanding of …",https://www.adzuna.com/land/ad/5723562114?se=lECP-x-N8RG8JMyxbRrc7Q&utm_medium=api&utm_source=e45342b0&v=FF2440D4041BF6940A440936E33ED869019B5660
junior data analyst,Junior Data Analyst/BI Analyst,SynergisticIT,"Flowerfield, Suffolk County",139437.42,139437.42,IT Jobs,2026-07-31T05:15:11Z,"Future Java, Data, and AI Professionals — Start Your Tech Career With a Process If you are serious about launching a career in tech, do not rely only on random applications, scattered tutorials, or hope. The candidates who stand out usually have current skills, strong projects, interview confidence, and a clear story about the value they can bring. That is especially important in competitive entry-level and junior hiring. Since 2010, we’ve helped thousands of candidates land full-time jobs at t…",https://www.adzuna.com/land/ad/5822221164?se=lECP-x-N8RG8JMyxbRrc7Q&utm_medium=api&utm_source=e45342b0&v=8EA61A949D670E210EA5C26788842E0FB3CCB038
junior data analyst,Junior Data Analyst (0-5 Years),Pioneer Consulting Services LLC,US,43791.32,43791.32,IT Jobs,2026-05-20T14:02:50Z,"Hello, Hope you are doing well. Please see the below job description and let me know if you would like to apply. Job Title: Data Analyst Location: Across USA Job Type: Full-time Responsibilities Collect, clean, and analyze data from multiple sources. Create reports and dashboards using tools like Power BI or Tableau. Write SQL queries to retrieve and manage data. Identify trends and provide insights to improve business performance. Work with business teams to understand reporting requirements. …",https://www.adzuna.com/land/ad/5735315417?se=lECP-x-N8RG8JMyxbRrc7Q&utm_medium=api&utm_source=e45342b0&v=A17B113A96087849002E21E9C827CF84C82FE6FF
junior data analyst,Junior Data Analyst - Facilities,Aramark,"Warren, Macomb County",58407.62,58407.62,Consultancy Jobs,2026-07-30T22:39:40Z,"About Aramark Engineering Solutions Aramark Engineering Solutions (ES) delivers comprehensive engineering, architecture, capital planning, program management, commissioning, energy management, and construction advisory services to clients across higher education, healthcare, workplace experience, corrections, cultural institutions, sports & entertainment, and government markets. As Aramark's enterprise capital delivery organization, ES partners with clients throughout the entire asset lifecycle…",https://www.adzuna.com/land/ad/5821899762?se=lECP-x-N8RG8JMyxbRrc7Q&utm_medium=api&utm_source=e45342b0&v=5F94A89E22698DB0689C01E8FB9A092F6649A7D4
junior data analyst,Junior Data Analyst/Python Programmer - Remote,SynergisticIT,"Loch Alpine, Washtenaw County",137572.23,137572.23,IT Jobs,2026-07-31T05:14:57Z,"The Secret to Getting Hired in Tech Again ? Get Interviews and Get Hired” Getting hired in tech isn’t just about knowing how to code — it’s about proving you can deliver value from day one. SynergisticIT helps you do exactly that. With hands‑on tech projects and personalized interview coaching, you’ll build a profile that employers trust. Also get your resume directly to Fortune 500 companies, giving you access to opportunities that bypass traditional hiring barriers. Whether you’re a recent CS…",https://www.adzuna.com/land/ad/5822220013?se=lECP-x-N8RG8JMyxbRrc7Q&utm_medium=api&utm_source=e45342b0&v=FD42981F900B23A12560C9B7605BE7AE7B64AD78
junior data analyst,Junior Data Analyst/Engineer/Scientist - Remote,SynergisticIT,"Pierpont, Boone County",122471.94,122471.94,IT Jobs,2026-07-31T05:12:58Z,"Your Resume Isn't the Problem — Your Positioning Is No Interviews or no Offers Isn't for a Lack of Experience. It's for the Lack of a relevant Updated Tech stack! Most job seekers blame their resume when they don't get interviews, but the real issue is positioning. Employers want candidates who demonstrate practical skills, confidence, and readiness. SynergisticIT helps you build that profile through hands‐on training, real projects, and personalized interview coaching. The program also markets…",https://www.adzuna.com/land/ad/5822209187?se=lECP-x-N8RG8JMyxbRrc7Q&utm_medium=api&utm_source=e45342b0&v=7232D1FF451CB48A852E29329A4A0262FA11256C
junior data analyst,Junior Investment Data Analyst,Vanguard,"Frazer, Chester County",81680.98,81680.98,IT Jobs,2026-07-29T18:49:11Z,"hackajob is collaborating with Vanguard to connect them with exceptional professionals for this role. To produce timely and accurate gold-copy investment data per assigned data domain with a focus on operational efficiency and output quality. To execute and analyze a wide variety of complex data exception reports, quality control queries, and periodic reports in a timely and accurate manner. Proactively engages and works collaboratively with colleagues across the fund ecosystem to improve and s…",https://www.adzuna.com/land/ad/5820379093?se=lECP-x-N8RG8JMyxbRrc7Q&utm_medium=api&utm_source=e45342b0&v=1541FFB5EDC6206D16B166701979E6A6C6399E3D
junior data analyst,Now Hiring: Entry-Level & Junior Data Analysts (W2),MidWestern IT,"Michigan Center, Jackson County",58802.48,58802.48,IT Jobs,2026-07-31T05:11:33Z,"We're Hiring: Junior Data Analyst (W2 Contract) Location: United States (Michigan / Remote , Hybrid and onsite opportunities based on client requirements) Position: Junior Data Analyst Employment Type: W2 Contract We are actively hiring Junior Data Analysts for multiple client projects across the U.S. If you're looking to start or grow your career in data analytics, we'd love to hear from you! Eligibility : U.S. Citizen (USC) Green Card Holder (GC) H4 EAD Green Card EAD (GC EAD) Required Qualif…",https://www.adzuna.com/land/ad/5822200480?se=lECP-x-N8RG8JMyxbRrc7Q&utm_medium=api&utm_source=e45342b0&v=620D2CB02EB320494E6CB60E5B1C406B51F364A1
junior data analyst,Junior Data Analyst w/ Top Secret,Leidos,"Redstone Arsenal, Madison County",107823.11,107823.11,IT Jobs,2026-07-24T22:40:15Z,"Description The Defense Sensors group at Leidos currently is seeking a motivated _Junior Data Analyst_ to support our Scientific Applications team. This role focuses on RF data analysis, and detailed customer driven report generation. The role includes trend analysis for operational health patterns, troubleshooting root causes for data anomalies, and presenting findings. Primary Responsibilities:  Analyze RF signal data to identify trends, anomalies, and actionable insights.  Organize and manag…",https://www.adzuna.com/land/ad/5814843861?se=lECP-x-N8RG8JMyxbRrc7Q&utm_medium=api&utm_source=e45342b0&v=14410945DE5E351EAD6E4269EA58D2D946C057C2
junior data analyst,Junior Business & Data Analyst,Ellianse LLC,"Five Corners, Hudson County",97018.82,97018.82,IT Jobs,2026-07-24T19:10:27Z," Quick Junior Business & Data Analyst Requirement – Jersey City, NJ Candidates Preferred Position: Junior Business & Data Analyst Location: Jersey City, NJ Job Type: Full-Time Job Overview: We are seeking a highly motivated and detail-oriented Junior Business & Data Analyst to join our growing team on an immediate basis. This is an urgent hiring requirement, and we are actively prioritizing candidates based in Jersey City, NJ . The ideal candidate will be responsible for gathering, analyzing, v…",https://www.adzuna.com/land/ad/5814575887?se=lECP-x-N8RG8JMyxbRrc7Q&utm_medium=api&utm_source=e45342b0&v=FCFD4D233BB9A7AA1782759866EA394E1C981208
junior data analyst,Junior Data Analyst,Radiance Technologies,US,94178.63,94178.63,IT Jobs,2026-06-14T06:26:57Z,"Advanced Trade Analytics Platform (ATAP) Remote (U.S.) Active Top Secret Clearance Required Launch Your Data Analytics Career Supporting National Security Radiance Technologies is seeking a motivated Junior Data Analyst to support U.S. Customs and Border Protection's (CBP) Advanced Trade Analytics Platform (ATAP). In this role, you will work alongside data scientists, engineers, and government stakeholders to support analytics, reporting, machine learning initiatives, and mission-focused decisi…",https://www.adzuna.com/land/ad/5763525882?se=lECP-x-N8RG8JMyxbRrc7Q&utm_medium=api&utm_source=e45342b0&v=27A021876EF7A51A7AE27988B6B2DBD3EBAEB77F
junior data analyst,Junior Data Analyst,Hart,"Detroit, Wayne County",69139.91,69139.91,IT Jobs,2026-07-30T06:10:39Z,"SUMMARY We’re looking for a proactive and insightful Junior Data Analyst to join our Analytics team. This role is perfect for someone who’s not just good with numbers, but who understands how to turn data into stories that guide decisions. You’ll help build client-facing reports, identify meaningful KPIs, and develop visualizations that clearly show performance and opportunities. You’ll work across departments, helping translate performance data into insights that matter to bring clarity to com…",https://www.adzuna.com/details/5820968410?utm_medium=api&utm_source=e45342b0
junior data analyst,Junior Data Analyst,TSTC,"Arlington, Arlington County",50000.0,75000.0,IT Jobs,2026-05-16T05:33:59Z,"Who Are We? TSTC is an award-winning, Woman Owned, HUBZone certified Small Business providing services to federal intelligence, law enforcement, civilian and defense agencies. Built upon our Total Service - Total Commitment® cornerstone, TSTC takes pride in our commitment to delivering excellence. Total Service - Total Commitment® is our commitment to our employees, to our teams, and to our clients. WHAT WE'RE LOOKING FOR: TSTC is seeking a full-time Junior Data Analyst to provide research serv…",https://www.adzuna.com/details/5731295163?utm_medium=api&utm_source=e45342b0
junior data analyst,Junior Data Analyst,Hart,"Detroit, Wayne County",81339.57,81339.57,IT Jobs,2026-07-29T22:46:57Z,"This position is a hybrid role and must be within driving distance of our Detroit, Columbus or Toledo Offices and open to working in-person Tuesday-Thursday weekly (optional work from home on Monday and Friday). THE ORGANIZATION Hart is a full-service, independent brand transformation agency that creates growth for middle-market companies in the new experience economy. For over 60 years, Hart has been a valued strategic and creative partner to brands aiming to reach higher. Our promise of Every…",https://www.adzuna.com/details/5820663737?utm_medium=api&utm_source=e45342b0
junior data analyst,Junior Data Analyst,Hart,"Toledo, Lucas County",79570.98,79570.98,IT Jobs,2026-07-29T22:46:56Z,"This position is a hybrid role and must be within driving distance of our Detroit, Columbus or Toledo Offices and open to working in-person Tuesday-Thursday weekly (optional work from home on Monday and Friday). THE ORGANIZATION Hart is a full-service, independent brand transformation agency that creates growth for middle-market companies in the new experience economy. For over 60 years, Hart has been a valued strategic and creative partner to brands aiming to reach higher. Our promise of Every…",https://www.adzuna.com/details/5820663595?utm_medium=api&utm_source=e45342b0
junior data analyst,Junior Data Analyst,Hart,"Grandview Heights, Franklin County",77714.38,77714.38,IT Jobs,2026-07-29T22:46:57Z,"This position is a hybrid role and must be within driving distance of our Detroit, Columbus or Toledo Offices and open to working in-person Tuesday-Thursday weekly (optional work from home on Monday and Friday). THE ORGANIZATION Hart is a full-service, independent brand transformation agency that creates growth for middle-market companies in the new experience economy. For over 60 years, Hart has been a valued strategic and creative partner to brands aiming to reach higher. Our promise of Every…",https://www.adzuna.com/details/5820663661?utm_medium=api&utm_source=e45342b0
junior data analyst,Junior Data Analyst,Steampunk,"Fort Bliss, El Paso County",60709.36,60709.36,IT Jobs,2026-05-30T20:35:11Z,"Overview We are looking for you to join our team as a Data Analyst . This position focuses on data analysis for law enforcement support, requiring a combination of investigative data expertise, analytical skills, and the ability to work under high-pressure, mission-critical environments. This role will involve working with diverse data sets, ensuring accuracy and integrity while supporting ongoing criminal and civil investigations. Our ideal candidate has a blend of technical acumen, attention …",https://www.adzuna.com/details/5746030662?utm_medium=api&utm_source=e45342b0
junior data analyst,Junior Data Analyst,Steampunk,"Fort Bliss, El Paso County",64049.62,64049.62,IT Jobs,2026-05-31T20:39:04Z,"Overview We are looking for you to join our team as a Data Analyst . This position focuses on data analysis for law enforcement support, requiring a combination of investigative data expertise, analytical skills, and the ability to work under high-pressure, mission-critical environments. This role will involve working with diverse data sets, ensuring accuracy and integrity while supporting ongoing criminal and civil investigations. Our ideal candidate has a blend of technical acumen, attention …",https://www.adzuna.com/details/5746815488?utm_medium=api&utm_source=e45342b0
junior data analyst,Junior Data Analyst,steampunk,"Fort Bliss, El Paso County",60247.65,60247.65,IT Jobs,2026-05-12T04:52:39Z,"We are looking for you to join our team as a Data Analyst . This position focuses on data analysis for law enforcement support, requiring a combination of investigative data expertise, analytical skills, and the ability to work under high-pressure, mission-critical environments. This role will involve working with diverse data sets, ensuring accuracy and integrity while supporting ongoing criminal and civil investigations. Our ideal candidate has a blend of technical acumen, attention to detail…",https://www.adzuna.com/details/5726622593?utm_medium=api&utm_source=e45342b0
junior data analyst,Junior Data Analyst,PrimCorp,"Reston, Fairfax County",69048.52,69048.52,IT Jobs,2026-07-08T00:18:44Z,"Description Job Description Minimum 2-3 years in related field; Bachelors degree in related field. The following experience/abilities are desired for all data analysts supporting this contract Using the hardware/software/tools, to include analysis and reporting tools (required) Experience in data management, analysis, predictive analysis, modeling, analyzing and visualization of current and future readiness data Designing and building data warehouses. Extracting, transforming, and loading data …",https://www.adzuna.com/details/5791995101?utm_medium=api&utm_source=e45342b0
junior data analyst,Junior Data Analyst,QualX,"Reston, Fairfax County",70000.0,91000.0,IT Jobs,2026-07-22T07:10:33Z,"Description DUTIES AND RESPONSIBILITIES Enterprise Acquisition Life Cycle and Program Management Support. The purpose of this task area is to provide end-to-end life cycle acquisition planning and procurement related acquisition support services (Pre and Post Award) for the DIA enterprise. Develop and integrate existing DIA systems, maintenance of descriptive, diagnostic, predictive and prescriptive analytics. Analyze using the interpretation of historical data, using statistics and modeling to…",https://www.adzuna.com/details/5810838465?utm_medium=api&utm_source=e45342b0
junior data analyst,Junior Data Analyst,Ignite Digital,"Chesapeake, Chesapeake City",71043.34,71043.34,IT Jobs,2026-07-29T23:16:07Z,"Ignite Digital enables national security agencies to accelerate decisions, elevate operational outcomes and achieve the outsized performance only an inside partner can deliver. We combine mission experience, domain knowledge and technology expertise with the things partners can only know by being there every day. When agencies need a combination of tech and touch, Ignite Digital creates outcome-driving partnerships and stands with agencies to accomplish mission objectives. Ignite Digital accele…",https://www.adzuna.com/details/5820699683?utm_medium=api&utm_source=e45342b0
junior data analyst,Junior Data/BI Analyst,SynergisticIT,"Mound House, Carson City",93868.2,93868.2,IT Jobs,2026-07-31T05:12:17Z,"Entry-Level Data Analyst — Start Your Career in Data With Practical Skills Data analyst roles are attractive because they sit at the intersection of business, technology, and decision-making. But entry-level data roles are also competitive. Employers want candidates who can write SQL queries, clean data, build dashboards, understand business metrics, and communicate insights clearly. A degree or certificate may help, but it is often not enough by itself. SynergisticIT is looking for candidates …",https://www.adzuna.com/land/ad/5822205371?se=lECP-x-N8RG8JMyxbRrc7Q&utm_medium=api&utm_source=e45342b0&v=28A49C289859BE3B586931C3ADB17B0EC847EC76
junior data analyst,Job Title: Junior Data Analyst,The Giant Bullseye,"Saint Louis, Saint Louis County",49919.3,49919.3,IT Jobs,2026-07-14T23:21:49Z,"Job Title: Junior Data Analyst (0–2 Years) Location: Remote (United States) Employment Type: Full-Time (W2) or Independent Contractor (1099) Experience: 0–2 Years Salary: $50,000 per year Benefits: None Visa Sponsorship: Not Available Job Summary We are looking for a Junior Data Analyst to collect, analyze, and interpret data to help drive business decisions. This is an excellent opportunity for candidates beginning their careers in data analytics. Responsibilities Collect, clean, and validate …",https://www.adzuna.com/details/5800675294?utm_medium=api&utm_source=e45342b0
junior data analyst,Junior Data Analyst - REMOTE,Global Staffing Inc,"Newark, Essex County",14300.0,44200.0,IT Jobs,2026-06-19T16:32:14Z,"Role Description This is a part-time Junior Data Analyst role that is focused on remote work, but may also include on-site work located in Newark, NJ. Daily tasks will include analyzing and interpreting complex data sets, generating reports and visualizations to communicate insights and trends, and working closely with cross-functional teams to drive data-informed decision-making. Qualifications Bachelor's degree or higher in a relevant field such as Computer Science, Mathematics, Statistics, o…",https://www.adzuna.com/details/5769610700?utm_medium=api&utm_source=e45342b0
junior data analyst,Junior Data Analyst (Cleared),ICF,"Ashburn, Loudoun County",60967.0,103643.0,IT Jobs,2026-07-29T00:56:28Z,"Please note: This role is contingent upon a contract award. While it is not an immediate opening, we are actively conducting interviews and extending offers in anticipation of the award. Overview We are seeking a Junior Data Analyst to support federal government trade, analytics, and mission transformation priorities by assisting with data mining, data preparation, reporting, documentation, and analysis across complex data environments. This role will support data scientists, data analysts, and…",https://www.adzuna.com/details/5819318532?utm_medium=api&utm_source=e45342b0
junior data analyst,Junior Data Analyst - Direct Lending,Golub Capital,"Chicago, Cook County",62473.49,62473.49,Accounting & Finance Jobs,2025-10-20T11:39:36Z,Position Information Hiring Manager: Associate Manager Department: DL - Data & Technology Golub Capital is looking for a skilled Junior Data Analyst to assist in the review and maintenance of key client information for the Firm and provide support to end users with data quality initiatives. Execute action plans to remediate data quality issues; this will include but is not limited to actions such as: creating and editing / updating records documenting business process and data flows using repor…,https://www.adzuna.com/details/5456415073?utm_medium=api&utm_source=e45342b0
junior data analyst,Junior Data Scientist/Analyst/Engineer - Remote,SynergisticIT,"Austin, Travis County",178942.03,178942.03,IT Jobs,2026-07-31T05:13:32Z,"Junior Data Scientisit/Analyst/ ML/AI Programmer — Build Practical AI Skills Employers Understand AI is one of the most exciting areas in tech, but employers are not simply looking for candidates who have watched AI videos or completed a few notebooks. They want programmers who understand data, write clean Python code, evaluate models, connect AI work to applications, and explain results clearly. For entry-level candidates, practical proof matters. SynergisticIT is looking for candidates intere…",https://www.adzuna.com/land/ad/5822212293?se=lECP-x-N8RG8JMyxbRrc7Q&utm_medium=api&utm_source=e45342b0&v=E4DB0E8A142FA333FF92C0B41E85AF2E4A5D3FA0
junior data analyst,Junior Data Analyst w/ Top Secret,Leidos,"Huntsville, Madison County",69550.0,125725.0,IT Jobs,2026-07-26T01:24:42Z,"The Defense Sensors group at Leidos currently is seeking a motivated Junior Data Analyst to support our Scientific Applications team. This role focuses on RF data analysis, and detailed customer driven report generation. The role includes trend analysis for operational health patterns, troubleshooting root causes for data anomalies, and presenting findings. Primary Responsibilities: Analyze RF signal data to identify trends, anomalies, and actionable insights. Organize and manage data analysis …",https://www.adzuna.com/land/ad/5816233021?se=lECP-x-N8RG8JMyxbRrc7Q&utm_medium=api&utm_source=e45342b0&v=1B50E605817F5705B3C21C6491AB38E23D0F0D94
junior data analyst,Junior Data Analyst - TS/SCI with Polygraph Required,LMI,"Forest Heights, Prince George's County",121896.66,121896.66,IT Jobs,2026-07-15T06:03:06Z,"LMI is seeking a Junior Data Analyst responsible for quality delivery of reporting and analysis as part of a Strategic Workforce Analytics program for a U.S. Federal Government Agency. This position will work in a classified environment to produce analyses and visualization to multiple clients within the department, agency, and federal government. The Data Analyst will collaborate with human resources SMEs, data engineers, and developers to query and structure data, develop metrics and visualiz…",https://www.adzuna.com/details/5801058834?utm_medium=api&utm_source=e45342b0
junior data analyst,Junior Data Analyst - Healthcare Operations & Process Analytics,Omega Home Health Care Services Inc,"San Luis Obispo, San Luis Obispo County",62000.0,62000.0,IT Jobs,2026-05-20T13:27:04Z,"Omega Home Health Care Services Inc - Help Build the Future of Healthcare Operations Omega Home Health Care Services is building a modern operational analytics and process optimization division focused on improving healthcare workflows, reporting systems, productivity analytics, and operational efficiency. We are seeking a highly motivated and analytical Junior Data Analyst to support our growing Process Optimization & Analytics Division. This is an ideal opportunity for a recent graduate or ea…",https://www.adzuna.com/details/5735295532?utm_medium=api&utm_source=e45342b0
junior data analyst,Junior BI/Data Analyst/Java Programmer - Remote,SynergisticIT,"Uptown, Hudson County",158101.73,158101.73,IT Jobs,2026-07-31T05:11:28Z,"CS/IT/Data Science Graduates or About to be Grads. Get Hired by following a Process! You Don’t Need Luck — You Need Strategy Many job seekers think getting hired is about luck, timing, or chance. But the truth is, it’s about strategy. SynergisticIT gives you a proven, structured approach to enter the tech industry. You’ll work on high‑demand technologies, build real‑world projects, and receive interview preparation that helps you stand out. Also get sent directly to Fortune 500 companies, givin…",https://www.adzuna.com/land/ad/5822199995?se=lECP-x-N8RG8JMyxbRrc7Q&utm_medium=api&utm_source=e45342b0&v=A1217599486ADE71E8AC9709741B1D5EB947779F
junior data analyst,Junior Data Analyst(Active Top Secret Clearance Required),SiloSmashers,"Forest Heights, Prince George's County",75000.0,85000.0,IT Jobs,2026-06-16T16:42:45Z,"Junior Data Analyst (Top Secret Required) SiloSmashers is seeking a Junior Data Analyst to support our federal law enforcement client with data support. The Junior Data Analyst performs analysis on relevant information from a variety of sources to prepare documents, reports, summaries and replies to inquiries, ensuring accuracy and proper format of the information provided. Work Description: · Participate in Ad hoc data projects and analyses that produce actionable recommendations that build re…",https://www.adzuna.com/details/5765818443?utm_medium=api&utm_source=e45342b0
junior data analyst,Junior & Lead Data Analyst,Akaasa Technologies,"Brickell, Miami-Dade County",82310.46,82310.46,IT Jobs,2026-07-28T21:10:45Z,"Junior & Lead Data Analyst for Customer Engagement Analytics Location: 2 S. Biscayne Blvd, Miami, FL 33132 - Onsite Notes: Must know Excel, SQL and PowerBI very well. Experience working with large data sets Requirements Bachelor's degree (BA) required with a degree focus in Marketing, Business, Finance or other quantitative discipline preferred 1-3 years (Junior) 7 years (Lead) of work experience required, with experience performing either strategic digital analysis, financial analysis or busin…",https://www.adzuna.com/details/5819098934?utm_medium=api&utm_source=e45342b0
junior data analyst,Junior Investment Data Analyst,The Vanguard Group,"Malvern, Chester County",72772.55,72772.55,IT Jobs,2026-07-29T06:28:45Z,"Join Vanguard's Investment Data Operations team and become the trusted source behind the investment data that fuels critical business and investment decisions. In this role, you'll investigate complex data challenges, uncover root causes, strengthen operational processes, and transform millions of data points into trusted gold-copy investment data used across the enterprise. If you thrive in solving puzzles, driving continuous improvement, and collaborating across a broad network of partners, t…",https://www.adzuna.com/details/5819670140?utm_medium=api&utm_source=e45342b0
junior data analyst,Data Analyst,Ellianse LLC,US,72790.95,72790.95,IT Jobs,2026-07-20T16:58:53Z,"Position : Junior Data Analyst Full Time We are seeking a proactive and eager-to-learn Junior Data Analyst to join our dynamic team. The ideal candidate will have a foundational understanding of data analysis and visualization, with a strong desire to grow and develop their skills in a supportive environment. Key Responsibilities: Work with relational databases to manage and analyze data. Create and maintain PowerBI dashboards and reports to visualize data insights . Translate business question…",https://www.adzuna.com/land/ad/5808394738?se=lECP-x-N8RG8JMyxbRrc7Q&utm_medium=api&utm_source=e45342b0&v=55A7A99CA266B921361FABEE87700AE2E7E98875
junior data analyst,Data Analyst - Junior Level (Remote),SynergisticIT,"Richardson, Dallas",103378.58,103378.58,IT Jobs,2026-07-31T05:14:27Z,"Entry-Level Data Analyst — Start Your Career in Data With Practical Skills Data analyst roles are attractive because they sit at the intersection of business, technology, and decision-making. But entry-level data roles are also competitive. Employers want candidates who can write SQL queries, clean data, build dashboards, understand business metrics, and communicate insights clearly. A degree or certificate may help, but it is often not enough by itself. SynergisticIT is looking for candidates …",https://www.adzuna.com/land/ad/5822217282?se=lECP-x-N8RG8JMyxbRrc7Q&utm_medium=api&utm_source=e45342b0&v=831EDE36651244E4B262BFD36AD973639EFED100
junior data analyst,"Data Analyst, Specialist",Vanguard,"Frazer, Chester County",78604.81,78604.81,IT Jobs,2026-07-25T18:26:36Z,"hackajob is collaborating with Vanguard to connect them with exceptional professionals for this role. Analyzes data, assesses trends and develops actionable insights and recommendations in support of business objectives. Trains and develops junior analysts. Analyzes data, assesses trends and develops actionable insights and recommendations in support of business objectives. Trains and develops junior analysts. Core Responsibilities 1. Engages with internal partners to understand business strate…",https://www.adzuna.com/land/ad/5815857556?se=lECP-x-N8RG8JMyxbRrc7Q&utm_medium=api&utm_source=e45342b0&v=D1B192A8A2562D6C2ADF53687F23B8524E1D0C3B
junior data analyst,BI Data Analyst - Junior Level (Remote),SynergisticIT,"Tempe, Maricopa County",128756.88,128756.88,IT Jobs,2026-07-31T05:14:41Z,"1000’s of Job Applications and No Interviews or Job offers? Get Hired with a Process If you’ve been unemployed for over 3-6 months, you’re not alone—and you’re not out of options. The tech industry is competitive, and having a career gap can make it harder to get callbacks. But at SynergisticIT, we specialize in helping candidates like you regain momentum, rebuild confidence, and get hired. Why You’re Being Overlooked—and How We Can Help Many employers today don’t just want a degree—they’re loo…",https://www.adzuna.com/land/ad/5822218602?se=lECP-x-N8RG8JMyxbRrc7Q&utm_medium=api&utm_source=e45342b0&v=74543878D4758AB31A65C86B8A079B6BFE03F55E
junior data analyst,Junior/Entry Level Data Scientist/Analyst,SynergisticIT,"Kenosha, Kenosha County",120807.64,120807.64,IT Jobs,2026-07-31T05:15:17Z,"The Secret to Getting Hired in Tech Again ? Get Interviews and Get Hired” Getting hired in tech isn't just about knowing how to code — it's about proving you can deliver value from day one. SynergisticIT helps you do exactly that. With hands‐on tech projects and personalized interview coaching, you'll build a profile that employers trust. Also get your resume directly to Fortune 500 companies, giving you access to opportunities that bypass traditional hiring barriers. Whether you're a recent CS…",https://www.adzuna.com/land/ad/5822221437?se=lECP-x-N8RG8JMyxbRrc7Q&utm_medium=api&utm_source=e45342b0&v=F0B7D3FB98101DCB8FB4FB307EBFBA5BA109672E
junior data analyst,Junior/Entry Level Data Scientist/Analyst,SynergisticIT,"Cambridge, Middlesex County",178011.5,178011.5,IT Jobs,2026-07-31T05:11:27Z,"Entry-Level AI Programmer — Learn to Build Useful AI Applications AI is changing how companies build products, automate work, analyze information, and serve customers. But entry-level AI candidates need practical skills, not just curiosity. Employers value candidates who can program, work with data, build models, use APIs, and explain how AI output supports a real use case. SynergisticIT is looking for candidates interested in Python, machine learning, NLP, automation, data processing, APIs, mo…",https://www.adzuna.com/land/ad/5822199851?se=lECP-x-N8RG8JMyxbRrc7Q&utm_medium=api&utm_source=e45342b0&v=F1B2E6A121FDEAC86C54FD339B026E6CE067F61A
junior data analyst,Junior/Entry Level Data Scientist/Analyst,SynergisticIT,"Mobile, Mobile County",124780.57,124780.57,IT Jobs,2026-07-31T05:12:05Z,"CS/IT/Data Science Graduates or About to be Grads. Get Hired by following a Process! You Don't Need Luck — You Need Strategy Many job seekers think getting hired is about luck, timing, or chance. But the truth is, it's about strategy. SynergisticIT gives you a proven, structured approach to enter the tech industry. You'll work on high‐demand technologies, build real‐world projects, and receive interview preparation that helps you stand out. Also get sent directly to Fortune 500 companies, givin…",https://www.adzuna.com/land/ad/5822204286?se=lECP-x-N8RG8JMyxbRrc7Q&utm_medium=api&utm_source=e45342b0&v=0DC81F126B33EE96337BA20596E148934BF08E5B
junior data analyst,Data Analyst Junior,"ASM Research, An Accenture Federal Services Company","Fairfax, Fairfax County",90869.88,90869.88,IT Jobs,2026-07-26T21:05:53Z,"Position Overview The Junior Data Analyst supports data-driven decision-making by leveraging an enterprise data and analytics platform to uncover trends, patterns, and actionable insights for mission-critical operations in a highly regulated government environment. They partner with business and technical stakeholders to refine analytical requirements, ensure alignment with data governance standards, and translate complex datasets into clear reports, dashboards, and performance metrics. This ro…",https://www.adzuna.com/details/5816970400?utm_medium=api&utm_source=e45342b0
junior data analyst,Data Analyst Junior,"ASM Research, An Accenture Federal Services Company","Fort Myer, Arlington County",93230.22,93230.22,IT Jobs,2026-07-28T21:14:22Z,"Position Overview The Junior Data Analyst supports data-driven decision-making by leveraging an enterprise data and analytics platform to uncover trends, patterns, and actionable insights for mission-critical operations in a highly regulated government environment. They partner with business and technical stakeholders to refine analytical requirements, ensure alignment with data governance standards, and translate complex datasets into clear reports, dashboards, and performance metrics. This ro…",https://www.adzuna.com/details/5819106012?utm_medium=api&utm_source=e45342b0
junior data analyst,Data Analyst,Futuremindz llc,US,149980.94,149980.94,IT Jobs,2026-07-08T13:03:32Z,"Job Tittle : Senior Data analyst Exp : 10 years only Visa : and USC Rate : Open Remote Core Responsibilities Insight Generation : Extract, clean, and analyze complex big data sets to discover patterns. Dashboard Development : Build interactive, scalable BI dashboards using tools like Tableau or Power BI. Data Modeling : Partner with Data Engineering to design dimensional models and robust data marts. Stakeholder Collaboration : Translate intricate technical findings into simple business recomme…",https://www.adzuna.com/land/ad/5792941498?se=lECP-x-N8RG8JMyxbRrc7Q&utm_medium=api&utm_source=e45342b0&v=D6524A7F45D7800477A787B2F3D1963F68B64B16
junior data analyst,Data Analyst (Entry/Junior Level),SynergisticIT,"Sioux City, Woodbury County",160398.31,160398.31,IT Jobs,2026-07-31T05:11:20Z,"You're Not Getting Rejected — You're Getting Filtered Out Get Hired with a Process which is definite-When you want Surety not a Maybe Most rejections happen before a human ever sees your resume. Applicant tracking systems filter out thousands of qualified candidates every day. SynergisticIT helps you beat the system by optimizing your resume, preparing you for technical interviews, and getting your profile directly to Fortune 500 clients. No more getting lost in automated filters. Whether you'r…",https://www.adzuna.com/land/ad/5822198972?se=lECP-x-N8RG8JMyxbRrc7Q&utm_medium=api&utm_source=e45342b0&v=5FC6224B886CA655937D70C34898B0E8E095C083
junior data analyst,Junior Analyst - Data & Technology Solutions,StepStone Group,"La Jolla, San Diego County",77157.41,77157.41,IT Jobs,2026-07-03T03:33:02Z,"We are global private markets specialists delivering tailored investment solutions, advisory services, and impactful, data driven insights to the world’s investors. Leveraging the power of our platform and our peerless intelligence across sectors, strategies, and geographies, we help identify the advantages and the answers our clients need to succeed. Position Overview: The Junior Data Analyst will serve as a critical bridge between the Data Engineering team and various business departments acr…",https://www.adzuna.com/details/5786555764?utm_medium=api&utm_source=e45342b0
junior data analyst,Lead Data Analyst,Vistra Corp,"Irving, Dallas",104308.2,104308.2,IT Jobs,2026-03-27T10:11:25Z,"If you have what it takes to become part of the Vistra family and would like to start a promising career with a global leader, take a look at the exciting employment opportunities that are currently available and apply online. Job Summary As a Lead Data Analyst, you will be responsible for leading and driving data strategy and analytics initiatives that impact business decisions. The successful candidate will have extensive experience in statistical analysis and data modeling and be able to wor…",https://www.adzuna.com/land/ad/5680356732?se=NOP2-x-N8RG2-a5orHTjVQ&utm_medium=api&utm_source=e45342b0&v=B03E9CBA5B19D84025DF70AC1122520BD2C82ED6
junior data analyst,"Data Analyst, Specialist",Vanguard,"Charlotte, Clinton County",71369.29,71369.29,IT Jobs,2026-07-29T18:49:12Z,"hackajob is collaborating with Vanguard to connect them with exceptional professionals for this role. Role Summary The Data Analyst, Specialist is responsible for leveraging data-driven insights to support strategic business decisions and improve operational efficiency. This role involves structuring complex business requests into well-defined analytical projects, extracting and analyzing large datasets from multiple sources and developing automated reporting solutions to enhance data accessibi…",https://www.adzuna.com/land/ad/5820379113?se=NOP2-x-N8RG2-a5orHTjVQ&utm_medium=api&utm_source=e45342b0&v=85428849AC6DB71F6EB78FFE8D0911847E0D3225
junior data analyst,Senior AI/ML Scientist,Vanguard,"Dallas, Texas",143306.88,143306.88,IT Jobs,2026-07-06T11:33:27Z,hackajob is collaborating with Vanguard to connect them with exceptional professionals for this role. We're the AI Center of Excellence within the Chief Data and Analytics Office. We work on projects that enable AI practitioners build AI products quickly and confidently. We work on many open problems around AI safety and evaluations. One way that we do so is by finding vulnerabilities in Gen AI applications with an automated adversarial testing service. We're looking for people who are technica…,https://www.adzuna.com/land/ad/5789986535?se=NOP2-x-N8RG2-a5orHTjVQ&utm_medium=api&utm_source=e45342b0&v=8BD127EF42595B3D5383182D576832D507FD5117
junior data analyst,Data BI Analyst - Junior Level (Remote),SynergisticIT,"Redmond, King County",163024.0,163024.0,IT Jobs,2026-07-31T05:13:31Z,"Junior-Level Data analyst AI Programmer — Learn to Build Useful AI Applications AI is changing how companies build products, automate work, analyze information, and serve customers. But entry-level AI candidates need practical skills, not just curiosity. Employers value candidates who can program, work with data, build models, use APIs, and explain how AI output supports a real use case. SynergisticIT is looking for candidates interested in Python, machine learning, NLP, automation, data proces…",https://www.adzuna.com/land/ad/5822212146?se=NOP2-x-N8RG2-a5orHTjVQ&utm_medium=api&utm_source=e45342b0&v=D5A52E4389D9529CE736C199F5C73A5AE5798D2C
junior data analyst,Neuroimaging Data Analyst Junior,University of Pennsylvania,US,55452.0,68640.0,Scientific & QA Jobs,2026-06-03T23:26:33Z,"University Overview The University of Pennsylvania, the largest private employer in Philadelphia, is a world-renowned leader in education, research, and innovation. This historic, Ivy League school consistently ranks among the top 10 universities in the annual U.S. News & World Report survey. Penn has 12 highly-regarded schools that provide opportunities for undergraduate, graduate and continuing education, all influenced by Penn’s distinctive interdisciplinary approach to scholarship and learn…",https://www.adzuna.com/details/5751516232?utm_medium=api&utm_source=e45342b0
junior data analyst,Neuroimaging Data Analyst Junior,University of Pennsylvania,"William Penn Annex East, Philadelphia County",55824.27,55824.27,Scientific & QA Jobs,2026-06-03T20:51:58Z,"University Overview The University of Pennsylvania, the largest private employer in Philadelphia, is a world-renowned leader in education, research, and innovation. This historic, Ivy League school consistently ranks among the top 10 universities in the annual U.S. News & World Report survey. Penn has 12 highly-regarded schools that provide opportunities for undergraduate, graduate and continuing education, all influenced by Penn's distinctive interdisciplinary approach to scholarship and learn…",https://www.adzuna.com/details/5751323083?utm_medium=api&utm_source=e45342b0
junior data analyst,Data Analyst Junior/Mid,Careerswift,"San Francisco, California",71841.57,71841.57,IT Jobs,2026-06-17T02:38:03Z,"Job Description We are looking for a Data Analyst to collect, clean and analyze data to support business decisions. You will build dashboards and reports, identify trends and insights, and present findings to stakeholders. Requires proficiency in SQL and Excel, experience with BI tools (Power BI/Tableau), and 1-3 years of relevant experience. Strong attention to detail and problem-solving skills are essential. Job Overview Seniority Level: Middle",https://www.adzuna.com/details/5766456883?utm_medium=api&utm_source=e45342b0
junior data analyst,Junior-level Technical Product Owner (Data Analyst,Highbrow,"Charlotte, Mecklenburg County",85219.41,85219.41,IT Jobs,2026-07-30T15:14:09Z,"Job Description: The customer is looking for a Junior-level Technical Product Owner who has hands-on experience working with databases, understanding data lineage and downstream data flows, and interpreting data effectively. The candidate should also be well-versed in Agile ways of working, be able to actively participate in Agile ceremonies, and have experience writing clear and comprehensive user stories. Job Responsibilities: Bachelor''s degree in Computer Science, Statistics, Data Analytics…",https://www.adzuna.com/land/ad/5821431221?se=NOP2-x-N8RG2-a5orHTjVQ&utm_medium=api&utm_source=e45342b0&v=226A3B5281CD8616EACFF08E595C802BAD36E332
junior data analyst,Junior java microservices developer/Jr data analyst,SynergisticIT,"Atlanta, Fulton County",84945.55,84945.55,IT Jobs,2026-07-31T05:12:06Z,"Your Resume Isn’t the Problem — Your Positioning Is No Interviews or no Offers Isn’t for a Lack of Experience. It’s for the Lack of a relevant Updated Tech stack! Most job seekers blame their resume when they don’t get interviews, but the real issue is positioning. Employers want candidates who demonstrate practical skills, confidence, and readiness. SynergisticIT helps you build that profile through hands‑on training, real projects, and personalized interview coaching. The program also markets…",https://www.adzuna.com/land/ad/5822204326?se=NOP2-x-N8RG2-a5orHTjVQ&utm_medium=api&utm_source=e45342b0&v=C26C0E8D0AA524A9EF94A8BE733180F1175F960A
junior data analyst,"Data Scientist, Specialist",Vanguard,"Frazer, Chester County",113022.01,113022.01,IT Jobs,2026-07-29T18:49:11Z,"hackajob is collaborating with Vanguard to connect them with exceptional professionals for this role. Leads and executes deep dive diagnostic, predictive, and prescriptive analytics to support data-driven business decision making. Mentors and develops junior data scientists and analysts. Job Description Core Responsibilities Develops complex queries and performs extensive programming to access, transform, and prepare data for statistical modeling. Leads and executes deep dive diagnostic, predic…",https://www.adzuna.com/land/ad/5820379105?se=NOP2-x-N8RG2-a5orHTjVQ&utm_medium=api&utm_source=e45342b0&v=A08B6B9753B89558FD4714161BD1EC6D845E0E50
junior data analyst,"Data Management Analyst, Junior",Morgan Business Consulting,"Crystal, Arlington County",40000.0,60000.0,Consultancy Jobs,2026-06-25T23:47:54Z,"At MBC, we believe we can. We believe in working hard to meet our clients’ outcomes. We believe in laughter to help us recharge, draw people together, foster a positive work environment, and boost creativity. We believe in listening to our employees, partners, and clients. We believe in always challenging ourselves, for it is through pushing our boundaries that we achieve our greatest successes. This mindset propels our employees and our teams to accomplish our goals. That’s where you come in. …",https://www.adzuna.com/details/5777210390?utm_medium=api&utm_source=e45342b0
junior data analyst,"Data Scientist, Specialist",Vanguard,"Dallas, Texas",125665.01,125665.01,IT Jobs,2026-07-08T16:10:38Z,hackajob is collaborating with Vanguard to connect them with exceptional professionals for this role. We're the AI Center of Excellence within the Chief Data and Analytics Office. We work on projects that enable AI practitioners build AI products quickly and confidently. We work on many open problems around AI safety and evaluations. One way that we do so is by finding vulnerabilities in Gen AI applications with an automated adversarial testing service. We're looking for people who are technica…,https://www.adzuna.com/land/ad/5792991883?se=NOP2-x-N8RG2-a5orHTjVQ&utm_medium=api&utm_source=e45342b0&v=0416309F459F9B86EA55AD828C1092C72BAC8079
junior data analyst,Remote Data Scientist/Analyst (Entry/Junior Level),SynergisticIT,"Huber, Bibb County",112980.41,112980.41,IT Jobs,2026-07-31T05:12:29Z,"Data Career Starter — From Spreadsheets to SQL, Python, and Dashboards If you enjoy working with spreadsheets, reports, patterns, and business questions, a data career may be a natural next step. But to compete for data roles, candidates need to move beyond basic reporting and show technical ability with SQL, Python, dashboards, and data storytelling. SynergisticIT is looking for candidates interested in data analytics, SQL, Python, Excel, Tableau, Power BI, data cleaning, visualization, report…",https://www.adzuna.com/land/ad/5822206472?se=NOP2-x-N8RG2-a5orHTjVQ&utm_medium=api&utm_source=e45342b0&v=DBEADE986E2FA0455C702BB2DB98A279EE5A5FFE
junior data analyst,"Data Scientist, Specialist",Vanguard,"Dallas, Texas",130819.06,130819.06,IT Jobs,2026-07-06T11:33:00Z,"hackajob is collaborating with Vanguard to connect them with exceptional professionals for this role. Vanguard is one of the world's largest and most respected investment management companies, known for its client-centric approach, low-cost investment products, and commitment to long-term, data-driven investment strategies. Our Center for Analytics and Insights (CAI) team is actively working on advancing AI innovation and building AI driven products for our business lines. The team aims to ulti…",https://www.adzuna.com/land/ad/5789985107?se=NOP2-x-N8RG2-a5orHTjVQ&utm_medium=api&utm_source=e45342b0&v=5514BF467BE47F1F61826351FC0070F90D7506A6
junior data analyst,Jr. Data Analyst,Continuus Technologies LLC,"Germantown, Washington County",64452.99,64452.99,IT Jobs,2026-02-11T14:56:37Z,"Role Summary The Junior Data Analyst supports data collection, analysis, and reporting efforts to help teams make informed business decisions. This role focuses on transforming raw data into clear insights through dashboards, reports, and basic analytical models, while developing strong data and business acumen. Key Responsibilities Collect, clean, and validate data from multiple sources Create and maintain reports, dashboards, and visualizations Analyze trends, patterns, and performance metric…",https://www.adzuna.com/details/5624661076?utm_medium=api&utm_source=e45342b0
junior data analyst,INTL- Junior Data Engineer (Colombia),Insight Global,"Plano, Collin County",90395.88,90395.88,IT Jobs,2026-06-28T20:42:23Z,"Job Description A client is looking for a junior data analyst to sit remote. Your primary responsbility initially will be to support ongoing data engineering efforts around data pipelines and data cleansing. The team is pulling data from multiple field sources and attempting to cleanse, process, and evaluate the data to get a better pulse on store operations/ sales data. In addition, you will also be assisting with building these data solutions related to ETL, data pipelines, and data models. Y…",https://www.adzuna.com/details/5780665673?utm_medium=api&utm_source=e45342b0
junior data analyst,Entry-Level Data Analyst,Mike construction,"Los Angeles, Los Angeles County",75999.17,75999.17,IT Jobs,2023-10-25T18:56:03Z,"We are looking to hire a data analyst to join our data team. You will take responsibility for managing our master data set, developing reports, and troubleshooting data issues. To do well in this role you need a very fine eye for detail, experience as a data analyst, and a deep understanding of the popular data analysis tools and databases. Entry-level data analysts work on small parts of larger data analysis projects . As a junior data analyst, your broad responsibilities are to collect and an…",https://www.adzuna.com/details/4393754954?utm_medium=api&utm_source=e45342b0
junior data analyst,Junior Machine Learning Engineer/Data Scientist/Data analyst-remote,SynergisticIT,"Gainesville, Alachua County",129892.03,129892.03,IT Jobs,2026-07-31T09:15:13Z,"Stop Guessing What Employers Want — Start Delivering It! No Interviews or Offers? Get Hired with a Process! Most job seekers guess what employers want, but SynergisticIT shows you exactly what companies are hiring for right now. You’ll work on the most in‑demand technologies, build real‑world projects, and receive interview preparation tailored to current industry expectations. Also you will get your profile directly to Fortune 500 clients ensuring your skills reach the right people. Whether yo…",https://www.adzuna.com/land/ad/5822370727?se=NOP2-x-N8RG2-a5orHTjVQ&utm_medium=api&utm_source=e45342b0&v=E56FC93D8976207E03BF875DF140E1A8392A29AD
junior data analyst,Junior Machine Learning Engineer/Data Scientist/Data analyst-remote,SynergisticIT,"North Hills, Wake County",145125.34,145125.34,IT Jobs,2026-07-31T05:12:50Z,"Future Java, Data, and AI Professionals — Start Your Tech Career With a Process If you are serious about launching a career in tech, do not rely only on random applications, scattered tutorials, or hope. The candidates who stand out usually have current skills, strong projects, interview confidence, and a clear story about the value they can bring. That is especially important in competitive entry-level and junior hiring. Since 2010, we’ve helped thousands of candidates land full-time jobs at t…",https://www.adzuna.com/land/ad/5822208472?se=NOP2-x-N8RG2-a5orHTjVQ&utm_medium=api&utm_source=e45342b0&v=997E745C805DED80C2BB56D2854D6321742EF10C
junior data analyst,Senior Data & BI Specialist,Vistra,"Irving, Dallas",111930.91,111930.91,Consultancy Jobs,2026-05-20T00:15:29Z,"If you have what it takes to become part of the Vistra family and would like to start a promising career with a global leader, take a look at the exciting employment opportunities that are currently available and apply online. Job Summary Job Description Key Accountabilities: Developing and implementing data strategy and analytics initiatives that align with business objectives. Leading and managing cross-functional teams to execute on data initiatives and drive insights that impact business de…",https://www.adzuna.com/details/5734759112?utm_medium=api&utm_source=e45342b0
junior data analyst,Data Engineer,Insight Global,"Charlotte, Mecklenburg County",189437.5,189437.5,IT Jobs,2025-10-30T19:53:53Z,"Job Description Join the AWMT AI/ML Team - Drive Innovation in Advice and Wealth Management We're looking for passionate AI/ML professionals to help shape the future of Advice and Wealth Management through cutting-edge technology and data science. As part of our team, you'll: Design, validate, and evolve LLMs and intelligent agents to deliver explainable, trustworthy recommendations in financial advice and portfolio management. Collaborate closely with engineers and cross-functional teams to im…",https://www.adzuna.com/land/ad/5471763828?se=NOP2-x-N8RG2-a5orHTjVQ&utm_medium=api&utm_source=e45342b0&v=535C82EA45D96B41275755E321E34AA57E1358DA
junior data analyst,"Data Analyst, Specialist",The Vanguard Group,"Malvern, Chester County",67947.11,67947.11,IT Jobs,2026-07-25T01:10:27Z,"Analyzes data, assesses trends and develops actionable insights and recommendations in support of business objectives. Trains and develops junior analysts. Core Responsibilities 1. Engages with internal partners to understand business strategy, questions and goals. Brings structure to business requests, translates requirements into an analytical project approach, and leads projects through completion. Delegates tasks and provides tactical and strategic guidance to peers. 2. Acquires and compile…",https://www.adzuna.com/details/5814972321?utm_medium=api&utm_source=e45342b0
junior data analyst,Lead Data Analyst,Vistra,"Irving, Dallas",96839.86,96839.86,IT Jobs,2026-05-16T05:53:14Z,"If you have what it takes to become part of the Vistra family and would like to start a promising career with a global leader, take a look at the exciting employment opportunities that are currently available and apply online. Job Summary As a Lead Data Analyst, you will be responsible for leading and driving data strategy and analytics initiatives that impact business decisions. The successful candidate will have extensive experience in statistical analysis and data modeling and be able to wor…",https://www.adzuna.com/details/5731312482?utm_medium=api&utm_source=e45342b0
junior data analyst,Junior-level Technical Product Owner (Data Analyst),CYNET SYSTEMS,"Charlotte, Mecklenburg County",83200.0,93600.0,IT Jobs,2026-07-30T21:14:05Z,"Job Overview: Pay Range $40hr - $45hr Requirement/Must Have: Bachelor's degree in Computer Science, Statistics, Data Analytics, Engineering, or a related field. 2 5 years of experience in data analysis, data modeling, and data validation projects. Familiarity with JIRA and Agile/Kanban methodologies. Proficiency in Excel, SQL, and data analysis. Ability to understand data lineage and apply validation rules to ensure data integrity. Good understanding of relational databases, data modeling, and …",https://www.adzuna.com/details/5821803898?utm_medium=api&utm_source=e45342b0
junior data analyst,Data Analyst III,AAA Life Insurance Company,"Livonia, Wayne County",90686.61,90686.61,IT Jobs,2026-07-17T06:17:30Z,"Operating within the core values and operating principals of the organization, the Data Analyst III ensures that AAA Life Insurance makes effective business and operational decisions. As a Data Analyst, you will be at the forefront of transforming data into actionable insights. This role involves extracting, analyzing, and visualizing data to provide valuable recommendations that drive marketing strategies and decision-making. Lead & develop automated, easy to understand reports and ad hoc anal…",https://www.adzuna.com/details/5804757788?utm_medium=api&utm_source=e45342b0
junior data analyst,"Data Analyst, Specialist",The Vanguard Group,US,65978.74,65978.74,IT Jobs,2026-05-31T03:10:40Z,"Role Summary The Data Analyst, Specialist is responsible for leveraging data-driven insights to support strategic business decisions and improve operational efficiency. This role involves structuring complex business requests into well-defined analytical projects, extracting and analyzing large datasets from multiple sources and developing automated reporting solutions to enhance data accessibility and decision-making. Core Responsibilities Engages with internal partners to understand business …",https://www.adzuna.com/details/5746286779?utm_medium=api&utm_source=e45342b0
junior data analyst,Databricks Architect,Theron Partners Inc.,"Highland Park, Dallas",137815.95,137815.95,IT Jobs,2026-07-28T21:29:33Z,"Job Title: Enterprise Data Architect (Contract to Hire) Location: 100% Remote Duration: 5-Month Contract to Hire (Conversion to Sr. Director level) Position Type: Full-Time Contract-to-Hire Role Overview We are seeking a visionary Enterprise Data Architect to play a critical role in shaping our organization's data future. In this high-impact, highly visible role operating at the intersection of strategy and execution, you will define and drive the enterprise data architecture strategy, establis…",https://www.adzuna.com/land/ad/5819144589?se=NOP2-x-N8RG2-a5orHTjVQ&utm_medium=api&utm_source=e45342b0&v=3CB0A8F2617ABF826AA682BF27AD84C5DEA9283F
junior data analyst,Lead Data Scientist,Solstice Advanced Materials,"Morris Plains, Morris County",117262.98,117262.98,IT Jobs,2026-07-30T17:35:52Z,"As a Lead Data Scientist at Solstice, you will leverage deep expertise in data science to drive transformative analytics initiatives in our Integrated Supply Chain (ISC), Finance and other similar domains. You will apply advanced machine learning and statistical techniques to solve complex business problems in these areas, from demand forecasting and inventory optimization to financial modeling and anomaly detection. You will report directly to our Director of IT, AI, Analytics and Automation, …",https://www.adzuna.com/land/ad/5821486358?se=NOP2-x-N8RG2-a5orHTjVQ&utm_medium=api&utm_source=e45342b0&v=6FAFD7EBDE40C1250783682033E0C71156111D32
junior data analyst,Business Data Analyst,Software Guidance & Assistance,"Blue Hills, Hartford County",93070.23,93070.23,IT Jobs,2026-04-27T20:31:38Z,"Software Guidance & Assistance, Inc., (SGA), is searching for a Junior Business Data Analyst for a CONTRACT assignment with one of our premier Insurance clients, working a hybrid schedule in Hartford, CT; Chicago, IL; Columbus, OH; and Charlotte, NC Our Clients Enterprise Data Office is currently looking for a Business Data Analyst to join the Corporate Data Services team. This role will be focused on providing business and data analysis support for several highly visible, business-critical app…",https://www.adzuna.com/land/ad/5712145516?se=NOP2-x-N8RG2-a5orHTjVQ&utm_medium=api&utm_source=e45342b0&v=D42E847718AC92D45191DA81530202187ABD4448
junior data analyst,Data Visualization Analyst,Sage Ventures,"Pikesville, Baltimore County",60000.0,80000.0,IT Jobs,2026-06-16T23:27:18Z,"The Junior Data Analyst is responsible for designing, developing, and maintaining multifamily analytics and reporting to support informed decision-making across the organization. This role focuses on building and maintaining Power BI and SQL-based reports, ensuring data accuracy, supporting core systems, and partnering with teams to deliver clear, actionable insights. Essential Functions Maintain multifamily analytics end to end, including data systems, workflows, automation reporting, and dash…",https://www.adzuna.com/details/5766293615?utm_medium=api&utm_source=e45342b0
junior data analyst,Government Healthcare Data Manager,Marsh McLennan,"Phoenix, Maricopa County",159460.16,159460.16,IT Jobs,2026-07-25T05:28:56Z,"Company: Mercer Description: We are seeking a talented individual to join our Government Healthcare Consulting (GHSC) team at Mercer. The Government Healthcare Data Manager will serve as a data team leader, working directly with actuarial, financial and data analysts, clinicians and health policy consultants, on large, complex projects. We will count on you to: Act as a project lead and partner with the client to define and manage the scope of the project, serve as an expert on data methodologi…",https://www.adzuna.com/details/5815194379?utm_medium=api&utm_source=e45342b0
junior data analyst,Sr. Lead Data Analyst (Merchandising and Revenue),Poshmark,"Redwood City, San Mateo County",130850.51,130850.51,IT Jobs,2026-05-10T05:38:32Z,"About Poshmark Poshmark is the leading fashion marketplace where style comes alive through discovery, self-expression, and human connection. Powered by a vibrant community of 165 million members, Poshmark brings real people and taste to shopping through a social experience shaped by shared discovery. Buying and selling fashion feels simple, joyful, and personal, while every item tells its own story. Poshmark empowers sellers to grow meaningful businesses, keeps fashion in circulation longer, an…",https://www.adzuna.com/details/5725052507?utm_medium=api&utm_source=e45342b0
junior data analyst,"Director, Enrollment Analytics, Planning and AI (Vice Provost for Admissions & Financial Aid) - Staff",Johns Hopkins University,"Druid, Baltimore",140084.8,140084.8,Teaching Jobs,2026-04-21T18:18:24Z,"The Office of Admissions and Financial Aid in University Student Services is responsible for the enrollment management function that underpins the University's ability to attract, recruit, admit, and matriculate our Arts and Sciences and Engineering undergraduate students. The office is also a key advisor to the university's graduate and professional programs (with the exception of PhD programs) whose students are among the best in the nation. Specifically, the Office of Admissions and Financia…",https://www.adzuna.com/land/ad/5706545739?se=NOP2-x-N8RG2-a5orHTjVQ&utm_medium=api&utm_source=e45342b0&v=463613B86812D87F783D02B31762E3AB45417629
junior data analyst,Compensation Analyst - Susquehanna International Group,Susquehanna International Group,"Bala Cynwyd, Montgomery County",71292.62,71292.62,HR & Recruitment Jobs,2026-07-23T12:52:19Z,"Overview We are seeking a curious, detail-oriented Junior HR / Compensation Data Analyst to support our global HR and Talent teams. This role is ideal for someone early in their analytics career who is excited to work with people, compensation, and labor market data and to help bring consistency and insight to complex, evolving information. The HR / Compensation Analyst will support salary market analysis, job architecture efforts, and recruiting data standardization across professional, campus…",https://www.adzuna.com/land/ad/5812529236?se=NOP2-x-N8RG2-a5orHTjVQ&utm_medium=api&utm_source=e45342b0&v=B5F20EDB0FFAE6449482110F340B53AC2784179C
junior data analyst,TWDB - 26-94: Sr. Data Analyst (Data Analyst III),Texas Water Development Board ,"Austin, Travis County",106895.91,106895.91,IT Jobs,2026-07-17T20:48:36Z,Job Description Only applicants who apply with a State of Texas application via the CAPPS online application system will be considered for this position. First time applicants will need to create an account in the CAPPS online application system at https://tinyurl.com/CAPPS-Explore-Jobs . Please visit our job opportunities page at https://tinyurl.com/How-to-Apply-in-CAPPS for more information about the Texas Water Development Board and answers to frequently asked questions. To view this positio…,https://www.adzuna.com/details/5805500898?utm_medium=api&utm_source=e45342b0
junior data analyst,"Data Scientist, Specialist",Vanguard,"Frazer, Chester County",146858.16,146858.16,IT Jobs,2026-07-30T18:49:20Z,"hackajob is collaborating with Vanguard to connect them with exceptional professionals for this role. As a Senior Data Scientist, you will lead the development of the next generation AI/ML solutions for Vanguard Workplace Solutions. Leveraging state-of-the-art AI capabilities in machine learning, advanced analytics and generative AI, you will design and build innovative solutions to enhance efficiency, improve client experience and drive impactful strategies. You will explore emerging AI method…",https://www.adzuna.com/land/ad/5821666297?se=NOP2-x-N8RG2-a5orHTjVQ&utm_medium=api&utm_source=e45342b0&v=4E27A1C044ADFF93B8C9FA65EA5808ED47880404
junior data analyst,Senior Data Visualization Specialist,"Tek Analytics, LLC",US,109488.39,109488.39,IT Jobs,2026-07-21T13:03:25Z,"Leads initiatives utilizing data visualization tools to provide actionable insights for addressing strategic and tactical mission objectives. Develops visualizations to manipulate complex datasets in simple, intuitive, interactive formats. Communicates information clearly and efficiently, enabling data-driven decisions and analysis. Works iteratively with the business community to gather requirements and develop enterprise level visualizations using agile methods. Develops data visualizations a…",https://www.adzuna.com/land/ad/5809577262?se=NOP2-x-N8RG2-a5orHTjVQ&utm_medium=api&utm_source=e45342b0&v=6E081D6DDD1DD0C8DA504BFD6AF19301C879D3E1
junior data analyst,Market Access & Pricing Data Analyst,Sanofi Group,"Harvard Square, Middlesex County",166426.7,166426.7,IT Jobs,2026-07-25T22:43:22Z,"Job title: Market Access - Pricing Data Analyst Location: Morristown, NJ About the Job Ready to push the limits of what's possible? Join Sanofi in one of our corporate functions and you can play a vital part in the performance of our entire business while helping to make an impact on millions around the world. About Sanofi We are an innovative global healthcare company, driven by one purpose: we chase the miracles of science to improve people's lives. Our team, across some 100 countries, is ded…",https://www.adzuna.com/land/ad/5816104441?se=NOP2-x-N8RG2-a5orHTjVQ&utm_medium=api&utm_source=e45342b0&v=6EF0633EA7F723034D4530CF9DF9680EEFDF9DA6
junior data analyst,Market Access & Pricing Data Analyst,Sanofi Group,"Morristown, Morris County",220664.88,220664.88,IT Jobs,2026-07-25T23:00:56Z,"Job title: Market Access - Pricing Data Analyst Location: Morristown, NJ About the Job Ready to push the limits of what's possible? Join Sanofi in one of our corporate functions and you can play a vital part in the performance of our entire business while helping to make an impact on millions around the world. About Sanofi We are an innovative global healthcare company, driven by one purpose: we chase the miracles of science to improve people's lives. Our team, across some 100 countries, is ded…",https://www.adzuna.com/land/ad/5816120200?se=NOP2-x-N8RG2-a5orHTjVQ&utm_medium=api&utm_source=e45342b0&v=40F815D3C51B5BBBB507E93E747F1B75958A4CCC
junior data analyst,EV Data Analysis Lead,CLEAResult,US,125000.0,130000.0,Consultancy Jobs,2026-05-30T00:40:32Z,"Energetics - CLEAResult Energy Sustainability Consulting provides a full spectrum of clean energy consulting services to public and private sector clients. The Energetics team works with lead investors, innovators, and stakeholders to inform and expedite the development and market success of novel energy technologies, strategies and practices that deliver a sustainable future. Energetics was founded in 1979 and joined CLEAResult in 2024 as a division within CLEAResult's Energy Sustainability Se…",https://www.adzuna.com/details/5745230721?utm_medium=api&utm_source=e45342b0
junior data analyst,Senior Government Data Consultant II,Marsh McLennan,"Phoenix, Maricopa County",115200.0,230400.0,IT Jobs,2026-05-20T05:35:55Z,"Company: Mercer Description: We are seeking a talented Senior Government Data Consultant II to join our Government Consulting team at Mercer. In this role, you will serve as a data team leader on large, complex Medicaid projects, working directly with actuarial, financial, and data analysts, clinicians, and health policy consultants. You’ll partner with an experienced project leader to help oversee Mercer’s expanding portfolio of Medicaid quality measurement work. This position will play a key …",https://www.adzuna.com/details/5735036688?utm_medium=api&utm_source=e45342b0
junior data analyst,Lead Investment Data Analyst,Marsh McLennan,"Boston, Suffolk County",108000.0,216000.0,IT Jobs,2026-06-04T23:29:09Z,"Company: Mercer Description: We are seeking an experienced, business-savvy Lead Investment Data Analyst to join Mercer Wealth’s investment data function. This person will partner closely with Mercer’s North America OCIO & Advisory teams to deliver high-quality, end-to-end data solutions that support the multiple business units such as operations, investments, performance, business development, trading etc. The role combines hands-on data engineering and analytics with leadership, stakeholder ma…",https://www.adzuna.com/details/5752741818?utm_medium=api&utm_source=e45342b0
junior data analyst,Data Scientist/Data Analyst/Data Engineer - Entry Level remote,SynergisticIT,"Peterstown, Union County",119681.89,119681.89,IT Jobs,2026-07-31T05:13:46Z,"Junior Data Scientisit/Data Analyst/Data Engineer — Build the Backbone of Data-Driven Teams Data engineering is a powerful path for candidates who like databases, pipelines, Python, SQL, and systems thinking. Data scientists and analysts depend on clean, accessible, reliable data—and data engineers help make that possible. Entry-level candidates can stand out by showing they understand data movement, transformation, storage, and workflow basics. SynergisticIT is seeking candidates interested in…",https://www.adzuna.com/land/ad/5822213710?se=NOP2-x-N8RG2-a5orHTjVQ&utm_medium=api&utm_source=e45342b0&v=2DE0C454A5D382F171C6397BA97DD9CDCECEA757
junior data analyst,Market Access & Pricing Data Analyst,Sanofi,"Morristown, Morris County",122250.0,176583.0,IT Jobs,2026-07-30T07:00:30Z,"Job title: Market Access - Pricing Data Analyst Location: Morristown, NJ About the Job Ready to push the limits of what’s possible? Join Sanofi in one of our corporate functions and you can play a vital part in the performance of our entire business while helping to make an impact on millions around the world. About Sanofi We are an innovative global healthcare company, driven by one purpose: we chase the miracles of science to improve people’s lives. Our team, across some 100 countries, is ded…",https://www.adzuna.com/details/5821049221?utm_medium=api&utm_source=e45342b0
junior data analyst,Senior Operations Data Analyst,Capital I,"Lewistown, Frederick County",145000.0,180000.0,IT Jobs,2026-06-21T06:30:50Z,"Job Title Senior Operations Data Analyst Location Ft. Detrick, MD Description Serves as a senior advisor to Army Medicine leadership, translating operational needs into data-driven insights, dashboards, and decision-support tools. Leads development of analytics products, ensures data quality, and applies advanced analysis to improve operational performance, readiness, and efficiency across Army/DOD environments. Position to start on or around October 1, 2026 Essential Duties and Responsibilitie…",https://www.adzuna.com/details/5771659003?utm_medium=api&utm_source=e45342b0
junior data analyst,SAS\SQL Programmer,Dolphin Solutions Inc,"Grand Central, Manhattan",132022.62,132022.62,IT Jobs,2026-07-24T17:11:00Z,"Job Title : SAS\SQL Programmer Location: New York, NY – Onsite Work Duration: Long Term Position Overview: We are seeking a Senior Data Analyst with strong SAS programming and SQL skills to transform complex data into actionable insights that drive business decisions. The ideal candidate will combine technical expertise with business acumen to deliver meaningful analysis and recommendations. The ideal candidate will be detail-oriented, self-motivated, and passionate about using data to solve co…",https://www.adzuna.com/land/ad/5814310169?se=NOP2-x-N8RG2-a5orHTjVQ&utm_medium=api&utm_source=e45342b0&v=C79AF0619CE2372BEF67DA5EABF76D554C8FC89A
junior data analyst,Junior Data Scientist,"AITHERAS, LLC","Arlington, Arlington County",111788.7,111788.7,IT Jobs,2026-05-23T01:45:21Z,"Junior Data Scientist / Performance Data Analyst I Location: Washington, DC / Hybrid / Government Facility as Required Clearance / Background: U.S. Citizen required; ability to obtain DOJ Public Trust and Secret clearance; active Secret preferred Experience Level: 1–3 years Role Summary The Junior Data Scientist / Performance Data Analyst I supports a federal Management Information System program by helping collect, clean, validate, analyze, and visualize operational and performance data. This …",https://www.adzuna.com/details/5738480887?utm_medium=api&utm_source=e45342b0
junior data analyst,Senior Data Analyst,ONE ALLIANCE INSURANCE MANAGERS,"Bay Lake, Orange County",94289.34,94289.34,IT Jobs,2026-07-25T05:28:40Z,"General Description: The Senior Data Analyst is responsible for leading advanced reporting, analytics, and business intelligence initiatives within the Information Technology organization. This role partners closely with executive leadership, business stakeholders, and data engineering teams to deliver high-impact analytical solutions that drive operational performance, strategic decision-making, and enterprise growth. The Senior Data Analyst designs scalable reporting frameworks, develops ente…",https://www.adzuna.com/details/5815194324?utm_medium=api&utm_source=e45342b0
junior data analyst,Senior Data Analyst,K.L. Scott & Associates,"Washington, Washington, D.C.",122545.55,122545.55,IT Jobs,2026-06-13T03:36:52Z,"Company Overview K.L. Scott & Associates (KLSA) is a mission-driven management and technology consulting firm that partners with public-sector organizations to modernize operations, strengthen data and AI capabilities, and deliver measurable impact. KLSA combines strategic advisory services with hands-on delivery; bringing product leadership, secure data engineering, systems integration, and user-centered design to help clients translate complex requirements into scalable, high-quality solution…",https://www.adzuna.com/details/5762268396?utm_medium=api&utm_source=e45342b0
junior data analyst,Data Analyst,Ignite Digital,"Chesapeake, Chesapeake City",73813.59,73813.59,IT Jobs,2026-07-31T15:28:57Z,"Ignite Digital enables national security agencies to accelerate decisions, elevate operational outcomes and achieve the outsized performance only an inside partner can deliver. We combine mission experience, domain knowledge and technology expertise with the things partners can only know by being there every day. When agencies need a combination of tech and touch, Ignite Digital creates outcome-driving partnerships and stands with agencies to accomplish mission objectives. Ignite Digital accele…",https://www.adzuna.com/land/ad/5822624031?se=zo9p_B-N8RG2-a5orHTjVQ&utm_medium=api&utm_source=e45342b0&v=3CFF1A2A91FBF3B63B6B3005B98661D90DCE5BC6
junior data analyst,Junior Data Scientist,Aitheras,"Crystal, Arlington County",100000.0,120000.0,IT Jobs,2026-05-24T01:09:45Z,"Junior Data Scientist / Performance Data Analyst I Location: Washington, DC / Hybrid / Government Facility as Required Clearance / Background: U.S. Citizen required; ability to obtain DOJ Public Trust and Secret clearance; active Secret preferred Experience Level: 1–3 years Role Summary The Junior Data Scientist / Performance Data Analyst I supports a federal Management Information System program by helping collect, clean, validate, analyze, and visualize operational and performance data. This …",https://www.adzuna.com/details/5739512316?utm_medium=api&utm_source=e45342b0
junior data analyst,Principal Data Architect W2 Remote,Paradigm Infotech,US,151790.83,151790.83,IT Jobs,2026-07-30T15:16:56Z,"Must be located within USA . Fully Remote No agency or C2C will NOT be considered and Visa sponsorship is not available nor provided W2 role JOB SUMMARY Terumo Blood and Cell Technologies is seeking a Principal Data Architect to lead the design, development, and governance of our enterprise data ecosystem within the R&D Software Data Analytics organization. This role is responsible for shaping the long-term data architecture strategy that enables analytics, AI, and digital product innovation ac…",https://www.adzuna.com/land/ad/5821431446?se=zo9p_B-N8RG2-a5orHTjVQ&utm_medium=api&utm_source=e45342b0&v=BDDCE32526E5C7663A25C0E752A9CC59776E38BD
junior data analyst,Data Scientist,Core Interface Corporation,"Chantilly, Fairfax County",104434.11,104434.11,IT Jobs,2026-05-12T06:40:21Z,"Overview The Senior Data Scientist leads the design, development, and implementation of data-driven solutions that support strategic decision-making and mission objectives. This role works closely with stakeholders, engineers, and analysts to translate complex data into actionable insights, leveraging advanced statistical, machine learning, and cloud-based analytical techniques. Key Responsibilities Lead the end-to-end lifecycle of data science projects — from data collection and exploration to…",https://www.adzuna.com/details/5726757903?utm_medium=api&utm_source=e45342b0
junior data analyst,Technical Product Owner (Data Analyst),VDart Inc,"Charlotte, Mecklenburg County",67542.48,67542.48,IT Jobs,2026-07-30T21:10:57Z,"Role: Junior-level Technical Product Owner (Data Analyst) Position Type: Contract Location: Charlotte, NC (3 days a week from the office) Note: This role requires an in-person interview at the client's office in Charlotte, NC. Job Description: The customer is looking for a Junior-level Technical Product Owner who has hands-on experience working with databases, understanding data lineage and downstream data flows, and interpreting data effectively. The candidate should also be well-versed in Agi…",https://www.adzuna.com/details/5821798289?utm_medium=api&utm_source=e45342b0
junior data analyst,Principal Data Architect,"Judge Group, Inc.","Lakewood, Denver",240734.27,240734.27,IT Jobs,2026-07-29T21:22:46Z,"Location: Lakewood, CO Salary: $90.00 USD Hourly - $100.00 USD Hourly Description: TITLE: Principal Data Architect LOCATION: Lakewood, CO 80215 CONTACT: David Kellogg, Sr. Recruiter - The Judge Group - JOB SUMMARY Our client, a global Medical Device company, is seeking a Principal Data Architect to lead the design, development, and governance of our enterprise data ecosystem within the R&D Software Data Analytics organization. This role is responsible for shaping the long-term data architecture…",https://www.adzuna.com/land/ad/5820536900?se=zo9p_B-N8RG2-a5orHTjVQ&utm_medium=api&utm_source=e45342b0&v=72661D0D99C92DA5BEFB7456F030EFDE6EC337D7
junior data analyst,Project Manager/Watch Analyst (PM),"SGI Global, LLC","Lincolnia, Fairfax County",48848.05,48848.05,IT Jobs,2026-01-30T13:55:32Z,"SGI is seeking a Project Manager / Watch Analyst to support the Department of Homeland Security, Federal Protective Service (FPS), under the FPS Incident Management Center (IMC) support contract. This contract provides watch desk, briefing, and information management support to assist FPS in monitoring operational activity and incidents, managing information flow, and presenting information to support situational awareness and decision-making. The Intermediate Project Manager / Watch Analyst su…",https://www.adzuna.com/details/5606330315?utm_medium=api&utm_source=e45342b0
junior data analyst,"Data Scientist, Specialist",The Vanguard Group,US,102074.74,102074.74,IT Jobs,2026-07-27T05:24:43Z,"Responsibilities: Develops complex queries and performs extensive programming to access, transform, and prepare data for statistical modeling. Leads and executes deep dive diagnostic, predictive, and prescriptive analytics to support data-driven business decision making. Mentors and develops junior data scientists and analysts. Identifies and diagnoses data inconsistencies and errors, documents data assumptions, and forages to fill data gaps. Engages with internal stakeholders to understand and…",https://www.adzuna.com/details/5817315503?utm_medium=api&utm_source=e45342b0
junior data analyst,Senior AI Scientist,The Vanguard Group,"Philadelphia, Philadelphia County",142207.92,142207.92,IT Jobs,2026-07-31T04:27:24Z,"Responsibilities: Owns the end-to-end design, development, and execution of complex predictive modeling initiatives, from problem formulation through validation, deployment readiness, and ongoing risk assessment. Leads and executes deep dive diagnostic, predictive, and prescriptive analytics to support data-driven business decision making. Creates alternative model approaches to assess complex model design and advance future capabilities. Mentors and develops junior data scientists and analysts…",https://www.adzuna.com/details/5822156261?utm_medium=api&utm_source=e45342b0
junior data analyst,"Data Scientist, Specialist",The Vanguard Group,US,88328.81,88328.81,IT Jobs,2026-07-29T03:28:26Z,"Job Description Core Responsibilities Develops complex queries and performs extensive programming to access, transform, and prepare data for statistical modeling. Leads and executes deep dive diagnostic, predictive, and prescriptive analytics to support data-driven business decision making. Mentors and develops junior data scientists and analysts. Identifies and diagnoses data inconsistencies and errors, documents data assumptions, and forages to fill data gaps. Engages with internal stakeholde…",https://www.adzuna.com/details/5819480530?utm_medium=api&utm_source=e45342b0
junior data analyst,"Senior Data Technologist - Jersey City, NJ",Photon Group,US,75173.8,75173.8,IT Jobs,2025-01-18T06:23:20Z,"Description Key Responsibilities: Data Strategy & Architecture: Develop and implement data strategies aligned with business objectives. Design and maintain scalable, high-performance data architectures and solutions. Build and manage data pipelines, integrating data from various sources, ensuring data quality and accessibility. Advanced Analytics & Insights: Lead the use of advanced analytics, machine learning, and AI to derive insights from large datasets. Collaborate with business stakeholder…",https://www.adzuna.com/details/5015621044?utm_medium=api&utm_source=e45342b0
junior data analyst,SAS\SQL Programmer,Expert Technology Services,"New York City, New York",114157.7,114157.7,IT Jobs,2026-07-27T20:56:11Z,"Job Summary (Senior Data Analyst - SAS/SQL): - Develop and maintain SAS programs for automated reporting and advanced statistical analysis - Create and optimize SAS stored procedures and views for improved data accessibility - Maintain and develop data interfaces - Troubleshoot system and batch processing issues - Design and execute complex SQL queries to extract, transform, and analyze large datasets from multiple sources - Collaborate with stakeholders to understand business requirements and …",https://www.adzuna.com/details/5817839057?utm_medium=api&utm_source=e45342b0
junior data analyst,AI/Machine Learning Specialist (Top Secret Required),August Schell,US,129017.71,129017.71,IT Jobs,2026-03-17T09:34:29Z,"Title: AI/Machine Learning Specialist Clearance : Active TS Required, Q Clearance preferred Education : Bachelor’s degree preferred Years Experience : all levels available Location : fully remote Compensation : DOE ($90-$140/yr.) Overview : An AI/Machine Learning Specialist designs, develops, and implements AI solutions, leveraging techniques like machine learning and deep learning to solve complex business problems. They work closely with data scientists and engineers to create algorithms that…",https://www.adzuna.com/details/5669598719?utm_medium=api&utm_source=e45342b0
junior data analyst,Senior Data Product Analyst,BOK Financial,"Richardson, Dallas",85087.27,85087.27,Accounting & Finance Jobs,2026-07-20T21:03:25Z,"Req ID: 78237 Location: Richardson -RCHRD Areas of Interest: Enterprise Data Pay Transparency Salary Range: Not Available Application Deadline: 08/31/2026 BOK Financial Corporation Group includes BOKF, NA; BOK Financial Securities, Inc. and BOK Financial Private Wealth, Inc. BOKF, NA operates TransFund and Cavanal Hill Investment Management, Inc. BOKF, NA operates banking divisions: Bank of Albuquerque; Bank of Oklahoma; Bank of Texas and BOK Financial®. Bonus Type Discretionary Summary BOK Fin…",https://www.adzuna.com/details/5808676168?utm_medium=api&utm_source=e45342b0
junior data analyst,Senior Data Scientist,Ascent Developer Solutions,"Encino, Los Angeles County",130000.0,150000.0,IT Jobs,2026-02-25T19:52:05Z,"About Ascent Ascent Developer Solutions is a leading private lending platform, serving real estate developers nationwide in the acquisition, renovation, and construction of residential real estate. Founded by a leadership team with a deep understanding and personal experience in virtually every facet of real estate development, Ascent is uniquely positioned to create custom, innovative lending solutions for a variety of real estate development business strategies. ROLE SUMMARY The Data Scientis…",https://www.adzuna.com/details/5645615411?utm_medium=api&utm_source=e45342b0
junior data analyst,"Senior Data Product and Execution Manager, VP III - State Street Investment Management",State Street,"Quincy, Norfolk County",120000.0,217500.0,Engineering Jobs,2026-07-11T23:34:56Z,"About the job State Street Investment Management Data, Analytics & AI Services (DAAIS) team is seeking a highly accomplished Senior Data Product and Execution Manager, Vice President to join our Boston office. This senior role is responsible for driving the delivery of advanced data product solutions that support our investment management business. The ideal candidate will possess extensive hands-on experience in investment data domain, product lifecycle execution, data pipeline development, an…",https://www.adzuna.com/details/5797577321?utm_medium=api&utm_source=e45342b0
junior data analyst,Senior Software Engineer,Graphite,"San Francisco, California",200000.0,230000.0,IT Jobs,2026-04-21T02:10:31Z,"Graphite builds consumer-quality tools for modern software engineering teams, so they can ship faster and create amazing products. Our product Graphite is modern code review for fast-moving teams - we help engineers write and review smaller pull requests, stay unblocked, and ship faster . Anyone can start using Graphite individually without needing their coworkers to change tools - we seamlessly sync code changes and reviews. We started Graphite because we missed internal code review tools like…",https://www.adzuna.com/details/5705879842?utm_medium=api&utm_source=e45342b0
junior data analyst,Data Scientist,4P Consulting,"Forest Park, Clayton County",89499.73,89499.73,IT Jobs,2025-07-31T17:00:57Z,"HI , Hope you're doing well This is pankaj from 4P Consulting Please see below job description Please share your resume if you're interested and have 5-10 years of experience submission on W2 basis only NO C2C A Data Scientist with 5 to 10 years of experience is responsible for leveraging data to uncover insights, create predictive models, and drive data-driven decision- making within an organization. This role involves advanced analytics, machine learning, and strong problem-solving skills to …",https://www.adzuna.com/details/5330629757?utm_medium=api&utm_source=e45342b0
junior data analyst,Data Scientist 2 4P/187,4P Consulting,"Atlanta, Fulton County",145271.7,145271.7,IT Jobs,2025-07-31T16:17:57Z,"Data Scientist (5–10 Years Experience) Overview: A Data Scientist with 5 to 10 years of experience is responsible for leveraging data to uncover insights, create predictive models, and drive data-driven decision-making within an organization. This role requires advanced analytics, machine learning expertise, and strong problem-solving skills to extract actionable intelligence from large and complex datasets. Key Responsibilities: 1. Data Analysis: Collect, clean, and analyze complex datasets to…",https://www.adzuna.com/details/5330299138?utm_medium=api&utm_source=e45342b0
junior data analyst,Senior Data Analyst,Continuus Technologies LLC,"Germantown, Washington County",110180.77,110180.77,IT Jobs,2026-02-11T14:56:37Z,"Role Overview The Senior Data Analyst is a trusted analytical partner who leads complex analyses, develops insights that influence decision-making, and mentors junior analysts. This role bridges data and business strategy by translating questions into actionable insights and establishing analytical best practices. Key Responsibilities Lead complex analyses to support strategic and operational decisions Develop and maintain dashboards, reports, and analytical models Identify trends, risks, and o…",https://www.adzuna.com/details/5624661062?utm_medium=api&utm_source=e45342b0
junior data analyst,SAS\SQL Programmer,Blue Ribbon Global Technologies,"New York City, New York",106174.05,106174.05,IT Jobs,2026-07-23T21:07:32Z,"Position Overview We are seeking a Senior Data Analyst with strong SAS programming and SQL skills to transform complex data into actionable insights that drive business decisions. The ideal candidate will combine technical expertise with business acumen to deliver meaningful analysis and recommendations. The ideal candidate will be detail-oriented, self-motivated, and passionate about using data to solve complex business problems. Must be comfortable working both independently and as part of a …",https://www.adzuna.com/details/5813088892?utm_medium=api&utm_source=e45342b0
junior data analyst,Data Scientist II 4P/573,4P Consulting,"Atlanta, Fulton County",154132.53,154132.53,IT Jobs,2026-03-07T13:26:09Z,"Data Scientist II Experience Level: 5–10 Years Location: Atlanta, GA Contract- 1 Year Client- Southern Company Position Overview The Data Scientist II is responsible for leveraging large and complex datasets to uncover insights, develop predictive models, and drive data-informed decision-making across the organization. This role requires strong expertise in advanced analytics, machine learning, statistical modeling, and data engineering principles. The ideal candidate is a strategic thinker who…",https://www.adzuna.com/details/5657782636?utm_medium=api&utm_source=e45342b0
junior data analyst,Data Scientist 2 - 4P/114,4P Consulting,"Atlanta, Fulton County",85969.49,85969.49,IT Jobs,2025-07-31T15:35:41Z,"Position: Data Scientist (5 to 10 Years of Experience) US Citizen/ Greencard Preferred Overview: A Data Scientist with 5 to 10 years of experience plays a pivotal role in leveraging data to uncover actionable insights, create predictive models, and drive informed decision-making within an organization. This role requires expertise in advanced analytics, machine learning, and problem-solving to extract meaningful value from large and complex datasets. Key Responsibilities: Data Analysis Collect,…",https://www.adzuna.com/details/5330155748?utm_medium=api&utm_source=e45342b0
junior data analyst,Staff Data Scientist,RBGlobal,"Westchester, Miami-Dade County",112571.82,112571.82,IT Jobs,2026-04-30T03:02:27Z,"Description About the Role The Staff Data Scientist will play a key role in advancing IAA’s Machine Learning (ML) and advanced analytics initiatives. This role involves building supervised and unsupervised ML models, as well as developing AI agentic applications, with a strong business orientation and a track record of delivering data-driven services. The Staff Data Scientist will implement scalable, machine learning-based solutions to drive growth and operational efficiency across the organiza…",https://www.adzuna.com/details/5714339256?utm_medium=api&utm_source=e45342b0
junior data analyst,SAS\SQL Programmer - Hybrid NYC,Randstad Digital,"Grand Central, Manhattan",135525.94,135525.94,IT Jobs,2026-07-23T19:11:37Z,"job summary: Position Overview We are seeking a Senior Data Analyst with strong SAS programming and SQL skills to transform complex data into actionable insights that drive business decisions. The ideal candidate will combine technical expertise with business acumen to deliver meaningful analysis and recommendations. The ideal candidate will be detail-oriented, self-motivated, and passionate about using data to solve complex business problems. Must be comfortable working both independently and …",https://www.adzuna.com/land/ad/5812952160?se=zo9p_B-N8RG2-a5orHTjVQ&utm_medium=api&utm_source=e45342b0&v=ED308DF01D4F470007090ACDEB87AEA247A1FD6A
junior data analyst,Junior Financial Analyst (Financial Analyst I),CorVel Career Site,"Huntington, Orange County",60628.12,60628.12,Accounting & Finance Jobs,2026-07-24T03:10:43Z,"We are looking for a detail-oriented and driven Junior Financial Data Analyst to join our finance team with a focus on pricing, accounting, and ad hoc financial projects. This entry-level role is ideal for recent graduates or early-career professionals eager to build hands-on experience in corporate finance, pricing strategy, and data analysis. You will work closely with experienced team members and leadership to support key business functions such as budgeting, forecasting, variance analysis, …",https://www.adzuna.com/details/5813466299?utm_medium=api&utm_source=e45342b0
junior data analyst,Sr. Data Analyst (SAS),VSG Business Solutions LLC,"Prince, Manhattan",104000.0,114400.0,IT Jobs,2026-07-27T20:55:27Z,"Schedule: Hybrid - 3 days a week onsite - that can go down over time Interview: Video followed by an in person (no exceptions) - 4 Irving Pl, New York, NY 10003, United States Visa: We can work with any visa but we DO NOT LAYER Position Overview We are seeking a Senior Data Analyst with strong SAS programming and SQL skills to transform complex data into actionable insights that drive business decisions. The ideal candidate will combine technical expertise with business acumen to deliver meanin…",https://www.adzuna.com/details/5817836704?utm_medium=api&utm_source=e45342b0
junior data analyst,Senior AI Scientist,The Vanguard Group,"Charlotte, Mecklenburg County",98711.53,98711.53,Scientific & QA Jobs,2026-05-24T04:48:18Z,"About the Role This role sits at the intersection of AI safety research, LLM evaluation, and applied data science. You will design and run adversarial evaluations against production AI agents, develop quantitative frameworks to measure evaluation quality, and translate findings into actionable insights for application teams and business stakeholders. You will also mentor junior data scientists and contribute to the growth of our AI safety research practice. Responsibilities Design and execute a…",https://www.adzuna.com/details/5739608617?utm_medium=api&utm_source=e45342b0
junior data analyst,Senior AI Scientist,The Vanguard Group,US,102819.23,102819.23,Scientific & QA Jobs,2026-05-17T03:13:46Z,"About the Role This role sits at the intersection of AI safety research, LLM evaluation, and applied data science. You will design and run adversarial evaluations against production AI agents, develop quantitative frameworks to measure evaluation quality, and translate findings into actionable insights for application teams and business stakeholders. You will also mentor junior data scientists and contribute to the growth of our AI safety research practice. Responsibilities Design and execute a…",https://www.adzuna.com/details/5732236547?utm_medium=api&utm_source=e45342b0
junior data analyst,Senior Data Analyst,Canopy,"Detroit, Wayne County",125137.37,125137.37,IT Jobs,2026-04-24T14:14:09Z,"Join Canopy, a Ford-backed company, at the forefront of engineering advanced threat detection and deterrence products specifically designed for vehicles. Our mission is to eliminate vehicle crime and enhance mobility through cutting-edge consumer hardware, aftermarket connectivity, and AI-driven security solutions. As part of our team, you'll be at the forefront of innovation, helping to solve one of today’s most pressing challenges with cutting-edge solutions. As a Senior Data Analyst reportin…",https://www.adzuna.com/details/5709485746?utm_medium=api&utm_source=e45342b0
junior data analyst,Data Eng,Akaasa Technologies,"Frazer, Chester County",171764.84,171764.84,IT Jobs,2026-07-24T21:02:32Z,"About the Role We are looking for a senior-level Data Engineer to design, build, and optimize scalable data pipelines on AWS using the Databricks Lakehouse Platform . This is an individual contributor role for someone who can work independently, own complex data workflows, and mentor junior engineers. Key Responsibilities Design, develop, and maintain high-performance ETL/ELT pipelines using Databricks , PySpark , and AWS (S3, Glue, Lambda, IAM). Implement and optimize data models following the…",https://www.adzuna.com/details/5814708155?utm_medium=api&utm_source=e45342b0
junior data analyst,Data Scientist,Arohana Tech Solutions Private Limited,"Glendale, Los Angeles County",125000.0,140000.0,IT Jobs,2026-07-03T21:18:58Z,"Job Description – Senior Data Scientist (Experimentation & Causal Inference)Overview We are seeking an experienced Senior Data Scientist specializing in Experimentation and Causal Inference to lead the design, execution, and analysis of large-scale experimentation initiatives. The ideal candidate will have deep expertise in statistical modeling, A/B testing, causal inference methodologies, and advanced analytics to drive data-informed business decisions. This role partners closely with business…",https://www.adzuna.com/details/5787446014?utm_medium=api&utm_source=e45342b0
junior data analyst,Experienced Application Architect,Gainwell Technologies LLC,"Trammells, Harris County",94767.05,94767.05,IT Jobs,2026-06-23T21:26:58Z,"Be part of a team that unleashes the power of leading-edge technologies to help improve the health and well-being of those most vulnerable in our country and communities. Working at Gainwell carries its rewards. You'll have an incredible opportunity to grow your career in a company that values work flexibility, learning, and career development. You'll add to your technical credentials and certifications while enjoying a generous, flexible vacation policy and educational assistance. We also have…",https://www.adzuna.com/land/ad/5774201318?se=zo9p_B-N8RG2-a5orHTjVQ&utm_medium=api&utm_source=e45342b0&v=C001AE4F5CD99AC036F30E868A16E8F415EEE01B
junior data analyst,Experienced Application Architect,Gainwell Technologies LLC,"Highland Park, Dallas",91343.67,91343.67,IT Jobs,2026-06-23T21:22:14Z,"Be part of a team that unleashes the power of leading-edge technologies to help improve the health and well-being of those most vulnerable in our country and communities. Working at Gainwell carries its rewards. You'll have an incredible opportunity to grow your career in a company that values work flexibility, learning, and career development. You'll add to your technical credentials and certifications while enjoying a generous, flexible vacation policy and educational assistance. We also have…",https://www.adzuna.com/land/ad/5774200386?se=zo9p_B-N8RG2-a5orHTjVQ&utm_medium=api&utm_source=e45342b0&v=DEF17AC2894992921E2E4479384D79BC34F00F9E
junior data analyst,Experienced Application Architect,Gainwell Technologies LLC,"Bee Cave, Travis County",85842.51,85842.51,IT Jobs,2026-06-23T21:22:12Z,"Be part of a team that unleashes the power of leading-edge technologies to help improve the health and well-being of those most vulnerable in our country and communities. Working at Gainwell carries its rewards. You'll have an incredible opportunity to grow your career in a company that values work flexibility, learning, and career development. You'll add to your technical credentials and certifications while enjoying a generous, flexible vacation policy and educational assistance. We also have…",https://www.adzuna.com/land/ad/5774200383?se=zo9p_B-N8RG2-a5orHTjVQ&utm_medium=api&utm_source=e45342b0&v=B7FB2E2BF4119E5846872E4C24241944AAC80BF2
junior data analyst,Senior Data Scientist,MrBeast,"San Mateo, San Mateo County",175259.7,175259.7,IT Jobs,2026-06-19T06:59:41Z,"About Us Beast Industries is a multifaceted media and entertainment company founded by Jimmy Donaldson, popularly known as MrBeast, the most watched person in the world. Renowned for revolutionizing digital content creation, Beast Industries encompasses a diverse portfolio of ventures that extend far beyond its origins on YouTube. With a mission to entertain, inspire, and create significant social impact, Beast Industries operates across various domains including digital media, philanthropy, co…",https://www.adzuna.com/details/5769298868?utm_medium=api&utm_source=e45342b0
junior data analyst,Lab Analyst II,ICON Clinical Research,"Quivira, Johnson County",66977.63,66977.63,Scientific & QA Jobs,2026-04-17T22:11:56Z,"Lab Analyst II - Bioanalytical LC-MS, Full time w/ benefits, Lenexa, Kansas (KS) ICON plc is a world-leading healthcare intelligence and clinical research organization. We're proud to foster an inclusive environment driving innovation and excellence, and we welcome you to join us on our mission to shape the future of clinical development. Looking to grow your career in support of real scientific advancements that bring new medicine to patients? Our bioanalytical teams in the Kansas City area ar…",https://www.adzuna.com/land/ad/5703189024?se=zo9p_B-N8RG2-a5orHTjVQ&utm_medium=api&utm_source=e45342b0&v=B4B1412A2C1A993307E5931140AB5D610C677341
junior data analyst,Data Analyst/Python Programmer - Remote,SynergisticIT,"Church Street, Manhattan",178219.4,178219.4,IT Jobs,2026-07-31T05:13:05Z,"Data Analyst/ML Engineer / Junior AI Developer — Build AI With Strong Foundations Machine learning and AI roles require more than enthusiasm. Employers want candidates who can code, work with data, understand model behavior, evaluate results, and explain decisions. For junior candidates, strong foundations in Python, SQL, statistics, and software thinking are essential. SynergisticIT is considering candidates interested in Python, machine learning, NLP, statistics, model evaluation, APIs, data …",https://www.adzuna.com/land/ad/5822209865?se=zo9p_B-N8RG2-a5orHTjVQ&utm_medium=api&utm_source=e45342b0&v=77F127D9B076EB6916E8E6FD06B7D2BB6276ECF3
junior data analyst,Software Engineering Senior Advisor- Hybrid,The Cigna Group,"Five Points, Wake County",110983.41,110983.41,IT Jobs,2026-06-09T21:34:24Z,"Cigna-Evernorth Services Inc. seeks a Software Engineering Senior Advisor for the Raleigh, NC location to design and build scalable data pipelines and ETL/ELT processes that can handle large amounts of both structured and unstructured data while ensuring security and reliability. Responsibilities: - Create and maintain data warehouse and data lake solutions using on-prem and cloud platforms like AWS. - Design database structures and data models that perform well for analytical queries and repor…",https://www.adzuna.com/land/ad/5757884235?se=zo9p_B-N8RG2-a5orHTjVQ&utm_medium=api&utm_source=e45342b0&v=6C24EB1E28F51934F6C9CB219B30E4BD161EAB6E
junior data analyst,Senior Data QA/Databricks Implementation Lead,Kforce Technology Staffing,"Juno Beach, Palm Beach County",173972.8,173972.8,IT Jobs,2026-03-27T10:13:19Z,"RESPONSIBILITIES: Kforce has a client that is seeking a Senior Data QA/Databricks Implementation Lead in Juno Beach, FL. Roles and Responsibilities: Strategic Leadership & Governance: * Lead the development and enforcement of enterprise standards for Databricks Unity Catalog, Medallion architecture, metadata, and domain onboarding * Serve as a senior advisor to domain data owners and stewards on data quality, CDE definitions, and semantic alignment * Drive adoption of enterprise data governance…",https://www.adzuna.com/land/ad/5680362854?se=zo9p_B-N8RG2-a5orHTjVQ&utm_medium=api&utm_source=e45342b0&v=6955848AD4D702AAFF251134090154B432106152
junior data analyst,WBG Pioneer - Reproducibility Intern,World Bank Group,"Washington, D.C., US",41534.4,41534.4,Scientific & QA Jobs,2026-07-26T00:44:17Z,"WBG Pioneer - Reproducibility Intern Job : req37631 Organization: World Bank Grade: T4 (no-fee) Location: Washington, DC,United States Hiring Manager: Florentina Mulaj Required Language(s): English Preferred Language(s): Closing Date: 8/12/2026 (11:59pm UTC) Description WBG Pioneers, the World Bank Group’s Internship Program, offers undergraduate and postgraduate students a high impact learning experience at the heart of global development. Participants gain hands on experience in a diverse and…",https://www.adzuna.com/details/5816152332?utm_medium=api&utm_source=e45342b0
junior data analyst,Data Scientist II,VSolvit,"Norco, Riverside County",115000.0,130000.0,IT Jobs,2026-07-03T00:22:35Z,"Data Scientist II On Site: Norco, CA Job Summary We are seeking a talented and driven mid-level Data Scientist to join our evolving and dynamic team. In this role, you will apply advanced data analytics and machine learning techniques to explore large, complex datasets for unknown trends and patterns regarding customer behavior, product performance, and operation efficiency to develop predictive models and support decision-making processes while adhering to the highest standards of security and…",https://www.adzuna.com/details/5786359336?utm_medium=api&utm_source=e45342b0
junior data analyst,Senior Marketing Data Analyst,Parkview Health,"Fort Wayne, Allen County",86247.55,86247.55,IT Jobs,2026-07-23T22:44:00Z,"Senior Marketing Data Analyst Summary Plays a critical role in driving data-informed marketing decisions by leading the analysis, interpretation, and visualization of complex marketing data. Reporting to the Marketing Technology Director , is responsible for managing daily marketing intelligence activities, ensuring data accuracy, and uncovering insights that optimize marketing performance. By collecting, organizing, and analyzing data from multiple sources, identifies trends, measures marketin…",https://www.adzuna.com/details/5813265568?utm_medium=api&utm_source=e45342b0
junior data analyst,Senior Marketing Data Specialist,Parkview Health,"Fort Wayne, Allen County",81887.35,81887.35,IT Jobs,2026-07-24T03:09:03Z,"Summary Summary Plays a critical role in driving data-informed marketing decisions by leading the analysis, interpretation, and visualization of complex marketing data. Reporting to the Marketing Technology Director , is responsible for managing daily marketing intelligence activities, ensuring data accuracy, and uncovering insights that optimize marketing performance. By collecting, organizing, and analyzing data from multiple sources, identifies trends, measures marketing effectiveness, and p…",https://www.adzuna.com/details/5813465967?utm_medium=api&utm_source=e45342b0
junior data analyst,Senior Data Engineer,ONE ALLIANCE INSURANCE MANAGERS,"Bay Lake, Orange County",115162.83,115162.83,IT Jobs,2026-07-25T04:39:21Z,"General Description: The Senior Data Engineer plays a critical leadership role within the Information Technology organization, partnering closely with data and analytics leadership to design, build, and evolve scalable, reliable, and secure data platforms that support enterprise analytics, reporting, and advanced data initiatives. This role is responsible for driving technical standards, architectural decisions, and best practices across data engineering efforts, while ensuring high levels of d…",https://www.adzuna.com/details/5815104127?utm_medium=api&utm_source=e45342b0
junior data analyst,"Senior Data Scientist, Data & AI Team",Hearst,"Meadows, Hudson County",149000.0,181000.0,IT Jobs,2025-07-30T16:29:23Z,"Description Be Part of What's Next Hearst Magazines is seeking a visionary and hands-on Senior Data Scientist to join our dynamic Data & AI team. In this pivotal role, you will be a key player in architecting and implementing the advanced data models that power personalized user experiences, drive our next-generation advertising products, and provide deep, actionable insights to our world-class editorial and commercial teams. You will tackle complex challenges at the intersection of machine lea…",https://www.adzuna.com/details/5328743439?utm_medium=api&utm_source=e45342b0
junior data analyst,"IT Data Scientist Principal I - Newark, NJ",Military Spouse Corporate Career Network,"Newark, Essex County",107600.0,170300.0,IT Jobs,2026-07-30T04:42:11Z,"ATTENTION MILITARY AFFILIATED JOB SEEKERS - Our organization works with partner companies to source qualified talent for their open roles. The following position is available to Veterans, Transitioning Military, National Guard and Reserve Members, Military Spouses, Wounded Warriors, and their Caregivers . If you have the required skill set, education requirements, and experience, please click the submit button and follow the next steps. All positions are onsite, unless otherwise stated. Locatio…",https://www.adzuna.com/details/5820909592?utm_medium=api&utm_source=e45342b0
junior data analyst,Data Analyst,ApplyLogic Consulting Group,"Springfield, Fairfax County",83315.91,83315.91,IT Jobs,2026-07-29T02:59:16Z,"ApplyLogic is a fast-paced Service-Disabled Veteran-Owned Small-Business, headquartered in Vienna, VA. Our people are our greatest asset, and our company culture is grounded on that belief. We offer challenging and interesting work in a friendly and supportive environment. Through prime and subcontracts, we deliver best-in-class expertise to solve complex technical problems. We're looking for a talented junior to mid-level Data Analyst to join our team in Springfield, Virginia (hybrid eligible,…",https://www.adzuna.com/details/5819420781?utm_medium=api&utm_source=e45342b0
junior data analyst,Oracle Enterprise Analytics Lead Consultant,Alithya,"Austin, Travis County",132297.89,132297.89,IT Jobs,2026-05-26T05:36:10Z,"Description Your role, your impact As an Oracle Enterprise Analytics Lead Consultant, you’ll join our fast-growing team dedicated consistently delivering to delivering great client experiences and high quality work products. With over 25 years of experience implementing Oracle products, Alithya is trusted by organizations across multiple industries to deliver transformation that lasts. Our Oracle experts lead projects in EPM, ERP, HCM, CX and SCM, helping clients streamline operations and achie…",https://www.adzuna.com/details/5741100652?utm_medium=api&utm_source=e45342b0
junior data analyst,"Senior Data Scientist, Risk",Mudflap,"Palo Alto, Santa Clara County",185000.0,225000.0,Engineering Jobs,2026-06-13T05:51:02Z,"Mudflap serves the $800B trucking industry, the backbone of the U.S. economy. Our market-leading payment products help truckers save thousands of dollars on fuel (their 1 business expense), while providing our fuel stop partners with access to new, hard-to-reach customers. We’re a fast-growing marketplace business looking for a new customer-obsessed teammate to join us on this exciting journey. At Mudflap, we’re building a data-driven decision engine that powers every facet of our business—from…",https://www.adzuna.com/details/5762421801?utm_medium=api&utm_source=e45342b0
business analyst,Business Analyst,DSV,"New Berlin, Waukesha County",60450.3,60450.3,Logistics & Warehouse Jobs,2026-07-31T14:52:00Z,"DSV – Global Transport and Logistics At DSV, our purpose is to keep customers’ supply chains flowing and enable the business of our customers by ensuring reliable and efficient transport and logistics services through storage and transport of goods by air, sea and road. Our vision is to create long-term, sustainable growth and value for our customers, employees, shareholders and society. Close to 150,000 employees in over 90 countries work diligently to deliver great customer experiences and hi…",https://www.adzuna.com/land/ad/5822602907?se=Upzi_B-N8RG2-a5orHTjVQ&utm_medium=api&utm_source=e45342b0&v=25BBFF027FAD494620BCBFC37B4BCE99C47EB24F
business analyst,Business Analyst,RedSail Technologies,US,77579.98,77579.98,IT Jobs,2026-07-31T15:21:22Z,"BUSINESS ANALYST (RAS) JOB SUMMARY The Business Analyst (RAS) is responsible for protecting the integrity of RedSail's products, services, and customer ecosystem by monitoring account activity, conducting account reviews, and analyzing operational data to identify potential risks, unusual activity, and opportunities to strengthen business controls. The role reviews information from the RAS/PowerLine environment and, when appropriate, validates activity within the Pharmacy Management System (PMS…",https://www.adzuna.com/land/ad/5822614681?se=Upzi_B-N8RG2-a5orHTjVQ&utm_medium=api&utm_source=e45342b0&v=1AAE3DF760760FCE1B9637518B89E85B266D1B6C
business analyst,Business Analyst,RedSail Technologies,"South Carolina, US",71520.69,71520.69,IT Jobs,2026-07-31T15:30:09Z,"BUSINESS ANALYST (RAS) JOB SUMMARY The Business Analyst (RAS) is responsible for protecting the integrity of RedSail's products, services, and customer ecosystem by monitoring account activity, conducting account reviews, and analyzing operational data to identify potential risks, unusual activity, and opportunities to strengthen business controls. The role reviews information from the RAS/PowerLine environment and, when appropriate, validates activity within the Pharmacy Management System (PMS…",https://www.adzuna.com/land/ad/5822626999?se=Upzi_B-N8RG2-a5orHTjVQ&utm_medium=api&utm_source=e45342b0&v=1C52F9923CA5144E7DE9E8F44496563505D0E1B1
business analyst,Business Analyst,Gainwell Technologies LLC,"Ohio, US",57786.58,57786.58,IT Jobs,2026-07-31T15:27:49Z,"Great companies need great teams to propel their operations. Join the group that solves business challenges and enhances the way we work and grow. Working at Gainwell carries its rewards. You’ll have an incredible opportunity to grow your career in a company that values your contributions and puts a premium on work flexibility, learning, and career development. Summary As a Business Analyst at Gainwell, you can contribute your skills as we harness the power of technology to help our clients imp…",https://www.adzuna.com/land/ad/5822621904?se=Upzi_B-N8RG2-a5orHTjVQ&utm_medium=api&utm_source=e45342b0&v=E0C5F1C12FE2A9B8506D4A09F2F49CE2B36166E0
business analyst,Business Analyst,RedSail Technologies,"Marshall, Harrison County",68959.02,68959.02,IT Jobs,2026-07-31T15:23:16Z,"BUSINESS ANALYST (RAS) JOB SUMMARY The Business Analyst (RAS) is responsible for protecting the integrity of RedSail's products, services, and customer ecosystem by monitoring account activity, conducting account reviews, and analyzing operational data to identify potential risks, unusual activity, and opportunities to strengthen business controls. The role reviews information from the RAS/PowerLine environment and, when appropriate, validates activity within the Pharmacy Management System (PMS…",https://www.adzuna.com/land/ad/5822616234?se=Upzi_B-N8RG2-a5orHTjVQ&utm_medium=api&utm_source=e45342b0&v=6D4DFF8683B2F6A6A793C69ACA46F1D45C2DB318
business analyst,Business Analyst,IDI: Insulation Distributors Inc.,"Chanhassen, Carver County",86509.84,86509.84,IT Jobs,2026-07-30T07:37:21Z,"Job Summary: Compensation: $72,142 - $101,500 The Business Analyst is responsible for developing and maintaining data models, business intelligence solutions, reporting platforms, and analytics processes that support financial and operational decision-making. This position reports to the Director of Financial Planning & Analysis and works closely with Finance and IT to deliver scalable reporting, data, and AI-enabled solutions. Responsibilities/Duties: Business Intelligence & Reporting Developm…",https://www.adzuna.com/land/ad/5821085647?se=Upzi_B-N8RG2-a5orHTjVQ&utm_medium=api&utm_source=e45342b0&v=4FC8ED1B7954894DA32A91319AB62A790CB09EF0
business analyst,Business Analyst,Lurie Children's Hospital,"Chicago, Cook County",59323.11,59323.11,Healthcare & Nursing Jobs,2026-07-30T06:55:11Z,"Ann & Robert H. Lurie Children’s Hospital of Chicago provides superior pediatric care in a setting that offers the latest benefits and innovations in medical technology, research and family-friendly design. As the largest pediatric provider in the region with a 140-year legacy of excellence, kids and their families are at the center of all we do. Ann & Robert H. Lurie Children’s Hospital of Chicago is ranked in all 10 specialties by the U.S. News & World Report. Location 680 Lake Shore Drive Jo…",https://www.adzuna.com/land/ad/5821045695?se=Upzi_B-N8RG2-a5orHTjVQ&utm_medium=api&utm_source=e45342b0&v=BE97029EDD4D06F87D118D0E9A3564A10B48B8EC
business analyst,Business Analyst,Public Consulting Group,"Massachusetts, US",80382.35,80382.35,Consultancy Jobs,2026-07-31T15:23:15Z,"Public Consulting Group LLC (PCG) is a leading public sector solutions implementation and operations improvement firm that partners with health, education, and human services agencies to improve lives. Founded in 1986, PCG employs approximately 2,000 professionals throughout the U.S.—all committed to delivering solutions that change lives for the better. The firm is a member of a family of companies with experience in all 50 states, and clients in three Canadian provinces and Europe. PCG offers…",https://www.adzuna.com/land/ad/5822616215?se=Upzi_B-N8RG2-a5orHTjVQ&utm_medium=api&utm_source=e45342b0&v=066D544BE17AF2622551CABF1CBDB4ED67A9D1FA
business analyst,Business Analyst III,Elevance Health,"Waukesha, Waukesha County",97923.46,97923.46,IT Jobs,2026-07-31T14:56:45Z,"Anticipated End Date: 2026-08-07 Position Title: Business Analyst III Job Description: Business Analyst III Location: The ideal candidate will reside within a reasonable distance of one of the following offices. Atlanta, GA; Columbus, GA, Waukesha, WI; Norfolk, VA, Indianapolis, IN, Louisville, KY, South Portland, ME and Manchester, NH. Hybrid 1: This role requires associates to be in-office 1 - 2 days per week, fostering collaboration and connectivity, while providing flexibility to support pr…",https://www.adzuna.com/land/ad/5822604680?se=Upzi_B-N8RG2-a5orHTjVQ&utm_medium=api&utm_source=e45342b0&v=4D3D6CBEC099C199813DE8B183B5CDA2DA1E0EEC
business analyst,Business Analyst III,Elevance Health,"South Portland, Cumberland County",101530.09,101530.09,IT Jobs,2026-07-31T14:59:50Z,"Anticipated End Date: 2026-08-07 Position Title: Business Analyst III Job Description: Business Analyst III Location: The ideal candidate will reside within a reasonable distance of one of the following offices. Atlanta, GA; Columbus, GA, Waukesha, WI; Norfolk, VA, Indianapolis, IN, Louisville, KY, South Portland, ME and Manchester, NH. Hybrid 1: This role requires associates to be in-office 1 - 2 days per week, fostering collaboration and connectivity, while providing flexibility to support pr…",https://www.adzuna.com/land/ad/5822605136?se=Upzi_B-N8RG2-a5orHTjVQ&utm_medium=api&utm_source=e45342b0&v=6A388D23DDB4C72195608F6D5582ABCC1B5FAC06
business analyst,Business Analyst III,Elevance Health,"Louisville, Jefferson County",96426.08,96426.08,IT Jobs,2026-07-31T15:29:08Z,"Anticipated End Date: 2026-08-07 Position Title: Business Analyst III Job Description: Business Analyst III Location: The ideal candidate will reside within a reasonable distance of one of the following offices. Atlanta, GA; Columbus, GA, Waukesha, WI; Norfolk, VA, Indianapolis, IN, Louisville, KY, South Portland, ME and Manchester, NH. Hybrid 1: This role requires associates to be in-office 1 - 2 days per week, fostering collaboration and connectivity, while providing flexibility to support pr…",https://www.adzuna.com/land/ad/5822624497?se=Upzi_B-N8RG2-a5orHTjVQ&utm_medium=api&utm_source=e45342b0&v=23B55D73A9B731F838EA36B1EBB223BFA02CC1A1
business analyst,Appian Business Analyst,Groundswell,"Colorado, US",101229.41,101229.41,IT Jobs,2026-07-30T17:48:30Z,"Groundswell is a premier technology integrator and solution provider, resolutely committed to solving the most complex challenges facing federal agencies today. Our name, Groundswell, represents our commitment to be an unstoppable, seismic change in government. Ours is a small company culture with big company reach and results. Groundswell is growing and looking for an Appian Business Analyst to join our team! This person will be responsible for partnering with our Appian product teams and pote…",https://www.adzuna.com/land/ad/5821581160?se=Upzi_B-N8RG2-a5orHTjVQ&utm_medium=api&utm_source=e45342b0&v=FC0A17E011FDB02C3CA0505C036C273EFC9BCE13
business analyst,Appian Business Analyst,Groundswell,"Texas, US",89528.33,89528.33,IT Jobs,2026-07-30T17:38:37Z,"Groundswell is a premier technology integrator and solution provider, resolutely committed to solving the most complex challenges facing federal agencies today. Our name, Groundswell, represents our commitment to be an unstoppable, seismic change in government. Ours is a small company culture with big company reach and results. Groundswell is growing and looking for an Appian Business Analyst to join our team! This person will be responsible for partnering with our Appian product teams and pote…",https://www.adzuna.com/land/ad/5821509138?se=Upzi_B-N8RG2-a5orHTjVQ&utm_medium=api&utm_source=e45342b0&v=3CDEA89C7CD782E6CCBAC6A4AB7AD79800D1A059
business analyst,Appian Business Analyst,Groundswell,"Nebraska, US",90915.91,90915.91,IT Jobs,2026-07-30T18:12:00Z,"Groundswell is a premier technology integrator and solution provider, resolutely committed to solving the most complex challenges facing federal agencies today. Our name, Groundswell, represents our commitment to be an unstoppable, seismic change in government. Ours is a small company culture with big company reach and results. Groundswell is growing and looking for an Appian Business Analyst to join our team! This person will be responsible for partnering with our Appian product teams and pote…",https://www.adzuna.com/land/ad/5821654120?se=Upzi_B-N8RG2-a5orHTjVQ&utm_medium=api&utm_source=e45342b0&v=E55989FEBEFE60E9865AEB4A95F368C31A2ED995
business analyst,Appian Business Analyst,Groundswell,"Arizona, US",85074.38,85074.38,IT Jobs,2026-07-30T18:05:36Z,"Groundswell is a premier technology integrator and solution provider, resolutely committed to solving the most complex challenges facing federal agencies today. Our name, Groundswell, represents our commitment to be an unstoppable, seismic change in government. Ours is a small company culture with big company reach and results. Groundswell is growing and looking for an Appian Business Analyst to join our team! This person will be responsible for partnering with our Appian product teams and pote…",https://www.adzuna.com/land/ad/5821649583?se=Upzi_B-N8RG2-a5orHTjVQ&utm_medium=api&utm_source=e45342b0&v=5E3826076E62DE442FD6651509908D2FB22E2283
business analyst,Appian Business Analyst,Groundswell,"Montana, Jefferson County",88477.36,88477.36,IT Jobs,2026-07-30T18:08:21Z,"Groundswell is a premier technology integrator and solution provider, resolutely committed to solving the most complex challenges facing federal agencies today. Our name, Groundswell, represents our commitment to be an unstoppable, seismic change in government. Ours is a small company culture with big company reach and results. Groundswell is growing and looking for an Appian Business Analyst to join our team! This person will be responsible for partnering with our Appian product teams and pote…",https://www.adzuna.com/land/ad/5821651864?se=Upzi_B-N8RG2-a5orHTjVQ&utm_medium=api&utm_source=e45342b0&v=F58E66D66D1163C6E35AE319C07DF023F7E10F94
business analyst,Appian Business Analyst,Groundswell,"Missouri, US",96843.55,96843.55,IT Jobs,2026-07-30T17:45:55Z,"Groundswell is a premier technology integrator and solution provider, resolutely committed to solving the most complex challenges facing federal agencies today. Our name, Groundswell, represents our commitment to be an unstoppable, seismic change in government. Ours is a small company culture with big company reach and results. Groundswell is growing and looking for an Appian Business Analyst to join our team! This person will be responsible for partnering with our Appian product teams and pote…",https://www.adzuna.com/land/ad/5821563848?se=Upzi_B-N8RG2-a5orHTjVQ&utm_medium=api&utm_source=e45342b0&v=89EC430E4A241887E5B85F426552E015FE5CD59E
business analyst,Appian Business Analyst,Groundswell,"Oklahoma, US",93034.38,93034.38,IT Jobs,2026-07-30T18:00:51Z,"Groundswell is a premier technology integrator and solution provider, resolutely committed to solving the most complex challenges facing federal agencies today. Our name, Groundswell, represents our commitment to be an unstoppable, seismic change in government. Ours is a small company culture with big company reach and results. Groundswell is growing and looking for an Appian Business Analyst to join our team! This person will be responsible for partnering with our Appian product teams and pote…",https://www.adzuna.com/land/ad/5821633305?se=Upzi_B-N8RG2-a5orHTjVQ&utm_medium=api&utm_source=e45342b0&v=E61D0D63A1B269F485D8DD9E6B91B02EE7404199
business analyst,Appian Business Analyst,Groundswell,"Alaska, US",102707.2,102707.2,IT Jobs,2026-07-30T18:04:32Z,"Groundswell is a premier technology integrator and solution provider, resolutely committed to solving the most complex challenges facing federal agencies today. Our name, Groundswell, represents our commitment to be an unstoppable, seismic change in government. Ours is a small company culture with big company reach and results. Groundswell is growing and looking for an Appian Business Analyst to join our team! This person will be responsible for partnering with our Appian product teams and pote…",https://www.adzuna.com/land/ad/5821648440?se=Upzi_B-N8RG2-a5orHTjVQ&utm_medium=api&utm_source=e45342b0&v=23D985A319856B190F2EAF93AC61F9CF83074878
business analyst,Appian Business Analyst,Groundswell,"Tennessee, Drew County",114039.42,114039.42,IT Jobs,2026-07-30T17:48:35Z,"Who Are We? Groundswell is a premier technology integrator and solution provider, resolutely committed to solving the most complex challenges facing federal agencies today. Our name, Groundswell, represents our commitment to be an unstoppable, seismic change in government. Ours is a small company culture with big company reach and results. Are you ready to be audacious, be bold and drive change at a rapid pace? Join us, where we’ll make a greater impact together. What You'll do: Groundswell is …",https://www.adzuna.com/land/ad/5821581778?se=Upzi_B-N8RG2-a5orHTjVQ&utm_medium=api&utm_source=e45342b0&v=E677EC29894A9F03B01E11A9501D171CB941DA7B
business analyst,Appian Business Analyst,Groundswell,"Mississippi, US",100094.71,100094.71,IT Jobs,2026-07-30T17:44:15Z,"Who Are We? Groundswell is a premier technology integrator and solution provider, resolutely committed to solving the most complex challenges facing federal agencies today. Our name, Groundswell, represents our commitment to be an unstoppable, seismic change in government. Ours is a small company culture with big company reach and results. Are you ready to be audacious, be bold and drive change at a rapid pace? Join us, where we’ll make a greater impact together. What You'll do: Groundswell is …",https://www.adzuna.com/land/ad/5821549410?se=Upzi_B-N8RG2-a5orHTjVQ&utm_medium=api&utm_source=e45342b0&v=BD67C32FA190CCC561036C1DA392D7FCFF4BC979
business analyst,Appian Business Analyst,Groundswell,"Rhode Island, US",114141.81,114141.81,IT Jobs,2026-07-30T18:03:33Z,"Who Are We? Groundswell is a premier technology integrator and solution provider, resolutely committed to solving the most complex challenges facing federal agencies today. Our name, Groundswell, represents our commitment to be an unstoppable, seismic change in government. Ours is a small company culture with big company reach and results. Are you ready to be audacious, be bold and drive change at a rapid pace? Join us, where we’ll make a greater impact together. What You'll do: Groundswell is …",https://www.adzuna.com/land/ad/5821647681?se=Upzi_B-N8RG2-a5orHTjVQ&utm_medium=api&utm_source=e45342b0&v=078E79563955ED1429040A1AD19CFD503656A588
business analyst,Appian Business Analyst,Groundswell,"Vermont, Los Angeles County",108100.18,108100.18,IT Jobs,2026-07-30T18:03:31Z,"Who Are We? Groundswell is a premier technology integrator and solution provider, resolutely committed to solving the most complex challenges facing federal agencies today. Our name, Groundswell, represents our commitment to be an unstoppable, seismic change in government. Ours is a small company culture with big company reach and results. Are you ready to be audacious, be bold and drive change at a rapid pace? Join us, where we’ll make a greater impact together. What You'll do: Groundswell is …",https://www.adzuna.com/land/ad/5821647474?se=Upzi_B-N8RG2-a5orHTjVQ&utm_medium=api&utm_source=e45342b0&v=2D082BDBBCB41B7A79B932B2CA86B93574A199F6
business analyst,Appian Business Analyst,Groundswell,"Kentucky, US",109180.59,109180.59,IT Jobs,2026-07-30T18:03:31Z,"Who Are We? Groundswell is a premier technology integrator and solution provider, resolutely committed to solving the most complex challenges facing federal agencies today. Our name, Groundswell, represents our commitment to be an unstoppable, seismic change in government. Ours is a small company culture with big company reach and results. Are you ready to be audacious, be bold and drive change at a rapid pace? Join us, where we’ll make a greater impact together. What You'll do: Groundswell is …",https://www.adzuna.com/land/ad/5821647451?se=Upzi_B-N8RG2-a5orHTjVQ&utm_medium=api&utm_source=e45342b0&v=281D4896D7770624682BF74849838CEA5B066F97
business analyst,Appian Business Analyst,Groundswell,"Missouri, US",114018.44,114018.44,IT Jobs,2026-07-30T18:03:26Z,"Who Are We? Groundswell is a premier technology integrator and solution provider, resolutely committed to solving the most complex challenges facing federal agencies today. Our name, Groundswell, represents our commitment to be an unstoppable, seismic change in government. Ours is a small company culture with big company reach and results. Are you ready to be audacious, be bold and drive change at a rapid pace? Join us, where we’ll make a greater impact together. What You'll do: Groundswell is …",https://www.adzuna.com/land/ad/5821647081?se=Upzi_B-N8RG2-a5orHTjVQ&utm_medium=api&utm_source=e45342b0&v=88E25945DC08DA59EDF1F005617F07733C4B860E
business analyst,Appian Business Analyst,Groundswell,"North Dakota, US",111768.98,111768.98,IT Jobs,2026-07-30T17:41:12Z,"Who Are We? Groundswell is a premier technology integrator and solution provider, resolutely committed to solving the most complex challenges facing federal agencies today. Our name, Groundswell, represents our commitment to be an unstoppable, seismic change in government. Ours is a small company culture with big company reach and results. Are you ready to be audacious, be bold and drive change at a rapid pace? Join us, where we’ll make a greater impact together. What You'll do: Groundswell is …",https://www.adzuna.com/land/ad/5821529766?se=Upzi_B-N8RG2-a5orHTjVQ&utm_medium=api&utm_source=e45342b0&v=3745CA170E122ED680F477E54313314E86C964EC
business analyst,Appian Business Analyst,Groundswell,"Connecticut, US",118213.58,118213.58,IT Jobs,2026-07-30T17:38:53Z,"Who Are We? Groundswell is a premier technology integrator and solution provider, resolutely committed to solving the most complex challenges facing federal agencies today. Our name, Groundswell, represents our commitment to be an unstoppable, seismic change in government. Ours is a small company culture with big company reach and results. Are you ready to be audacious, be bold and drive change at a rapid pace? Join us, where we’ll make a greater impact together. What You'll do: Groundswell is …",https://www.adzuna.com/land/ad/5821511786?se=Upzi_B-N8RG2-a5orHTjVQ&utm_medium=api&utm_source=e45342b0&v=A3276B0958BE8592ED5A1A9188696921B5C5A828
business analyst,Appian Business Analyst,Groundswell,"California, US",121429.88,121429.88,IT Jobs,2026-07-30T17:38:52Z,"Who Are We? Groundswell is a premier technology integrator and solution provider, resolutely committed to solving the most complex challenges facing federal agencies today. Our name, Groundswell, represents our commitment to be an unstoppable, seismic change in government. Ours is a small company culture with big company reach and results. Are you ready to be audacious, be bold and drive change at a rapid pace? Join us, where we’ll make a greater impact together. What You'll do: Groundswell is …",https://www.adzuna.com/land/ad/5821511773?se=Upzi_B-N8RG2-a5orHTjVQ&utm_medium=api&utm_source=e45342b0&v=ACC187C9FB4EBD26AA25F663B9830EAE2652A5EE
business analyst,Appian Business Analyst,Groundswell,"Pennsylvania, US",114100.67,114100.67,IT Jobs,2026-07-30T17:51:02Z,"Who Are We? Groundswell is a premier technology integrator and solution provider, resolutely committed to solving the most complex challenges facing federal agencies today. Our name, Groundswell, represents our commitment to be an unstoppable, seismic change in government. Ours is a small company culture with big company reach and results. Are you ready to be audacious, be bold and drive change at a rapid pace? Join us, where we’ll make a greater impact together. What You'll do: Groundswell is …",https://www.adzuna.com/land/ad/5821598862?se=Upzi_B-N8RG2-a5orHTjVQ&utm_medium=api&utm_source=e45342b0&v=5CC6E5DFB651DC005E3E831CDC7E999826773048
business analyst,Appian Business Analyst,Groundswell,"Michigan, US",113941.8,113941.8,IT Jobs,2026-07-30T18:01:17Z,"Who Are We? Groundswell is a premier technology integrator and solution provider, resolutely committed to solving the most complex challenges facing federal agencies today. Our name, Groundswell, represents our commitment to be an unstoppable, seismic change in government. Ours is a small company culture with big company reach and results. Are you ready to be audacious, be bold and drive change at a rapid pace? Join us, where we’ll make a greater impact together. What You'll do: Groundswell is …",https://www.adzuna.com/land/ad/5821635466?se=Upzi_B-N8RG2-a5orHTjVQ&utm_medium=api&utm_source=e45342b0&v=E2BE946B1155E40828B7CA52BEB8D75912749212
business analyst,Appian Business Analyst,Groundswell,"Nebraska, US",107039.75,107039.75,IT Jobs,2026-07-30T17:35:55Z,"Who Are We? Groundswell is a premier technology integrator and solution provider, resolutely committed to solving the most complex challenges facing federal agencies today. Our name, Groundswell, represents our commitment to be an unstoppable, seismic change in government. Ours is a small company culture with big company reach and results. Are you ready to be audacious, be bold and drive change at a rapid pace? Join us, where we’ll make a greater impact together. What You'll do: Groundswell is …",https://www.adzuna.com/land/ad/5821486992?se=Upzi_B-N8RG2-a5orHTjVQ&utm_medium=api&utm_source=e45342b0&v=ADCF889B3E10975C9C5918EF2602D9452DC17AA1
business analyst,Appian Business Analyst,Groundswell,Florida,114717.35,114717.35,IT Jobs,2026-07-30T17:36:00Z,"Who Are We? Groundswell is a premier technology integrator and solution provider, resolutely committed to solving the most complex challenges facing federal agencies today. Our name, Groundswell, represents our commitment to be an unstoppable, seismic change in government. Ours is a small company culture with big company reach and results. Are you ready to be audacious, be bold and drive change at a rapid pace? Join us, where we’ll make a greater impact together. What You'll do: Groundswell is …",https://www.adzuna.com/land/ad/5821488358?se=Upzi_B-N8RG2-a5orHTjVQ&utm_medium=api&utm_source=e45342b0&v=1CA8F5381C52DA53430FEF52B8E5CDB04407599C
business analyst,Appian Business Analyst,Groundswell,"Iowa, Johnson County",109898.16,109898.16,IT Jobs,2026-07-30T17:36:00Z,"Who Are We? Groundswell is a premier technology integrator and solution provider, resolutely committed to solving the most complex challenges facing federal agencies today. Our name, Groundswell, represents our commitment to be an unstoppable, seismic change in government. Ours is a small company culture with big company reach and results. Are you ready to be audacious, be bold and drive change at a rapid pace? Join us, where we’ll make a greater impact together. What You'll do: Groundswell is …",https://www.adzuna.com/land/ad/5821488462?se=Upzi_B-N8RG2-a5orHTjVQ&utm_medium=api&utm_source=e45342b0&v=21BCF1012B1B136D076A80645568D1C40D40A8E0
business analyst,Appian Business Analyst,Groundswell,"Texas, US",105405.78,105405.78,IT Jobs,2026-07-30T17:38:37Z,"Who Are We? Groundswell is a premier technology integrator and solution provider, resolutely committed to solving the most complex challenges facing federal agencies today. Our name, Groundswell, represents our commitment to be an unstoppable, seismic change in government. Ours is a small company culture with big company reach and results. Are you ready to be audacious, be bold and drive change at a rapid pace? Join us, where we’ll make a greater impact together. What You'll do: Groundswell is …",https://www.adzuna.com/land/ad/5821509149?se=Upzi_B-N8RG2-a5orHTjVQ&utm_medium=api&utm_source=e45342b0&v=1F39424CA665706D29DDB658B0741E63AE8C66B5
business analyst,Appian Business Analyst,Groundswell,"Alaska, US",120921.98,120921.98,IT Jobs,2026-07-30T17:38:34Z,"Who Are We? Groundswell is a premier technology integrator and solution provider, resolutely committed to solving the most complex challenges facing federal agencies today. Our name, Groundswell, represents our commitment to be an unstoppable, seismic change in government. Ours is a small company culture with big company reach and results. Are you ready to be audacious, be bold and drive change at a rapid pace? Join us, where we’ll make a greater impact together. What You'll do: Groundswell is …",https://www.adzuna.com/land/ad/5821508637?se=Upzi_B-N8RG2-a5orHTjVQ&utm_medium=api&utm_source=e45342b0&v=267C4FD7A53001B4DCC63D4E20C33851A1103569
business analyst,Appian Business Analyst,Groundswell,"Idaho, Clay County",109995.98,109995.98,IT Jobs,2026-07-30T17:38:44Z,"Who Are We? Groundswell is a premier technology integrator and solution provider, resolutely committed to solving the most complex challenges facing federal agencies today. Our name, Groundswell, represents our commitment to be an unstoppable, seismic change in government. Ours is a small company culture with big company reach and results. Are you ready to be audacious, be bold and drive change at a rapid pace? Join us, where we’ll make a greater impact together. What You'll do: Groundswell is …",https://www.adzuna.com/land/ad/5821510061?se=Upzi_B-N8RG2-a5orHTjVQ&utm_medium=api&utm_source=e45342b0&v=4C4BAB73302F2461A19AC62C23226A9A2B0F1CE6
business analyst,Appian Business Analyst,Groundswell,"Arkansas, US",110111.85,110111.85,IT Jobs,2026-07-30T17:35:46Z,"Who Are We? Groundswell is a premier technology integrator and solution provider, resolutely committed to solving the most complex challenges facing federal agencies today. Our name, Groundswell, represents our commitment to be an unstoppable, seismic change in government. Ours is a small company culture with big company reach and results. Are you ready to be audacious, be bold and drive change at a rapid pace? Join us, where we’ll make a greater impact together. What You'll do: Groundswell is …",https://www.adzuna.com/land/ad/5821485339?se=Upzi_B-N8RG2-a5orHTjVQ&utm_medium=api&utm_source=e45342b0&v=6F34F83FC2691EBD5CDC5285DD21D4CBC41E7E8A
business analyst,Appian Business Analyst,Groundswell,"Georgia, US",108291.99,108291.99,IT Jobs,2026-07-30T17:33:21Z,"Who Are We? Groundswell is a premier technology integrator and solution provider, resolutely committed to solving the most complex challenges facing federal agencies today. Our name, Groundswell, represents our commitment to be an unstoppable, seismic change in government. Ours is a small company culture with big company reach and results. Are you ready to be audacious, be bold and drive change at a rapid pace? Join us, where we’ll make a greater impact together. What You'll do: Groundswell is …",https://www.adzuna.com/land/ad/5821469783?se=Upzi_B-N8RG2-a5orHTjVQ&utm_medium=api&utm_source=e45342b0&v=DB1B11082CE503D2DEABD359B6983DE2571A8176
business analyst,Appian Business Analyst,Groundswell,"North Carolina, US",108855.69,108855.69,IT Jobs,2026-07-30T17:33:11Z,"Who Are We? Groundswell is a premier technology integrator and solution provider, resolutely committed to solving the most complex challenges facing federal agencies today. Our name, Groundswell, represents our commitment to be an unstoppable, seismic change in government. Ours is a small company culture with big company reach and results. Are you ready to be audacious, be bold and drive change at a rapid pace? Join us, where we’ll make a greater impact together. What You'll do: Groundswell is …",https://www.adzuna.com/land/ad/5821469187?se=Upzi_B-N8RG2-a5orHTjVQ&utm_medium=api&utm_source=e45342b0&v=ADA0E8DA3974A3A0EE9ACE9BD1C11AB4A6E72DEE
business analyst,Appian Business Analyst,Groundswell,"Kansas, Wyandotte County",114878.07,114878.07,IT Jobs,2026-07-30T18:04:26Z,"Who Are We? Groundswell is a premier technology integrator and solution provider, resolutely committed to solving the most complex challenges facing federal agencies today. Our name, Groundswell, represents our commitment to be an unstoppable, seismic change in government. Ours is a small company culture with big company reach and results. Are you ready to be audacious, be bold and drive change at a rapid pace? Join us, where we’ll make a greater impact together. What You'll do: Groundswell is …",https://www.adzuna.com/land/ad/5821648001?se=Upzi_B-N8RG2-a5orHTjVQ&utm_medium=api&utm_source=e45342b0&v=10E0B0CEA267E42C6771210C99B0DEF819B964FD
business analyst,Appian Business Analyst,Groundswell,"Maine, US",114479.43,114479.43,IT Jobs,2026-07-30T18:12:11Z,"Who Are We? Groundswell is a premier technology integrator and solution provider, resolutely committed to solving the most complex challenges facing federal agencies today. Our name, Groundswell, represents our commitment to be an unstoppable, seismic change in government. Ours is a small company culture with big company reach and results. Are you ready to be audacious, be bold and drive change at a rapid pace? Join us, where we’ll make a greater impact together. What You'll do: Groundswell is …",https://www.adzuna.com/land/ad/5821654400?se=Upzi_B-N8RG2-a5orHTjVQ&utm_medium=api&utm_source=e45342b0&v=39C1B6762714EDD8D837F13905030917383E0FA5
business analyst,Appian Business Analyst,Groundswell,"Oklahoma, US",109533.61,109533.61,IT Jobs,2026-07-30T18:05:34Z,"Who Are We? Groundswell is a premier technology integrator and solution provider, resolutely committed to solving the most complex challenges facing federal agencies today. Our name, Groundswell, represents our commitment to be an unstoppable, seismic change in government. Ours is a small company culture with big company reach and results. Are you ready to be audacious, be bold and drive change at a rapid pace? Join us, where we’ll make a greater impact together. What You'll do: Groundswell is …",https://www.adzuna.com/land/ad/5821649379?se=Upzi_B-N8RG2-a5orHTjVQ&utm_medium=api&utm_source=e45342b0&v=18297E2D0AFD3119A21C1D8F965C34FA7D3076F5
business analyst,Appian Business Analyst,Groundswell,"Louisiana, US",107189.09,107189.09,IT Jobs,2026-07-30T18:08:45Z,"Who Are We? Groundswell is a premier technology integrator and solution provider, resolutely committed to solving the most complex challenges facing federal agencies today. Our name, Groundswell, represents our commitment to be an unstoppable, seismic change in government. Ours is a small company culture with big company reach and results. Are you ready to be audacious, be bold and drive change at a rapid pace? Join us, where we’ll make a greater impact together. What You'll do: Groundswell is …",https://www.adzuna.com/land/ad/5821652708?se=Upzi_B-N8RG2-a5orHTjVQ&utm_medium=api&utm_source=e45342b0&v=3A03658AFC0E9A1098EEFD1E2CF3EB46A86D8B11
business analyst,Appian Business Analyst,Groundswell,"Arizona, US",100162.12,100162.12,IT Jobs,2026-07-30T23:16:53Z,"Who Are We? Groundswell is a premier technology integrator and solution provider, resolutely committed to solving the most complex challenges facing federal agencies today. Our name, Groundswell, represents our commitment to be an unstoppable, seismic change in government. Ours is a small company culture with big company reach and results. Are you ready to be audacious, be bold and drive change at a rapid pace? Join us, where we’ll make a greater impact together. What You'll do: Groundswell is …",https://www.adzuna.com/land/ad/5821965370?se=Upzi_B-N8RG2-a5orHTjVQ&utm_medium=api&utm_source=e45342b0&v=FBD0E0E14B6D22BD944D50B970E4E5BBF999BA45
business analyst,Appian Business Analyst,Groundswell,"South Dakota, US",114509.57,114509.57,IT Jobs,2026-07-30T23:16:44Z,"Who Are We? Groundswell is a premier technology integrator and solution provider, resolutely committed to solving the most complex challenges facing federal agencies today. Our name, Groundswell, represents our commitment to be an unstoppable, seismic change in government. Ours is a small company culture with big company reach and results. Are you ready to be audacious, be bold and drive change at a rapid pace? Join us, where we’ll make a greater impact together. What You'll do: Groundswell is …",https://www.adzuna.com/land/ad/5821965056?se=Upzi_B-N8RG2-a5orHTjVQ&utm_medium=api&utm_source=e45342b0&v=6017F6B4BAAC737737EF85903EA7612CF4B6FD6C
business analyst,Appian Business Analyst,Groundswell,"West Virginia, US",116999.37,116999.37,IT Jobs,2026-07-30T17:51:20Z,"Who Are We? Groundswell is a premier technology integrator and solution provider, resolutely committed to solving the most complex challenges facing federal agencies today. Our name, Groundswell, represents our commitment to be an unstoppable, seismic change in government. Ours is a small company culture with big company reach and results. Are you ready to be audacious, be bold and drive change at a rapid pace? Join us, where we’ll make a greater impact together. What You'll do: Groundswell is …",https://www.adzuna.com/land/ad/5821601340?se=Upzi_B-N8RG2-a5orHTjVQ&utm_medium=api&utm_source=e45342b0&v=B5D9509C04FC11ADD92E16EC8C68CBC22E8AF062
business analyst,Appian Business Analyst,Groundswell,"New Jersey, US",122023.2,122023.2,IT Jobs,2026-07-30T17:51:19Z,"Who Are We? Groundswell is a premier technology integrator and solution provider, resolutely committed to solving the most complex challenges facing federal agencies today. Our name, Groundswell, represents our commitment to be an unstoppable, seismic change in government. Ours is a small company culture with big company reach and results. Are you ready to be audacious, be bold and drive change at a rapid pace? Join us, where we’ll make a greater impact together. What You'll do: Groundswell is …",https://www.adzuna.com/land/ad/5821601191?se=Upzi_B-N8RG2-a5orHTjVQ&utm_medium=api&utm_source=e45342b0&v=D3F82CB03AF5D21E399D4130A731D10A8441F67B
business analyst,Appian Business Analyst,Groundswell,"Massachusetts, US",117198.7,117198.7,IT Jobs,2026-07-30T18:12:25Z,"Who Are We? Groundswell is a premier technology integrator and solution provider, resolutely committed to solving the most complex challenges facing federal agencies today. Our name, Groundswell, represents our commitment to be an unstoppable, seismic change in government. Ours is a small company culture with big company reach and results. Are you ready to be audacious, be bold and drive change at a rapid pace? Join us, where we’ll make a greater impact together. What You'll do: Groundswell is …",https://www.adzuna.com/land/ad/5821654887?se=Upzi_B-N8RG2-a5orHTjVQ&utm_medium=api&utm_source=e45342b0&v=A8BE9FDA2911B0DAE7BAD98801591737154069FE
business analyst,Appian Business Analyst,Groundswell,"Minnesota, US",113234.98,113234.98,IT Jobs,2026-07-30T18:12:33Z,"Who Are We? Groundswell is a premier technology integrator and solution provider, resolutely committed to solving the most complex challenges facing federal agencies today. Our name, Groundswell, represents our commitment to be an unstoppable, seismic change in government. Ours is a small company culture with big company reach and results. Are you ready to be audacious, be bold and drive change at a rapid pace? Join us, where we’ll make a greater impact together. What You'll do: Groundswell is …",https://www.adzuna.com/land/ad/5821655185?se=Upzi_B-N8RG2-a5orHTjVQ&utm_medium=api&utm_source=e45342b0&v=D19389F387426CF6BA71BDFA28AA273482943524
business analyst,Appian Business Analyst,Groundswell,"Wisconsin, US",111653.07,111653.07,IT Jobs,2026-07-30T18:12:28Z,"Who Are We? Groundswell is a premier technology integrator and solution provider, resolutely committed to solving the most complex challenges facing federal agencies today. Our name, Groundswell, represents our commitment to be an unstoppable, seismic change in government. Ours is a small company culture with big company reach and results. Are you ready to be audacious, be bold and drive change at a rapid pace? Join us, where we’ll make a greater impact together. What You'll do: Groundswell is …",https://www.adzuna.com/land/ad/5821655007?se=Upzi_B-N8RG2-a5orHTjVQ&utm_medium=api&utm_source=e45342b0&v=A578FDA2513061B8745A5A35CECFF64D638709F4
business analyst,Appian Business Analyst,Groundswell,"Maryland, Anne Arundel County",110760.73,110760.73,IT Jobs,2026-07-30T18:17:11Z,"Who Are We? Groundswell is a premier technology integrator and solution provider, resolutely committed to solving the most complex challenges facing federal agencies today. Our name, Groundswell, represents our commitment to be an unstoppable, seismic change in government. Ours is a small company culture with big company reach and results. Are you ready to be audacious, be bold and drive change at a rapid pace? Join us, where we’ll make a greater impact together. What You'll do: Groundswell is …",https://www.adzuna.com/land/ad/5821656120?se=ugVX_R-N8RG2-a5orHTjVQ&utm_medium=api&utm_source=e45342b0&v=C5B9C481683483D42A76213EFFE6D06F50C9C695
business analyst,Appian Business Analyst,Groundswell,"New Mexico, US",110718.17,110718.17,IT Jobs,2026-07-30T18:17:42Z,"Who Are We? Groundswell is a premier technology integrator and solution provider, resolutely committed to solving the most complex challenges facing federal agencies today. Our name, Groundswell, represents our commitment to be an unstoppable, seismic change in government. Ours is a small company culture with big company reach and results. Are you ready to be audacious, be bold and drive change at a rapid pace? Join us, where we’ll make a greater impact together. What You'll do: Groundswell is …",https://www.adzuna.com/land/ad/5821657091?se=ugVX_R-N8RG2-a5orHTjVQ&utm_medium=api&utm_source=e45342b0&v=6C25B0D80AB8C1192FE17832075C94C00BB0CF03
business analyst,Appian Business Analyst,Groundswell,"Illinois, US",111629.76,111629.76,IT Jobs,2026-07-30T18:17:46Z,"Who Are We? Groundswell is a premier technology integrator and solution provider, resolutely committed to solving the most complex challenges facing federal agencies today. Our name, Groundswell, represents our commitment to be an unstoppable, seismic change in government. Ours is a small company culture with big company reach and results. Are you ready to be audacious, be bold and drive change at a rapid pace? Join us, where we’ll make a greater impact together. What You'll do: Groundswell is …",https://www.adzuna.com/land/ad/5821657245?se=ugVX_R-N8RG2-a5orHTjVQ&utm_medium=api&utm_source=e45342b0&v=5FF8D91822227AAC18E55554BD01B5C05F92BAA5
business analyst,Appian Business Analyst,Groundswell,"Virginia, US",111889.5,111889.5,IT Jobs,2026-07-30T18:05:47Z,"Who Are We? Groundswell is a premier technology integrator and solution provider, resolutely committed to solving the most complex challenges facing federal agencies today. Our name, Groundswell, represents our commitment to be an unstoppable, seismic change in government. Ours is a small company culture with big company reach and results. Are you ready to be audacious, be bold and drive change at a rapid pace? Join us, where we’ll make a greater impact together. What You'll do: Groundswell is …",https://www.adzuna.com/land/ad/5821650302?se=ugVX_R-N8RG2-a5orHTjVQ&utm_medium=api&utm_source=e45342b0&v=48DF98A87A937B7382A540C514AFD4E903A07116
business analyst,Appian Business Analyst,Groundswell,"Colorado, US",119182.1,119182.1,IT Jobs,2026-07-30T18:08:21Z,"Who Are We? Groundswell is a premier technology integrator and solution provider, resolutely committed to solving the most complex challenges facing federal agencies today. Our name, Groundswell, represents our commitment to be an unstoppable, seismic change in government. Ours is a small company culture with big company reach and results. Are you ready to be audacious, be bold and drive change at a rapid pace? Join us, where we’ll make a greater impact together. What You'll do: Groundswell is …",https://www.adzuna.com/land/ad/5821651899?se=ugVX_R-N8RG2-a5orHTjVQ&utm_medium=api&utm_source=e45342b0&v=F76F9E110DFB154750BD0CBC0B6A61C339A3DE75
business analyst,Appian Business Analyst,Groundswell,"South Carolina, US",112249.67,112249.67,IT Jobs,2026-07-30T18:08:45Z,"Who Are We? Groundswell is a premier technology integrator and solution provider, resolutely committed to solving the most complex challenges facing federal agencies today. Our name, Groundswell, represents our commitment to be an unstoppable, seismic change in government. Ours is a small company culture with big company reach and results. Are you ready to be audacious, be bold and drive change at a rapid pace? Join us, where we’ll make a greater impact together. What You'll do: Groundswell is …",https://www.adzuna.com/land/ad/5821652707?se=ugVX_R-N8RG2-a5orHTjVQ&utm_medium=api&utm_source=e45342b0&v=B92C58693A9CB107F574A639FF2A1D0707D164F2
business analyst,Appian Business Analyst,Groundswell,Hawaii,124074.77,124074.77,IT Jobs,2026-07-30T18:04:30Z,"Who Are We? Groundswell is a premier technology integrator and solution provider, resolutely committed to solving the most complex challenges facing federal agencies today. Our name, Groundswell, represents our commitment to be an unstoppable, seismic change in government. Ours is a small company culture with big company reach and results. Are you ready to be audacious, be bold and drive change at a rapid pace? Join us, where we’ll make a greater impact together. What You'll do: Groundswell is …",https://www.adzuna.com/land/ad/5821648265?se=ugVX_R-N8RG2-a5orHTjVQ&utm_medium=api&utm_source=e45342b0&v=4F0E74CAE9AD0268492FFBB3CB6912639AEE4280
business analyst,Appian Business Analyst,Groundswell,"New Hampshire, US",114049.87,114049.87,IT Jobs,2026-07-30T18:04:36Z,"Who Are We? Groundswell is a premier technology integrator and solution provider, resolutely committed to solving the most complex challenges facing federal agencies today. Our name, Groundswell, represents our commitment to be an unstoppable, seismic change in government. Ours is a small company culture with big company reach and results. Are you ready to be audacious, be bold and drive change at a rapid pace? Join us, where we’ll make a greater impact together. What You'll do: Groundswell is …",https://www.adzuna.com/land/ad/5821648805?se=ugVX_R-N8RG2-a5orHTjVQ&utm_medium=api&utm_source=e45342b0&v=12575B985A7B45F7B46FABEF4EDB1094634932A0
business analyst,Appian Business Analyst,Groundswell,"Montana, Jefferson County",104168.62,104168.62,IT Jobs,2026-07-30T18:00:50Z,"Who Are We? Groundswell is a premier technology integrator and solution provider, resolutely committed to solving the most complex challenges facing federal agencies today. Our name, Groundswell, represents our commitment to be an unstoppable, seismic change in government. Ours is a small company culture with big company reach and results. Are you ready to be audacious, be bold and drive change at a rapid pace? Join us, where we’ll make a greater impact together. What You'll do: Groundswell is …",https://www.adzuna.com/land/ad/5821633241?se=ugVX_R-N8RG2-a5orHTjVQ&utm_medium=api&utm_source=e45342b0&v=CD9E8E53716BE59C3FEE4A58B551C761A2FE4E38
business analyst,Appian Business Analyst,Groundswell,"Ohio, US",104896.96,104896.96,IT Jobs,2026-07-30T18:00:59Z,"Who Are We? Groundswell is a premier technology integrator and solution provider, resolutely committed to solving the most complex challenges facing federal agencies today. Our name, Groundswell, represents our commitment to be an unstoppable, seismic change in government. Ours is a small company culture with big company reach and results. Are you ready to be audacious, be bold and drive change at a rapid pace? Join us, where we’ll make a greater impact together. What You'll do: Groundswell is …",https://www.adzuna.com/land/ad/5821633903?se=ugVX_R-N8RG2-a5orHTjVQ&utm_medium=api&utm_source=e45342b0&v=1EBD2BAE39C87C8EF224E868CA375839FF9DB4B1
business analyst,Appian Business Analyst,Groundswell,"Alabama, US",108945.52,108945.52,IT Jobs,2026-07-30T17:54:48Z,"Who Are We? Groundswell is a premier technology integrator and solution provider, resolutely committed to solving the most complex challenges facing federal agencies today. Our name, Groundswell, represents our commitment to be an unstoppable, seismic change in government. Ours is a small company culture with big company reach and results. Are you ready to be audacious, be bold and drive change at a rapid pace? Join us, where we’ll make a greater impact together. What You'll do: Groundswell is …",https://www.adzuna.com/land/ad/5821615052?se=ugVX_R-N8RG2-a5orHTjVQ&utm_medium=api&utm_source=e45342b0&v=27C5E75C73B17755BCC273605D5F3843C8CF0F0F
business analyst,Appian Business Analyst,Groundswell,"Utah, US",117419.88,117419.88,IT Jobs,2026-07-30T17:48:44Z,"Who Are We? Groundswell is a premier technology integrator and solution provider, resolutely committed to solving the most complex challenges facing federal agencies today. Our name, Groundswell, represents our commitment to be an unstoppable, seismic change in government. Ours is a small company culture with big company reach and results. Are you ready to be audacious, be bold and drive change at a rapid pace? Join us, where we’ll make a greater impact together. What You'll do: Groundswell is …",https://www.adzuna.com/land/ad/5821583175?se=ugVX_R-N8RG2-a5orHTjVQ&utm_medium=api&utm_source=e45342b0&v=9158B5A3F97F9FECB2BE26F5EBA9B01ADB109850
business analyst,Appian Business Analyst,Groundswell,"Indiana, Indiana County",111447.54,111447.54,IT Jobs,2026-07-30T17:46:03Z,"Who Are We? Groundswell is a premier technology integrator and solution provider, resolutely committed to solving the most complex challenges facing federal agencies today. Our name, Groundswell, represents our commitment to be an unstoppable, seismic change in government. Ours is a small company culture with big company reach and results. Are you ready to be audacious, be bold and drive change at a rapid pace? Join us, where we’ll make a greater impact together. What You'll do: Groundswell is …",https://www.adzuna.com/land/ad/5821565088?se=ugVX_R-N8RG2-a5orHTjVQ&utm_medium=api&utm_source=e45342b0&v=96F98ED51899C3B2B4E6917F09A6D5E631411A9A
business analyst,Business Analyst II,Axos Bank,"San Diego, San Diego County",43349.92,43349.92,Accounting & Finance Jobs,2026-07-30T18:05:48Z,"Axos Bank Target Range: $70,304.00 /Yr. - $77,497.00 /Yr. Actual starting pay will vary based on factors including, but not limited to, geographic location, experience, skills, specialty, and education. Eligible for an Annual Discretionary Cash Bonus Target: 10% Eligible for an Annual Discretionary Restricted Stock Units Bonus Target: 10% These discretionary target bonuses may be awarded semi-annually based upon your achievement of performance goals and targets. About This Job The Business Anal…",https://www.adzuna.com/land/ad/5821650348?se=ugVX_R-N8RG2-a5orHTjVQ&utm_medium=api&utm_source=e45342b0&v=25D1DA647D13E4C1D1889864A6D690F02DAF3B6A
business analyst,Business Analyst II,Diné Development Corporation,"Washington, Washington, D.C.",78981.35,78981.35,Consultancy Jobs,2026-07-30T17:46:10Z,"We are seeking a highly motivated Business Analyst II to support the establishment and growth of a high-visibility Department of the Air Force (DAF) Innovation Program Office. This effort is focused on transforming how innovative ideas are identified, evaluated, implemented, and scaled across the enterprise while improving organizational effectiveness and mission outcomes. This is a unique opportunity to help build something new. The Innovation Program Office is still evolving, and responsibili…",https://www.adzuna.com/land/ad/5821565958?se=ugVX_R-N8RG2-a5orHTjVQ&utm_medium=api&utm_source=e45342b0&v=34B9A8866179D3F86EBCCAEED982E4764FEC8179
business analyst,Technical Business Analyst,Fiserv,"Berkeley Heights, Union County",89363.61,89363.61,Scientific & QA Jobs,2026-07-30T18:12:09Z,"Calling all innovators - find your future at Fiserv. We're Fiserv, a global leader in Fintech and payments, and we move money and information in a way that moves the world. We connect financial institutions, corporations, merchants and consumers to one another millions of times a day - quickly, reliably, and securely. Any time you swipe your credit card, pay through a mobile app, or withdraw money from the bank, we're involved. If you want to make an impact on a global scale, come make a differ…",https://www.adzuna.com/land/ad/5821654312?se=ugVX_R-N8RG2-a5orHTjVQ&utm_medium=api&utm_source=e45342b0&v=77EE784A63E5F46809C036C9ECA9D30FB9547466
business analyst,Lead Business Analyst,Transamerica,"Philadelphia, Philadelphia County",75791.59,75791.59,HR & Recruitment Jobs,2026-07-30T17:33:26Z,"Job Family IT - Business Analysis About Us At Transamerica, hard work, innovative thinking, and personal accountability are qualities we honor and reward. We understand the potential of leveraging the talents of a diverse workforce. We embrace an environment where employees enjoy a balance between their careers, families, communities, and personal interests. Ultimately, we appreciate the uniqueness of a company where talented professionals work collaboratively in a positive environment — one fo…",https://www.adzuna.com/land/ad/5821470058?se=ugVX_R-N8RG2-a5orHTjVQ&utm_medium=api&utm_source=e45342b0&v=EF8FFE9CC2DE17E84E62CDE8351E873CA494A0C6
business analyst,Senior Business Analyst,UL Solutions,"Chicago, Cook County",65921.26,65921.26,IT Jobs,2026-07-30T13:19:54Z,"A global leader in applied safety science, UL Solutions (NYSE: ULS) transforms safety, security and sustainability challenges into opportunities for customers in more than 110 countries. UL Solutions delivers testing, inspection and certification services, together with software products and advisory offerings, that support our customers’ product innovation and business growth. The UL Mark serves as a recognized symbol of trust in our customers’ products and reflects an unwavering commitment to…",https://www.adzuna.com/land/ad/5821394740?se=ugVX_R-N8RG2-a5orHTjVQ&utm_medium=api&utm_source=e45342b0&v=DE3E6C40AFFCA6D75816AE92205844B8770D7A84
business analyst,Senior Technical Business Analyst,BizFlow,"Virginia, US",115239.95,115239.95,IT Jobs,2026-07-30T07:37:19Z,"Technical Business Analyst Location: Falls Church, VA (on-site in office, with partial telework flexibility) Full-Time | Permanent Salary Range: $80,000.00 ~ $130,000.00 BizFlow is hiring experienced Technical Business Analysts to help drive a large-scale enterprise modernization program. This is one of several analyst positions we are adding to the program team, alongside program management, project management, and engineering hires. If you are a strong facilitator who can hold the big picture…",https://www.adzuna.com/land/ad/5821085307?se=ugVX_R-N8RG2-a5orHTjVQ&utm_medium=api&utm_source=e45342b0&v=AAC404F8CCAFF63723AE712C1C57C517CFBF22B4
business analyst,"Business Analyst, Equities Technology",Point72,"Ny State Campus, Albany County",123781.19,123781.19,IT Jobs,2026-07-30T18:08:33Z,"A CAreer with point72's TECHNOLOGY TEAM As Point72 reimagines the future of investing, our Technology team is constantly evolving our firm's IT infrastructure and engineering capabilities, positioning us at the forefront of a rapidly evolving technology landscape. We're a team of experts who experiment and work to discover new ways to harness open-source solutions, modern cloud architectures, and sophisticated Artificial Intelligence (AI) solutions, while embracing enterprise agile methodologie…",https://www.adzuna.com/land/ad/5821652272?se=ugVX_R-N8RG2-a5orHTjVQ&utm_medium=api&utm_source=e45342b0&v=E86DF924ABCA21185D2BF1CEAAFA2247045DD461
business analyst,"Business Analyst, Equities Technology",Point72,"Ny State Campus, Albany County",117348.34,117348.34,IT Jobs,2026-07-30T17:44:00Z,"A CAreer with point72’s TECHNOLOGY TEAM As Point72 reimagines the future of investing, our Technology team is constantly evolving our firm’s IT infrastructure and engineering capabilities, positioning us at the forefront of a rapidly evolving technology landscape. We’re a team of experts who experiment and work to discover new ways to harness open-source solutions, modern cloud architectures, and sophisticated Artificial Intelligence (AI) solutions, while embracing enterprise agile methodologie…",https://www.adzuna.com/land/ad/5821547210?se=ugVX_R-N8RG2-a5orHTjVQ&utm_medium=api&utm_source=e45342b0&v=810A0E539B32BCA670D0ABF8A325DFC4BB61B3F4
business analyst,Sales Systems Business Analyst,Canva,"South San Francisco, San Mateo County",107869.5,107869.5,IT Jobs,2026-07-30T17:48:33Z,"Job Description Join the team redefining how the world experiences design. Hello, hey, g'day, mabuhay, kia ora, 你好, hallo, vítejte! Thanks for stopping by. We know job hunting can be a little time consuming and you're probably keen to find out what's on offer, so we'll get straight to the point. Where and how you can work Our flagship office is in Sydney, Australia, but we've made our way from down under, to a campus in Austin, Texas which is now home to our US operations. You have choice in wh…",https://www.adzuna.com/land/ad/5821581532?se=ugVX_R-N8RG2-a5orHTjVQ&utm_medium=api&utm_source=e45342b0&v=9E08A661391D76FFFAAB9EFC262F3F368B8DC3AF
business analyst,Business Analyst II - Payment Integrity Datamining,Elevance Health,"Mason, Warren County",99764.69,99764.69,Consultancy Jobs,2026-07-30T07:07:26Z,"Anticipated End Date: 2026-08-07 Position Title: Business Analyst II - Payment Integrity Datamining Job Description: Business Analyst II – Payment Integrity Datamining Location: This role requires associates to be in-office 1 - 2 days per week, fostering collaboration and connectivity, while providing flexibility to support productivity and work-life balance. This approach combines structured office engagement with the autonomy of virtual work, promoting a dynamic and adaptable workplace. Alter…",https://www.adzuna.com/land/ad/5821056849?se=ugVX_R-N8RG2-a5orHTjVQ&utm_medium=api&utm_source=e45342b0&v=4C06C5C77DBD3384CC507B9A92F1DAD12549FCB8
business analyst,Business Analyst II - Payment Integrity Datamining,Elevance Health,"Norfolk, Norfolk City",104241.97,104241.97,Consultancy Jobs,2026-07-30T07:11:32Z,"Anticipated End Date: 2026-08-07 Position Title: Business Analyst II - Payment Integrity Datamining Job Description: Business Analyst II – Payment Integrity Datamining Location: This role requires associates to be in-office 1 - 2 days per week, fostering collaboration and connectivity, while providing flexibility to support productivity and work-life balance. This approach combines structured office engagement with the autonomy of virtual work, promoting a dynamic and adaptable workplace. Alter…",https://www.adzuna.com/land/ad/5821059928?se=ugVX_R-N8RG2-a5orHTjVQ&utm_medium=api&utm_source=e45342b0&v=DF3000611865535696BAA8CF1B65E0E8F8D54430
business analyst,Business Analyst II - Payment Integrity Datamining,Elevance Health,"Indianapolis, Marion County",100469.52,100469.52,Consultancy Jobs,2026-07-30T07:31:34Z,"Anticipated End Date: 2026-08-07 Position Title: Business Analyst II - Payment Integrity Datamining Job Description: Business Analyst II – Payment Integrity Datamining Location: This role requires associates to be in-office 1 - 2 days per week, fostering collaboration and connectivity, while providing flexibility to support productivity and work-life balance. This approach combines structured office engagement with the autonomy of virtual work, promoting a dynamic and adaptable workplace. Alter…",https://www.adzuna.com/land/ad/5821080144?se=ugVX_R-N8RG2-a5orHTjVQ&utm_medium=api&utm_source=e45342b0&v=8D75223A4823B67734AD6796ABE23756F5D28794
business analyst,Business Analyst,Emerson,"Elyria, Lorain County",108027.41,108027.41,IT Jobs,2026-07-25T18:26:37Z,"hackajob is collaborating with Emerson to connect them with exceptional professionals for this role. Description If you are a Business Analyst professional Iooking for an opportunity to grow your career, this role offers the chance to make a meaningful impact by designing, improving, and supporting business processes across Emerson’s Enterprise Resource Planning (ERP) environment and related systems. In this position, you will partner closely with global stakeholders to translate business needs…",https://www.adzuna.com/land/ad/5815857651?se=ugVX_R-N8RG2-a5orHTjVQ&utm_medium=api&utm_source=e45342b0&v=9F6F5A2484D3957E918C3D7E8E9FDF29718DC282
business analyst,Business Analyst,MANTECH,"Springfield, Effingham County",129975.43,129975.43,IT Jobs,2026-07-17T16:31:19Z,"hackajob is collaborating with MANTECH to connect them with exceptional professionals for this role. MANTECH seeks a motivated, career and customer-oriented Business Analyst to join our team in Springfield, VA. This role is 100% on-site. The Business Analyst is a subject matter expert and program leader responsible for analyzing organizational needs, managing complex initiatives, and driving significant improvements across the enterprise. This role blends hands-on analytical and staff support f…",https://www.adzuna.com/land/ad/5805158448?se=ugVX_R-N8RG2-a5orHTjVQ&utm_medium=api&utm_source=e45342b0&v=DFF3F43886EF1606FB3432864CDC31329B39A11F
business analyst,Business Analyst,Planet Technologies,US,144509.11,144509.11,IT Jobs,2026-07-26T18:35:30Z,"hackajob is collaborating with Planet Technologies to connect them with exceptional professionals for this role. Planet Technologies, the Nation’s leading Microsoft services provider to the public sector, is looking for a highly motivated individual to join our growing team as a Business Analyst. In this role, you will be supporting impactful projects that benefit our country. The BA will accomplish this through research-gathering and data analysis, presenting a range of data-driven solutions, …",https://www.adzuna.com/land/ad/5816851041?se=ugVX_R-N8RG2-a5orHTjVQ&utm_medium=api&utm_source=e45342b0&v=E730063434F85CF070F9167176C504EC44A7F885
business analyst,Business Analyst,Verisk,"Jersey City, Hudson County",64621.88,64621.88,IT Jobs,2026-07-22T15:18:34Z,"hackajob is collaborating with Verisk to connect them with exceptional professionals for this role. Description We're looking for a customer-focused Business Analyst who enjoys solving problems, working with data, and helping clients succeed. In this role, you'll support clients and internal teams by troubleshooting issues, maintaining data quality, and assisting with reporting and integrations. You'll build your technical and business knowledge while working alongside experienced team members …",https://www.adzuna.com/land/ad/5811125414?se=ugVX_R-N8RG2-a5orHTjVQ&utm_medium=api&utm_source=e45342b0&v=96EF7AD96C697BE9B212521BC6D7E80CDDEABBD3
business analyst,Business Analyst,Barclays,"Hanover Township, Morris County",103871.32,103871.32,IT Jobs,2026-07-11T04:33:35Z,"hackajob is collaborating with Barclays to connect them with exceptional professionals for this role. What will you be doing? Barclays Services Corp. seeks Business Analyst (multiple positions) in Whippany, NJ: Design and develop solutions to complex applications problems, system administration issues, or network concerns, and develop application-specific hardware. Direct the analysis, development, and operation of complete computer systems, and evaluate existing systems to determine effectiven…",https://www.adzuna.com/land/ad/5796683993?se=ugVX_R-N8RG2-a5orHTjVQ&utm_medium=api&utm_source=e45342b0&v=A22CEF6685426A46A92ADD142F99487B6971DAC5
business analyst,Senior Business Analyst,CAI,"Dover, Pope County",94946.34,94946.34,Accounting & Finance Jobs,2026-07-31T03:11:37Z,"Job Description Senior Business Analyst\n \n Req number: R8222\n \n Employment type: Full time\n \n Worksite flexibility: Hybrid Who we are \n CAI is a global services firm with over 9,000 associates worldwide and a yearly revenue of $1.3 billion. We have over 40 years of excellence in uniting talent and technology to power the possible for our clients, colleagues, and communities. As a privately held company, we have the freedom and focus to do what is right—whatever it takes. Our tailor-made …",https://www.adzuna.com/land/ad/5822095345?se=ugVX_R-N8RG2-a5orHTjVQ&utm_medium=api&utm_source=e45342b0&v=CBDAAF484074BEB084E56678814E7446951D04C9
business analyst,Business Analyst - Business Analyst II,Apex Systems,"Palms, Los Angeles County",81511.11,81511.11,IT Jobs,2026-07-31T07:17:57Z,"Job: 3044510 Job Description: Business Analyst - Business Analyst II Location: Culver City, California (Onsite) COMPENSATION: $30 - $40 HOURLY Role Overview This role is dedicated to leading the onboarding of forecasting models into a financial forecasting platform. The Business Analyst will act as the bridge between Finance stakeholders and engineering, translating finance reporting requirements and model logic into technical specifications, coordinating implementation, and owning user accepta…",https://www.adzuna.com/land/ad/5822320546?se=ugVX_R-N8RG2-a5orHTjVQ&utm_medium=api&utm_source=e45342b0&v=8858072D7A4CE5CE05785968757C191215FEA12E
business analyst,Business Systems Analyst,CACI International,"Springfield, Fairfax County",106384.46,106384.46,IT Jobs,2026-07-30T17:51:15Z,Job Title: Business Systems Analyst Job Category: Information Technology Time Type: Full time Minimum Clearance Required to Start: None Employee Type: Regular Percentage of Travel Required: None Type of Travel: None * * * The Opportunity: CACI is seeking an experienced Business Analyst to assist in the interpretation of financial system business requirements for IT staff supporting the Federal Protective Service (FPS) at Department of Homeland Security (DHS). Work Location: Springfield Va (hybr…,https://www.adzuna.com/land/ad/5821600635?se=ugVX_R-N8RG2-a5orHTjVQ&utm_medium=api&utm_source=e45342b0&v=A36A6D9F5DFFE2FC444962EE4AE660A9A5D0B5A4
business analyst,Business Systems Analyst,CACI International,"Springfield, Fairfax County",99474.64,99474.64,IT Jobs,2026-07-30T18:03:33Z,"Job Title: Business Systems Analyst Job Category: Information Technology Time Type: Full time Minimum Clearance Required to Start: None Employee Type: Regular Percentage of Travel Required: None Type of Travel: None * * * The Opportunity: CACI is seeking an experienced Business Analyst to assist in the interpretation of business requirements and management of key milestones for IT staff supporting the at Department of Homeland Security (DHS). Work Location: Springfield, VA (hybrid - telework) W…",https://www.adzuna.com/land/ad/5821647628?se=ugVX_R-N8RG2-a5orHTjVQ&utm_medium=api&utm_source=e45342b0&v=090F75077724F2C285B9E06945DF97E509361EF6
business analyst,Business Process Analyst,Esri,"Redlands, San Bernardino County",89908.23,89908.23,IT Jobs,2026-07-30T18:12:15Z,"Overview As a business process analyst with a passion for improving process, you thrive on connecting with people, listening to their needs and challenges, focusing on “why” to clearly understand and articulate business objectives, and creating actionable requirements to enable high-quality, efficient project delivery providing (business) value to Esri. Responsibilities Elicit requirements using interviews and surveys, facilitating workshops, and performing data and document analysis Understand…",https://www.adzuna.com/land/ad/5821654570?se=ugVX_R-N8RG2-a5orHTjVQ&utm_medium=api&utm_source=e45342b0&v=8D5F15F48986E51EC11678632ED6FB0372B06C3F
business analyst,Business Systems Analyst,Capgemini,"Ny State Campus, Albany County",77244.59,77244.59,IT Jobs,2026-07-30T07:21:42Z,"Choosing Capgemini means choosing a company where you will be empowered to shape your career in the way you’d like, where you’ll be supported and inspired by a collaborative community of colleagues around the world, and where you’ll be able to reimagine what’s possible. Join us and help the world’s leading organizations unlock the value of technology and build a more sustainable, more inclusive world.Job Location : New Jersey, NJ (Onsite/Hybrid from Day 1) Job Description We are seeking an expe…",https://www.adzuna.com/land/ad/5821071367?se=ugVX_R-N8RG2-a5orHTjVQ&utm_medium=api&utm_source=e45342b0&v=2F18652839D807AD69DC04B8B9650A6CD6BD563E
business analyst,Business Process Analyst,Leidos,"Ashburn, Loudoun County",76489.84,76489.84,IT Jobs,2026-07-30T07:05:08Z,"The Homeland Sector within Leidos is seeking Business Process Analyst with strong systems, software, cloud, and Agile experience to support a complex program to provide Agile development and operations and maintenance for critical systems on a mission-critical program supporting the Passenger Systems Program Directorate (PSPD) Interface and Support Processes division within Customs and Border Protection (CBP). PSPD supports the Department of Homeland Security (DHS) and CBP critical missions, sp…",https://www.adzuna.com/land/ad/5821054463?se=ugVX_R-N8RG2-a5orHTjVQ&utm_medium=api&utm_source=e45342b0&v=00DAB9498983F1D7EE6F01C36574FAF40B8E0551
business analyst,Business Intelligence Analyst,Caterpillar Inc.,"Peoria, Peoria County",80553.71,80553.71,IT Jobs,2026-07-30T17:35:55Z,"Career Area: Technology, Digital and Data Job Description: Your Work Shapes the World at Caterpillar Inc. When you join Caterpillar, you're joining a global team who cares not just about the work we do – but also about each other. We are the makers, problem solvers, and future world builders who are creating stronger, more sustainable communities. We don't just talk about progress and innovation here – we make it happen, with our customers, where we work and live. Together, we are building a be…",https://www.adzuna.com/land/ad/5821487072?se=ugVX_R-N8RG2-a5orHTjVQ&utm_medium=api&utm_source=e45342b0&v=CDD2149535A9E6E8168F8C54215AA70D7FB9AC2A
business analyst,Business Intelligence Analyst,Caterpillar Inc.,US,76160.83,76160.83,IT Jobs,2026-07-30T18:05:36Z,"Career Area: Technology, Digital and Data Job Description: Your Work Shapes the World at Caterpillar Inc. When you join Caterpillar, you're joining a global team who cares not just about the work we do – but also about each other. We are the makers, problem solvers, and future world builders who are creating stronger, more sustainable communities. We don't just talk about progress and innovation here – we make it happen, with our customers, where we work and live. Together, we are building a be…",https://www.adzuna.com/land/ad/5821649602?se=ugVX_R-N8RG2-a5orHTjVQ&utm_medium=api&utm_source=e45342b0&v=08E1D7BC9BAAA11866B36C2BCDFA8B3D8D338C08
business analyst,Business Intelligence Analyst,Caterpillar Inc.,"Chicago, Cook County",75049.02,75049.02,IT Jobs,2026-07-30T18:04:32Z,"Career Area: Technology, Digital and Data Job Description: Your Work Shapes the World at Caterpillar Inc. When you join Caterpillar, you're joining a global team who cares not just about the work we do – but also about each other. We are the makers, problem solvers, and future world builders who are creating stronger, more sustainable communities. We don't just talk about progress and innovation here – we make it happen, with our customers, where we work and live. Together, we are building a be…",https://www.adzuna.com/land/ad/5821648429?se=ugVX_R-N8RG2-a5orHTjVQ&utm_medium=api&utm_source=e45342b0&v=1C62402B4CEA3B124737A51446F44102A38C29ED
business analyst,Business Process Analyst,Covista,"Lisle, DuPage County",66966.39,66966.39,IT Jobs,2026-07-30T17:38:47Z,"Company Description About Covista Covista is America's largest healthcare educator, serving more than 97,000 students and supported by a community of 385,000 alumni across five accredited institutions. Through personalized, tech-enabled education powered by 10,000 faculty and colleagues, Covista expands access to healthcare careers and addresses the U.S. healthcare workforce shortage at scale. Covista is the parent company of American University of the Caribbean School of Medicine, Chamberlain …",https://www.adzuna.com/land/ad/5821510744?se=ugVX_R-N8RG2-a5orHTjVQ&utm_medium=api&utm_source=e45342b0&v=4EF2F8291E527D0B4979197A3FEBE949EE0D8E1B
business analyst,Business Process Analyst,American Electric Power,US,82205.42,82205.42,Consultancy Jobs,2026-07-30T18:01:14Z,"Job Posting End Date 08-04-2026 Please note the job posting will close on the day before the posting end date. Job Summary The Business Process Analyst Associate will assist in analyzing process data from across AEP and providing insights using data analytic and artificial intelligence tools. This role will emphasize leveraging advanced analytical techniques and data querying capabilities to solve complex business problems and uncover deeper insights from enterprise data, including contributing…",https://www.adzuna.com/land/ad/5821635246?se=ugVX_R-N8RG2-a5orHTjVQ&utm_medium=api&utm_source=e45342b0&v=A1A115B81E961060DEF548C4F446D4E13730B0B9
business analyst,Business Technical Analyst,Highmark Health,"Utah, US",56404.1,56404.1,IT Jobs,2026-07-30T07:17:56Z,"Company : enGen Job Description : JOB SUMMARY This role supports one or more technical aspects of the application product life cycle, within a sub-product scope. You will collaborate with customers to understand capability needs, gather project specifications, create business cases and cost sheet analysis, and translate high-level business needs into detailed requirements. You'll analyze data to determine business problems, trends, or opportunities for process improvements, and create/execute t…",https://www.adzuna.com/land/ad/5821066530?se=ugVX_R-N8RG2-a5orHTjVQ&utm_medium=api&utm_source=e45342b0&v=1094409E1195F455B13ABC6C95CBAFC7C116AE1E
business analyst,Business Technical Analyst,Highmark Health,"Texas, US",50632.98,50632.98,IT Jobs,2026-07-30T07:17:53Z,"Company : enGen Job Description : JOB SUMMARY This role supports one or more technical aspects of the application product life cycle, within a sub-product scope. You will collaborate with customers to understand capability needs, gather project specifications, create business cases and cost sheet analysis, and translate high-level business needs into detailed requirements. You'll analyze data to determine business problems, trends, or opportunities for process improvements, and create/execute t…",https://www.adzuna.com/land/ad/5821066226?se=ugVX_R-N8RG2-a5orHTjVQ&utm_medium=api&utm_source=e45342b0&v=6D21AE450953D41D1EB348956F241159E5D56798
business analyst,Business Technical Analyst,Highmark Health,"Colorado, US",57250.55,57250.55,IT Jobs,2026-07-30T07:14:35Z,"Company : enGen Job Description : JOB SUMMARY This role supports one or more technical aspects of the application product life cycle, within a sub-product scope. You will collaborate with customers to understand capability needs, gather project specifications, create business cases and cost sheet analysis, and translate high-level business needs into detailed requirements. You'll analyze data to determine business problems, trends, or opportunities for process improvements, and create/execute t…",https://www.adzuna.com/land/ad/5821063514?se=ugVX_R-N8RG2-a5orHTjVQ&utm_medium=api&utm_source=e45342b0&v=DA8C3EB129F0C41BB29A6D8EC86823FE97D24FC4
business analyst,Business Technical Analyst,Highmark Health,"California, US",58330.24,58330.24,IT Jobs,2026-07-30T07:08:19Z,"Company : enGen Job Description : JOB SUMMARY This role supports one or more technical aspects of the application product life cycle, within a sub-product scope. You will collaborate with customers to understand capability needs, gather project specifications, create business cases and cost sheet analysis, and translate high-level business needs into detailed requirements. You'll analyze data to determine business problems, trends, or opportunities for process improvements, and create/execute t…",https://www.adzuna.com/land/ad/5821057574?se=ugVX_R-N8RG2-a5orHTjVQ&utm_medium=api&utm_source=e45342b0&v=E0EDD91F2D6675C174B41C95B513C9D630616F3F
business analyst,Business Technical Analyst,Highmark Health,"Arkansas, US",52893.55,52893.55,IT Jobs,2026-07-30T07:08:19Z,"Company : enGen Job Description : JOB SUMMARY This role supports one or more technical aspects of the application product life cycle, within a sub-product scope. You will collaborate with customers to understand capability needs, gather project specifications, create business cases and cost sheet analysis, and translate high-level business needs into detailed requirements. You'll analyze data to determine business problems, trends, or opportunities for process improvements, and create/execute t…",https://www.adzuna.com/land/ad/5821057591?se=ugVX_R-N8RG2-a5orHTjVQ&utm_medium=api&utm_source=e45342b0&v=C32D48B4272101A79AD33B0FF95AC04C8D938D97
business analyst,Business Technical Analyst,Highmark Health,"Ohio, US",50388.51,50388.51,IT Jobs,2026-07-30T07:14:33Z,"Company : enGen Job Description : JOB SUMMARY This role supports one or more technical aspects of the application product life cycle, within a sub-product scope. You will collaborate with customers to understand capability needs, gather project specifications, create business cases and cost sheet analysis, and translate high-level business needs into detailed requirements. You'll analyze data to determine business problems, trends, or opportunities for process improvements, and create/execute t…",https://www.adzuna.com/land/ad/5821063223?se=ugVX_R-N8RG2-a5orHTjVQ&utm_medium=api&utm_source=e45342b0&v=BBD6C4AE760D6FBFCEFD385982FF5FADEAEBFDF5
business analyst,Business Technical Analyst,Highmark Health,"New Jersey, US",59918.24,59918.24,IT Jobs,2026-07-30T07:26:46Z,"This role supports one or more technical aspects of the application product life cycle, within a sub-product scope. You will collaborate with customers to understand capability needs, gather project specifications, create business cases and cost sheet analysis, and translate high-level business needs into detailed requirements. You'll analyze data to determine business problems, trends, or opportunities for process improvements, and create/execute test cases. This position also involves providi…",https://www.adzuna.com/land/ad/5821076279?se=ugVX_R-N8RG2-a5orHTjVQ&utm_medium=api&utm_source=e45342b0&v=2888FD24D8633F24E37E39EE50A41FFB92A8EDC9
business analyst,Business Technical Analyst,Highmark Health,"South Dakota, US",55005.99,55005.99,IT Jobs,2026-07-30T07:21:35Z,"Company : enGen Job Description : JOB SUMMARY This role supports one or more technical aspects of the application product life cycle, within a sub-product scope. You will collaborate with customers to understand capability needs, gather project specifications, create business cases and cost sheet analysis, and translate high-level business needs into detailed requirements. You'll analyze data to determine business problems, trends, or opportunities for process improvements, and create/execute t…",https://www.adzuna.com/land/ad/5821070515?se=ugVX_R-N8RG2-a5orHTjVQ&utm_medium=api&utm_source=e45342b0&v=80B5DF44F4C297FB550C6B9902DA8A056B61607B
business analyst,Business Technical Analyst,Highmark Health,"New Jersey, US",58615.25,58615.25,IT Jobs,2026-07-30T07:24:19Z,"Company : enGen Job Description : JOB SUMMARY This role supports one or more technical aspects of the application product life cycle, within a sub-product scope. You will collaborate with customers to understand capability needs, gather project specifications, create business cases and cost sheet analysis, and translate high-level business needs into detailed requirements. You'll analyze data to determine business problems, trends, or opportunities for process improvements, and create/execute t…",https://www.adzuna.com/land/ad/5821074129?se=Wh_K_R-N8RGGgO_n0rmdiQ&utm_medium=api&utm_source=e45342b0&v=2AE49F0B46541FE823F5520A2FC107E7BC666BE0
business analyst,Business Technical Analyst,Highmark Health,"Washington, Washington, D.C.",59880.19,59880.19,IT Jobs,2026-07-30T12:36:52Z,"Company : enGen Job Description : JOB SUMMARY This role supports one or more technical aspects of the application product life cycle, within a sub-product scope. You will collaborate with customers to understand capability needs, gather project specifications, create business cases and cost sheet analysis, and translate high-level business needs into detailed requirements. You'll analyze data to determine business problems, trends, or opportunities for process improvements, and create/execute t…",https://www.adzuna.com/land/ad/5821337439?se=Wh_K_R-N8RGGgO_n0rmdiQ&utm_medium=api&utm_source=e45342b0&v=38927D5EF193F2056135D99E1F6203E490AB247D
business analyst,Business Technical Analyst,Highmark Health,"Georgia, US",52019.36,52019.36,IT Jobs,2026-07-30T07:31:46Z,"Company : enGen Job Description : JOB SUMMARY This role supports one or more technical aspects of the application product life cycle, within a sub-product scope. You will collaborate with customers to understand capability needs, gather project specifications, create business cases and cost sheet analysis, and translate high-level business needs into detailed requirements. You'll analyze data to determine business problems, trends, or opportunities for process improvements, and create/execute t…",https://www.adzuna.com/land/ad/5821081108?se=Wh_K_R-N8RGGgO_n0rmdiQ&utm_medium=api&utm_source=e45342b0&v=5EE8E10AD3234DD5CC0CE052E2C2B75CF33F5A7E
business analyst,Business Technical Analyst,Highmark Health,"Connecticut, US",56785.25,56785.25,IT Jobs,2026-07-30T07:31:32Z,"Company : enGen Job Description : JOB SUMMARY This role supports one or more technical aspects of the application product life cycle, within a sub-product scope. You will collaborate with customers to understand capability needs, gather project specifications, create business cases and cost sheet analysis, and translate high-level business needs into detailed requirements. You'll analyze data to determine business problems, trends, or opportunities for process improvements, and create/execute t…",https://www.adzuna.com/land/ad/5821079963?se=Wh_K_R-N8RGGgO_n0rmdiQ&utm_medium=api&utm_source=e45342b0&v=65F4DF463D5F3625DD53CE1406EA3A402EB8162C
business analyst,Business Technical Analyst,Highmark Health,"Alabama, US",52333.29,52333.29,IT Jobs,2026-07-30T07:31:39Z,"Company : enGen Job Description : JOB SUMMARY This role supports one or more technical aspects of the application product life cycle, within a sub-product scope. You will collaborate with customers to understand capability needs, gather project specifications, create business cases and cost sheet analysis, and translate high-level business needs into detailed requirements. You'll analyze data to determine business problems, trends, or opportunities for process improvements, and create/execute t…",https://www.adzuna.com/land/ad/5821080394?se=Wh_K_R-N8RGGgO_n0rmdiQ&utm_medium=api&utm_source=e45342b0&v=0BA9A6818760B6C1D3B4831A29FB58D4ED2FB9D6
business analyst,Business Technical Analyst,Highmark Health,"Kentucky, US",53612.0,53612.0,IT Jobs,2026-07-30T07:37:21Z,"This role supports one or more technical aspects of the application product life cycle, within a sub-product scope. You will collaborate with customers to understand capability needs, gather project specifications, create business cases and cost sheet analysis, and translate high-level business needs into detailed requirements. You'll analyze data to determine business problems, trends, or opportunities for process improvements, and create/execute test cases. This position also involves providi…",https://www.adzuna.com/land/ad/5821085740?se=Wh_K_R-N8RGGgO_n0rmdiQ&utm_medium=api&utm_source=e45342b0&v=1A2BE7DC215619032D5E4A33F96DFF6AAD85D3A5
business analyst,Business Technical Analyst,Highmark Health,"Michigan, US",54733.36,54733.36,IT Jobs,2026-07-30T07:24:07Z,"Company : enGen Job Description : JOB SUMMARY This role supports one or more technical aspects of the application product life cycle, within a sub-product scope. You will collaborate with customers to understand capability needs, gather project specifications, create business cases and cost sheet analysis, and translate high-level business needs into detailed requirements. You'll analyze data to determine business problems, trends, or opportunities for process improvements, and create/execute t…",https://www.adzuna.com/land/ad/5821073222?se=Wh_K_R-N8RGGgO_n0rmdiQ&utm_medium=api&utm_source=e45342b0&v=1E3B7BEE7388A80B73ADB6A73074B6328ED8B31D
business analyst,Business Technical Analyst,Highmark Health,"New Mexico, US",53184.85,53184.85,IT Jobs,2026-07-30T07:08:24Z,"Company : enGen Job Description : JOB SUMMARY This role supports one or more technical aspects of the application product life cycle, within a sub-product scope. You will collaborate with customers to understand capability needs, gather project specifications, create business cases and cost sheet analysis, and translate high-level business needs into detailed requirements. You'll analyze data to determine business problems, trends, or opportunities for process improvements, and create/execute t…",https://www.adzuna.com/land/ad/5821057858?se=Wh_K_R-N8RGGgO_n0rmdiQ&utm_medium=api&utm_source=e45342b0&v=1195A325188EA09C8F618776E0CB61C80F5675A4
business analyst,Business Technical Analyst,Highmark Health,Hawaii,59600.8,59600.8,IT Jobs,2026-07-30T07:39:49Z,"Company : enGen Job Description : JOB SUMMARY This role supports one or more technical aspects of the application product life cycle, within a sub-product scope. You will collaborate with customers to understand capability needs, gather project specifications, create business cases and cost sheet analysis, and translate high-level business needs into detailed requirements. You'll analyze data to determine business problems, trends, or opportunities for process improvements, and create/execute t…",https://www.adzuna.com/land/ad/5821087056?se=Wh_K_R-N8RGGgO_n0rmdiQ&utm_medium=api&utm_source=e45342b0&v=2175FCC151C49F20583B7F64B955C6A4C44E75F5
business analyst,Business Technical Analyst,Highmark Health,"Minnesota, US",54393.73,54393.73,IT Jobs,2026-07-30T07:39:54Z,"Company : enGen Job Description : JOB SUMMARY This role supports one or more technical aspects of the application product life cycle, within a sub-product scope. You will collaborate with customers to understand capability needs, gather project specifications, create business cases and cost sheet analysis, and translate high-level business needs into detailed requirements. You'll analyze data to determine business problems, trends, or opportunities for process improvements, and create/execute t…",https://www.adzuna.com/land/ad/5821087604?se=Wh_K_R-N8RGGgO_n0rmdiQ&utm_medium=api&utm_source=e45342b0&v=0E6D235529933C3BD7DB22853097ACECC3D8594E
business analyst,Business Technical Analyst,Highmark Health,"Illinois, US",53622.74,53622.74,IT Jobs,2026-07-30T07:11:18Z,"Company : enGen Job Description : JOB SUMMARY This role supports one or more technical aspects of the application product life cycle, within a sub-product scope. You will collaborate with customers to understand capability needs, gather project specifications, create business cases and cost sheet analysis, and translate high-level business needs into detailed requirements. You'll analyze data to determine business problems, trends, or opportunities for process improvements, and create/execute t…",https://www.adzuna.com/land/ad/5821058884?se=Wh_K_R-N8RGGgO_n0rmdiQ&utm_medium=api&utm_source=e45342b0&v=DF4F2E583406DD75FB607D9F777D6104978F8B8F
business analyst,Business Technical Analyst,Highmark Health,"Pennsylvania, US",54809.52,54809.52,IT Jobs,2026-07-30T07:14:20Z,"Company : enGen Job Description : JOB SUMMARY This role supports one or more technical aspects of the application product life cycle, within a sub-product scope. You will collaborate with customers to understand capability needs, gather project specifications, create business cases and cost sheet analysis, and translate high-level business needs into detailed requirements. You'll analyze data to determine business problems, trends, or opportunities for process improvements, and create/execute t…",https://www.adzuna.com/land/ad/5821062271?se=Wh_K_R-N8RGGgO_n0rmdiQ&utm_medium=api&utm_source=e45342b0&v=BF7068F12D876F4BD207F39965C556125BECC31E
business analyst,Business Technical Analyst,Highmark Health,"Alaska, US",58086.32,58086.32,IT Jobs,2026-07-30T07:11:18Z,"Company : enGen Job Description : JOB SUMMARY This role supports one or more technical aspects of the application product life cycle, within a sub-product scope. You will collaborate with customers to understand capability needs, gather project specifications, create business cases and cost sheet analysis, and translate high-level business needs into detailed requirements. You'll analyze data to determine business problems, trends, or opportunities for process improvements, and create/execute t…",https://www.adzuna.com/land/ad/5821058891?se=Wh_K_R-N8RGGgO_n0rmdiQ&utm_medium=api&utm_source=e45342b0&v=00D9A6E09904FA46ABAC2C95A551FCFD31785816
business analyst,Business Technical Analyst,Highmark Health,"Massachusetts, US",56297.8,56297.8,IT Jobs,2026-07-30T07:11:24Z,"Company : enGen Job Description : JOB SUMMARY This role supports one or more technical aspects of the application product life cycle, within a sub-product scope. You will collaborate with customers to understand capability needs, gather project specifications, create business cases and cost sheet analysis, and translate high-level business needs into detailed requirements. You'll analyze data to determine business problems, trends, or opportunities for process improvements, and create/execute t…",https://www.adzuna.com/land/ad/5821059401?se=Wh_K_R-N8RGGgO_n0rmdiQ&utm_medium=api&utm_source=e45342b0&v=B1D03160BC7A0028699A6AC8C30358F8A0FF1117
business analyst,Business Technical Analyst,Highmark Health,"Virginia, US",53747.41,53747.41,IT Jobs,2026-07-30T07:05:11Z,"Company : enGen Job Description : JOB SUMMARY This role supports one or more technical aspects of the application product life cycle, within a sub-product scope. You will collaborate with customers to understand capability needs, gather project specifications, create business cases and cost sheet analysis, and translate high-level business needs into detailed requirements. You'll analyze data to determine business problems, trends, or opportunities for process improvements, and create/execute t…",https://www.adzuna.com/land/ad/5821054723?se=Wh_K_R-N8RGGgO_n0rmdiQ&utm_medium=api&utm_source=e45342b0&v=DBAB1F48A3C28BB1A12A34460A7ABA2E34859413
business analyst,Business Technical Analyst,Highmark Health,"Mississippi, US",48081.69,48081.69,IT Jobs,2026-07-30T06:51:35Z,"Company : enGen Job Description : JOB SUMMARY This role supports one or more technical aspects of the application product life cycle, within a sub-product scope. You will collaborate with customers to understand capability needs, gather project specifications, create business cases and cost sheet analysis, and translate high-level business needs into detailed requirements. You'll analyze data to determine business problems, trends, or opportunities for process improvements, and create/execute t…",https://www.adzuna.com/land/ad/5821042049?se=Wh_K_R-N8RGGgO_n0rmdiQ&utm_medium=api&utm_source=e45342b0&v=2557C1578414A6188C1DA2915AA27F1F19354AC4
business analyst,Business Technical Analyst,Highmark Health,"Oklahoma, US",52615.88,52615.88,IT Jobs,2026-07-30T06:51:52Z,"Company : enGen Job Description : JOB SUMMARY This role supports one or more technical aspects of the application product life cycle, within a sub-product scope. You will collaborate with customers to understand capability needs, gather project specifications, create business cases and cost sheet analysis, and translate high-level business needs into detailed requirements. You'll analyze data to determine business problems, trends, or opportunities for process improvements, and create/execute t…",https://www.adzuna.com/land/ad/5821042765?se=Wh_K_R-N8RGGgO_n0rmdiQ&utm_medium=api&utm_source=e45342b0&v=5798E2DC33394EFDF4486D20FDEA80F1EF11CEE2
business analyst,Business Technical Analyst,Highmark Health,"Maine, US",54991.52,54991.52,IT Jobs,2026-07-30T06:58:43Z,"Company : enGen Job Description : JOB SUMMARY This role supports one or more technical aspects of the application product life cycle, within a sub-product scope. You will collaborate with customers to understand capability needs, gather project specifications, create business cases and cost sheet analysis, and translate high-level business needs into detailed requirements. You'll analyze data to determine business problems, trends, or opportunities for process improvements, and create/execute t…",https://www.adzuna.com/land/ad/5821048621?se=Wh_K_R-N8RGGgO_n0rmdiQ&utm_medium=api&utm_source=e45342b0&v=4D3D0CD1A331B46053AC93FC7CAFE338919D9C2C
business analyst,Business Technical Analyst,Highmark Health,"Arizona, US",48114.03,48114.03,IT Jobs,2026-07-30T06:57:50Z,"Company : enGen Job Description : JOB SUMMARY This role supports one or more technical aspects of the application product life cycle, within a sub-product scope. You will collaborate with customers to understand capability needs, gather project specifications, create business cases and cost sheet analysis, and translate high-level business needs into detailed requirements. You'll analyze data to determine business problems, trends, or opportunities for process improvements, and create/execute t…",https://www.adzuna.com/land/ad/5821047788?se=Wh_K_R-N8RGGgO_n0rmdiQ&utm_medium=api&utm_source=e45342b0&v=ACFA8ED3140C6F744270A079184F6BD72723A987
business analyst,Business Technical Analyst,Highmark Health,"West Virginia, US",56202.05,56202.05,IT Jobs,2026-07-30T06:58:42Z,"Company : enGen Job Description : JOB SUMMARY This role supports one or more technical aspects of the application product life cycle, within a sub-product scope. You will collaborate with customers to understand capability needs, gather project specifications, create business cases and cost sheet analysis, and translate high-level business needs into detailed requirements. You'll analyze data to determine business problems, trends, or opportunities for process improvements, and create/execute t…",https://www.adzuna.com/land/ad/5821048476?se=Wh_K_R-N8RGGgO_n0rmdiQ&utm_medium=api&utm_source=e45342b0&v=266FB6879F55AEB292399FC2C5DEC037DBBEE555
business analyst,Business Technical Analyst,Highmark Health,"North Carolina, US",52290.13,52290.13,IT Jobs,2026-07-30T07:39:55Z,"Company : enGen Job Description : JOB SUMMARY This role supports one or more technical aspects of the application product life cycle, within a sub-product scope. You will collaborate with customers to understand capability needs, gather project specifications, create business cases and cost sheet analysis, and translate high-level business needs into detailed requirements. You'll analyze data to determine business problems, trends, or opportunities for process improvements, and create/execute t…",https://www.adzuna.com/land/ad/5821087701?se=Wh_K_R-N8RGGgO_n0rmdiQ&utm_medium=api&utm_source=e45342b0&v=901CC5F65B2FAB6D56FF5F36DB079371EABBE6BF
business analyst,Business Technical Analyst,Highmark Health,"Kentucky, US",52446.2,52446.2,IT Jobs,2026-07-30T07:05:08Z,"Company : enGen Job Description : JOB SUMMARY This role supports one or more technical aspects of the application product life cycle, within a sub-product scope. You will collaborate with customers to understand capability needs, gather project specifications, create business cases and cost sheet analysis, and translate high-level business needs into detailed requirements. You'll analyze data to determine business problems, trends, or opportunities for process improvements, and create/execute t…",https://www.adzuna.com/land/ad/5821054466?se=Wh_K_R-N8RGGgO_n0rmdiQ&utm_medium=api&utm_source=e45342b0&v=C8CB75D10FB6954A3A0012280837AC083A437BCB
business analyst,Business Technical Analyst,Highmark Health,"New Hampshire, US",54785.27,54785.27,IT Jobs,2026-07-30T07:05:16Z,"Company : enGen Job Description : JOB SUMMARY This role supports one or more technical aspects of the application product life cycle, within a sub-product scope. You will collaborate with customers to understand capability needs, gather project specifications, create business cases and cost sheet analysis, and translate high-level business needs into detailed requirements. You'll analyze data to determine business problems, trends, or opportunities for process improvements, and create/execute t…",https://www.adzuna.com/land/ad/5821055105?se=Wh_K_R-N8RGGgO_n0rmdiQ&utm_medium=api&utm_source=e45342b0&v=12ACB326EB062F7B7C5038F71287F9F53A976DB4
business analyst,Business Technical Analyst,Highmark Health,"Wisconsin, US",53633.89,53633.89,IT Jobs,2026-07-30T07:39:51Z,"Company : enGen Job Description : JOB SUMMARY This role supports one or more technical aspects of the application product life cycle, within a sub-product scope. You will collaborate with customers to understand capability needs, gather project specifications, create business cases and cost sheet analysis, and translate high-level business needs into detailed requirements. You'll analyze data to determine business problems, trends, or opportunities for process improvements, and create/execute t…",https://www.adzuna.com/land/ad/5821087343?se=Wh_K_R-N8RGGgO_n0rmdiQ&utm_medium=api&utm_source=e45342b0&v=5098FD53C74DB2D8B8DB2378F2B450C18B104BA4
business analyst,Business Technical Analyst,Highmark Health,"Montana, Jefferson County",50038.65,50038.65,IT Jobs,2026-07-30T07:34:44Z,"Company : enGen Job Description : JOB SUMMARY This role supports one or more technical aspects of the application product life cycle, within a sub-product scope. You will collaborate with customers to understand capability needs, gather project specifications, create business cases and cost sheet analysis, and translate high-level business needs into detailed requirements. You'll analyze data to determine business problems, trends, or opportunities for process improvements, and create/execute t…",https://www.adzuna.com/land/ad/5821083365?se=Wh_K_R-N8RGGgO_n0rmdiQ&utm_medium=api&utm_source=e45342b0&v=5D6DDF434392307E7BFCCB94B7B48E9088B76511
business analyst,Business Technical Analyst,Highmark Health,"North Dakota, US",53689.57,53689.57,IT Jobs,2026-07-30T07:21:30Z,"Company : enGen Job Description : JOB SUMMARY This role supports one or more technical aspects of the application product life cycle, within a sub-product scope. You will collaborate with customers to understand capability needs, gather project specifications, create business cases and cost sheet analysis, and translate high-level business needs into detailed requirements. You'll analyze data to determine business problems, trends, or opportunities for process improvements, and create/execute t…",https://www.adzuna.com/land/ad/5821069831?se=Wh_K_R-N8RGGgO_n0rmdiQ&utm_medium=api&utm_source=e45342b0&v=DCB3AA9A10EBC9A57FFEC961AB0217604388E6EA
business analyst,Business Technical Analyst,Highmark Health,"Kansas, Wyandotte County",55183.0,55183.0,IT Jobs,2026-07-30T07:17:49Z,"Company : enGen Job Description : JOB SUMMARY This role supports one or more technical aspects of the application product life cycle, within a sub-product scope. You will collaborate with customers to understand capability needs, gather project specifications, create business cases and cost sheet analysis, and translate high-level business needs into detailed requirements. You'll analyze data to determine business problems, trends, or opportunities for process improvements, and create/execute t…",https://www.adzuna.com/land/ad/5821065799?se=Wh_K_R-N8RGGgO_n0rmdiQ&utm_medium=api&utm_source=e45342b0&v=C80D74222B2CD6A27A671302912A7CCC62D7EB9E
business analyst,Business Technical Analyst,Highmark Health,"Rhode Island, US",54829.34,54829.34,IT Jobs,2026-07-30T13:16:26Z,"Company : enGen Job Description : JOB SUMMARY This role supports one or more technical aspects of the application product life cycle, within a sub-product scope. You will collaborate with customers to understand capability needs, gather project specifications, create business cases and cost sheet analysis, and translate high-level business needs into detailed requirements. You'll analyze data to determine business problems, trends, or opportunities for process improvements, and create/execute t…",https://www.adzuna.com/land/ad/5821370977?se=Wh_K_R-N8RGGgO_n0rmdiQ&utm_medium=api&utm_source=e45342b0&v=7737295ABB96A560C6D7C9866A723AB58894D427
business analyst,Business Technical Analyst,Highmark Health,"Iowa, Johnson County",52790.89,52790.89,IT Jobs,2026-07-30T13:16:30Z,"Company : enGen Job Description : JOB SUMMARY This role supports one or more technical aspects of the application product life cycle, within a sub-product scope. You will collaborate with customers to understand capability needs, gather project specifications, create business cases and cost sheet analysis, and translate high-level business needs into detailed requirements. You'll analyze data to determine business problems, trends, or opportunities for process improvements, and create/execute t…",https://www.adzuna.com/land/ad/5821371298?se=Wh_K_R-N8RGGgO_n0rmdiQ&utm_medium=api&utm_source=e45342b0&v=347DA0A7D4EC13ADD6C9440231C436CAAFDD2F19
business analyst,Business Technical Analyst,Highmark Health,"South Carolina, US",53920.48,53920.48,IT Jobs,2026-07-30T12:30:02Z,"Company : enGen Job Description : JOB SUMMARY This role supports one or more technical aspects of the application product life cycle, within a sub-product scope. You will collaborate with customers to understand capability needs, gather project specifications, create business cases and cost sheet analysis, and translate high-level business needs into detailed requirements. You'll analyze data to determine business problems, trends, or opportunities for process improvements, and create/execute t…",https://www.adzuna.com/land/ad/5821336026?se=Wh_K_R-N8RGGgO_n0rmdiQ&utm_medium=api&utm_source=e45342b0&v=CC2D811A5683BC8E803DB8A998DE0B5A4168B31C
business analyst,Business Technical Analyst,Highmark Health,"Nebraska, US",51417.73,51417.73,IT Jobs,2026-07-30T12:29:58Z,"Company : enGen Job Description : JOB SUMMARY This role supports one or more technical aspects of the application product life cycle, within a sub-product scope. You will collaborate with customers to understand capability needs, gather project specifications, create business cases and cost sheet analysis, and translate high-level business needs into detailed requirements. You'll analyze data to determine business problems, trends, or opportunities for process improvements, and create/execute t…",https://www.adzuna.com/land/ad/5821335948?se=Wh_K_R-N8RGGgO_n0rmdiQ&utm_medium=api&utm_source=e45342b0&v=40B86213AA17E727E03E8E7B4B5CA8D6C2CDE954
business analyst,Business Technical Analyst,Highmark Health,"Nevada, US",55541.02,55541.02,IT Jobs,2026-07-30T12:36:55Z,"Company : enGen Job Description : JOB SUMMARY This role supports one or more technical aspects of the application product life cycle, within a sub-product scope. You will collaborate with customers to understand capability needs, gather project specifications, create business cases and cost sheet analysis, and translate high-level business needs into detailed requirements. You'll analyze data to determine business problems, trends, or opportunities for process improvements, and create/execute t…",https://www.adzuna.com/land/ad/5821337622?se=Wh_K_R-N8RGGgO_n0rmdiQ&utm_medium=api&utm_source=e45342b0&v=2962D180A57E4D1B59905EB4A6336C0F603E047A
business analyst,Business Technical Analyst,Highmark Health,"South Carolina, US",55119.05,55119.05,IT Jobs,2026-07-30T13:26:44Z,"This role supports one or more technical aspects of the application product life cycle, within a sub-product scope. You will collaborate with customers to understand capability needs, gather project specifications, create business cases and cost sheet analysis, and translate high-level business needs into detailed requirements. You'll analyze data to determine business problems, trends, or opportunities for process improvements, and create/execute test cases. This position also involves providi…",https://www.adzuna.com/land/ad/5821414396?se=Wh_K_R-N8RGGgO_n0rmdiQ&utm_medium=api&utm_source=e45342b0&v=5CF25ECF90AC63ED78BB553CD8889E233485C1DF
business analyst,Business Technical Analyst,Highmark Health,"Indiana, Indiana County",53535.16,53535.16,IT Jobs,2026-07-30T13:23:56Z,"Company : enGen Job Description : JOB SUMMARY This role supports one or more technical aspects of the application product life cycle, within a sub-product scope. You will collaborate with customers to understand capability needs, gather project specifications, create business cases and cost sheet analysis, and translate high-level business needs into detailed requirements. You'll analyze data to determine business problems, trends, or opportunities for process improvements, and create/execute t…",https://www.adzuna.com/land/ad/5821413065?se=Wh_K_R-N8RGGgO_n0rmdiQ&utm_medium=api&utm_source=e45342b0&v=EC1B4CD5652A13743530DFC597E5B605C5CF93B3
business analyst,Business Intelligence Analyst,Gartner,"North Stamford, Stamford",114196.36,114196.36,IT Jobs,2026-07-31T04:14:41Z,"About this role: As a BI Analyst within Gartner's Operations & Strategy team, you'll work closely with business partners to answer questions, solve problems, and deliver reporting and analytics solutions. You'll help transform complex data into clear insights that support operational and strategic decision-making across the organization. Who You Are: You thrive in ambiguity: asking clarifying questions, structuring unclear problems, and adapting as business needs evolve. You’re comfortable when…",https://www.adzuna.com/land/ad/5822147498?se=Wh_K_R-N8RGGgO_n0rmdiQ&utm_medium=api&utm_source=e45342b0&v=EFAC3539C002E5E7A7A535E6BE9219018812BAE2
business analyst,Business Technical Analyst,Highmark Health,"Maine, US",56213.89,56213.89,IT Jobs,2026-07-30T07:01:46Z,"This role supports one or more technical aspects of the application product life cycle, within a sub-product scope. You will collaborate with customers to understand capability needs, gather project specifications, create business cases and cost sheet analysis, and translate high-level business needs into detailed requirements. You'll analyze data to determine business problems, trends, or opportunities for process improvements, and create/execute test cases. This position also involves providi…",https://www.adzuna.com/land/ad/5821050547?se=Wh_K_R-N8RGGgO_n0rmdiQ&utm_medium=api&utm_source=e45342b0&v=710B7B73DCBBB4CC5061D132B26E46F8F2F7C5EB
business analyst,Business Technical Analyst,Highmark Health,Hawaii,60925.52,60925.52,IT Jobs,2026-07-30T07:01:35Z,"This role supports one or more technical aspects of the application product life cycle, within a sub-product scope. You will collaborate with customers to understand capability needs, gather project specifications, create business cases and cost sheet analysis, and translate high-level business needs into detailed requirements. You'll analyze data to determine business problems, trends, or opportunities for process improvements, and create/execute test cases. This position also involves providi…",https://www.adzuna.com/land/ad/5821050019?se=Wh_K_R-N8RGGgO_n0rmdiQ&utm_medium=api&utm_source=e45342b0&v=0BDF5AC653178DEF8DB0431E046662B30B28DEBB
business analyst,Business Technical Analyst,Highmark Health,"Vermont, Los Angeles County",51927.21,51927.21,IT Jobs,2026-07-30T07:01:32Z,"Company : enGen Job Description : JOB SUMMARY This role supports one or more technical aspects of the application product life cycle, within a sub-product scope. You will collaborate with customers to understand capability needs, gather project specifications, create business cases and cost sheet analysis, and translate high-level business needs into detailed requirements. You'll analyze data to determine business problems, trends, or opportunities for process improvements, and create/execute t…",https://www.adzuna.com/land/ad/5821049866?se=Wh_K_R-N8RGGgO_n0rmdiQ&utm_medium=api&utm_source=e45342b0&v=3A9EAE05BA3501F8F177907C362908A5A022B60E
business analyst,Business Technical Analyst,Highmark Health,"Tennessee, Drew County",54780.15,54780.15,IT Jobs,2026-07-30T07:01:30Z,"Company : enGen Job Description : JOB SUMMARY This role supports one or more technical aspects of the application product life cycle, within a sub-product scope. You will collaborate with customers to understand capability needs, gather project specifications, create business cases and cost sheet analysis, and translate high-level business needs into detailed requirements. You'll analyze data to determine business problems, trends, or opportunities for process improvements, and create/execute t…",https://www.adzuna.com/land/ad/5821049682?se=Wh_K_R-N8RGGgO_n0rmdiQ&utm_medium=api&utm_source=e45342b0&v=14ADDFC2FDF4B66053E507E1266C8BD565CC9F64
business analyst,Business Technical Analyst,Highmark Health,"Missouri, US",54770.12,54770.12,IT Jobs,2026-07-30T07:01:48Z,"Company : enGen Job Description : JOB SUMMARY This role supports one or more technical aspects of the application product life cycle, within a sub-product scope. You will collaborate with customers to understand capability needs, gather project specifications, create business cases and cost sheet analysis, and translate high-level business needs into detailed requirements. You'll analyze data to determine business problems, trends, or opportunities for process improvements, and create/execute t…",https://www.adzuna.com/land/ad/5821050728?se=Wh_K_R-N8RGGgO_n0rmdiQ&utm_medium=api&utm_source=e45342b0&v=9FD03F593A0C037C967777110DECECED3C096131
business analyst,Business Technical Analyst,Highmark Health,Florida,55105.81,55105.81,IT Jobs,2026-07-30T07:01:48Z,"Company : enGen Job Description : JOB SUMMARY This role supports one or more technical aspects of the application product life cycle, within a sub-product scope. You will collaborate with customers to understand capability needs, gather project specifications, create business cases and cost sheet analysis, and translate high-level business needs into detailed requirements. You'll analyze data to determine business problems, trends, or opportunities for process improvements, and create/execute t…",https://www.adzuna.com/land/ad/5821050740?se=Wh_K_R-N8RGGgO_n0rmdiQ&utm_medium=api&utm_source=e45342b0&v=398BBBC152D06082D756D34035C24D91DB385884
business analyst,Business Technical Analyst,Highmark Health,"Louisiana, US",51489.57,51489.57,IT Jobs,2026-07-30T06:55:11Z,"Company : enGen Job Description : JOB SUMMARY This role supports one or more technical aspects of the application product life cycle, within a sub-product scope. You will collaborate with customers to understand capability needs, gather project specifications, create business cases and cost sheet analysis, and translate high-level business needs into detailed requirements. You'll analyze data to determine business problems, trends, or opportunities for process improvements, and create/execute t…",https://www.adzuna.com/land/ad/5821045637?se=Wh_K_R-N8RGGgO_n0rmdiQ&utm_medium=api&utm_source=e45342b0&v=6162D0E672E97C5AE75E6ECE4443B4B9726BDE34
business analyst,Business Technical Analyst,Highmark Health,"Idaho, Clay County",52837.84,52837.84,IT Jobs,2026-07-30T06:55:04Z,"Company : enGen Job Description : JOB SUMMARY This role supports one or more technical aspects of the application product life cycle, within a sub-product scope. You will collaborate with customers to understand capability needs, gather project specifications, create business cases and cost sheet analysis, and translate high-level business needs into detailed requirements. You'll analyze data to determine business problems, trends, or opportunities for process improvements, and create/execute t…",https://www.adzuna.com/land/ad/5821045076?se=Wh_K_R-N8RGGgO_n0rmdiQ&utm_medium=api&utm_source=e45342b0&v=3A49F1058AD4A31B64C8B3FFFB18F78A35B21474
business analyst,Business Technical Analyst,Highmark Health,"Maryland, Anne Arundel County",53205.29,53205.29,IT Jobs,2026-07-30T07:39:57Z,"Company : enGen Job Description : JOB SUMMARY This role supports one or more technical aspects of the application product life cycle, within a sub-product scope. You will collaborate with customers to understand capability needs, gather project specifications, create business cases and cost sheet analysis, and translate high-level business needs into detailed requirements. You'll analyze data to determine business problems, trends, or opportunities for process improvements, and create/execute t…",https://www.adzuna.com/land/ad/5821088007?se=Wh_K_R-N8RGGgO_n0rmdiQ&utm_medium=api&utm_source=e45342b0&v=AF85750800CF73A65035A96BBC97F075459E9C30
business analyst,Business Analyst,Randstad Digital,"Five Corners, Hudson County",72443.91,72443.91,IT Jobs,2026-07-21T17:05:59Z,"job summary: Looking to hire a business analyst to help support the banks progress towards business agility. This person will work closely with software development teams that are responsible for building & maintaining our technical applications. The candidate will be responsible for agile program management, reporting, requirements, design, implementation, testing, and support of various projects. Candidate will also assist with general project duties such as requirements gathering, test scrip…",https://www.adzuna.com/land/ad/5809725221?se=Wh_K_R-N8RGGgO_n0rmdiQ&utm_medium=api&utm_source=e45342b0&v=8F65F11BD47AB6AED34B16CD178212CCEFE2203F
business analyst,Business Analyst,Kforce Technology Staffing,"Kansas City, Jackson County",116819.41,116819.41,IT Jobs,2026-07-01T15:14:38Z,"RESPONSIBILITIES: Kforce is looking for a Business Analyst to come aboard a contract to hire opportunity with one of our clients in Kansas City, MO. Summary: The Business Analyst interacts with IT and business roles to elicit requirements and shape demand into work items for application development teams. The BA will become a subject matter expert on multiple applications supported by the IT group. The candidate works with developers and business contacts to ensure that requirements and accepta…",https://www.adzuna.com/land/ad/5784109665?se=Wh_K_R-N8RGGgO_n0rmdiQ&utm_medium=api&utm_source=e45342b0&v=E89DC5A6F56F35AF43FB3D707FE539A98E803489
business analyst,Business Analyst,DecisionPoint Corporation,US,41770.0,41770.0,IT Jobs,2026-07-30T05:31:07Z,"Overview DecisionPoint seeks a Business Analyst to support requirements documentation, feature definition, release planning, and technical writing for a large federal and DoD-aligned IT mission environment. This role develops user stories, gathers requirements, documents sprint outputs, and produces clear, well-structured release notes, user guides, and technical documentation. The Business Analyst works closely with product owners, developers, cybersecurity teams, and cloud engineers to ensure…",https://www.adzuna.com/land/ad/5820956953?se=Wh_K_R-N8RGGgO_n0rmdiQ&utm_medium=api&utm_source=e45342b0&v=C88CF4ED2C9B55D6778046641411DE7A7F6785AA
business analyst,Business Analyst,"Electronic Consulting Services, Inc ","State Farm, Arlington County",85574.89,85574.89,IT Jobs,2026-07-24T10:59:03Z,"Job Description Everforth ECS is seeking a Business Analyst to work at our Arlington, VA office. Job Summary Everforth ECS seeks a dynamic, experienced, and enthusiastic Business Analyst to serve as a versatile, cross-functional support resource, bridging requirements gathering, project coordination, documentation, and stakeholder engagement. This role blends the structured coordination and reporting discipline of a Project Analyst with the stakeholder-facing analytical work of a Business Analy…",https://www.adzuna.com/land/ad/5813919118?se=Wh_K_R-N8RGGgO_n0rmdiQ&utm_medium=api&utm_source=e45342b0&v=AD5E527922279557045F90780992C133D789F5C1
business analyst,BUSINESS ANALYST,"Judge Group, Inc.","South Boston, Suffolk County",153292.86,153292.86,IT Jobs,2026-06-18T22:44:27Z,"Location: Boston, MA Salary: $60.00 USD Hourly - $64.00 USD Hourly Description: Business Analyst - IT (Enterprise Programs & Governance) About the Role We are seeking a highly collaborative and detail-oriented Business Analyst to support enterprise-wide technology initiatives. This role serves as a key partner in bridging business, operational, and technical teams-helping translate stakeholder needs into clear, actionable documentation and supporting successful delivery of IT solutions. You wil…",https://www.adzuna.com/land/ad/5768882026?se=Wh_K_R-N8RGGgO_n0rmdiQ&utm_medium=api&utm_source=e45342b0&v=CB1FD913DD3A8A77DF0E4AF9B3D22E0B808BC10E
business analyst,Business Analyst,Kforce Technology Staffing,"Palm Beach Gardens, Palm Beach County",87825.34,87825.34,Healthcare & Nursing Jobs,2026-03-30T15:03:53Z,"RESPONSIBILITIES: Kforce has a client in Palm Beach Gardens, FL that is in search of a Business Analyst that can establish reusable change assets and sustainable, scalable processes. Summary: Key responsibilities include medium to large special projects, quantitative and qualitative research, process design and modification, and report development. The Business Analyst applies standardized tools and techniques to collect, analyze, and present data for business insights. This role works extensiv…",https://www.adzuna.com/land/ad/5683306183?se=Wh_K_R-N8RGGgO_n0rmdiQ&utm_medium=api&utm_source=e45342b0&v=05F631786EF940F48245D11AC6D139ED90B68183
data engineer,Data Engineer,P3 Health Partners,"Henderson, Clark County",96782.16,96782.16,IT Jobs,2026-07-30T18:17:47Z,"People. Passion. Purpose. At P3 Health Partners, our promise is to guide our communities to better health, unburden clinicians, align incentives and engage patients. We are a physician-led organization relentless in our mission to overcome all obstacles by positively disrupting the business of health care, transforming it from sickness care into wellness guidance. We are looking for a Data Engineer. If you are passionate about your work; eager to have fun; and motivated to be part of a fast-gro…",https://www.adzuna.com/land/ad/5821657262?se=-JRM_h-N8RGGgO_n0rmdiQ&utm_medium=api&utm_source=e45342b0&v=6CBED2E11EC2C437F698E4FB69F6D0F8ABCBD9FC
data engineer,Data Engineer,Booz Allen Hamilton,"Arlington, Arlington County",107634.79,107634.79,Engineering Jobs,2026-07-30T18:08:18Z,"Data Engineer The Opportunity: Ever-expanding technology like IoT, machine learning, and artificial intelligence means that there’s more structured and unstructured data available today than ever before. As a data engineer, you know that organizing data can yield pivotal insights when it’s gathered from disparate sources. We need a data professional like you to help our clients find answers in their data to impact important missions, from fraud detection to cancer research to national intellige…",https://www.adzuna.com/land/ad/5821651663?se=-JRM_h-N8RGGgO_n0rmdiQ&utm_medium=api&utm_source=e45342b0&v=F3BA419FA4EA3407BFF41BCD5ADB2277184EE1B2
data engineer,Data Engineer,Booz Allen Hamilton,"San Diego, San Diego County",117314.45,117314.45,Engineering Jobs,2026-07-30T23:23:48Z,"Data Engineer The Opportunity: Ever-expanding technology like IoT, machine learning, and artificial intelligence means that there’s more structured and unstructured data available today than ever before. As a data engineer, you know that organizing data can yield pivotal insights when it’s gathered from disparate sources. We need a data professional like you to help our clients find answers in their data to impact important missions, from fraud detection to cancer research to national intellige…",https://www.adzuna.com/land/ad/5821969667?se=-JRM_h-N8RGGgO_n0rmdiQ&utm_medium=api&utm_source=e45342b0&v=135B1006F425BF445038D3A83047901197A14995
data engineer,Data Engineer,Beghou Consulting,"California, US",160643.7,160643.7,IT Jobs,2026-07-31T14:59:45Z,"Beghou brings over three decades of experience helping life sciences companies optimize their commercialization through strategic insight, advanced analytics, and technology. From developing go-to-market strategies and building foundational data analytics infrastructures to leveraging artificial intelligence to improve customer insights and engagement, Beghou helps life sciences companies maximize performance across their portfolios. Beghou also deploys proprietary and third-party technology so…",https://www.adzuna.com/land/ad/5822605028?se=-JRM_h-N8RGGgO_n0rmdiQ&utm_medium=api&utm_source=e45342b0&v=535862BD7EB2A7B9044D20A0C27D1C1539263020
data engineer,Data Engineer,Beghou Consulting,Florida,151763.47,151763.47,IT Jobs,2026-07-31T14:52:08Z,"Beghou brings over three decades of experience helping life sciences companies optimize their commercialization through strategic insight, advanced analytics, and technology. From developing go-to-market strategies and building foundational data analytics infrastructures to leveraging artificial intelligence to improve customer insights and engagement, Beghou helps life sciences companies maximize performance across their portfolios. Beghou also deploys proprietary and third-party technology so…",https://www.adzuna.com/land/ad/5822603214?se=-JRM_h-N8RGGgO_n0rmdiQ&utm_medium=api&utm_source=e45342b0&v=BCA9FA51C80E86C116F5DD428617A384CDE872E1
data engineer,Data Engineer,Beghou Consulting,"Durham, Durham County",151466.62,151466.62,IT Jobs,2026-07-31T15:16:51Z,"Beghou brings over three decades of experience helping life sciences companies optimize their commercialization through strategic insight, advanced analytics, and technology. From developing go-to-market strategies and building foundational data analytics infrastructures to leveraging artificial intelligence to improve customer insights and engagement, Beghou helps life sciences companies maximize performance across their portfolios. Beghou also deploys proprietary and third-party technology so…",https://www.adzuna.com/land/ad/5822609363?se=-JRM_h-N8RGGgO_n0rmdiQ&utm_medium=api&utm_source=e45342b0&v=92BD6F63ABB6B741AADE2F443B78B5B3CDFB85EA
data engineer,Data Engineer,Beghou Consulting,"Illinois, US",147679.34,147679.34,IT Jobs,2026-07-31T15:28:58Z,"Beghou brings over three decades of experience helping life sciences companies optimize their commercialization through strategic insight, advanced analytics, and technology. From developing go-to-market strategies and building foundational data analytics infrastructures to leveraging artificial intelligence to improve customer insights and engagement, Beghou helps life sciences companies maximize performance across their portfolios. Beghou also deploys proprietary and third-party technology so…",https://www.adzuna.com/land/ad/5822624069?se=-JRM_h-N8RGGgO_n0rmdiQ&utm_medium=api&utm_source=e45342b0&v=630B42459ED94F1768FEF391B3D334165EB3B069
data engineer,Data Engineer,Beghou Consulting,"Princeton, Mercer County",151245.64,151245.64,IT Jobs,2026-07-31T15:21:23Z,"Beghou brings over three decades of experience helping life sciences companies optimize their commercialization through strategic insight, advanced analytics, and technology. From developing go-to-market strategies and building foundational data analytics infrastructures to leveraging artificial intelligence to improve customer insights and engagement, Beghou helps life sciences companies maximize performance across their portfolios. Beghou also deploys proprietary and third-party technology so…",https://www.adzuna.com/land/ad/5822614687?se=-JRM_h-N8RGGgO_n0rmdiQ&utm_medium=api&utm_source=e45342b0&v=90076A129BBC1853FE5D8D990EDA56ADADF6494A
data engineer,Data Engineer,Bloomberg Industry Group,"Arlington, Arlington County",112694.16,112694.16,IT Jobs,2026-07-31T15:11:55Z,"Bloomberg Industry Group runs on data. As the Commercial Data Engineering team, we are responsible for creating the building blocks that allows us to drive analytics throughout the organization to improve our products, engage better with our customers, create greater efficiencies, and drive new businesses by providing data insights. Our data captures the who, what, when, where and why of how our company goes to market. Senior business leaders rely on our work every day to make strategic decisio…",https://www.adzuna.com/land/ad/5822607892?se=-JRM_h-N8RGGgO_n0rmdiQ&utm_medium=api&utm_source=e45342b0&v=796CDF66449C1664F17CB5CA28CAE800FED05A1D
data engineer,Data Engineer,Booz Allen Hamilton,"Atlanta, Fulton County",123082.68,123082.68,Engineering Jobs,2026-07-31T14:56:39Z,"Data Engineer The Opportunity: Ever-expanding technology such as IoT, machine learning, and artificial intelligence means there’s more structured and unstructured data available today than ever before. As a data engineer, you know that organizing data can yield pivotal insights when it’s gathered from disparate sources. We need an experienced data engineer like you to help our clients find answers in their data to impact important missions from supporting clinical decision-making to acceleratin…",https://www.adzuna.com/land/ad/5822604550?se=-JRM_h-N8RGGgO_n0rmdiQ&utm_medium=api&utm_source=e45342b0&v=3B872E885A4A7E2D72D3ECDB94C1D9725F421A7A
data engineer,Data Engineer,Booz Allen Hamilton,"Washington, Washington, D.C.",139904.97,139904.97,Engineering Jobs,2026-07-31T15:30:04Z,"Data Engineer The Opportunity: Ever-expanding technology such as IoT, machine learning, and artificial intelligence means there’s more structured and unstructured data available today than ever before. As a data engineer, you know that organizing data can yield pivotal insights when it’s gathered from disparate sources. We need an experienced data engineer like you to help our clients find answers in their data to impact important missions from supporting clinical decision-making to acceleratin…",https://www.adzuna.com/land/ad/5822626668?se=-JRM_h-N8RGGgO_n0rmdiQ&utm_medium=api&utm_source=e45342b0&v=C00CF6BB4BA45F50D4D2FE207F0F8C60E6FD9ECB
data engineer,Data Engineer,General Motors,"Mountain View, Santa Clara County",117185.07,117185.07,IT Jobs,2026-07-30T17:46:01Z,"Job Description This role is categorized as hybrid. This means the successful candidate is expected to report to Warren Global Technical Center, Mountain View Technical Center, or Austin Technical Center three times per week, at minimum [or other frequency dictated by the business if more than 3 days]. The Role This role will focus on designing, developing, and supporting Databricks-based pipelines, medallion-layer data products, and enterprise integrations that enable analytics, reporting, and…",https://www.adzuna.com/land/ad/5821564742?se=-JRM_h-N8RGGgO_n0rmdiQ&utm_medium=api&utm_source=e45342b0&v=DE2D0234568C6EA885E03777DE01A5B8F47E17F6
data engineer,Data Engineer,General Motors,"Austin, Travis County",111817.07,111817.07,IT Jobs,2026-07-30T18:01:14Z,"Job Description This role is categorized as hybrid. This means the successful candidate is expected to report to Warren Global Technical Center, Mountain View Technical Center, or Austin Technical Center three times per week, at minimum [or other frequency dictated by the business if more than 3 days]. The Role This role will focus on designing, developing, and supporting Databricks-based pipelines, medallion-layer data products, and enterprise integrations that enable analytics, reporting, and…",https://www.adzuna.com/land/ad/5821635229?se=-JRM_h-N8RGGgO_n0rmdiQ&utm_medium=api&utm_source=e45342b0&v=110F38F17D5FC9F3CEDD3DE402529A2794A9F48A
data engineer,Data Engineer,Booz Allen Hamilton,"Mc Lean, Fairfax County",113151.86,113151.86,Engineering Jobs,2026-07-31T15:23:28Z,"Data Engineer The Opportunity: Ever-expanding technology like IoT, machine learning, and artificial intelligence means that there’s more structured and unstructured data available today than ever before. As a data engineer, you know that organizing data can yield pivotal insights when it’s gathered from disparate sources. We need an experienced data engineer like you to help our clients find answers in their data to impact important missions, from fraud detection to cancer research, to national…",https://www.adzuna.com/land/ad/5822616814?se=-JRM_h-N8RGGgO_n0rmdiQ&utm_medium=api&utm_source=e45342b0&v=26B44E69C0CB80F3E0530E303D91CD01BA5E787E
data engineer,Data Engineer,Booz Allen Hamilton,"Fort Belvoir, Fairfax County",111445.2,111445.2,Engineering Jobs,2026-07-31T15:27:52Z,"Data Engineer The Opportunity: Ever-expanding technology like IoT, machine learning, and artificial intelligence means that there’s more structured and unstructured data available today than ever before. As a data engineer, you know that organizing data can yield pivotal insights when it’s gathered from disparate sources. We need an experienced data engineer like you to help our clients find answers in their data to impact important missions, from fraud detection to cancer research, to national…",https://www.adzuna.com/land/ad/5822622031?se=-JRM_h-N8RGGgO_n0rmdiQ&utm_medium=api&utm_source=e45342b0&v=619A21697868C9D85AC5A6365523437045F8CCDC
data engineer,Data Engineer,Ragle Inc,"North Richland Hills, Tarrant County",103712.45,103712.45,IT Jobs,2026-07-30T13:22:38Z,"Pay: $90,000.00 - $110,000.00 per year Job description: Data Engineer (2–3 Years Experience) Location: North Richland Hills, TX (On-site) Salary Range: $90,000–$110,000 (based on experience) Company: Ragle Inc. About the Role Ragle Inc. is expanding its Data & Analytics team and is seeking a hands-on Data Engineer with 2–3 years of industry experience to help centralize and modernize operational, accounting, and project data. In this role, you will design and operate production-grade data pipel…",https://www.adzuna.com/land/ad/5821410896?se=-JRM_h-N8RGGgO_n0rmdiQ&utm_medium=api&utm_source=e45342b0&v=5C931B6B467D08ACAE7EBBF663ED85BFBAFB3873
data engineer,Data Engineer,Cushman & Wakefield,"Atlanta, Fulton County",145683.06,145683.06,IT Jobs,2026-07-30T18:12:20Z,"Job Title Data Engineer Job Description Summary Key Objectives: Supports the development, optimization, and maintenance of Cushman & Wakefield’s commercial real estate (CRE) forecasting infrastructure across the Americas. This role is focused on engineering robust data pipelines, automating model workflows, and ensuring the integrity and scalability of forecasting systems. Operate as a self-sufficient data practitioner, capable of independently delivering data solutions or working side-by-side …",https://www.adzuna.com/land/ad/5821654757?se=-JRM_h-N8RGGgO_n0rmdiQ&utm_medium=api&utm_source=e45342b0&v=0BBFBEAE4E139D0A15D0AD526005C0938B0F7DD8
data engineer,Data Engineer,Cushman & Wakefield,"Chicago, Cook County",145824.7,145824.7,IT Jobs,2026-07-30T17:45:58Z,"Job Title Data Engineer Job Description Summary Key Objectives: Supports the development, optimization, and maintenance of Cushman & Wakefield’s commercial real estate (CRE) forecasting infrastructure across the Americas. This role is focused on engineering robust data pipelines, automating model workflows, and ensuring the integrity and scalability of forecasting systems. Operate as a self-sufficient data practitioner, capable of independently delivering data solutions or working side-by-side …",https://www.adzuna.com/land/ad/5821564225?se=-JRM_h-N8RGGgO_n0rmdiQ&utm_medium=api&utm_source=e45342b0&v=0DA3BF62169C99DAB9826D9B88B1D7DD66DA6518
data engineer,Data Engineer,Cushman & Wakefield,"Austin, Travis County",151760.3,151760.3,IT Jobs,2026-07-30T22:52:32Z,"Job Title Data Engineer Job Description Summary Key Objectives: Supports the development, optimization, and maintenance of Cushman & Wakefield’s commercial real estate (CRE) forecasting infrastructure across the Americas. This role is focused on engineering robust data pipelines, automating model workflows, and ensuring the integrity and scalability of forecasting systems. Operate as a self-sufficient data practitioner, capable of independently delivering data solutions or working side-by-side …",https://www.adzuna.com/land/ad/5821928358?se=-JRM_h-N8RGGgO_n0rmdiQ&utm_medium=api&utm_source=e45342b0&v=F820E39E8E98AFCD83388E1C47FFED3273E26196
data engineer,Data Engineer,"RA Capital Management, LLC","Boston, Suffolk County",180850.12,180850.12,IT Jobs,2026-07-30T17:38:46Z,"Imagine if you had the skills, knowledge, and teammates to both understand the root of the world’s most pressing problems and build the technologies and companies best positioned to solve them. RA Capital has done exactly that for more than two decades, backing bold ideas in medicines to further human health and now expanding into Planetary Health to improve how efficiently we utilize the world’s precious resources. RA Capital is among the leading providers of capital and services to the most p…",https://www.adzuna.com/land/ad/5821510411?se=-JRM_h-N8RGGgO_n0rmdiQ&utm_medium=api&utm_source=e45342b0&v=E9F2ECB7F9066FE957F1F9B7AE3BA50ABF8953AC
data engineer,Data Engineer,CVS Health,"Alabama, US",79208.77,79208.77,Engineering Jobs,2026-07-30T17:51:22Z,"We’re building a world of health around every individual — shaping a more connected, convenient and compassionate health experience. At CVS Health®, you’ll be surrounded by passionate colleagues who care deeply, innovate with purpose, hold ourselves accountable and prioritize safety and quality in everything we do. Join us and be part of something bigger – helping to simplify health care one person, one family and one community at a time. Position Summary We are hiring a fully remote Data Engin…",https://www.adzuna.com/land/ad/5821601697?se=-JRM_h-N8RGGgO_n0rmdiQ&utm_medium=api&utm_source=e45342b0&v=B03E7DEFB0DF11A4E122E337DEA5A36CCD8F27B3
data engineer,Data Engineer,CVS Health,"Iowa, Johnson County",79901.54,79901.54,Engineering Jobs,2026-07-30T17:44:08Z,"We’re building a world of health around every individual — shaping a more connected, convenient and compassionate health experience. At CVS Health®, you’ll be surrounded by passionate colleagues who care deeply, innovate with purpose, hold ourselves accountable and prioritize safety and quality in everything we do. Join us and be part of something bigger – helping to simplify health care one person, one family and one community at a time. Position Summary We are hiring a fully remote Data Engin…",https://www.adzuna.com/land/ad/5821548329?se=-JRM_h-N8RGGgO_n0rmdiQ&utm_medium=api&utm_source=e45342b0&v=9430F27E75EB073B21A9A5CC483FFC9D6251D775
data engineer,Data Engineer,CVS Health,"Washington, Washington, D.C.",90631.53,90631.53,Engineering Jobs,2026-07-30T18:03:24Z,"We’re building a world of health around every individual — shaping a more connected, convenient and compassionate health experience. At CVS Health®, you’ll be surrounded by passionate colleagues who care deeply, innovate with purpose, hold ourselves accountable and prioritize safety and quality in everything we do. Join us and be part of something bigger – helping to simplify health care one person, one family and one community at a time. Position Summary We are hiring a fully remote Data Engin…",https://www.adzuna.com/land/ad/5821646834?se=-JRM_h-N8RGGgO_n0rmdiQ&utm_medium=api&utm_source=e45342b0&v=E455B100472E811D007A669838CC94E6DF9FD36D
data engineer,Data Engineer,CVS Health,"Maryland, Anne Arundel County",80528.59,80528.59,Engineering Jobs,2026-07-30T17:38:44Z,"We’re building a world of health around every individual — shaping a more connected, convenient and compassionate health experience. At CVS Health®, you’ll be surrounded by passionate colleagues who care deeply, innovate with purpose, hold ourselves accountable and prioritize safety and quality in everything we do. Join us and be part of something bigger – helping to simplify health care one person, one family and one community at a time. Position Summary We are hiring a fully remote Data Engin…",https://www.adzuna.com/land/ad/5821509968?se=-JRM_h-N8RGGgO_n0rmdiQ&utm_medium=api&utm_source=e45342b0&v=3411FE3EB435188D36D8CBC7FE8F0987F89D4A1A
data engineer,Data Engineer,CVS Health,"Tennessee, Drew County",82912.38,82912.38,Engineering Jobs,2026-07-30T18:01:13Z,"We’re building a world of health around every individual — shaping a more connected, convenient and compassionate health experience. At CVS Health®, you’ll be surrounded by passionate colleagues who care deeply, innovate with purpose, hold ourselves accountable and prioritize safety and quality in everything we do. Join us and be part of something bigger – helping to simplify health care one person, one family and one community at a time. Position Summary We are hiring a fully remote Data Engin…",https://www.adzuna.com/land/ad/5821635151?se=-JRM_h-N8RGGgO_n0rmdiQ&utm_medium=api&utm_source=e45342b0&v=77E0D23C381326B045EC0E2A552F69421E11EA15
data engineer,Data Engineer,CVS Health,"Arizona, US",72822.81,72822.81,Engineering Jobs,2026-07-30T17:36:03Z,"We’re building a world of health around every individual — shaping a more connected, convenient and compassionate health experience. At CVS Health®, you’ll be surrounded by passionate colleagues who care deeply, innovate with purpose, hold ourselves accountable and prioritize safety and quality in everything we do. Join us and be part of something bigger – helping to simplify health care one person, one family and one community at a time. Position Summary We are hiring a fully remote Data Engin…",https://www.adzuna.com/land/ad/5821489224?se=-JRM_h-N8RGGgO_n0rmdiQ&utm_medium=api&utm_source=e45342b0&v=F7BFB9CD7B5C2B26D67EDDA22891E8EB69A5D6A1
data engineer,Data Engineer,CVS Health,"South Carolina, US",81611.13,81611.13,Engineering Jobs,2026-07-30T17:33:18Z,"We’re building a world of health around every individual — shaping a more connected, convenient and compassionate health experience. At CVS Health®, you’ll be surrounded by passionate colleagues who care deeply, innovate with purpose, hold ourselves accountable and prioritize safety and quality in everything we do. Join us and be part of something bigger – helping to simplify health care one person, one family and one community at a time. Position Summary We are hiring a fully remote Data Engin…",https://www.adzuna.com/land/ad/5821469567?se=-JRM_h-N8RGGgO_n0rmdiQ&utm_medium=api&utm_source=e45342b0&v=88537BE8D2860550FD0FF6FCCAE738C84BCDDDFF
data engineer,Data Engineer,CVS Health,"Oklahoma, US",79636.57,79636.57,Engineering Jobs,2026-07-30T17:41:04Z,"We’re building a world of health around every individual — shaping a more connected, convenient and compassionate health experience. At CVS Health®, you’ll be surrounded by passionate colleagues who care deeply, innovate with purpose, hold ourselves accountable and prioritize safety and quality in everything we do. Join us and be part of something bigger – helping to simplify health care one person, one family and one community at a time. Position Summary We are hiring a fully remote Data Engin…",https://www.adzuna.com/land/ad/5821528435?se=-JRM_h-N8RGGgO_n0rmdiQ&utm_medium=api&utm_source=e45342b0&v=01657AAAF6180025A73999B1A8B342A377F52A4C
data engineer,Data Engineer,CVS Health,"Nebraska, US",77823.11,77823.11,Engineering Jobs,2026-07-30T17:33:19Z,"We’re building a world of health around every individual — shaping a more connected, convenient and compassionate health experience. At CVS Health®, you’ll be surrounded by passionate colleagues who care deeply, innovate with purpose, hold ourselves accountable and prioritize safety and quality in everything we do. Join us and be part of something bigger – helping to simplify health care one person, one family and one community at a time. Position Summary We are hiring a fully remote Data Engin…",https://www.adzuna.com/land/ad/5821469651?se=-JRM_h-N8RGGgO_n0rmdiQ&utm_medium=api&utm_source=e45342b0&v=89A8F2D48B6CA448C7D853CA2909453AC88AC3F3
data engineer,Data Engineer,CVS Health,"Pennsylvania, US",82956.91,82956.91,Engineering Jobs,2026-07-30T18:08:33Z,"We’re building a world of health around every individual — shaping a more connected, convenient and compassionate health experience. At CVS Health®, you’ll be surrounded by passionate colleagues who care deeply, innovate with purpose, hold ourselves accountable and prioritize safety and quality in everything we do. Join us and be part of something bigger – helping to simplify health care one person, one family and one community at a time. Position Summary We are hiring a fully remote Data Engin…",https://www.adzuna.com/land/ad/5821652253?se=-JRM_h-N8RGGgO_n0rmdiQ&utm_medium=api&utm_source=e45342b0&v=CCF360B383E3DA7190BA2EB45973365DDFDD417A
data engineer,Data Engineer,CVS Health,"Arkansas, US",80056.76,80056.76,Engineering Jobs,2026-07-30T23:04:48Z,"We’re building a world of health around every individual — shaping a more connected, convenient and compassionate health experience. At CVS Health®, you’ll be surrounded by passionate colleagues who care deeply, innovate with purpose, hold ourselves accountable and prioritize safety and quality in everything we do. Join us and be part of something bigger – helping to simplify health care one person, one family and one community at a time. Position Summary We are hiring a fully remote Data Engin…",https://www.adzuna.com/land/ad/5821957102?se=-JRM_h-N8RGGgO_n0rmdiQ&utm_medium=api&utm_source=e45342b0&v=892F033971F7BA1ECA131A6472EDF8FC4681B63A
data engineer,Data Engineer,CVS Health,"Utah, US",85370.13,85370.13,Engineering Jobs,2026-07-30T22:59:02Z,"We’re building a world of health around every individual — shaping a more connected, convenient and compassionate health experience. At CVS Health®, you’ll be surrounded by passionate colleagues who care deeply, innovate with purpose, hold ourselves accountable and prioritize safety and quality in everything we do. Join us and be part of something bigger – helping to simplify health care one person, one family and one community at a time. Position Summary We are hiring a fully remote Data Engin…",https://www.adzuna.com/land/ad/5821937845?se=-JRM_h-N8RGGgO_n0rmdiQ&utm_medium=api&utm_source=e45342b0&v=13173EB4BB003A3A426C91DE4D64809460636941
data engineer,Data Engineer,CVS Health,"Maine, US",83232.2,83232.2,Engineering Jobs,2026-07-30T23:19:21Z,"We’re building a world of health around every individual — shaping a more connected, convenient and compassionate health experience. At CVS Health®, you’ll be surrounded by passionate colleagues who care deeply, innovate with purpose, hold ourselves accountable and prioritize safety and quality in everything we do. Join us and be part of something bigger – helping to simplify health care one person, one family and one community at a time. Position Summary We are hiring a fully remote Data Engin…",https://www.adzuna.com/land/ad/5821967535?se=-JRM_h-N8RGGgO_n0rmdiQ&utm_medium=api&utm_source=e45342b0&v=7397FB33B6CC7A4B51ACCCE014C6433104D4E5FC
data engineer,Data Engineer,CVS Health,Florida,83405.18,83405.18,Engineering Jobs,2026-07-30T23:31:50Z,"We’re building a world of health around every individual — shaping a more connected, convenient and compassionate health experience. At CVS Health®, you’ll be surrounded by passionate colleagues who care deeply, innovate with purpose, hold ourselves accountable and prioritize safety and quality in everything we do. Join us and be part of something bigger – helping to simplify health care one person, one family and one community at a time. Position Summary We are hiring a fully remote Data Engin…",https://www.adzuna.com/land/ad/5821974491?se=-JRM_h-N8RGGgO_n0rmdiQ&utm_medium=api&utm_source=e45342b0&v=349FDB4D834A646A3C4FDCA85AD41B45DB51092E
data engineer,Data Engineer,CVS Health,"New Hampshire, US",82920.05,82920.05,Engineering Jobs,2026-07-30T23:24:52Z,"We’re building a world of health around every individual — shaping a more connected, convenient and compassionate health experience. At CVS Health®, you’ll be surrounded by passionate colleagues who care deeply, innovate with purpose, hold ourselves accountable and prioritize safety and quality in everything we do. Join us and be part of something bigger – helping to simplify health care one person, one family and one community at a time. Position Summary We are hiring a fully remote Data Engin…",https://www.adzuna.com/land/ad/5821971373?se=-JRM_h-N8RGGgO_n0rmdiQ&utm_medium=api&utm_source=e45342b0&v=F8FF512DD00511F1F308E9ED5287BD96104C811C
data engineer,Data Engineer,CVS Health,"Montana, Jefferson County",75735.8,75735.8,Engineering Jobs,2026-07-30T23:35:15Z,"We’re building a world of health around every individual — shaping a more connected, convenient and compassionate health experience. At CVS Health®, you’ll be surrounded by passionate colleagues who care deeply, innovate with purpose, hold ourselves accountable and prioritize safety and quality in everything we do. Join us and be part of something bigger – helping to simplify health care one person, one family and one community at a time. Position Summary We are hiring a fully remote Data Engin…",https://www.adzuna.com/land/ad/5821977545?se=-JRM_h-N8RGGgO_n0rmdiQ&utm_medium=api&utm_source=e45342b0&v=658134969C6D49583BD0099DEA1F211159C9EEED
data engineer,Data Engineer,CVS Health,"Texas, US",76635.35,76635.35,Engineering Jobs,2026-07-30T17:36:05Z,"We’re building a world of health around every individual — shaping a more connected, convenient and compassionate health experience. At CVS Health®, you’ll be surrounded by passionate colleagues who care deeply, innovate with purpose, hold ourselves accountable and prioritize safety and quality in everything we do. Join us and be part of something bigger – helping to simplify health care one person, one family and one community at a time. Position Summary We are hiring a fully remote Data Engin…",https://www.adzuna.com/land/ad/5821489615?se=-JRM_h-N8RGGgO_n0rmdiQ&utm_medium=api&utm_source=e45342b0&v=9AAAD9D9761A2A07CBA267761EDAB1C0A4A33387
data engineer,Data Engineer,CVS Health,"Kansas, Wyandotte County",83521.95,83521.95,Engineering Jobs,2026-07-30T18:04:37Z,"We’re building a world of health around every individual — shaping a more connected, convenient and compassionate health experience. At CVS Health®, you’ll be surrounded by passionate colleagues who care deeply, innovate with purpose, hold ourselves accountable and prioritize safety and quality in everything we do. Join us and be part of something bigger – helping to simplify health care one person, one family and one community at a time. Position Summary We are hiring a fully remote Data Engin…",https://www.adzuna.com/land/ad/5821648845?se=-JRM_h-N8RGGgO_n0rmdiQ&utm_medium=api&utm_source=e45342b0&v=DBF8AB616F24F6BEB223A022C498F00D9609A57B
data engineer,Data Engineer,CVS Health,"Rhode Island, US",82986.81,82986.81,Engineering Jobs,2026-07-30T18:12:13Z,"We’re building a world of health around every individual — shaping a more connected, convenient and compassionate health experience. At CVS Health®, you’ll be surrounded by passionate colleagues who care deeply, innovate with purpose, hold ourselves accountable and prioritize safety and quality in everything we do. Join us and be part of something bigger – helping to simplify health care one person, one family and one community at a time. Position Summary We are hiring a fully remote Data Engin…",https://www.adzuna.com/land/ad/5821654480?se=-JRM_h-N8RGGgO_n0rmdiQ&utm_medium=api&utm_source=e45342b0&v=7ED97CCA7C7933EBBA07FA099D02DB7CDD17095E
data engineer,Data Engineer,CVS Health,"West Virginia, US",85064.4,85064.4,Engineering Jobs,2026-07-30T18:12:30Z,"We’re building a world of health around every individual — shaping a more connected, convenient and compassionate health experience. At CVS Health®, you’ll be surrounded by passionate colleagues who care deeply, innovate with purpose, hold ourselves accountable and prioritize safety and quality in everything we do. Join us and be part of something bigger – helping to simplify health care one person, one family and one community at a time. Position Summary We are hiring a fully remote Data Engin…",https://www.adzuna.com/land/ad/5821655059?se=-JRM_h-N8RGGgO_n0rmdiQ&utm_medium=api&utm_source=e45342b0&v=D58D8DCF16ECED57F9C66108FD615B97A464FEAF
data engineer,Data Engineer,CVS Health,"Wisconsin, US",81177.3,81177.3,Engineering Jobs,2026-07-30T18:12:27Z,"We’re building a world of health around every individual — shaping a more connected, convenient and compassionate health experience. At CVS Health®, you’ll be surrounded by passionate colleagues who care deeply, innovate with purpose, hold ourselves accountable and prioritize safety and quality in everything we do. Join us and be part of something bigger – helping to simplify health care one person, one family and one community at a time. Position Summary We are hiring a fully remote Data Engin…",https://www.adzuna.com/land/ad/5821654976?se=-JRM_h-N8RGGgO_n0rmdiQ&utm_medium=api&utm_source=e45342b0&v=05320E428929F24D9E47D521E3D3E525D68EBFB6
data engineer,Data Engineer,CVS Health,"New Mexico, US",80497.8,80497.8,Engineering Jobs,2026-07-30T18:17:15Z,"We’re building a world of health around every individual — shaping a more connected, convenient and compassionate health experience. At CVS Health®, you’ll be surrounded by passionate colleagues who care deeply, innovate with purpose, hold ourselves accountable and prioritize safety and quality in everything we do. Join us and be part of something bigger – helping to simplify health care one person, one family and one community at a time. Position Summary We are hiring a fully remote Data Engin…",https://www.adzuna.com/land/ad/5821656264?se=-JRM_h-N8RGGgO_n0rmdiQ&utm_medium=api&utm_source=e45342b0&v=E83C034882A18B8DDEEC1EC17CC9A5B8CAC915F8
data engineer,Data Engineer,CVS Health,"Michigan, US",82841.48,82841.48,Engineering Jobs,2026-07-30T18:04:25Z,"We’re building a world of health around every individual — shaping a more connected, convenient and compassionate health experience. At CVS Health®, you’ll be surrounded by passionate colleagues who care deeply, innovate with purpose, hold ourselves accountable and prioritize safety and quality in everything we do. Join us and be part of something bigger – helping to simplify health care one person, one family and one community at a time. Position Summary We are hiring a fully remote Data Engin…",https://www.adzuna.com/land/ad/5821647895?se=-JRM_h-N8RGGgO_n0rmdiQ&utm_medium=api&utm_source=e45342b0&v=43C1A707F0890399FAB688941B74EE2427D04CAA
data engineer,Data Engineer,CVS Health,"Idaho, Clay County",79972.59,79972.59,Engineering Jobs,2026-07-30T18:04:35Z,"We’re building a world of health around every individual — shaping a more connected, convenient and compassionate health experience. At CVS Health®, you’ll be surrounded by passionate colleagues who care deeply, innovate with purpose, hold ourselves accountable and prioritize safety and quality in everything we do. Join us and be part of something bigger – helping to simplify health care one person, one family and one community at a time. Position Summary We are hiring a fully remote Data Engin…",https://www.adzuna.com/land/ad/5821648711?se=-JRM_h-N8RGGgO_n0rmdiQ&utm_medium=api&utm_source=e45342b0&v=DA3D41E149C35585CF88892D742EF23DCE1AD280
data engineer,Data Engineer,CVS Health,"Georgia, US",78733.78,78733.78,Engineering Jobs,2026-07-30T18:00:53Z,"We’re building a world of health around every individual — shaping a more connected, convenient and compassionate health experience. At CVS Health®, you’ll be surrounded by passionate colleagues who care deeply, innovate with purpose, hold ourselves accountable and prioritize safety and quality in everything we do. Join us and be part of something bigger – helping to simplify health care one person, one family and one community at a time. Position Summary We are hiring a fully remote Data Engin…",https://www.adzuna.com/land/ad/5821633403?se=-JRM_h-N8RGGgO_n0rmdiQ&utm_medium=api&utm_source=e45342b0&v=4131ACABDE6DBE551F229247C073B2A2AB2053C4
data engineer,Data Engineer,CVS Health,"Connecticut, US",85947.2,85947.2,Engineering Jobs,2026-07-30T17:33:22Z,"We’re building a world of health around every individual — shaping a more connected, convenient and compassionate health experience. At CVS Health®, you’ll be surrounded by passionate colleagues who care deeply, innovate with purpose, hold ourselves accountable and prioritize safety and quality in everything we do. Join us and be part of something bigger – helping to simplify health care one person, one family and one community at a time. Position Summary We are hiring a fully remote Data Engin…",https://www.adzuna.com/land/ad/5821469899?se=-JRM_h-N8RGGgO_n0rmdiQ&utm_medium=api&utm_source=e45342b0&v=7C4F0BA1659741BC4D8DE626C86BEA85E32C0A1C
data engineer,Data Engineer,CVS Health,"Louisiana, US",77931.84,77931.84,Engineering Jobs,2026-07-30T17:46:03Z,"We’re building a world of health around every individual — shaping a more connected, convenient and compassionate health experience. At CVS Health®, you’ll be surrounded by passionate colleagues who care deeply, innovate with purpose, hold ourselves accountable and prioritize safety and quality in everything we do. Join us and be part of something bigger – helping to simplify health care one person, one family and one community at a time. Position Summary We are hiring a fully remote Data Engin…",https://www.adzuna.com/land/ad/5821565127?se=-JRM_h-N8RGGgO_n0rmdiQ&utm_medium=api&utm_source=e45342b0&v=01F47DA027F391BEEFC992C22C44668E570B8F27
data engineer,Data Engineer,CVS Health,"California, US",88285.52,88285.52,Engineering Jobs,2026-07-31T04:14:11Z,"We’re building a world of health around every individual — shaping a more connected, convenient and compassionate health experience. At CVS Health®, you’ll be surrounded by passionate colleagues who care deeply, innovate with purpose, hold ourselves accountable and prioritize safety and quality in everything we do. Join us and be part of something bigger – helping to simplify health care one person, one family and one community at a time. Position Summary We are hiring a fully remote Data Engin…",https://www.adzuna.com/land/ad/5822147030?se=-JRM_h-N8RGGgO_n0rmdiQ&utm_medium=api&utm_source=e45342b0&v=E463589585ADEAADF1A2777CA002C0D9DE92E0D8
data engineer,Data Engineer,CVS Health,"Colorado, US",86651.36,86651.36,Engineering Jobs,2026-07-30T23:09:45Z,"We’re building a world of health around every individual — shaping a more connected, convenient and compassionate health experience. At CVS Health®, you’ll be surrounded by passionate colleagues who care deeply, innovate with purpose, hold ourselves accountable and prioritize safety and quality in everything we do. Join us and be part of something bigger – helping to simplify health care one person, one family and one community at a time. Position Summary We are hiring a fully remote Data Engin…",https://www.adzuna.com/land/ad/5821960658?se=-JRM_h-N8RGGgO_n0rmdiQ&utm_medium=api&utm_source=e45342b0&v=C430CC40CB2C246B59AA144241797092C163C639
data engineer,Data Engineer,CVS Health,"Indiana, Indiana County",81027.95,81027.95,Engineering Jobs,2026-07-30T17:33:15Z,"We’re building a world of health around every individual — shaping a more connected, convenient and compassionate health experience. At CVS Health®, you’ll be surrounded by passionate colleagues who care deeply, innovate with purpose, hold ourselves accountable and prioritize safety and quality in everything we do. Join us and be part of something bigger – helping to simplify health care one person, one family and one community at a time. Position Summary We are hiring a fully remote Data Engin…",https://www.adzuna.com/land/ad/5821469461?se=-JRM_h-N8RGGgO_n0rmdiQ&utm_medium=api&utm_source=e45342b0&v=4646AB55D273476C837E3D97B3133B5C014F17DF
data engineer,Data Engineer,CVS Health,"South Dakota, US",83254.19,83254.19,Engineering Jobs,2026-07-30T17:33:15Z,"We’re building a world of health around every individual — shaping a more connected, convenient and compassionate health experience. At CVS Health®, you’ll be surrounded by passionate colleagues who care deeply, innovate with purpose, hold ourselves accountable and prioritize safety and quality in everything we do. Join us and be part of something bigger – helping to simplify health care one person, one family and one community at a time. Position Summary We are hiring a fully remote Data Engin…",https://www.adzuna.com/land/ad/5821469420?se=6FKy_h-N8RG2-a5orHTjVQ&utm_medium=api&utm_source=e45342b0&v=263B0F3865A659896517F33E5D721C74F4BFADE5
data engineer,Data Engineer,CVS Health,"New Jersey, US",88716.98,88716.98,Engineering Jobs,2026-07-30T17:33:18Z,"We’re building a world of health around every individual — shaping a more connected, convenient and compassionate health experience. At CVS Health®, you’ll be surrounded by passionate colleagues who care deeply, innovate with purpose, hold ourselves accountable and prioritize safety and quality in everything we do. Join us and be part of something bigger – helping to simplify health care one person, one family and one community at a time. Position Summary We are hiring a fully remote Data Engin…",https://www.adzuna.com/land/ad/5821469577?se=6FKy_h-N8RG2-a5orHTjVQ&utm_medium=api&utm_source=e45342b0&v=0C4EEB2F7C4E2925C916A69153A4811A9C323DF4
data engineer,Data Engineer,CVS Health,"North Carolina, US",79143.61,79143.61,Engineering Jobs,2026-07-30T18:01:01Z,"We’re building a world of health around every individual — shaping a more connected, convenient and compassionate health experience. At CVS Health®, you’ll be surrounded by passionate colleagues who care deeply, innovate with purpose, hold ourselves accountable and prioritize safety and quality in everything we do. Join us and be part of something bigger – helping to simplify health care one person, one family and one community at a time. Position Summary We are hiring a fully remote Data Engin…",https://www.adzuna.com/land/ad/5821634179?se=6FKy_h-N8RG2-a5orHTjVQ&utm_medium=api&utm_source=e45342b0&v=3FA09376390464265E38C2F4428871EA8F7AF8AD
data engineer,Data Engineer,HUB International,"Chicago, Cook County",154009.25,154009.25,IT Jobs,2026-07-30T17:35:48Z,"Job Description ABOUT US At HUB International, we are a team of entrepreneurs. We believe in protecting and supporting the aspirations of individuals, families, and businesses. We help our clients evaluate their risks and develop solutions tailored to their needs. We believe in empowering our employees to learn, grow, and make a difference. Our structure enables our teams to maintain their own unique, regional culture while leveraging support and resources from our corporate centers of excellen…",https://www.adzuna.com/land/ad/5821485722?se=6FKy_h-N8RG2-a5orHTjVQ&utm_medium=api&utm_source=e45342b0&v=2AB4E03EEF8A44EB6A882945D6F8C9C1221A5377
data engineer,Data Engineer,AVEVA,"San Leandro, Alameda County",161562.78,161562.78,IT Jobs,2026-07-31T15:25:30Z,"AVEVA is creating software trusted by over 90% of leading industrial companies. Salary Range: $89,100.00 - $148,700.00 This pay range represents the minimum and maximum compensation that the position offers, and final compensation can vary within the range depending on work location, job experience, skills, and relevant educational attainment and/or training. DATA ENGINEER Location: San Leandro, California* Work Arrangement: Hybrid (2-3 days per week in office) Employment Type: Full-Time  *Cand…",https://www.adzuna.com/land/ad/5822618537?se=6FKy_h-N8RG2-a5orHTjVQ&utm_medium=api&utm_source=e45342b0&v=996F184787D92347DD648237A41EBCFF128ECA54
data engineer,Data Engineer,Jane Street,"Ny State Campus, Albany County",162056.42,162056.42,IT Jobs,2026-07-31T15:03:09Z,"About the Position We are looking for a Data Engineer to turn messy, real-world datasets into reliable inputs for research and trading. Jane Street depends on data from a wide variety of sources to understand markets and the global economy—think world news, decades of weather patterns, deidentified credit card spending, or packet captures of stock exchange market data feeds. Clean, well-structured data is the difference between noise and a profitable trading signal. You'll work closely with tra…",https://www.adzuna.com/land/ad/5822605966?se=6FKy_h-N8RG2-a5orHTjVQ&utm_medium=api&utm_source=e45342b0&v=9416502A6E62CC2C2A99A66FB6AC4DCAA75351DC
data engineer,Data Engineer,PNC,"Strongsville, Cuyahoga County",82096.29,82096.29,IT Jobs,2026-07-30T07:34:51Z,"Position Overview At PNC, our people are our greatest differentiator and competitive advantage in the markets we serve. We are all united in delivering the best experience for our customers. We work together each day to foster an inclusive workplace culture where all of our employees feel respected, valued and have an opportunity to contribute to the company’s success. As a Data Engineer within PNC's Technology organization, you will be based in Pittsburgh, PA or Cleveland, OH. We are seeking a…",https://www.adzuna.com/land/ad/5821084094?se=6FKy_h-N8RG2-a5orHTjVQ&utm_medium=api&utm_source=e45342b0&v=8D6B39F55F4ACC373F6ED31331DA761A0B53B84B
data engineer,Data Engineer,PNC,"Pittsburgh, Allegheny County",84509.7,84509.7,IT Jobs,2026-07-30T13:19:53Z,"Position Overview At PNC, our people are our greatest differentiator and competitive advantage in the markets we serve. We are all united in delivering the best experience for our customers. We work together each day to foster an inclusive workplace culture where all of our employees feel respected, valued and have an opportunity to contribute to the company’s success. As a Data Engineer within PNC's Technology organization, you will be based in Pittsburgh, PA or Cleveland, OH. We are seeking a…",https://www.adzuna.com/land/ad/5821394427?se=6FKy_h-N8RG2-a5orHTjVQ&utm_medium=api&utm_source=e45342b0&v=D04DB7C4603D1BA1F8F1F5F39FC5A1BC3FFFCDFD
data engineer,Data Engineer,Booz Allen Hamilton,"Bethesda, Montgomery County",117187.98,117187.98,IT Jobs,2026-07-30T17:41:01Z,"Data Engineer The Opportunity: As a Data Engineer on our team, you will design, implement, and maintain secure, compliant, and scalable data ingestion (ETL) processes, leveraging cutting-edge technologies to ensure robust data pipelines across complex multi cloud ecosystems. You will fulfill the data flow requirements while prioritizing security, privacy, auditability, and operational manageability. Work with us to use data for good. Join us. The world can’t wait. You Have: Experience in design…",https://www.adzuna.com/land/ad/5821527990?se=6FKy_h-N8RG2-a5orHTjVQ&utm_medium=api&utm_source=e45342b0&v=9806D00EFCF1A5E1EF3EDAC76EB4DBE87CB08CAF
data engineer,Sr Data Engineer,The Walt Disney Company,Florida,121893.29,121893.29,IT Jobs,2026-07-30T17:35:48Z,"Job Posting Title: Sr Data Engineer Req ID: 10145881 Job Description: The Senior Data Engineer will design, build, and operate scalable data pipelines and data products in AWS and Snowflake that power analytics, reporting, and machine learning use cases across Disney Experiences. This role implements, troubleshoots, and optimizes distributed solutions using technologies such as SQL, S3, Glue, and Snowflake, and solves large-scale processing challenges in a cloud data warehouse environment. The …",https://www.adzuna.com/land/ad/5821485617?se=6FKy_h-N8RG2-a5orHTjVQ&utm_medium=api&utm_source=e45342b0&v=D1D28F7BA4BE2A25E0A58687C8ABD764E61FA92A
data engineer,Senior Data Engineer,Uline,"Glenview, Cook County",154234.14,154234.14,IT Jobs,2026-07-31T15:31:04Z,"Senior Data Engineer Pay from $96,000 to $148,000 per year 2200 S. Lakeside Drive, Waukegan, IL 60085 Fuel the future of data engineering and analytics for our growing North American company! As a Senior Data Engineer at Uline, you’ll play a pivotal role in constructing and maintaining our new, cutting-edge data collection systems and analytics platform. Careers Packed with Potential. Backed by 45 years of success, Uline offers opportunities to grow your career with stability you can count on. …",https://www.adzuna.com/land/ad/5822629702?se=6FKy_h-N8RG2-a5orHTjVQ&utm_medium=api&utm_source=e45342b0&v=842833FE5C7D3EFA595DAA94C67601266D93A354
data engineer,Senior Data Engineer,Uline,"Pleasant Prairie, Kenosha County",160861.86,160861.86,IT Jobs,2026-07-31T15:31:04Z,"Senior Data Engineer Pay from $96,000 to $148,000 per year 2200 S. Lakeside Drive, Waukegan, IL 60085 Fuel the future of data engineering and analytics for our growing North American company! As a Senior Data Engineer at Uline, you’ll play a pivotal role in constructing and maintaining our new, cutting-edge data collection systems and analytics platform. Careers Packed with Potential. Backed by 45 years of success, Uline offers opportunities to grow your career with stability you can count on. …",https://www.adzuna.com/land/ad/5822629664?se=6FKy_h-N8RG2-a5orHTjVQ&utm_medium=api&utm_source=e45342b0&v=2B9E2B7C8615DA058BF8A28C4EEC292453199047
data engineer,Senior Data Engineer,Uline,"Kenosha, Kenosha County",167319.81,167319.81,IT Jobs,2026-07-31T15:30:11Z,"Senior Data Engineer Pay from $96,000 to $148,000 per year 2200 S. Lakeside Drive, Waukegan, IL 60085 Fuel the future of data engineering and analytics for our growing North American company! As a Senior Data Engineer at Uline, you’ll play a pivotal role in constructing and maintaining our new, cutting-edge data collection systems and analytics platform. Careers Packed with Potential. Backed by 45 years of success, Uline offers opportunities to grow your career with stability you can count on. …",https://www.adzuna.com/land/ad/5822627211?se=6FKy_h-N8RG2-a5orHTjVQ&utm_medium=api&utm_source=e45342b0&v=13ABDF49BC96C9E7943B6007247E0410BBF4E940
data engineer,Senior Data Engineer,The Museum of Modern Art,"Ny State Campus, Albany County",107483.19,107483.19,IT Jobs,2026-07-31T15:11:47Z,"The Museum of Modern Art is seeking an experienced Senior Data Engineer to be the technical owner of our data engineering team and the primary point of contact for departments and data analysts who rely on our data warehouse. This role guides and mentors the data engineers on technical standards and best practices, owns the relationship with stakeholders to make sure the data warehouse meets their needs, and serves as the resident expert on our data—how it is structured, how it relates, and how…",https://www.adzuna.com/land/ad/5822607808?se=6FKy_h-N8RG2-a5orHTjVQ&utm_medium=api&utm_source=e45342b0&v=5DFF1BC8B1AD7A87005F0032DE1872417F71ACA4
data engineer,Senior Data Engineer,Talkspace Corporate,"Ny State Campus, Albany County",98913.2,98913.2,IT Jobs,2026-07-30T17:35:56Z,"At Talkspace, we are committed to fostering a diverse, equitable, inclusive, and belonging-centered workplace where everyone can thrive while making a difference in mental health. Want to help over two million people receive quality mental healthcare? Come join our mission of getting therapy in the hands of everyone! We are looking for a Senior Data Engineer to join our Data Science team. The Senior Data Engineer will lead the design and development of scalable, high-performance data architectu…",https://www.adzuna.com/land/ad/5821487230?se=6FKy_h-N8RG2-a5orHTjVQ&utm_medium=api&utm_source=e45342b0&v=7941C05F49EFBD6377E717C421BC997E203D8403
data engineer,Senior Data Engineer,Adelphi Group,"Chicago, Cook County",128732.08,128732.08,IT Jobs,2026-07-31T15:31:01Z,"Agency: RAPP Job Function: Data and Analytics Job Subfunction: Data Engineering Job Description: WHO WE ARE: We are RAPP – world leaders in activating growth with precision and empathy at scale. As a global, next-generation precision marketing agency we leverage data, creativity, technology, and empathy to foster client growth. We champion individuality in the marketing solutions we create, and in our workplace. We fight for solutions that adapt to the individual’s needs, beliefs, behaviors, an…",https://www.adzuna.com/land/ad/5822629319?se=6FKy_h-N8RG2-a5orHTjVQ&utm_medium=api&utm_source=e45342b0&v=9B4F4F45287BB7F3B2D49C41B0C2C6E203826263
data engineer,"Manager, Data Engineering","IGT, a Nevada Corporation",US,150194.34,150194.34,Engineering Jobs,2026-07-30T06:55:04Z,"IGT, where innovation meets entertainment on a global scale! From the casino floor to your mobile screen, we deliver thrilling, responsible, and unforgettable gaming experiences—powered by world‑class content, strong technical and commercial capabilities and nurtured by a culture of collaboration, accountability, and ownership. Whether it’s spinning reels, placing bets, or enabling secure payments, we turn innovation into impact through disciplined execution and long‑term value creation. With a…",https://www.adzuna.com/land/ad/5821045054?se=6FKy_h-N8RG2-a5orHTjVQ&utm_medium=api&utm_source=e45342b0&v=6CA8894C5EDFEDA4411DDCC511B84575FEE9293D
data engineer,"Manager, Data Engineering","IGT, a Nevada Corporation","Chicago, Cook County",136293.0,136293.0,Engineering Jobs,2026-07-30T12:23:51Z,"IGT, where innovation meets entertainment on a global scale! From the casino floor to your mobile screen, we deliver thrilling, responsible, and unforgettable gaming experiences—powered by world‑class content, strong technical and commercial capabilities and nurtured by a culture of collaboration, accountability, and ownership. Whether it’s spinning reels, placing bets, or enabling secure payments, we turn innovation into impact through disciplined execution and long‑term value creation. With a…",https://www.adzuna.com/land/ad/5821334131?se=6FKy_h-N8RG2-a5orHTjVQ&utm_medium=api&utm_source=e45342b0&v=03C9D6D443313A0C37C631458E98DC7E9DBA1499
data engineer,"Manager, Data Engineering","IGT, a Nevada Corporation","Nevada, US",143554.45,143554.45,Engineering Jobs,2026-07-30T07:26:54Z,"IGT, where innovation meets entertainment on a global scale! From the casino floor to your mobile screen, we deliver thrilling, responsible, and unforgettable gaming experiences—powered by world‑class content, strong technical and commercial capabilities and nurtured by a culture of collaboration, accountability, and ownership. Whether it’s spinning reels, placing bets, or enabling secure payments, we turn innovation into impact through disciplined execution and long‑term value creation. With a…",https://www.adzuna.com/land/ad/5821076927?se=6FKy_h-N8RG2-a5orHTjVQ&utm_medium=api&utm_source=e45342b0&v=F7FDFD1BD7EF31B16360344E937E8E1BF1C6F77C
data engineer,Data Engineer - Remote,Sentara Health,"Pennsylvania, US",95856.34,95856.34,IT Jobs,2026-07-31T15:03:10Z,"City/State Virginia Beach, VA Work Shift First (Days) Overview: Sentara is hiring a Data Engineer! This is a fully remote position. Work Location: Remote opportunities available in the following states: Alabama, Delaware, Florida, Georgia, Idaho, Indiana, Kansas, Louisiana, Maine, Maryland, Minnesota, Nebraska, Nevada, New Hampshire, North Carolina, North Dakota, Ohio, Oklahoma, Pennsylvania, South Carolina, South Dakota, Tennessee, Texas, Utah, Virginia, Washington (state), West Virginia, Wisc…",https://www.adzuna.com/land/ad/5822605982?se=6FKy_h-N8RG2-a5orHTjVQ&utm_medium=api&utm_source=e45342b0&v=D090889B48E9F855D1D15616FE398466A70E3CF6
data engineer,Data Engineer - Remote,Sentara Health,"Nevada, US",97135.66,97135.66,IT Jobs,2026-07-31T14:54:23Z,"City/State Virginia Beach, VA Work Shift First (Days) Overview: Sentara is hiring a Data Engineer! This is a fully remote position. Work Location: Remote opportunities available in the following states: Alabama, Delaware, Florida, Georgia, Idaho, Indiana, Kansas, Louisiana, Maine, Maryland, Minnesota, Nebraska, Nevada, New Hampshire, North Carolina, North Dakota, Ohio, Oklahoma, Pennsylvania, South Carolina, South Dakota, Tennessee, Texas, Utah, Virginia, Washington (state), West Virginia, Wisc…",https://www.adzuna.com/land/ad/5822603793?se=6FKy_h-N8RG2-a5orHTjVQ&utm_medium=api&utm_source=e45342b0&v=799132A3FFB8C53A8476FD0F03B18EC1EE8A0142
data engineer,Data Engineer - Remote,Sentara Health,"Ohio, US",88124.44,88124.44,IT Jobs,2026-07-31T15:03:03Z,"City/State Virginia Beach, VA Work Shift First (Days) Overview: Sentara is hiring a Data Engineer! This is a fully remote position. Work Location: Remote opportunities available in the following states: Alabama, Delaware, Florida, Georgia, Idaho, Indiana, Kansas, Louisiana, Maine, Maryland, Minnesota, Nebraska, Nevada, New Hampshire, North Carolina, North Dakota, Ohio, Oklahoma, Pennsylvania, South Carolina, South Dakota, Tennessee, Texas, Utah, Virginia, Washington (state), West Virginia, Wisc…",https://www.adzuna.com/land/ad/5822605789?se=6FKy_h-N8RG2-a5orHTjVQ&utm_medium=api&utm_source=e45342b0&v=DD3FAFB7DACB396362688670C5E741A9FF32FD7A
data engineer,Data Engineer - Remote,Sentara Health,"Wisconsin, US",93800.19,93800.19,IT Jobs,2026-07-31T15:07:10Z,"City/State Virginia Beach, VA Work Shift First (Days) Overview: Sentara is hiring a Data Engineer! This is a fully remote position. Work Location: Remote opportunities available in the following states: Alabama, Delaware, Florida, Georgia, Idaho, Indiana, Kansas, Louisiana, Maine, Maryland, Minnesota, Nebraska, Nevada, New Hampshire, North Carolina, North Dakota, Ohio, Oklahoma, Pennsylvania, South Carolina, South Dakota, Tennessee, Texas, Utah, Virginia, Washington (state), West Virginia, Wisc…",https://www.adzuna.com/land/ad/5822606852?se=6FKy_h-N8RG2-a5orHTjVQ&utm_medium=api&utm_source=e45342b0&v=30E170FE7605303DFFCE3A496D3725A1922702CB
data engineer,Data Engineer - Remote,Sentara Health,Florida,96374.41,96374.41,IT Jobs,2026-07-31T14:54:28Z,"City/State Virginia Beach, VA Work Shift First (Days) Overview: Sentara is hiring a Data Engineer! This is a fully remote position. Work Location: Remote opportunities available in the following states: Alabama, Delaware, Florida, Georgia, Idaho, Indiana, Kansas, Louisiana, Maine, Maryland, Minnesota, Nebraska, Nevada, New Hampshire, North Carolina, North Dakota, Ohio, Oklahoma, Pennsylvania, South Carolina, South Dakota, Tennessee, Texas, Utah, Virginia, Washington (state), West Virginia, Wisc…",https://www.adzuna.com/land/ad/5822604020?se=6FKy_h-N8RG2-a5orHTjVQ&utm_medium=api&utm_source=e45342b0&v=564AB2FAF6B177577580ED72DD73EAC13099698B
data engineer,Data Engineer - Remote,Sentara Health,"Texas, US",88551.98,88551.98,IT Jobs,2026-07-31T14:59:39Z,"City/State Virginia Beach, VA Work Shift First (Days) Overview: Sentara is hiring a Data Engineer! This is a fully remote position. Work Location: Remote opportunities available in the following states: Alabama, Delaware, Florida, Georgia, Idaho, Indiana, Kansas, Louisiana, Maine, Maryland, Minnesota, Nebraska, Nevada, New Hampshire, North Carolina, North Dakota, Ohio, Oklahoma, Pennsylvania, South Carolina, South Dakota, Tennessee, Texas, Utah, Virginia, Washington (state), West Virginia, Wisc…",https://www.adzuna.com/land/ad/5822604931?se=6FKy_h-N8RG2-a5orHTjVQ&utm_medium=api&utm_source=e45342b0&v=1DC49C3852B864C0CBBB09E1EBDAF0409A2D5BD0
data engineer,Data Engineer - Remote,Sentara Health,"Minnesota, US",95129.06,95129.06,IT Jobs,2026-07-31T14:59:54Z,"City/State Virginia Beach, VA Work Shift First (Days) Overview: Sentara is hiring a Data Engineer! This is a fully remote position. Work Location: Remote opportunities available in the following states: Alabama, Delaware, Florida, Georgia, Idaho, Indiana, Kansas, Louisiana, Maine, Maryland, Minnesota, Nebraska, Nevada, New Hampshire, North Carolina, North Dakota, Ohio, Oklahoma, Pennsylvania, South Carolina, South Dakota, Tennessee, Texas, Utah, Virginia, Washington (state), West Virginia, Wisc…",https://www.adzuna.com/land/ad/5822605223?se=6FKy_h-N8RG2-a5orHTjVQ&utm_medium=api&utm_source=e45342b0&v=1D2C2514C82AE5E862F52EC55704B86BC3C2F748
data engineer,Data Engineer - Remote,Sentara Health,"Indiana, Indiana County",93627.61,93627.61,IT Jobs,2026-07-31T14:59:56Z,"City/State Virginia Beach, VA Work Shift First (Days) Overview: Sentara is hiring a Data Engineer! This is a fully remote position. Work Location: Remote opportunities available in the following states: Alabama, Delaware, Florida, Georgia, Idaho, Indiana, Kansas, Louisiana, Maine, Maryland, Minnesota, Nebraska, Nevada, New Hampshire, North Carolina, North Dakota, Ohio, Oklahoma, Pennsylvania, South Carolina, South Dakota, Tennessee, Texas, Utah, Virginia, Washington (state), West Virginia, Wisc…",https://www.adzuna.com/land/ad/5822605285?se=6FKy_h-N8RG2-a5orHTjVQ&utm_medium=api&utm_source=e45342b0&v=907D4F56C812E29DA15C9F735AB9D3F9B9C40049
data engineer,Data Engineer - Remote,Sentara Health,"North Dakota, US",93897.66,93897.66,IT Jobs,2026-07-31T14:51:59Z,"City/State Virginia Beach, VA Work Shift First (Days) Overview: Sentara is hiring a Data Engineer! This is a fully remote position. Work Location: Remote opportunities available in the following states: Alabama, Delaware, Florida, Georgia, Idaho, Indiana, Kansas, Louisiana, Maine, Maryland, Minnesota, Nebraska, Nevada, New Hampshire, North Carolina, North Dakota, Ohio, Oklahoma, Pennsylvania, South Carolina, South Dakota, Tennessee, Texas, Utah, Virginia, Washington (state), West Virginia, Wisc…",https://www.adzuna.com/land/ad/5822602834?se=6FKy_h-N8RG2-a5orHTjVQ&utm_medium=api&utm_source=e45342b0&v=A7BC04EA2900A759DFD431490A977ADAED1CBCFA
data engineer,Data Engineer - Remote,Sentara Health,"Virginia, US",93998.72,93998.72,IT Jobs,2026-07-31T14:52:07Z,"City/State Virginia Beach, VA Work Shift First (Days) Overview: Sentara is hiring a Data Engineer! This is a fully remote position. Work Location: Remote opportunities available in the following states: Alabama, Delaware, Florida, Georgia, Idaho, Indiana, Kansas, Louisiana, Maine, Maryland, Minnesota, Nebraska, Nevada, New Hampshire, North Carolina, North Dakota, Ohio, Oklahoma, Pennsylvania, South Carolina, South Dakota, Tennessee, Texas, Utah, Virginia, Washington (state), West Virginia, Wisc…",https://www.adzuna.com/land/ad/5822603156?se=6FKy_h-N8RG2-a5orHTjVQ&utm_medium=api&utm_source=e45342b0&v=F1A945AD2A65E2A22F35A56BA1307E898A28C266
data engineer,Data Engineer - Remote,Sentara Health,"Idaho, Clay County",92408.06,92408.06,IT Jobs,2026-07-31T15:25:38Z,"City/State Virginia Beach, VA Work Shift First (Days) Overview: Sentara is hiring a Data Engineer! This is a fully remote position. Work Location: Remote opportunities available in the following states: Alabama, Delaware, Florida, Georgia, Idaho, Indiana, Kansas, Louisiana, Maine, Maryland, Minnesota, Nebraska, Nevada, New Hampshire, North Carolina, North Dakota, Ohio, Oklahoma, Pennsylvania, South Carolina, South Dakota, Tennessee, Texas, Utah, Virginia, Washington (state), West Virginia, Wisc…",https://www.adzuna.com/land/ad/5822618972?se=6FKy_h-N8RG2-a5orHTjVQ&utm_medium=api&utm_source=e45342b0&v=C2EB047BB9EEA5156848811394F7CE009BDF49BB
data engineer,Data Engineer - Remote,Sentara Health,"Maine, US",96174.62,96174.62,IT Jobs,2026-07-31T15:23:19Z,"City/State Virginia Beach, VA Work Shift First (Days) Overview: Sentara is hiring a Data Engineer! This is a fully remote position. Work Location: Remote opportunities available in the following states: Alabama, Delaware, Florida, Georgia, Idaho, Indiana, Kansas, Louisiana, Maine, Maryland, Minnesota, Nebraska, Nevada, New Hampshire, North Carolina, North Dakota, Ohio, Oklahoma, Pennsylvania, South Carolina, South Dakota, Tennessee, Texas, Utah, Virginia, Washington (state), West Virginia, Wisc…",https://www.adzuna.com/land/ad/5822616374?se=6FKy_h-N8RG2-a5orHTjVQ&utm_medium=api&utm_source=e45342b0&v=DE448DE0B0AA682CC9B9DEEB10A7A61F81E12CDF
data engineer,Data Engineer - Remote,Sentara Health,"Louisiana, US",90049.98,90049.98,IT Jobs,2026-07-31T15:11:40Z,"City/State Virginia Beach, VA Work Shift First (Days) Overview: Sentara is hiring a Data Engineer! This is a fully remote position. Work Location: Remote opportunities available in the following states: Alabama, Delaware, Florida, Georgia, Idaho, Indiana, Kansas, Louisiana, Maine, Maryland, Minnesota, Nebraska, Nevada, New Hampshire, North Carolina, North Dakota, Ohio, Oklahoma, Pennsylvania, South Carolina, South Dakota, Tennessee, Texas, Utah, Virginia, Washington (state), West Virginia, Wisc…",https://www.adzuna.com/land/ad/5822607663?se=6FKy_h-N8RG2-a5orHTjVQ&utm_medium=api&utm_source=e45342b0&v=C872C24027214C6672B7CD28B9EAFE3D7AFC2158
data engineer,Data Engineer - Remote,Sentara Health,"Kansas, Wyandotte County",96509.34,96509.34,IT Jobs,2026-07-31T15:19:31Z,"City/State Virginia Beach, VA Work Shift First (Days) Overview: Sentara is hiring a Data Engineer! This is a fully remote position. Work Location: Remote opportunities available in the following states: Alabama, Delaware, Florida, Georgia, Idaho, Indiana, Kansas, Louisiana, Maine, Maryland, Minnesota, Nebraska, Nevada, New Hampshire, North Carolina, North Dakota, Ohio, Oklahoma, Pennsylvania, South Carolina, South Dakota, Tennessee, Texas, Utah, Virginia, Washington (state), West Virginia, Wisc…",https://www.adzuna.com/land/ad/5822613446?se=6FKy_h-N8RG2-a5orHTjVQ&utm_medium=api&utm_source=e45342b0&v=DC56B12BCCD1F2DCCEB12375BA6BD7402EFCB0D1
data engineer,Data Engineer - Remote,Sentara Health,"Utah, US",98644.91,98644.91,IT Jobs,2026-07-31T15:31:00Z,"City/State Virginia Beach, VA Work Shift First (Days) Overview: Sentara is hiring a Data Engineer! This is a fully remote position. Work Location: Remote opportunities available in the following states: Alabama, Delaware, Florida, Georgia, Idaho, Indiana, Kansas, Louisiana, Maine, Maryland, Minnesota, Nebraska, Nevada, New Hampshire, North Carolina, North Dakota, Ohio, Oklahoma, Pennsylvania, South Carolina, South Dakota, Tennessee, Texas, Utah, Virginia, Washington (state), West Virginia, Wisc…",https://www.adzuna.com/land/ad/5822629204?se=6FKy_h-N8RG2-a5orHTjVQ&utm_medium=api&utm_source=e45342b0&v=AA19828C8CF2F40774EDE49F6D7CDA08ABA502AA
data engineer,Data Engineer - Remote,Sentara Health,"South Carolina, US",94301.48,94301.48,IT Jobs,2026-07-31T15:29:01Z,"City/State Virginia Beach, VA Work Shift First (Days) Overview: Sentara is hiring a Data Engineer! This is a fully remote position. Work Location: Remote opportunities available in the following states: Alabama, Delaware, Florida, Georgia, Idaho, Indiana, Kansas, Louisiana, Maine, Maryland, Minnesota, Nebraska, Nevada, New Hampshire, North Carolina, North Dakota, Ohio, Oklahoma, Pennsylvania, South Carolina, South Dakota, Tennessee, Texas, Utah, Virginia, Washington (state), West Virginia, Wisc…",https://www.adzuna.com/land/ad/5822624197?se=6FKy_h-N8RG2-a5orHTjVQ&utm_medium=api&utm_source=e45342b0&v=54503863018E635C5A0CCA3623B653114ABED9C4
data engineer,Data Engineer - Remote,Sentara Health,"Oklahoma, US",92019.8,92019.8,IT Jobs,2026-07-31T15:30:58Z,"City/State Virginia Beach, VA Work Shift First (Days) Overview: Sentara is hiring a Data Engineer! This is a fully remote position. Work Location: Remote opportunities available in the following states: Alabama, Delaware, Florida, Georgia, Idaho, Indiana, Kansas, Louisiana, Maine, Maryland, Minnesota, Nebraska, Nevada, New Hampshire, North Carolina, North Dakota, Ohio, Oklahoma, Pennsylvania, South Carolina, South Dakota, Tennessee, Texas, Utah, Virginia, Washington (state), West Virginia, Wisc…",https://www.adzuna.com/land/ad/5822629007?se=6FKy_h-N8RG2-a5orHTjVQ&utm_medium=api&utm_source=e45342b0&v=6CCF379B9596F7C077D88A363006709BC2BC1ACC
data engineer,Data Engineer - Remote,Sentara Health,"New Hampshire, US",95813.84,95813.84,IT Jobs,2026-07-31T15:28:57Z,"City/State Virginia Beach, VA Work Shift First (Days) Overview: Sentara is hiring a Data Engineer! This is a fully remote position. Work Location: Remote opportunities available in the following states: Alabama, Delaware, Florida, Georgia, Idaho, Indiana, Kansas, Louisiana, Maine, Maryland, Minnesota, Nebraska, Nevada, New Hampshire, North Carolina, North Dakota, Ohio, Oklahoma, Pennsylvania, South Carolina, South Dakota, Tennessee, Texas, Utah, Virginia, Washington (state), West Virginia, Wisc…",https://www.adzuna.com/land/ad/5822624048?se=6FKy_h-N8RG2-a5orHTjVQ&utm_medium=api&utm_source=e45342b0&v=A14BC2F21B5982BE9E43821266089355DF673B12
data engineer,Data Engineer - Remote,Sentara Health,"Tennessee, Drew County",95804.98,95804.98,IT Jobs,2026-07-31T15:23:28Z,"City/State Virginia Beach, VA Work Shift First (Days) Overview: Sentara is hiring a Data Engineer! This is a fully remote position. Work Location: Remote opportunities available in the following states: Alabama, Delaware, Florida, Georgia, Idaho, Indiana, Kansas, Louisiana, Maine, Maryland, Minnesota, Nebraska, Nevada, New Hampshire, North Carolina, North Dakota, Ohio, Oklahoma, Pennsylvania, South Carolina, South Dakota, Tennessee, Texas, Utah, Virginia, Washington (state), West Virginia, Wisc…",https://www.adzuna.com/land/ad/5822616794?se=6FKy_h-N8RG2-a5orHTjVQ&utm_medium=api&utm_source=e45342b0&v=C9DE7E3F09ED2139ACD98C4B27CB1ABD278BC180
data engineer,Senior Data Engineer,fairlife,"Chicago, Cook County",94218.97,94218.97,IT Jobs,2026-07-30T07:31:43Z,"fairlife, LLC is a Chicago-based nutrition company that creates great-tasting, nutrition-rich and dairy products to nourish consumers. With over $3B in annual retail sales, fairlife’s portfolio of delicious, lactose-free, real dairy products includes: fairlife® ultra-filtered milk; Core Power® High Protein Shakes, a sports nutrition drink to support post-workout recovery; fairlife® nutrition plan™, a nutrition shake to support the journey to better health. A wholly owned subsidiary of The Coca-…",https://www.adzuna.com/land/ad/5821080844?se=6FKy_h-N8RG2-a5orHTjVQ&utm_medium=api&utm_source=e45342b0&v=3A770C9648C6E191E4467D9C365A8046DD9EEEC6
data engineer,"Data Engineer, Senior",Booz Allen Hamilton,"Tampa, Hillsborough County",185219.22,185219.22,IT Jobs,2026-07-30T06:57:40Z,"Data Engineer, Senior The Opportunity: Ever-expanding technology like IoT, machine learning, and artificial intelligence means that there’s more structured and unstructured data available today than ever before. As a data engineer, you know that organizing data can yield pivotal insights when it’s gathered from disparate sources. We need an experienced data professional like you to help our clients find answers in their data to impact important missions—from fraud detection to cancer research t…",https://www.adzuna.com/land/ad/5821047069?se=6FKy_h-N8RG2-a5orHTjVQ&utm_medium=api&utm_source=e45342b0&v=F89EB273476A992BC0BC3CBF33B18D9CC42DD276
data engineer,Data Engineer IV,Lurie Children's Hospital,"Chicago, Cook County",155755.28,155755.28,IT Jobs,2026-07-31T14:59:49Z,"Ann & Robert H. Lurie Children’s Hospital of Chicago provides superior pediatric care in a setting that offers the latest benefits and innovations in medical technology, research and family-friendly design. As the largest pediatric provider in the region with a 140-year legacy of excellence, kids and their families are at the center of all we do. Ann & Robert H. Lurie Children’s Hospital of Chicago is ranked in all 10 specialties by the U.S. News & World Report. Location 680 Lake Shore Drive Jo…",https://www.adzuna.com/land/ad/5822605128?se=6FKy_h-N8RG2-a5orHTjVQ&utm_medium=api&utm_source=e45342b0&v=7F0F7FF74A4D69C50A1E1B747ABA627AD19D99D7
data engineer,Senior Data Engineer,Metriport,"South San Francisco, San Mateo County",233574.11,233574.11,IT Jobs,2026-07-31T15:30:59Z,"Senior Data Engineer San Francisco, CA Hybrid About us Metriport is an open-source data intelligence platform that helps healthcare organizations access and exchange patient data in real-time: record retrieval that used to take days now takes seconds, and clinicians walk into every appointment with the full patient picture. We integrate with all major US healthcare IT systems and tap into comprehensive medical data for 300 million individuals. We've found product-market fit with multi-million A…",https://www.adzuna.com/land/ad/5822629144?se=6FKy_h-N8RG2-a5orHTjVQ&utm_medium=api&utm_source=e45342b0&v=0238848E9D9CB9D8A4040D5F62CCDFD11D45BF3F
data engineer,Data Engineer II,AbbVie,"Mettawa, Lake County",125146.32,125146.32,Engineering Jobs,2026-07-30T18:17:12Z,"Company Description About AbbVie AbbVie's mission is to discover and deliver innovative medicines and solutions that solve serious health issues today and address the medical challenges of tomorrow. We strive to have a remarkable impact on people's lives across several key therapeutic areas including immunology, oncology and neuroscience - and products and services in our Allergan Aesthetics portfolio. For more information about AbbVie, please visit us at Follow @abbvie on LinkedIn, Facebook, I…",https://www.adzuna.com/land/ad/5821656147?se=6FKy_h-N8RG2-a5orHTjVQ&utm_medium=api&utm_source=e45342b0&v=418C7B1C7283392AD4A6A056B98E351476394800
data engineer,AI Data Engineer,T. Rowe Price,"Baltimore, Baltimore County",107427.84,107427.84,Engineering Jobs,2026-07-30T07:31:32Z,"At T. Rowe Price, we identify and actively invest in opportunities to help people thrive in an evolving world. As a premier global asset management organization with more than 85 years of experience, we provide investment solutions and a broad range of equity, fixed income, and multi-asset capabilities to individuals, advisors, institutions, and retirement plan sponsors. We take an active, independent approach to investing, offering our dynamic perspective and meaningful partnership so our clie…",https://www.adzuna.com/land/ad/5821079966?se=6FKy_h-N8RG2-a5orHTjVQ&utm_medium=api&utm_source=e45342b0&v=1932FB1790C08BC175AC66A0676222F618CB9C85
data engineer,Senior Data Engineer,Travelers,"Hartford, Hartford County",189199.0,189199.0,IT Jobs,2026-07-30T12:23:50Z,"Who Are We? Taking care of our customers, our communities and each other. That’s the Travelers Promise. By honoring this commitment, we have maintained our reputation as one of the best property casualty insurers in the industry for over 170 years. Join us to discover a culture that is rooted in innovation and thrives on collaboration. Imagine loving what you do and where you do it. Job Category Data Analytics, Data Science, Technology Compensation Overview The annual base salary range provided…",https://www.adzuna.com/land/ad/5821333992?se=6FKy_h-N8RG2-a5orHTjVQ&utm_medium=api&utm_source=e45342b0&v=13C1B4A72DE3E30E8793489C1B2F57C27D7EC336
data engineer,Staff Data Engineer,DexCom,"San Diego, San Diego County",156775.66,156775.66,IT Jobs,2026-07-30T07:11:25Z,"The Company Dexcom Corporation (NASDAQ DXCM) is a pioneer and global leader in continuous glucose monitoring (CGM). Dexcom began as a small company with a big dream: To forever change how diabetes is managed. To unlock information and insights that drive better health outcomes. Here we are 25 years later, having pioneered an industry. And we're just getting started. We are broadening our vision beyond diabetes to empower people to take control of health. That means personalized, actionable insi…",https://www.adzuna.com/land/ad/5821059538?se=6FKy_h-N8RG2-a5orHTjVQ&utm_medium=api&utm_source=e45342b0&v=255B2240DCEA6C6D1B178918DA8FC5053068F662
data engineer,Senior Data Engineer,Capgemini,"Ny State Campus, Albany County",100124.69,100124.69,IT Jobs,2026-07-30T18:03:24Z,"Choosing Capgemini means choosing a company where you will be empowered to shape your career in the way you’d like, where you’ll be supported and inspired by a collaborative community of colleagues around the world, and where you’ll be able to reimagine what’s possible. Join us and help the world’s leading organizations unlock the value of technology and build a more sustainable, more inclusive world.About the Role Capgemini is seeking an experienced Data Engineer to support a strategic Financi…",https://www.adzuna.com/land/ad/5821646880?se=6FKy_h-N8RG2-a5orHTjVQ&utm_medium=api&utm_source=e45342b0&v=814650F0481D97634D2265E768998DAA3B18C7EF
data engineer,Data Engineer - Snowflake,Corebridge Financial,"Los Angeles, Los Angeles County",106937.81,106937.81,IT Jobs,2026-07-30T18:03:28Z,"Who We Are At Corebridge Financial, we believe action is everything. That’s why every day we partner with financial professionals and institutions to make it possible for more people to take action in their financial lives, for today and tomorrow. We align to a set of Values that are the core pillars that define our culture and help bring our brand purpose to life: We are stronger as one: We collaborate across the enterprise, scale what works and act decisively for our customers and partners. W…",https://www.adzuna.com/land/ad/5821647200?se=6FKy_h-N8RG2-a5orHTjVQ&utm_medium=api&utm_source=e45342b0&v=D459B81E3335931015C326483C538D82E63987EB
data engineer,Data Engineer - Snowflake,Corebridge Financial,"Houston, Harris County",103205.7,103205.7,IT Jobs,2026-07-30T18:01:05Z,"Who We Are At Corebridge Financial, we believe action is everything. That’s why every day we partner with financial professionals and institutions to make it possible for more people to take action in their financial lives, for today and tomorrow. We align to a set of Values that are the core pillars that define our culture and help bring our brand purpose to life: We are stronger as one: We collaborate across the enterprise, scale what works and act decisively for our customers and partners. W…",https://www.adzuna.com/land/ad/5821634502?se=6FKy_h-N8RG2-a5orHTjVQ&utm_medium=api&utm_source=e45342b0&v=A6E0DACE771D8285BB6A5DB37731E0D8068BB6AD
data engineer,Data Engineer - Snowflake,Corebridge Financial,"Jersey City, Hudson County",107912.41,107912.41,IT Jobs,2026-07-30T17:46:00Z,"Who We Are At Corebridge Financial, we believe action is everything. That’s why every day we partner with financial professionals and institutions to make it possible for more people to take action in their financial lives, for today and tomorrow. We align to a set of Values that are the core pillars that define our culture and help bring our brand purpose to life: We are stronger as one: We collaborate across the enterprise, scale what works and act decisively for our customers and partners. W…",https://www.adzuna.com/land/ad/5821564528?se=6FKy_h-N8RG2-a5orHTjVQ&utm_medium=api&utm_source=e45342b0&v=97B42B40317DB359B472200FF743DC78519F938D
data engineer,Senior Data Engineer,Planet,"Washington, Washington, D.C.",161691.17,161691.17,IT Jobs,2026-07-30T18:08:40Z,"Welcome to Planet. We believe in using space to help life on Earth. Planet designs, builds, and operates the largest constellation of imaging satellites in history. This constellation delivers an unprecedented dataset of empirical information via a revolutionary cloud-based platform to authoritative figures in commercial, environmental, and humanitarian sectors. We are both a space company and data company all rolled into one. Customers and users across the globe use Planet's data to develop ne…",https://www.adzuna.com/land/ad/5821652488?se=unsR_x-N8RG2-a5orHTjVQ&utm_medium=api&utm_source=e45342b0&v=3E9F224BD27DF281F5249672124A2F38F73420F1
data engineer,Senior Data Engineer,Adobe,"South San Francisco, San Mateo County",175208.23,175208.23,IT Jobs,2026-07-30T07:01:49Z,"The Opportunity The world of design is changing rapidly and the Pro Design team is leading that transformation. We are the Adobe organization behind Illustrator, InDesign, and emerging experiences that connect creativity, collaboration, and AI. Our teams are reimagining what professional design looks like for the next decade - building intelligent, connected tools that empower creators and teams to move faster without sacrificing craft. We are looking for a Senior Data Engineer who will build a…",https://www.adzuna.com/land/ad/5821050830?se=unsR_x-N8RG2-a5orHTjVQ&utm_medium=api&utm_source=e45342b0&v=D3A67046CE2FECFD10A0D10E566FD326F1E34EE5
data engineer,Lead Data Engineer,Wells Fargo & Company,"Iselin, Middlesex County",164527.0,164527.0,IT Jobs,2026-07-30T12:40:26Z,"About this role: Within COO Technology, Wells Fargo is seeking a Lead Data Engineer to help shape and scale our cloud‑native data ecosystem. In this role, you will focus on Google Cloud Platform (GCP) services and frameworks, leading the design, build, and operation of reusable data capabilities that power analytics and AI at enterprise scale. The ideal candidate is passionate about standardized frameworks, self‑service data platforms, and governance‑by‑design, enabling secure, reliable, and co…",https://www.adzuna.com/land/ad/5821338141?se=unsR_x-N8RG2-a5orHTjVQ&utm_medium=api&utm_source=e45342b0&v=1D242B7DA4A3F9FE131554C60FF3B4B96457B78C
data engineer,Engineer - Data Engineer,Jane Street,"Ny State Campus, Albany County",156595.6,156595.6,IT Jobs,2026-07-31T15:11:45Z,"We are looking for an experienced Senior Data Center Engineer who can help our team keep Jane Street's data safe and accessible around the clock, which will involve a mix of hands-on work in our data and colocation centers, process thinking, and project management. Your work will mostly involve designing, building, scaling, and performing daily upkeep in our regional data and colocation centers. You'll also get to collaborate with really talented people from all different areas of expertise acr…",https://www.adzuna.com/land/ad/5822607762?se=unsR_x-N8RG2-a5orHTjVQ&utm_medium=api&utm_source=e45342b0&v=C47F6A1F43025FBC6FE004D403C205A77282D927
data engineer,Lead Data Engineer,Two Six Technologies,"Arlington, Arlington County",126174.89,126174.89,IT Jobs,2026-07-30T18:08:34Z,"At Two Six Technologies, we build, deploy, and implement innovative products that solve the world’s most complex challenges today. Through unrivaled collaboration and unwavering trust, we push the boundaries of what’s possible to empower our team and support our customers in building a safer global future. Overview of Opportunity: Two Six Technologies is seeking an experienced and motivated Lead Data Engineer to work within a cross-functional development team focused on advancing a state of the…",https://www.adzuna.com/land/ad/5821652303?se=unsR_x-N8RG2-a5orHTjVQ&utm_medium=api&utm_source=e45342b0&v=0F369BAB50482486EF17E66032BFEE7A4EFCA1BE
data engineer,BI Data Engineer,Banner Bank,"Boise, Ada County",87705.56,87705.56,IT Jobs,2026-07-30T17:45:54Z,"More than 135 years ago, we started with core values that never go out of style: listen, learn and help businesses and individuals reach their goals. These core values shape our culture, and we were recently Great Place to Work Certified because of our outstanding workplace culture and employee experience. As well, our financial strength and stability are key reasons Forbes named us one of the Best 100 Banks in America for the ninth consecutive year. With more than $16 billion in assets and 135…",https://www.adzuna.com/land/ad/5821563610?se=unsR_x-N8RG2-a5orHTjVQ&utm_medium=api&utm_source=e45342b0&v=9D6C015A4EE88935EF5734B6F449280EFBD16BD9
data engineer,Data Engineer - Snowflake,Capgemini,"Ny State Campus, Albany County",114150.84,114150.84,IT Jobs,2026-07-30T18:17:46Z,"Choosing Capgemini means choosing a company where you will be empowered to shape your career in the way you’d like, where you’ll be supported and inspired by a collaborative community of colleagues around the world, and where you’ll be able to reimagine what’s possible. Join us and help the world’s leading organizations unlock the value of technology and build a more sustainable, more inclusive world.Job Location Location: New York or SeattleAbout the job you're considering We are looking for a…",https://www.adzuna.com/land/ad/5821657231?se=unsR_x-N8RG2-a5orHTjVQ&utm_medium=api&utm_source=e45342b0&v=FFF2B2EFBEDE912454EE3B91C281CA795867CCC9
data engineer,Senior Data Engineer,CVS Health,"Massachusetts, US",106154.3,106154.3,IT Jobs,2026-07-30T07:14:20Z,"We’re building a world of health around every individual — shaping a more connected, convenient and compassionate health experience. At CVS Health®, you’ll be surrounded by passionate colleagues who care deeply, innovate with purpose, hold ourselves accountable and prioritize safety and quality in everything we do. Join us and be part of something bigger – helping to simplify health care one person, one family and one community at a time. A Brief Overview Designs, builds, and maintains large-sc…",https://www.adzuna.com/land/ad/5821062243?se=unsR_x-N8RG2-a5orHTjVQ&utm_medium=api&utm_source=e45342b0&v=DAE724C5146CA56D8FF419EE23C9164D0857648A
data engineer,Senior Data Engineer,CVS Health,"Connecticut, US",107073.64,107073.64,IT Jobs,2026-07-30T13:19:53Z,"We’re building a world of health around every individual — shaping a more connected, convenient and compassionate health experience. At CVS Health®, you’ll be surrounded by passionate colleagues who care deeply, innovate with purpose, hold ourselves accountable and prioritize safety and quality in everything we do. Join us and be part of something bigger – helping to simplify health care one person, one family and one community at a time. A Brief Overview Designs, builds, and maintains large-sc…",https://www.adzuna.com/land/ad/5821394506?se=unsR_x-N8RG2-a5orHTjVQ&utm_medium=api&utm_source=e45342b0&v=B39C7B1AE20A11933127475A0AFBB8383E89C009
data engineer,Data Engineer II,Pacific Life,"Newport Beach, Orange County",98225.01,98225.01,IT Jobs,2026-07-30T07:11:29Z,"Job Description: Providing for loved ones, planning rewarding retirements, saving enough for whatever lies ahead – our policyholders count on us to be there when it matters most. It’s a big ask, but it’s one that we have the power to deliver when we work together. We collaborate and innovate – pushing one another to transform not just Pacific Life, but the entire industry for the better. Why? Because it’s the right thing to do. Pacific Life is more than a job, it’s a career with purpose. It’s a…",https://www.adzuna.com/land/ad/5821059825?se=unsR_x-N8RG2-a5orHTjVQ&utm_medium=api&utm_source=e45342b0&v=686DB1A80E969C122174F4EFC440091A0EEE1896
data engineer,Staff Data Engineer,Dexcom,"California, US",137349.77,137349.77,IT Jobs,2026-07-30T17:46:02Z,"The Company Dexcom Corporation (NASDAQ DXCM) is a pioneer and global leader in continuous glucose monitoring (CGM). Dexcom began as a small company with a big dream: To forever change how diabetes is managed. To unlock information and insights that drive better health outcomes. Here we are 25 years later, having pioneered an industry. And we're just getting started. We are broadening our vision beyond diabetes to empower people to take control of health. That means personalized, actionable insi…",https://www.adzuna.com/land/ad/5821564983?se=unsR_x-N8RG2-a5orHTjVQ&utm_medium=api&utm_source=e45342b0&v=3D582E5C8303C3904BC505811101063F0FEB29B6
data engineer,Data Engineer (Python) - Remote,Uline,"Pleasant Prairie, Kenosha County",113764.82,113764.82,IT Jobs,2026-07-31T14:56:30Z,"Senior Data Engineer Lakeside Drive, Waukegan, IL 60085 Fuel the future of data engineering and analytics for our growing North American As a Senior Data Engineer at Uline, you’ll play a pivotal role in constructing and maintaining our new, cutting-edge data collection systems and analytics platform. Partner with business users to design and build BI and data warehouse Engage with project leads, analysts and business users to implement and test data warehouse applications. * Build complex data …",https://www.adzuna.com/land/ad/5822604275?se=unsR_x-N8RG2-a5orHTjVQ&utm_medium=api&utm_source=e45342b0&v=EFDF616A7FD3BC987FDA38C7668FD356D8EBA00F
data engineer,Staff Data Engineer (Auth0),Okta,"Washington, Washington, D.C.",128209.41,128209.41,IT Jobs,2026-07-31T15:00:00Z,"Secure Every Identity, from AI to Human Identity is the key to unlocking the potential of AI. Okta secures AI by building the trusted, neutral infrastructure that enables organizations to safely embrace this new era. This work requires a relentless drive to solve complex challenges with real-world stakes. We are looking for builders and owners who operate with speed and urgency and execute with excellence. This is an opportunity to do career-defining work. We're all in on this mission. If you a…",https://www.adzuna.com/land/ad/5822605349?se=unsR_x-N8RG2-a5orHTjVQ&utm_medium=api&utm_source=e45342b0&v=EF52FEF50B8512D54FA4F09834261219EFAD00CB
data engineer,Staff Data Engineer (Auth0),Okta,"Chicago, Cook County",112903.07,112903.07,IT Jobs,2026-07-31T15:25:31Z,"Secure Every Identity, from AI to Human Identity is the key to unlocking the potential of AI. Okta secures AI by building the trusted, neutral infrastructure that enables organizations to safely embrace this new era. This work requires a relentless drive to solve complex challenges with real-world stakes. We are looking for builders and owners who operate with speed and urgency and execute with excellence. This is an opportunity to do career-defining work. We're all in on this mission. If you a…",https://www.adzuna.com/land/ad/5822618582?se=unsR_x-N8RG2-a5orHTjVQ&utm_medium=api&utm_source=e45342b0&v=BDE313BA180A1462B98C3056EB58559F28455D49
data engineer,Staff Data Engineer (Auth0),Okta,"Ny State Campus, Albany County",123821.09,123821.09,IT Jobs,2026-07-31T15:12:11Z,"Secure Every Identity, from AI to Human Identity is the key to unlocking the potential of AI. Okta secures AI by building the trusted, neutral infrastructure that enables organizations to safely embrace this new era. This work requires a relentless drive to solve complex challenges with real-world stakes. We are looking for builders and owners who operate with speed and urgency and execute with excellence. This is an opportunity to do career-defining work. We're all in on this mission. If you a…",https://www.adzuna.com/land/ad/5822608224?se=unsR_x-N8RG2-a5orHTjVQ&utm_medium=api&utm_source=e45342b0&v=9EA9CFF80D1BED2960356D6587E42505A01467B2
data engineer,Staff Data Engineer (Auth0),Okta,US,116444.24,116444.24,IT Jobs,2026-07-31T15:27:48Z,"Secure Every Identity, from AI to Human Identity is the key to unlocking the potential of AI. Okta secures AI by building the trusted, neutral infrastructure that enables organizations to safely embrace this new era. This work requires a relentless drive to solve complex challenges with real-world stakes. We are looking for builders and owners who operate with speed and urgency and execute with excellence. This is an opportunity to do career-defining work. We're all in on this mission. If you a…",https://www.adzuna.com/land/ad/5822621884?se=unsR_x-N8RG2-a5orHTjVQ&utm_medium=api&utm_source=e45342b0&v=59C15037A164E4C67CC1EC52E27ECF4B830A8459
data engineer,"Senior Manager, Data Engineering",Lumentum,"Alviso, San Jose",183091.38,183091.38,IT Jobs,2026-07-30T07:24:03Z,"It's fun to work in a company where people truly BELIEVE in what they're doing! We're committed to bringing passion and customer focus to the business. If you like wild growth and working with happy, enthusiastic over-achievers, you'll enjoy your career with us! Lumentum is illuminating the networks of tomorrow with advanced photonic technologies that enable AI, data centers, telecom, industrial, and sensing applications. As AI accelerates the global demand for bandwidth and energy efficiency, …",https://www.adzuna.com/land/ad/5821072906?se=unsR_x-N8RG2-a5orHTjVQ&utm_medium=api&utm_source=e45342b0&v=3BC0C66086A8BB4DDAAC6C46401F00942AE7E479
data engineer,Data Engineer with Cloud - Fulltime,Maverick Payments,"Arizona, US",102579.85,102579.85,IT Jobs,2026-07-31T14:54:24Z,"Maverick Payments is a family-owned and privately held full-service payment provider. Located in Calabasas, California, Maverick has created innovative technology designed for sales organizations, such as ISO’s and ISV’s, looking to monetize payments by reselling our white-labeled payments stack. Our payment products include merchant acquiring services, a proprietary gateway, ACH processing, fraud & chargeback tools, analytics, and other value-add services. Maverick’s team includes underwriting…",https://www.adzuna.com/land/ad/5822603848?se=unsR_x-N8RG2-a5orHTjVQ&utm_medium=api&utm_source=e45342b0&v=36992A300A584A3633F1699D110DA2BA16801424
data engineer,Full time data engineer,Maverick Payments,Florida,115459.75,115459.75,IT Jobs,2026-07-31T14:54:23Z,"Maverick Payments is a family-owned and privately held full-service payment provider. Located in Calabasas, California, Maverick has created innovative technology designed for sales organizations, such as ISO’s and ISV’s, looking to monetize payments by reselling our white-labeled payments stack. Our payment products include merchant acquiring services, a proprietary gateway, ACH processing, fraud & chargeback tools, analytics, and other value-add services. Maverick’s team includes underwriting…",https://www.adzuna.com/land/ad/5822603813?se=unsR_x-N8RG2-a5orHTjVQ&utm_medium=api&utm_source=e45342b0&v=A345405E164D1050870669AC1F7E3DA1C5F21CA2
data engineer,Full time data engineer,Maverick Payments,"Arizona, US",100810.33,100810.33,IT Jobs,2026-07-31T14:56:47Z,"Maverick Payments is a family-owned and privately held full-service payment provider. Located in Calabasas, California, Maverick has created innovative technology designed for sales organizations, such as ISO’s and ISV’s, looking to monetize payments by reselling our white-labeled payments stack. Our payment products include merchant acquiring services, a proprietary gateway, ACH processing, fraud & chargeback tools, analytics, and other value-add services. Maverick’s team includes underwriting…",https://www.adzuna.com/land/ad/5822604721?se=unsR_x-N8RG2-a5orHTjVQ&utm_medium=api&utm_source=e45342b0&v=6B03E503A315255B78F9313F110EFD4F30F9703F
data engineer,"Senior Software Engineer, Data Engineering",Robinhood,"Menlo Park, San Mateo County",158574.53,158574.53,Engineering Jobs,2026-07-31T15:25:32Z,"Join us in building the future of finance. Our mission is to democratize finance for all. An estimated $124 trillion of assets will be inherited by younger generations in the next two decades. The largest transfer of wealth in human history. If you’re ready to be at the epicenter of this historic cultural and financial shift, keep reading. About the team  role We are building an elite team, applying frontier technologies to the world’s biggest financial problems. We’re looking for bold thinkers…",https://www.adzuna.com/land/ad/5822618613?se=unsR_x-N8RG2-a5orHTjVQ&utm_medium=api&utm_source=e45342b0&v=EB3238EDDB6A157964C8AA14D2113BA11583DD76
data engineer,Senior Data Engineer (Python) - Remote,fairlife,"Chicago, Cook County",106006.3,106006.3,IT Jobs,2026-07-30T06:51:54Z,"fairlife, LLC is a Chicago-based nutrition company that creates great-tasting, nutrition-rich and dairy products to nourish consumers. With over $3B in annual retail sales, fairlife’s portfolio of delicious, lactose-free, real dairy products includes: fairlife® ultra-filtered milk; Core Power® High Protein Shakes, a sports nutrition drink to support post-workout recovery; fairlife® nutrition plan™, a nutrition shake to support the journey to better health. A wholly owned subsidiary of The Coca-…",https://www.adzuna.com/land/ad/5821042998?se=unsR_x-N8RG2-a5orHTjVQ&utm_medium=api&utm_source=e45342b0&v=3275F8618877323A0F590B7CC3D5A124F19FDA9B
data engineer,Senior Data Engineer (Python) - Remote,Metriport,"South San Francisco, San Mateo County",192443.47,192443.47,IT Jobs,2026-07-31T14:59:48Z,"Senior Data Engineer Metriport is an open-source data intelligence platform that helps healthcare organizations access and exchange patient data in real-time: record retrieval that used to take days now takes seconds, and clinicians walk into every appointment with the full patient picture. We integrate with all major US healthcare IT systems and tap into comprehensive medical data for 300 million individuals. We've found product-market fit with multi-million ARR, 100 customers (including Amazo…",https://www.adzuna.com/land/ad/5822605104?se=unsR_x-N8RG2-a5orHTjVQ&utm_medium=api&utm_source=e45342b0&v=50A14CCF48CCF64D0B4F4F48D6F6A7DB81BA9C99
data engineer,Data Engineer,ManTech International,"Herndon, Fairfax County",115000.0,160000.0,IT Jobs,2026-06-17T20:44:10Z,"ManTech seeks a Data Engineer to support our IT department in developing and optimizing our data architecture and infrastructure to aid in critical national security missions. This role involves the design, construction, installation, testing, and maintenance of highly scalable data management systems. The ideal candidate will have a proven track record in engineering solutions that enable the intelligent use and analysis of large datasets in a secure, resilient, and efficient manner. Develop, …",https://www.adzuna.com/land/ad/5767372791?se=unsR_x-N8RG2-a5orHTjVQ&utm_medium=api&utm_source=e45342b0&v=6614ED4A0CADE6BDE29113BB54E002FDB76CEC18
data engineer,Data Engineer,ManTech International,"Chantilly, Fairfax County",125000.0,165000.0,IT Jobs,2026-07-09T06:14:09Z,"As a Wargame Data Analyst in ManTech International’s Data Science & AI department, you will turn complex wargame and simulation outputs into insights that shape U.S. defense strategy. You will design and execute analytical models, apply statistics and AI/ML to operational scenarios, and assess capability performance across contested environments. Partnering with operators, data scientists, and engineers, you will build dashboards and visualizations that translate technical results into clear re…",https://www.adzuna.com/land/ad/5794101507?se=unsR_x-N8RG2-a5orHTjVQ&utm_medium=api&utm_source=e45342b0&v=34C085BC66EBBA29723BD45C4DB4737EC26691CB
data engineer,Data Engineer,Stord,US,97059.17,97059.17,IT Jobs,2026-07-09T04:47:53Z,"hackajob is collaborating with Stord to connect them with exceptional professionals for this role. Stord is The Consumer Experience Company, powering seamless checkout through delivery for today's leading brands. Stord is rapidly growing and is on track to double our revenue in the next 18 months. To meet and exceed this target, Stord is strategically scaling teams across the entire company, and seeking energetic experts to help us achieve our mission. By combining comprehensive commerce-enable…",https://www.adzuna.com/land/ad/5793895752?se=unsR_x-N8RG2-a5orHTjVQ&utm_medium=api&utm_source=e45342b0&v=82E792D02BD34090C970C26685BF35D995158674
data engineer,Data Engineer,MANTECH,"Herndon, Fairfax County",141931.8,141931.8,IT Jobs,2026-07-06T11:33:12Z,"hackajob is collaborating with MANTECH to connect them with exceptional professionals for this role. MANTECH seeks a motivated, career and customer-oriented Data Engineer to join our team in Herndon VA. The Data Engineer will leverage their expertise with Python to support the customer’s data pipelines and related applications, from collection to ingestion, and ensure the integrity and security of data systems. You will play a critical role in delivering relevant and actionable cyber data to th…",https://www.adzuna.com/land/ad/5789985701?se=unsR_x-N8RG2-a5orHTjVQ&utm_medium=api&utm_source=e45342b0&v=C76B20719EAAFE1972794D1F02731F7390733210
data engineer,Data Engineer,MANTECH,"Chantilly, Fairfax County",120444.01,120444.01,IT Jobs,2026-07-09T04:47:54Z,"hackajob is collaborating with MANTECH to connect them with exceptional professionals for this role. MANTECH seeks a motivated, career and customer-oriented Data Engineer to join our team in Chantilly, VA. The Data Engineer will leverage their development skills and experience to support the successful designing, ingesting, cleansing, transformation, loading, and display of significant amounts of data. Responsibilities include but are not limited to: Designing, implementing, and optimizing data…",https://www.adzuna.com/land/ad/5793895894?se=unsR_x-N8RG2-a5orHTjVQ&utm_medium=api&utm_source=e45342b0&v=79EE9034E36F290B5C9489122A017947D3071178
data engineer,Data Engineer,MANTECH,US,167762.39,167762.39,IT Jobs,2026-07-11T16:17:00Z,"hackajob is collaborating with MANTECH to connect them with exceptional professionals for this role. MANTECH seeks a motivated, career, and customer-oriented Data Engineer for a new initiative within the National Capital Region. This effort supports the rapid design, deployment, operation, and sustainment of enterprise-scale AI, data, and mission platform capabilities across a cloud, edge, and classified operational environment This role supports enterprise data ingestion, transformation, gover…",https://www.adzuna.com/land/ad/5797150941?se=unsR_x-N8RG2-a5orHTjVQ&utm_medium=api&utm_source=e45342b0&v=06A0944A528E67F367E11619AAEC60696B958B59
data engineer,Data Engineer,MANTECH,"Doral, Miami-Dade County",147225.7,147225.7,IT Jobs,2026-07-06T11:32:34Z,"hackajob is collaborating with MANTECH to connect them with exceptional professionals for this role. MANTECH seeks a motivated, career and customer-oriented Journeyman Data Engineer to join our team in Doral, FL. Key Responsibilities Design, implement, and maintain secure distributed data pipelines to ingest, transform, and integrate structured and unstructured multi-source intelligence and operational data. Build and execute complex data extraction, cleansing, transformation, and replication p…",https://www.adzuna.com/land/ad/5789983747?se=unsR_x-N8RG2-a5orHTjVQ&utm_medium=api&utm_source=e45342b0&v=38B1DD652C323D5C6DBC5BADFBD6541CCFBFAFFE
data engineer,Data Engineer,Solace,US,117251.36,117251.36,IT Jobs,2026-07-06T11:32:37Z,"hackajob is collaborating with Solace to connect them with exceptional professionals for this role. About Solace Healthcare in the U.S. is fundamentally broken. The system is so complex that 88% of U.S. adults do not have the health literacy necessary to navigate it without help. Solace cuts through the red tape of healthcare by pairing patients with expert advocates and giving them the tools to make better decisions—and get better outcomes. We're a Series C startup, founded in 2022 and backed …",https://www.adzuna.com/land/ad/5789983908?se=unsR_x-N8RG2-a5orHTjVQ&utm_medium=api&utm_source=e45342b0&v=60D7B8953CDB2209D1781C66FD75876A227D6E26
data engineer,"Software Development Manager, Amazon Security Data Engineering",Amazon.com Services LLC,"San Luis Obispo, San Luis Obispo County",169522.19,169522.19,IT Jobs,2026-07-28T13:13:41Z,"Amazon Security Data Engineering (ASDE) delivers internal cross-Amazon security solutions for the governance of security data. Our team is responsible for building tools and services that collect, store, process and control accessibility to the massive volume and variety of security relevant log data produced by Amazon services. This is a innovative big data management and data access space, and we are seeking a Software Development Manager (SDM) who is excited about leading a talented team of …",https://www.adzuna.com/land/ad/5818627593?se=unsR_x-N8RG2-a5orHTjVQ&utm_medium=api&utm_source=e45342b0&v=9A4DDF62348C6CDF6716AB8D70689BF8C26AAEC6
data engineer,Data Engineer,Booz Allen Hamilton,US,139645.83,139645.83,IT Jobs,2026-06-10T18:42:17Z,"Job Number: R0241931 Data Engineer The Opportunity: Ever-expanding technology like IoT, machine learning, and artificial intelligence means that there's more structured and unstructured data available today than ever before. As a data engineer, you know that organizing data can yield pivotal insights when it's gathered from disparate sources. We need an experienced data engineer like you to help our clients find answers in their data to impact important missions-from fraud detection to cancer r…",https://www.adzuna.com/land/ad/5759193723?se=unsR_x-N8RG2-a5orHTjVQ&utm_medium=api&utm_source=e45342b0&v=DCB568C2FA7427418D7A77CCFDE242D1E6C8996F
data engineer,Data Engineer,Booz Allen Hamilton,US,152231.69,152231.69,IT Jobs,2026-06-29T19:00:21Z,"Job Number: R0243265 Data Engineer The Opportunity: Ever-expanding technology like IoT, machine learning, and artificial intelligence means that there's more structured and unstructured data available today than ever before. As a data engineer, you know that organizing data can yield pivotal insights when it's gathered from disparate sources. We need an experienced data engineer like you to help our clients find answers in their data to impact important missions-from fraud detection to cancer r…",https://www.adzuna.com/land/ad/5781499919?se=unsR_x-N8RG2-a5orHTjVQ&utm_medium=api&utm_source=e45342b0&v=99D22CF83DFCB3A71F0126FE49BB5AA97AA5FBB2
data engineer,Data Engineer,Booz Allen Hamilton,US,146065.36,146065.36,Engineering Jobs,2026-06-15T18:14:53Z,"Job Number: R0242278 Data Engineer The Opportunity: Ever-expanding technology like IoT, machine learning, and artifi cia l intelligence means that there's more structured and unstructured data available today than ever before. As a data engineer, you know that organizing data can yield pivotal insights when it's gathered from disparate sources. We need an experience d data engineer like you to help our clients find answers in their data to impact important missions-from fraud detection to cance…",https://www.adzuna.com/land/ad/5764757221?se=unsR_x-N8RG2-a5orHTjVQ&utm_medium=api&utm_source=e45342b0&v=C7F918BA6B242ED4F6CCDB6C77CD733F4EBDF9DE
data engineer,Data Engineer,Kforce Technology Staffing,"Phoenix, Maricopa County",132078.03,132078.03,IT Jobs,2026-07-31T15:24:38Z,"RESPONSIBILITIES: Kforce has a client in Phoenix, AZ who is seeking a Data Engineer to join their team. The Data Engineer is a hands-on technical role focused on designing, developing, and optimizing enterprise data solutions. This individual will play a key role in advancing modern data engineering, analytics, and cloud-based data platform initiatives. The ideal candidate will have experience building scalable data pipelines, data lakes, and data warehouses while collaborating closely with cro…",https://www.adzuna.com/land/ad/5822617797?se=unsR_x-N8RG2-a5orHTjVQ&utm_medium=api&utm_source=e45342b0&v=C6E8130B49873F4EC0EB349CD360BA80C49733EC
data engineer,Data Engineer,Theradex Onoclogy,US,129892.16,129892.16,IT Jobs,2026-07-24T19:10:27Z,"Data Engineer Introduction As part of Theradex Oncology, you will have the opportunity to work with one of the largest professional teams focused solely on the development of cancer therapies. Cancer research continues to evolve as new therapies and therapeutic approaches are discovered, as part of the team you will work to support our sponsors in the development of these therapies. Theradex Oncology is an environment for highly motivated individuals who want to make a difference. The Data Engi…",https://www.adzuna.com/land/ad/5814575894?se=unsR_x-N8RG2-a5orHTjVQ&utm_medium=api&utm_source=e45342b0&v=BC9E3BE27BD7465B79A6978BA1CD646B00CCB55E
data engineer,Data Engineer,Jobot,"Chicago, Cook County",108172.27,108172.27,IT Jobs,2026-07-11T04:55:15Z,"Lead Data Engineer | 5 Years Experience | Scalable Batch & Streaming Pipelines | Cloud Architecture (AWS, Databricks, Kubernetes) This Jobot Job is hosted by: Jim Quirk Are you a fit? Easy Apply now by clicking the ""Quick Apply"" button and sending us your resume. Salary: $180,000 - $250,000 per year A bit about us: We are a fast-growing, tech-driven firm operating in a fast-paced market environment where data is central to our competitive edge. Our technology organization values high-performanc…",https://www.adzuna.com/land/ad/5796726164?se=unsR_x-N8RG2-a5orHTjVQ&utm_medium=api&utm_source=e45342b0&v=3A1E53D647EA3E4B8F48E45090F62E44731448A9
data engineer,Data Engineer,Jobot,"Addison, Dallas",136845.1,136845.1,IT Jobs,2026-07-19T16:53:58Z,"Data Engineer - Hybrid This Jobot Job is hosted by: Melanie Courtney Are you a fit? Easy Apply now by clicking the ""Quick Apply"" button and sending us your resume. Salary: $120,000 - $160,000 per year A bit about us: Our client is a collection of industry-leading residential and commercial HVAC, electrical, and plumbing companies. Our mission is to provide exceptional residential and commercial services by upholding the legacies of our brand partners, empowering their growth, elevating performa…",https://www.adzuna.com/land/ad/5807348773?se=unsR_x-N8RG2-a5orHTjVQ&utm_medium=api&utm_source=e45342b0&v=DAD15EDAAC229F2A86C76CB52953846D4C40DAD4
data engineer,Data Engineer,Jobot,"Los Angeles, Los Angeles County",110299.56,110299.56,IT Jobs,2026-07-23T17:28:56Z,"Sr. Data Engineer needed hybrid on-site for large well-established Food Manufacturer based in Los Angeles This Jobot Job is hosted by: Shezad Allaudin Are you a fit? Easy Apply now by clicking the ""Quick Apply"" button and sending us your resume. Salary: $110,000 - $120,000 per year A bit about us: Leading provider of poultry and meat solutions throughout California, the Pacific Northwest, Arizona, Texas, Nevada and New Mexico. Our company was built with two principles in mind: make a quality pr…",https://www.adzuna.com/land/ad/5812686638?se=unsR_x-N8RG2-a5orHTjVQ&utm_medium=api&utm_source=e45342b0&v=B8AF0D8B7DA17483E069522393FE2C11505ECF46
data engineer,Data Engineer,Booz Allen Hamilton,US,119074.63,119074.63,IT Jobs,2026-07-29T17:20:22Z,"Job Number: R0245442 Data Engineer The Opportunity: As a Data Engineer on our team, you will gather requirements, design Lakehouse data architecture, build Databricks ingestion and governance pipelines, manage lineage and metadata, optimize data flows, enforce security and access controls, and support multi-cloud analytics and ATO-ready operations. You will also develop documentation including Data Flow Diagrams, Data Ingestion Plans, Storage Architecture Documents, and Lakehouse Integration Pl…",https://www.adzuna.com/land/ad/5820188228?se=unsR_x-N8RG2-a5orHTjVQ&utm_medium=api&utm_source=e45342b0&v=CEE094437FCEBC7E1B88AB7DDDBEEC48A4268470
data engineer,Data Engineer,Booz Allen Hamilton,US,137663.72,137663.72,IT Jobs,2026-07-29T17:22:41Z,"Job Number: R0245444 Data Engineer The Opportunity: As a Data Engineer on our team, you will design, implement, and maintain secure, compliant, and scalable data ingestion (ETL) processes, leveraging cutting-edge technologies to ensure robust data pipelines across complex multi cloud ecosystems. You will fulfill the data flow requirements while prioritizing security, privacy, auditability, and operational manageability. Work with us to use data for good. Join us. The world can't wait. You Have:…",https://www.adzuna.com/land/ad/5820188847?se=unsR_x-N8RG2-a5orHTjVQ&utm_medium=api&utm_source=e45342b0&v=F1893A8DA1A3C9BD2AAB23205A011004506559B9
data engineer,Principal Data Engineer,Motion Recruitment,"Boston, Thomas County",169515.55,169515.55,IT Jobs,2026-07-16T16:52:46Z,"Job Description Job Description \n Full-time, hybrid opportunity for a Principal Data Engineer based in Boston, MA (3 days/week onsite in Back Bay). This role offers the opportunity to build and scale the data infrastructure behind a leading healthcare intelligence platform, leveraging modern cloud technologies, distributed systems, and large-scale data engineering to help life sciences organizations make faster, smarter decisions. \n This is a highly impactful role for an experienced data engi…",https://www.adzuna.com/land/ad/5803628532?se=unsR_x-N8RG2-a5orHTjVQ&utm_medium=api&utm_source=e45342b0&v=89938F4D9E274E23167DCABBD16C40ABB9D9EB98
data engineer,Data Analytics Engineer,Cushman & Wakefield,"Austin, Travis County",169345.4,169345.4,IT Jobs,2026-07-30T18:03:23Z,"Data Engineer commercial real estate (CRE) forecasting infrastructure across the Americas. This role is focused on engineering robust data pipelines, automating model Operate as a self-sufficient data practitioner, capable of independently delivering data solutions or working side-by-side with technology teams to deliver high-quality, production-ready data solutions that underpin the firm’s House View and related analytical products. Time Series Data Engineering, Maintenance & Automation (40%) …",https://www.adzuna.com/land/ad/5821646755?se=unsR_x-N8RG2-a5orHTjVQ&utm_medium=api&utm_source=e45342b0&v=9D30C3A6613F01B3D02C34CB2B47B601E282C549
data engineer,Data Analytics Engineer,CVS Health,"Montana, Jefferson County",76399.65,76399.65,Engineering Jobs,2026-07-30T17:48:28Z,"We’re building a world of health around every individual — shaping a more connected, convenient and compassionate health experience. At CVS Health®, you’ll be surrounded by passionate colleagues who care deeply, innovate with purpose, hold ourselves accountable and prioritize safety and quality in everything we do. Join us and be part of something bigger - helping to simplify health care one person, one family and one community at a time. Position Summary We are hiring a fully remote Data Engin…",https://www.adzuna.com/land/ad/5821580769?se=unsR_x-N8RG2-a5orHTjVQ&utm_medium=api&utm_source=e45342b0&v=C6C5040B0FCE4BDA7D541021DFFB5EDFEB66C390
data engineer,Data Analytics Engineer,CVS Health,"Maryland, Anne Arundel County",81234.45,81234.45,Engineering Jobs,2026-07-30T18:03:27Z,"We’re building a world of health around every individual — shaping a more connected, convenient and compassionate health experience. At CVS Health®, you’ll be surrounded by passionate colleagues who care deeply, innovate with purpose, hold ourselves accountable and prioritize safety and quality in everything we do. Join us and be part of something bigger - helping to simplify health care one person, one family and one community at a time. Position Summary We are hiring a fully remote Data Engin…",https://www.adzuna.com/land/ad/5821647159?se=unsR_x-N8RG2-a5orHTjVQ&utm_medium=api&utm_source=e45342b0&v=8B0CC7C1ECB3397FCFAE5688DEAEB225AC34B2D5
data engineer,Data Analytics Engineer,CVS Health,"Connecticut, US",86700.46,86700.46,Engineering Jobs,2026-07-30T18:05:38Z,"We’re building a world of health around every individual — shaping a more connected, convenient and compassionate health experience. At CVS Health®, you’ll be surrounded by passionate colleagues who care deeply, innovate with purpose, hold ourselves accountable and prioritize safety and quality in everything we do. Join us and be part of something bigger - helping to simplify health care one person, one family and one community at a time. Position Summary We are hiring a fully remote Data Engin…",https://www.adzuna.com/land/ad/5821649760?se=unsR_x-N8RG2-a5orHTjVQ&utm_medium=api&utm_source=e45342b0&v=42584DD52776B5BF04097618B6D789DC2BDAE47D
data engineer,Data Analytics Engineer,CVS Health,"California, US",89059.28,89059.28,Engineering Jobs,2026-07-30T23:02:03Z,"We’re building a world of health around every individual — shaping a more connected, convenient and compassionate health experience. At CVS Health®, you’ll be surrounded by passionate colleagues who care deeply, innovate with purpose, hold ourselves accountable and prioritize safety and quality in everything we do. Join us and be part of something bigger - helping to simplify health care one person, one family and one community at a time. Position Summary We are hiring a fully remote Data Engin…",https://www.adzuna.com/land/ad/5821946414?se=unsR_x-N8RG2-a5orHTjVQ&utm_medium=api&utm_source=e45342b0&v=8C3B00BF3F7F51A64B3E37116677D708059E7D18
data engineer,Data Analytics Engineer,CVS Health,"Maine, US",83961.84,83961.84,Engineering Jobs,2026-07-30T23:39:47Z,"We’re building a world of health around every individual — shaping a more connected, convenient and compassionate health experience. At CVS Health®, you’ll be surrounded by passionate colleagues who care deeply, innovate with purpose, hold ourselves accountable and prioritize safety and quality in everything we do. Join us and be part of something bigger - helping to simplify health care one person, one family and one community at a time. Position Summary We are hiring a fully remote Data Engin…",https://www.adzuna.com/land/ad/5821981570?se=unsR_x-N8RG2-a5orHTjVQ&utm_medium=api&utm_source=e45342b0&v=F27215AA7BB7600F41C3991310FC7CB3DFD99B7E
data engineer,Data Analytics Engineer,CVS Health,"North Carolina, US",79837.25,79837.25,Engineering Jobs,2026-07-30T17:38:48Z,"We’re building a world of health around every individual — shaping a more connected, convenient and compassionate health experience. At CVS Health®, you’ll be surrounded by passionate colleagues who care deeply, innovate with purpose, hold ourselves accountable and prioritize safety and quality in everything we do. Join us and be part of something bigger - helping to simplify health care one person, one family and one community at a time. Position Summary We are hiring a fully remote Data Engin…",https://www.adzuna.com/land/ad/5821511000?se=unsR_x-N8RG2-a5orHTjVQ&utm_medium=api&utm_source=e45342b0&v=5CBADAF9C075ECEB4486E8DE3027016EBB7CF2FD
