search_keyword,title,company,location,salary_min,salary_max,category,created,description,redirect_url
data analyst,Data Analyst,CAI,"Indianapolis, Marion County",96922.65,96922.65,IT Jobs,2026-07-22 15:18:12+00:00,"hackajob is collaborating with CAI to connect them with exceptional professionals for this role. Data Analyst Req number: R8144 Employment type: Full time Worksite flexibility: Hybrid Who we are CAI is a global services firm with over 9,000 associates worldwide and a yearly revenue of $1.3 billion. We have over 40 years of excellence in uniting talent and technology to power the possible for our clients, colleagues, and communities. As a privately held company, we have the freedom and focus to …",https://www.adzuna.com/land/ad/5811125008?se=Cv836q6H8RGrg5YQe_eAEA&utm_medium=api&utm_source=e45342b0&v=196ECE7BC43000767BDD93B4B8C5AA0F0F51E23A
data analyst,Data Analyst,MANTECH,"Doral, Miami-Dade County",138896.86,138896.86,IT Jobs,2026-07-09 16:13:21+00:00,"hackajob is collaborating with MANTECH to connect them with exceptional professionals for this role. MANTECH seeks a motivated, career and customer-oriented Data Analyst to join our team in Doral, FL. Responsibilities include but are not limited to: Lead the development and implementation of data strategies and frameworks that drive decision-making and organizational learning across the enterprise. Maintain and enhance the accuracy and reliability of the CMDB by validating hardware models, corr…",https://www.adzuna.com/land/ad/5794461870?se=Cv836q6H8RGrg5YQe_eAEA&utm_medium=api&utm_source=e45342b0&v=E4AE188AE4E0739D79E9EAB90FD68CD4779DD6DF
data analyst,Data Analyst,Solace,US,84412.97,84412.97,IT Jobs,2026-07-18 04:36:34+00:00,"hackajob is collaborating with Solace to connect them with exceptional professionals for this role. About Solace Healthcare in the U.S. is fundamentally broken. The system is so complex that 88% of U.S. adults do not have the health literacy necessary to navigate it without help. Solace cuts through the red tape of healthcare by pairing patients with expert advocates and giving them the tools to make better decisions—and get better outcomes. We're a Series C startup, founded in 2022 and backed …",https://www.adzuna.com/land/ad/5805946719?se=Cv836q6H8RGrg5YQe_eAEA&utm_medium=api&utm_source=e45342b0&v=46A9F8D0FAA018E5FE46233B5B1A091FD0E238E0
data analyst,Sr Product Data Analyst,Hertz,"Estero, Lee County",95511.86,95511.86,"Energy, Oil & Gas Jobs",2026-07-22 03:43:16+00:00,"Job Description Job Description Description At Hertz, our senior product data analysts are responsible for developing and defining analytic best practices to generate informative research, reports, visualizations, and dashboards using internal and external data to provide actionable and strategic insights. Your main objective is to leverage advanced analytics and data mining techniques to deeply understand our product performance and generate insights to drive operational efficiency and effecti…",https://www.adzuna.com/land/ad/5810498712?se=Cv836q6H8RGrg5YQe_eAEA&utm_medium=api&utm_source=e45342b0&v=D04C88AFE5CF7F4C10237861589E1291891E4EB8
data analyst,Data Analyst,HackerEarth,US,76501.51,76501.51,IT Jobs,2026-07-17 12:17:34+00:00,"About the Role We are looking for a Data Analyst with strong Python skills and exposure to Generative AI tools to help analyze data, automate workflows, and generate insights for business teams. The ideal candidate should be comfortable working with large datasets, building data pipelines, and leveraging GenAI tools and APIs to enhance data analysis and reporting . Key Responsibilities Analyze large datasets using Python (Pandas, NumPy) to identify trends and insights. Write and optimize SQL qu…",https://www.adzuna.com/land/ad/5805043176?se=Cv836q6H8RGrg5YQe_eAEA&utm_medium=api&utm_source=e45342b0&v=5CB712D77C696B50FDA3AC20B12080F8DE0C901F
data analyst,Data Analyst,Eliassen Group,"Jacks Cabin, Gunnison County",89632.9,89632.9,IT Jobs,2026-07-14 19:43:32+00:00,"Description: Remote Our client is seeking a highly skilled and intellectually curious Data Analyst. As the Data Analyst you will play a critical part in architecting and delivering data models, pipelines, and reporting that supports month-end close, enhances accounting workflows, and drives ongoing improvements in data quality, reliability, and efficiency. Due to client requirements, applicants must be willing and able to work on a w2 basis. For our w2 consultants, we offer a great benefits pac…",https://www.adzuna.com/land/ad/5800473938?se=Cv836q6H8RGrg5YQe_eAEA&utm_medium=api&utm_source=e45342b0&v=43D682B20A363B2111956FA68F8633A9EB8F335C
data analyst,"Data Analyst, Specialist",Vanguard,"Charlotte, Clinton County",71369.29,71369.29,IT Jobs,2026-07-06 11:32:56+00:00,"hackajob is collaborating with Vanguard to connect them with exceptional professionals for this role. Role Summary The Data Analyst, Specialist is responsible for leveraging data-driven insights to support strategic business decisions and improve operational efficiency. This role involves structuring complex business requests into well-defined analytical projects, extracting and analyzing large datasets from multiple sources and developing automated reporting solutions to enhance data accessibi…",https://www.adzuna.com/land/ad/5789984891?se=Cv836q6H8RGrg5YQe_eAEA&utm_medium=api&utm_source=e45342b0&v=44664F04923D36AA0189F3F1FDC93C008869CDC7
data analyst,Financial Data Analyst,CAI,"Miramar, Broward County",77917.57,77917.57,IT Jobs,2026-07-16 04:37:25+00:00,"hackajob is collaborating with CAI to connect them with exceptional professionals for this role. Financial Data Analyst Req number: R6473 Employment type: Full time Worksite flexibility: Onsite Who we are CAI is a global services firm with over 9,000 associates worldwide and a yearly revenue of $1.3 billion. We have over 40 years of excellence in uniting talent and technology to power the possible for our clients, colleagues, and communities. As a privately held company, we have the freedom and…",https://www.adzuna.com/land/ad/5802478131?se=Cv836q6H8RGrg5YQe_eAEA&utm_medium=api&utm_source=e45342b0&v=2BBDE377DAAD5EE4376E54A24A7D6A6BCCA0A7C3
data analyst,"Data Analyst, Specialist",Vanguard,"Charlotte, Clinton County",83889.32,83889.32,IT Jobs,2026-07-06 11:33:04+00:00,"hackajob is collaborating with Vanguard to connect them with exceptional professionals for this role. Personal Investor (PI) Distribution is responsible for converting Vanguard’s Personal Investor strategy into growth outcomes by acquiring clients, deepening relationships, and retaining and growing assets. As part of the PI Distribution Analytics team, you will provide actionable insights and scalable analytics that enable Personal Investor Distribution to drive growth, improve client experienc…",https://www.adzuna.com/land/ad/5789985328?se=Cv836q6H8RGrg5YQe_eAEA&utm_medium=api&utm_source=e45342b0&v=BCEF858D53F4B5CC933D7464E2F2152D908DC715
data analyst,"Data Analyst, Specialist",Vanguard,"Charlotte, Clinton County",66319.52,66319.52,IT Jobs,2026-07-06 11:33:00+00:00,"hackajob is collaborating with Vanguard to connect them with exceptional professionals for this role. Analyzes data, assesses trends and develops actionable insights and recommendations in support of large strategic business initiatives. Actively develops the analytics community at Vanguard by coaching others internally and participating in external events. We are seeking a data visualization expert with a passion for transforming complex data into clear, actionable insights for senior leadersh…",https://www.adzuna.com/land/ad/5789985137?se=Cv836q6H8RGrg5YQe_eAEA&utm_medium=api&utm_source=e45342b0&v=9122A0156EEF80071D1A75DA47E9B8D42AB33729
data analyst,Senior Data Analyst,Vanguard,"Frazer, Chester County",104712.25,104712.25,IT Jobs,2026-07-16 04:37:25+00:00,"hackajob is collaborating with Vanguard to connect them with exceptional professionals for this role. This analyst will partner closely with business leaders to support Workplace Solutions client retention and service recovery efforts by analyzing client behavior, identifying risk signals, and uncovering drivers of attrition. The role focuses on translating complex data into actionable insights, monitoring client sentiment and service issues, and helping prioritize interventions that improve cl…",https://www.adzuna.com/land/ad/5802478133?se=Cv836q6H8RGrg5YQe_eAEA&utm_medium=api&utm_source=e45342b0&v=8B554F2581738E301354422BC992368495C78BED
data analyst,"Data Analyst, Specialist",Vanguard,"Charlotte, Clinton County",70474.47,70474.47,IT Jobs,2026-07-06 11:32:56+00:00,"hackajob is collaborating with Vanguard to connect them with exceptional professionals for this role. Analyzes data, assesses trends and develops actionable insights and recommendations in support of large strategic business initiatives. Actively develops the analytics community at Vanguard by coaching others internally and participating in external events. Role Summary The Data Analyst, Senior Specialist is responsible in driving data-driven decision-making across the organization by leading c…",https://www.adzuna.com/land/ad/5789984892?se=Cv836q6H8RGrg5YQe_eAEA&utm_medium=api&utm_source=e45342b0&v=F00C749400547BA7B153132208261F6A6C52511A
data analyst,"Data Analyst, Specialist",Vanguard,"Frazer, Chester County",74856.74,74856.74,"Energy, Oil & Gas Jobs",2026-07-15 04:41:56+00:00,"hackajob is collaborating with Vanguard to connect them with exceptional professionals for this role. The Lead Data Analyst is responsible for driving data-driven decision-making across the organization by leading complex analytical projects, optimizing data processes and delivering actionable insights. This role involves extracting, cleaning and analyzing large datasets to identify trends, measure performance to support strategic initiatives, and close engagement with internal partners. Respon…",https://www.adzuna.com/land/ad/5800926478?se=Cv836q6H8RGrg5YQe_eAEA&utm_medium=api&utm_source=e45342b0&v=AD4D0CC8DBF62E3FE31EDACF1BD62074B997FF14
data analyst,"Data Analyst, AVP",Barclays,"Hanover Township, Morris County",152091.5,152091.5,Accounting & Finance Jobs,2026-07-06 11:33:08+00:00,"hackajob is collaborating with Barclays to connect them with exceptional professionals for this role. What will you be doing? Barclays Services Corp. seeks Data Analyst, AVP in Whippany, NJ (multiple positions available): Facilitate the delivery of high-quality data insights utilizing a range of business intelligence utilities and analytics capabilities to ensure comprehensive, timely and accurate operational oversight for operational teams, senior leadership, service buyers, audit activity and…",https://www.adzuna.com/land/ad/5789985522?se=Cv836q6H8RGrg5YQe_eAEA&utm_medium=api&utm_source=e45342b0&v=0855B57339AFFA6D0F24373D22049E730398E4EA
data analyst,Senior Data Analyst,Transunion,"Chicago, Cook County",95487.0,95487.0,IT Jobs,2026-07-08 16:10:18+00:00,"hackajob is collaborating with TransUnion to connect them with exceptional professionals for this role. TransUnion's Job Applicant Privacy Notice Personal Information We Collect Your Privacy Choices Team Overview The Senior Data Analyst will report into a Senior Manager of Data Science & Analytics. As part of the Data Analytics Team, you will help with development of TransUnion’s IP Geolocation technology. This position requires a understanding IP network topology. You will be working with othe…",https://www.adzuna.com/land/ad/5792991589?se=Cv836q6H8RGrg5YQe_eAEA&utm_medium=api&utm_source=e45342b0&v=464C44845C1B70EB471EDCE0CE77554B78DBDF9B
data analyst,"Data Analyst, Specialist",Vanguard,"Frazer, Chester County",76658.02,76658.02,IT Jobs,2026-07-19 04:52:16+00:00,"hackajob is collaborating with Vanguard to connect them with exceptional professionals for this role. Analyzes data, assesses trends and develops actionable insights and recommendations in support of large strategic business initiatives. Actively develops the analytics community at Vanguard by coaching others internally and participating in external events. PW Growth Strategy Analytics is growing! We’re opening a new role to support some of the most important questions facing the Personal Wealt…",https://www.adzuna.com/land/ad/5806988189?se=Cv836q6H8RGrg5YQe_eAEA&utm_medium=api&utm_source=e45342b0&v=482C6D99D5ABDB4DC7EAAD7486B617831E809077
data analyst,"Data Analyst, Specialist",Vanguard,"Frazer, Chester County",81335.77,81335.77,IT Jobs,2026-07-21 15:12:31+00:00,"hackajob is collaborating with Vanguard to connect them with exceptional professionals for this role. The Advice and Wealth Management (AWM) Analytics team is seeking an analyst to play an important role supporting the Personal Wealth Marketing team and enabling growth through data-driven strategy. Our work includes data preparation and transformation, discovery analysis, experimental design, campaign measurement, dashboard development, and strategic recommendations sourced from the data. The r…",https://www.adzuna.com/land/ad/5809620931?se=Cv836q6H8RGrg5YQe_eAEA&utm_medium=api&utm_source=e45342b0&v=593027D0D281D96258C5CF9410D0179B9488CCB6
data analyst,Data Analyst,Na Oiwi Kane,"Mount Rainier, Prince George's County",148544.22,148544.22,IT Jobs,2026-07-23 21:24:28+00:00,"Overview Job Summary Galapagos Federal Systems LLC is looking for an enthusiastic, well-qualified individual to fill the Data Analyst position. This role offers the opportunity to work with a diverse and talented group of individuals committed to driving success. The ideal candidate is responsible for collecting, analyzing, and managing system and project data to support Tech Refresh operations, data-driven decision-making, and process improvement initiatives. The Data Analyst provides actionab…",https://www.adzuna.com/land/ad/5813141729?se=Cv836q6H8RGrg5YQe_eAEA&utm_medium=api&utm_source=e45342b0&v=E73568B4D251D07DD28B4B0DC53EE801E51F7F70
data analyst,Data Analyst,"Judge Group, Inc.","Bridgeport, Montgomery County",107764.72,107764.72,IT Jobs,2026-06-24 22:42:09+00:00,"Location: Bridgeport, PA Salary: $70,000.00 USD Annually - $85,000.00 USD Annually Description: Data Analyst (Power BI/SQL) Location: Conshohocken, PA Salary: $70,000 - $85,000 Overview We are seeking a Data Analyst with 3-5 years of experience to support reporting, analytics, and data visualization initiatives. The ideal candidate will have strong expertise in Power BI and SQL, along with a solid foundation in data modeling and analytics best practices. Key Responsibilities Develop, maintain, …",https://www.adzuna.com/land/ad/5775687128?se=Cv836q6H8RGrg5YQe_eAEA&utm_medium=api&utm_source=e45342b0&v=52DE47B215F783A25B0FC96FB344E0BBB6ADA5DF
data analyst,Data Analyst,Booz Allen Hamilton,"Mount Rainier, Prince George's County",99888.45,99888.45,IT Jobs,2026-06-08 18:36:48+00:00,"Job Number: R0241726 Data Analyst The Opportunity: As data analyst, you love diving into data and turning it into meaningful insights. With the abundance of structured and unstructured data, you understand the importance of transforming complex data sets into useful information to solve challenges. As a data analyst at Booz Allen, you can use your skills and experience to support a mission and use data for good. We need a data analyst like you to bring your knowledge to complex defense acquisit…",https://www.adzuna.com/land/ad/5756663511?se=Cv836q6H8RGrg5YQe_eAEA&utm_medium=api&utm_source=e45342b0&v=FF5F6F04E5FDCEB3FDBD60244D7EAC5EE601785E
data analyst,Data Analyst,Na Oiwi Kane,US,95673.22,95673.22,IT Jobs,2026-07-20 22:41:53+00:00,"Overview Job Summary Galapagos Federal Systems, LLC is seeking a motivated and detail-oriented Data Analyst to join our team at Patrick Space Force Base, Florida. This position offers an exciting opportunity to support the Space Training and Readiness Command (STARCOM) by providing data analysis, reporting, and visualizations to improve operational effectiveness, and support mission success. The Data Analyst will collect, analyze, and interpret data from multiple enterprise systems to develop w…",https://www.adzuna.com/land/ad/5808781969?se=Cv836q6H8RGrg5YQe_eAEA&utm_medium=api&utm_source=e45342b0&v=DB8DB52935F67EEAF1C0A59C5C4A1AE9E6B6617A
data analyst,Data Analyst,Booz Allen Hamilton,"San Diego, San Diego County",108214.77,108214.77,IT Jobs,2026-07-02 19:13:20+00:00,"Job Number: R0243644 Data Analyst The Opportunity: As data analyst, you love diving into data and turning it into meaningful insights. With the abundance of structured and unstructured data, you understand the importance of transforming complex data sets into useful information to solve challenges. As a data analyst at Booz Allen, you can use your skills and experience to support a mission and use data for good. We need a data analyst like you to bring your knowledge to the Navy. As a client-fa…",https://www.adzuna.com/land/ad/5786123800?se=Cv836q6H8RGrg5YQe_eAEA&utm_medium=api&utm_source=e45342b0&v=D7EE4281E94C8C228BE42C4DF8AC68F747174386
data analyst,Data Analyst,Visionaire Partners,"Northlake, DeKalb County",94397.67,94397.67,IT Jobs,2026-06-26 18:47:31+00:00,"Data Analyst Exciting contract opportunity for someone who loves technology, and is highly motivated to be successful and grow their career as a Data Analyst within a top notch enterprise environment. RESPONSIBILITIES: Mine databases for the purpose of understanding data lineage in legacy systems. Understand the implications of integrating new data into production platforms. Write business requirements and business rules for managing and integrating data into commercial databases. Communicate e…",https://www.adzuna.com/land/ad/5778342048?se=Cv836q6H8RGrg5YQe_eAEA&utm_medium=api&utm_source=e45342b0&v=6213F1BB57F089BAB49CEE2F43997EE00D755529
data analyst,Data Analyst,Booz Allen Hamilton,"Camp Lejeune, Onslow County",114923.66,114923.66,IT Jobs,2026-07-21 19:00:39+00:00,"Job Number: R0241239 Data Analyst The Opportunity: As a Data Analyst, you enjoy diving into data and turning it into meaningful insights. With the abundance of structured and unstructured data, you understand the importance of transforming complex data sets into useful information to solve challenges. As a client-facing data analyst on our team, you'll work with and guide a multi-disciplinary team of analysts, data engineers, developers, and data consumers in a fast-paced, Agile environment. Yo…",https://www.adzuna.com/land/ad/5809936601?se=Cv836q6H8RGrg5YQe_eAEA&utm_medium=api&utm_source=e45342b0&v=071B17A307ED4B83F3DBF6FCD8A37A9FD53D7B23
data analyst,Data Analyst,CAI,"Indiana, Indiana County",100218.6,100218.6,IT Jobs,2026-07-22 09:05:25+00:00,"Data Analyst Req number: R8144 Employment type: Full time Worksite flexibility: Hybrid Who we are CAI is a global services firm with over 9,000 associates worldwide and a yearly revenue of $1.3 billion. We have over 40 years of excellence in uniting talent and technology to power the possible for our clients, colleagues, and communities. As a privately held company, we have the freedom and focus to do what is right-whatever it takes. Our tailor-made solutions create lasting results across the p…",https://www.adzuna.com/land/ad/5810894318?se=Cv836q6H8RGrg5YQe_eAEA&utm_medium=api&utm_source=e45342b0&v=5DA4B4693AC002B42AEEC1620F51C2D660A27716
data analyst,Data Analyst,Cherokee Federal,"State Farm, Arlington County",134388.06,134388.06,IT Jobs,2026-06-12 19:39:28+00:00,"Job Description Data Analyst This position requires an active TS/Sensitive Compartmental Information (SCI) clearance. The position shall provide an array of technical support to the Narcotics and Transnational Crime Support Center (NTC) within the Knowledge management and Information management Cell (KIC). Compensation & Benefits: Estimated Starting Salary Range for Information Management Specialist: Pay commensurate with experience. Full time benefits include Medical, Dental, Vision, 401K, and…",https://www.adzuna.com/land/ad/5761867133?se=Cv836q6H8RGrg5YQe_eAEA&utm_medium=api&utm_source=e45342b0&v=A9E320C79B533892BDD4C53314ACEB8BA53D32B0
data analyst,Data Analyst,Kforce Technology Staffing,"Triana, Madison County",75205.65,75205.65,IT Jobs,2026-07-23 15:01:25+00:00,"RESPONSIBILITIES: restonfed Kforce has a client that is seeking a Data Analyst in Huntsville, AL. Summary: We are seeking a Data Analyst to support the design, development, and optimization of advanced analytics applications. This role will focus on building scalable data pipelines, developing visual analytics capabilities, and transforming structured and semi-structured data into actionable intelligence. The ideal candidate has hands-on experience with data querying, BI/dashboard development, …",https://www.adzuna.com/land/ad/5812593434?se=Cv836q6H8RGrg5YQe_eAEA&utm_medium=api&utm_source=e45342b0&v=A4D1DBEB9482DDA8AD277562197908193EF0EB6A
data analyst,Data Analyst,Chenega MIOS,"Trade, Alexandria City",64133.36,64133.36,IT Jobs,2026-03-27 10:10:27+00:00,"Data Analyst Alexandria, VA Data Analyst Alexandria, VA Are you ready to enhance your skills and build your career in a rapidly evolving business climate? Are you looking for a career where professional development is embedded in your employer's core culture? If so, Chenega Military, Intelligence & Operations Support (MIOS) could be the place for you! Join our team of professionals who support large-scale government operations by leveraging cutting-edge technology and take your career to the ne…",https://www.adzuna.com/land/ad/5680353927?se=Cv836q6H8RGrg5YQe_eAEA&utm_medium=api&utm_source=e45342b0&v=91E49353DBA21C2AB57374AE6A7D962C2A3F700B
data analyst,Data Analyst,Chenega MIOS,"Trade, Alexandria City",68732.12,68732.12,IT Jobs,2026-06-29 22:55:30+00:00,"Req ID: 41163 Summary Data Analyst Alexandria, VA Are you ready to enhance your skills and build your career in a rapidly evolving business climate? Are you looking for a career where professional development is embedded in your employers core culture? If so, Chenega Military, Intelligence & Operations Support (MIOS) could be the place for you! Join our team of professionals who support large-scale government operations by leveraging cutting-edge technology and take your career to the next leve…",https://www.adzuna.com/land/ad/5781698387?se=Cv836q6H8RGrg5YQe_eAEA&utm_medium=api&utm_source=e45342b0&v=438AE7759846BFACAE5E584C17FD48561ACE7E6B
data analyst,Data Analyst,Booz Allen Hamilton,"Oakwood, Montgomery County",93909.12,93909.12,IT Jobs,2026-06-10 18:38:52+00:00,"Job Number: R0241818 Data Analyst The Opportunity: The Data Analyst applies their technical and analytical capab ilities to support key business and security objectives. This role involves working with stakeholders to clarify requirements, developing and maintaining analytical models, and transforming data into actionable insights. You will leverage your skills as a problem-solver, including working both independently and collaboratively to contribute to projects that enhance organizational eff…",https://www.adzuna.com/land/ad/5759191393?se=Cv836q6H8RGrg5YQe_eAEA&utm_medium=api&utm_source=e45342b0&v=376B92BE8311B1A6A8A3AC4968364CFABCB72811
data analyst,Data Analyst,Kforce Technology Staffing,"Centerdale, Providence County",86831.37,86831.37,IT Jobs,2026-07-09 19:29:57+00:00,"RESPONSIBILITIES: Kforce has a client that is seeking a Data Analyst in Smithfield, RI. Duties Include: * Analyzing the client source data to identify issues, potential causes, and suggested remediation * Navigating the organization, bringing together interested parties, negotiating differences, and drawing effective conclusions * Asking appropriate questions to extract information, follow up and bring closure to issues REQUIREMENTS: * Proven ability in a data analysis role (minimum 3-5 years o…",https://www.adzuna.com/land/ad/5794838023?se=Cv836q6H8RGrg5YQe_eAEA&utm_medium=api&utm_source=e45342b0&v=065F492E93168358C884D92C2DA888459C2F63A8
data analyst,Data Analyst,Randstad Digital,"Daytona Beach Shores, Volusia County",54799.59,54799.59,IT Jobs,2026-07-24 17:13:42+00:00,"job summary: We are seeking two detail-oriented Temporary Data Analysts to join our team for a hands-on role combining data maintenance, hygiene, and foundational analysis. This position is ideal for an early-career professional or recent graduate eager to apply their analytical mindset to real-world business systems. In this role, you will work closely with enterprise datasets to ensure data integrity, perform quality audits, and support routine reporting. You'll spend significant time in Exce…",https://www.adzuna.com/land/ad/5814311674?se=Cv836q6H8RGrg5YQe_eAEA&utm_medium=api&utm_source=e45342b0&v=B21F2AC6F55A36651FDA9C26392EB7C875A9F50E
data analyst,Data Analyst,Randstad Digital,"Centerdale, Providence County",52219.97,52219.97,IT Jobs,2026-07-08 16:47:32+00:00,"job summary: Analyzing the client source data to identify issues, potential causes, and suggested remediation Navigating the organization, bringing together interested parties, negotiating differences, and drawing effective conclusions Asking appropriate questions to extract information, follow up and bring closure to issues Learning and applying WI's Systems and Processes as they pertain to the job (such as analysis process and data loading process) location: Smithfield, Rhode Island job type:…",https://www.adzuna.com/land/ad/5793061728?se=Cv836q6H8RGrg5YQe_eAEA&utm_medium=api&utm_source=e45342b0&v=2FCFBED7542E536249E36522BBF8C859A236100E
data analyst,Data Analyst,TEKsystems c/o Allegis Group,"Westbrook, Cumberland County",94247.45,94247.45,IT Jobs,2026-07-24 11:02:13+00:00,"Description Provide database and analytical support for multiple initiatives, projects, and programs. Perform data analyses using appropriate statistical methods and graphical display standards. Retrieve and analyze data and present reports to management for use in supporting operations and business objectives. Provide recommendations for improvement and written documentation that relates to the analysis of the data. Develop in-depth knowledge of customer information systems, and provide traini…",https://www.adzuna.com/land/ad/5813922906?se=Cv836q6H8RGrg5YQe_eAEA&utm_medium=api&utm_source=e45342b0&v=0448092923F44A230C0DFF2D09A452AE162A9AB4
data analyst,Data Analyst,Vaco by Highspring,US,106819.07,106819.07,IT Jobs,2026-06-23 13:25:14+00:00,"Data Analyst DETAILS Location : Remote Position Type : 18M Contract Hourly / Salary : to $90W2 based on experience JOB SUMMARY Vaco is currently seeking a Data Analyst for an 18M Contract opportunity that is remote. The Data Analyst will serve as the primary liaison between business stakeholders and project teams, ensuring data accuracy, reporting integrity, and successful business acceptance of project deliverables. The Data Analyst will lead data validation and reconciliation efforts, confirm…",https://www.adzuna.com/land/ad/5773786707?se=Cv836q6H8RGrg5YQe_eAEA&utm_medium=api&utm_source=e45342b0&v=6D697F8BF37E67D87D8C2CD5E7321E4D3B94D340
data analyst,Data Analyst,Futuremindz llc,US,149980.94,149980.94,IT Jobs,2026-07-08 13:03:32+00:00,"Job Tittle : Senior Data analyst Exp : 10 years only Visa : and USC Rate : Open Remote Core Responsibilities Insight Generation : Extract, clean, and analyze complex big data sets to discover patterns. Dashboard Development : Build interactive, scalable BI dashboards using tools like Tableau or Power BI. Data Modeling : Partner with Data Engineering to design dimensional models and robust data marts. Stakeholder Collaboration : Translate intricate technical findings into simple business recomme…",https://www.adzuna.com/land/ad/5792941498?se=Cv836q6H8RGrg5YQe_eAEA&utm_medium=api&utm_source=e45342b0&v=D6524A7F45D7800477A787B2F3D1963F68B64B16
data analyst,Data Analyst,"iTech US, Inc.","Charlotte, Mecklenburg County",91528.19,91528.19,IT Jobs,2026-07-16 17:52:23+00:00,"Job Title: Data Analyst Location: Charlotte, NC (Hybrid) Employment Type: Contract Required Skills: 5 years of experience as a Data Analyst. Strong hands-on experience with Python for data analysis and automation. Advanced SQL skills, including complex queries, joins, stored procedures, and performance optimization. Experience with data profiling, cleansing, validation, and transformation. Strong analytical and problem-solving abilities. Experience working with large datasets and relational dat…",https://www.adzuna.com/land/ad/5803823376?se=Cv836q6H8RGrg5YQe_eAEA&utm_medium=api&utm_source=e45342b0&v=19E1CA7D583A3CD98900099031124D260540235F
data analyst,Data Analyst,Generis TEK Inc.,"Saint Paul, Ramsey County",70057.27,70057.27,IT Jobs,2026-07-23 17:03:49+00:00,"Please Contact: To discuss this amazing opportunity, reach out to our Talent Acquisition Specialist Diresh Krishnan at email address can be reached on  . We have Contract role Data Analyst for client at St. Paul, MN . Please let me know if you or any of your friends would be interested in this position. Position Details: Data Analyst - St. Paul, MN Location : St. Paul, MN 55117 Project Duration : 12 Months of contract Pay Rate : $31.00 per hour on W2 Job Description: Analyze quality standards f…",https://www.adzuna.com/land/ad/5812673390?se=Cv836q6H8RGrg5YQe_eAEA&utm_medium=api&utm_source=e45342b0&v=9EBFA99CFC9ED90E5EBD3B397CE09563621577DE
data analyst,Data Analyst,Ellianse LLC,US,72790.95,72790.95,IT Jobs,2026-07-20 16:58:53+00:00,"Position : Junior Data Analyst Full Time We are seeking a proactive and eager-to-learn Junior Data Analyst to join our dynamic team. The ideal candidate will have a foundational understanding of data analysis and visualization, with a strong desire to grow and develop their skills in a supportive environment. Key Responsibilities: Work with relational databases to manage and analyze data. Create and maintain PowerBI dashboards and reports to visualize data insights . Translate business question…",https://www.adzuna.com/land/ad/5808394738?se=Cv836q6H8RGrg5YQe_eAEA&utm_medium=api&utm_source=e45342b0&v=55A7A99CA266B921361FABEE87700AE2E7E98875
data analyst,DATA ANALYST,AaraTechnologies Inc,"Virginia Beach, Virginia Beach City",50105.31,50105.31,Accounting & Finance Jobs,2026-07-17 12:11:11+00:00,"Data Analyst Banking (2-3 Years Experience) Company: AaraTech Inc About the Role AaraTech Inc is seeking a Data Analyst Banking to support reporting and analytics for banking and payments platforms. This role involves analyzing transaction data, building dashboards, and supporting KPI reporting. You will work with business and analytics teams to support data-driven decision-making. Ideal for early-career professionals in financial analytics. Key Responsibilities Analyze banking and transaction …",https://www.adzuna.com/land/ad/5805042833?se=Cv836q6H8RGrg5YQe_eAEA&utm_medium=api&utm_source=e45342b0&v=C746158F18F193F395136D6285B4A1C5884DDD1D
data analyst,DATA ANALYST,AaraTechnologies Inc,"Chesapeake City, Cecil County",45947.35,45947.35,Accounting & Finance Jobs,2026-07-22 10:54:51+00:00,"Data Analyst Banking (2-3 Years Experience) Company: AaraTech Inc About the Role AaraTech Inc is seeking a Data Analyst Banking to support reporting and analytics for banking and payments platforms. This role involves analyzing transaction data, building dashboards, and supporting KPI reporting. You will work with business and analytics teams to support data-driven decision-making. Ideal for early-career professionals in financial analytics. Key Responsibilities Analyze banking and transaction …",https://www.adzuna.com/land/ad/5810929566?se=Cv836q6H8RGrg5YQe_eAEA&utm_medium=api&utm_source=e45342b0&v=73424D36B9B62AEDEDD7B527BF7C03178B6E7A7B
data analyst,Data Analyst,"DatamanUSA, LLC","Wake Island, Honolulu",156372.05,156372.05,IT Jobs,2026-07-16 13:41:58+00:00,"DatamanUSA is looking for a Data Analyst for our direct client based in HI. This is a great opportunity for someone who is a quick learner with excellent people skills. Job Details: Job Title: Data Analyst Location: Honolulu, HI Duration: 12 months Key Responsibilities: *) Build and optimize ETL / ELT pipelines that ingest high-volume Call Center, chatbot, and case management data into BigQuery from Google CES CCaaS / CCAIP, ServiceNow, and related source systems. *) Maintain dataset structures…",https://www.adzuna.com/land/ad/5803519002?se=Cv836q6H8RGrg5YQe_eAEA&utm_medium=api&utm_source=e45342b0&v=846876AA15803CB67F5B3900762012C1AAB2D2CB
data analyst,Data Analyst,"Connexion Systems and Engineering, Inc.","Sudbury, Middlesex County",92738.51,92738.51,IT Jobs,2026-06-24 16:26:08+00:00,"Sr Data Analyst Onsite Perm 85-115k (some flex) US cit /Perm residents The Senior Data Analyst serves as a key analytical resource within the office of the COO, responsible for transforming complex data into strategic insights that drive business performance. T his role leads the design, development, and maintenance of enterprise reporting, dashboards, and data models across sales, aftermarket services, and SIOP (Sales, Inventory & Operations Planning) functions. The Senior Data Analyst partner…",https://www.adzuna.com/land/ad/5775151594?se=Cv836q6H8RGrg5YQe_eAEA&utm_medium=api&utm_source=e45342b0&v=1F6130A1CD926A48757E9B2F84BD066BD11A8966
data analyst,DATA ANALYST,AaraTechnologies Inc,"Virginia Beach, Virginia Beach City",54928.25,54928.25,IT Jobs,2026-07-21 12:59:29+00:00,"Data Analyst Retail & E-Commerce (2-3 Years Experience) Company: AaraTech Inc About the Role AaraTech Inc is seeking a Data Analyst Retail & E-Commerce to support reporting and analytics for retail and ecommerce platforms. This role involves analyzing sales and transaction data, building dashboards, and supporting KPI reporting. You will work closely with business teams to enable data-driven decisions. Ideal for early-career professionals building analytics expertise. Key Responsibilities Analy…",https://www.adzuna.com/land/ad/5809559983?se=Cv836q6H8RGrg5YQe_eAEA&utm_medium=api&utm_source=e45342b0&v=826491298BB111C25BD4E94AD9FCF9504F73E10F
data analyst,Data Analyst,Enterprise Business Solutions Inc,"Virginia Beach, Virginia Beach City",80000.28,80000.28,IT Jobs,2026-06-19 18:30:50+00:00,"Job Summary We are seeking a Data Analyst to collect, analyze, and interpret large datasets to support business decision-making. The ideal candidate will have strong analytical skills, experience with data visualization tools, and proficiency in SQL and reporting. Required Skills Technical Skills Strong experience with SQL for data extraction and analysis Experience with Excel (Pivot Tables, VLOOKUP, Power Query) Proficiency in Power BI , Tableau , or similar visualization tools Knowledge of da…",https://www.adzuna.com/land/ad/5769854278?se=Cv836q6H8RGrg5YQe_eAEA&utm_medium=api&utm_source=e45342b0&v=98A6CBACB5F61B8A123ADA6638997B55E835D7CA
data analyst,Data Analyst,NimbusAITech LLC,"Richmond, Richmond County",68583.95,68583.95,IT Jobs,2026-07-17 19:52:10+00:00,"Data Analyst Location: Richmond, VA Employment Type: W2 Contract Experience: 0–8 Years Job Overview We are seeking a motivated Data Analyst to support business reporting, data analysis, and decision-making initiatives. This opportunity is ideal for entry level candidates as well as professionals with up to 8 years of experience who have a solid foundation in SQL, Excel, and data visualization. Candidates should be comfortable working with large datasets, preparing reports, identifying trends, a…",https://www.adzuna.com/land/ad/5805474655?se=Cv836q6H8RGrg5YQe_eAEA&utm_medium=api&utm_source=e45342b0&v=CA6B22EF48316DA01251E68D6D8892F859966473
data analyst,DATA ANALYST,AaraTechnologies Inc,"California City, Kern County",58871.33,58871.33,IT Jobs,2026-07-24 11:03:33+00:00,"Data Analyst Retail & E-Commerce (2-3 Years Experience) Company: AaraTech Inc About the Role AaraTech Inc is seeking a Data Analyst Retail & E-Commerce to support reporting and analytics for retail and ecommerce platforms. This role involves analyzing sales and transaction data, building dashboards, and supporting KPI reporting. You will work closely with business teams to enable data-driven decisions. Ideal for early-career professionals building analytics expertise. Key Responsibilities Analy…",https://www.adzuna.com/land/ad/5813928576?se=Cv836q6H8RGrg5YQe_eAEA&utm_medium=api&utm_source=e45342b0&v=EEE886160FC1CD87B2EFF622CF6066F9A7FFB780
data analyst,: Data Analyst,Gov Services Hub,"Richmond, Richmond County",119611.38,119611.38,IT Jobs,2026-03-30 18:34:44+00:00,"Title: Data Analyst Location: Richmond, VA- Hybrid Duration: 12 Months Contract Experience required : 5 years Note: Hybrid working out of our HQ office (3 days in office, 2 days remotely) Description: We are searching for a Data Analyst reporting to our Policy & Planning department. Researches and analyses housing, economic and demographic conditions, and trends, as well as state, local and federal initiatives and policies impacting the programs and activities of Virginia Housing. Evaluates Vir…",https://www.adzuna.com/land/ad/5683630339?se=Cv836q6H8RGrg5YQe_eAEA&utm_medium=api&utm_source=e45342b0&v=7D9B7EAC268FCA02A66F276987B4459E30A84613
data analyst,DATA ANALYST,AaraTechnologies Inc,"Texas City, Galveston County",72534.96,72534.96,IT Jobs,2026-07-20 13:17:13+00:00,"Data Analyst Healthcare (2-3Years Experience) Company: AaraTech Inc About the Role AaraTech Inc is seeking a detail-oriented Data Analyst Healthcare (2-3 years experience) to support healthcare reporting, analytics, and data quality initiatives. This role is ideal for early-career professionals who enjoy working with healthcare data, building reports, and delivering insights that support business and operational decision-making. Key Responsibilities Collect, clean, and analyze healthcare data f…",https://www.adzuna.com/land/ad/5808314214?se=Cv836q6H8RGrg5YQe_eAEA&utm_medium=api&utm_source=e45342b0&v=7DB567C5922EFE056F5B89F97F76FAF84A0D97FD
data analyst,DATA ANALYST,AaraTechnologies Inc,"Kansas City, Jackson County",78110.12,78110.12,IT Jobs,2026-07-23 11:00:54+00:00,"Data Analyst Healthcare (2-3 Years Experience) Company: AaraTech Inc About the Role AaraTech Inc is seeking a detail-oriented Data Analyst Healthcare (2-3 years experience) to support healthcare reporting, analytics, and data quality initiatives. This role is ideal for early-career professionals who enjoy working with healthcare data, building reports, and delivering insights that support business and operational decision-making. Key Responsibilities Collect, clean, and analyze healthcare data …",https://www.adzuna.com/land/ad/5812417799?se=Cv836q6H8RGrg5YQe_eAEA&utm_medium=api&utm_source=e45342b0&v=8B90986388646116709D523638E80200CBA3111C
data analyst,Data Analyst,Uline,"Pleasant Prairie, Kenosha County",87959.53,87959.53,IT Jobs,2026-07-24 05:18:58+00:00,"Data Analyst Corporate Headquarters 12575 Uline Dr. Pleasant Prairie, WI 53158 Ready to make a real impact? Join Uline as a Data Analyst to be a driver of operational excellence. From searching for improvements regarding manual processes to thinking critically about various issues, your skills will help shape our growing company's future! Careers Packed with Potential. Backed by 45 years of success, Uline offers opportunities to grow your career with stability you can count on. Position Respons…",https://www.adzuna.com/land/ad/5813583732?se=ipL76q6H8RGtf7n6Thp3UA&utm_medium=api&utm_source=e45342b0&v=8F338610BBB3DA857F196964D1B0A235A59C0741
data analyst,DATA ANALYST,HackerEarth,"Cupertino, Santa Clara County",75782.12,75782.12,IT Jobs,2026-07-24 05:22:29+00:00,"We are looking for a Data Analyst with strong Python skills and exposure to Generative AI tools to help analyze data, automate workflows, and generate insights for business teams. The ideal candidate should be comfortable working with large datasets, building data pipelines, and leveraging GenAI tools and APIs to enhance data analysis and reporting.",https://www.adzuna.com/land/ad/5813602103?se=ipL76q6H8RGtf7n6Thp3UA&utm_medium=api&utm_source=e45342b0&v=6DDB88957FC1AE30EB23733483C0684DAEDD894D
data analyst,Data Analyst,"Belcan, LLC","Country Park Acres, Guilford County",130926.77,130926.77,Engineering Jobs,2026-07-21 23:00:47+00:00,"Job Description Job Title: Data Analyst Location: Greensboro, NC Zip Code: 27409 Duration: 6 months Pay Rate: $50 - $59/hr. Keyword's: Greensborojobs; DataAnalystjobs; Start Date: Immediate Contract to Hire role We provide a competitive pay and benefits package. This position is offering a pay range of $50 - $59/hr. however, Belcan considers several factors when extending an offer, including but not limited to education, experience, geographic location, and discipline. Benefits offered may incl…",https://www.adzuna.com/land/ad/5810313399?se=ipL76q6H8RGtf7n6Thp3UA&utm_medium=api&utm_source=e45342b0&v=DAF20AFA92495D766816CC9AB266B7ED14B801E2
data analyst,Data Analyst,DataAffect,"Pimmit, Fairfax County",72955.38,72955.38,IT Jobs,2026-07-24 13:24:27+00:00,"Role: Data Analyst Location: McLean, VA - 5 days office Duration: 12months Position type: W2 Job Description: Proficiency in XML and JSON schema transformations and translations Highly skilled in SQL querying and extracting data from various data sources and databases and analyze data Skilled in data hierarchy and data modeling Understand mortgage data models Work independently and deliver assigned tasks within short turnaround times Ability to establish working relationships across teams to en…",https://www.adzuna.com/land/ad/5814219063?se=ipL76q6H8RGtf7n6Thp3UA&utm_medium=api&utm_source=e45342b0&v=9B9836D1A20375488C8B4F546F3F7347F6756946
data analyst,Data Analyst,Staffworks Inc,"Southington, Hartford County",57367.46,57367.46,IT Jobs,2026-07-16 13:50:25+00:00,"Hybrid Data Analyst Contact Center Analytics & Conversational Intelligence (BPO)  Southington, CT (Hybrid – 3 days in office) About the Role We’re looking for a curious, data-driven Data Analyst who thrives on turning customer conversations into actionable business insights. In this role, you’ll analyze consumer feedback from contact center interactions and help clients understand what their customers are saying—and more importantly, what to do about it. You’ll work directly with clients and in…",https://www.adzuna.com/land/ad/5803519819?se=ipL76q6H8RGtf7n6Thp3UA&utm_medium=api&utm_source=e45342b0&v=5AA73665C1CF9FB79B5317C8794A28FBCC8D6AEB
data analyst,Data Analyst,MS INFO TECH LLC,"University Park, Centre County",94967.71,94967.71,IT Jobs,2026-07-23 19:11:48+00:00,"Data Analyst Location: Melvin, PA/NJ Duration: Long Term 7 years of experience in Data Analytics, Business Intelligence, Data Science, or a related field. Advanced expertise with Tableau, including dashboard development, data modeling, governance, and performance optimization. Strong proficiency in SQL and experience working with relational databases. Hands-on experience with Databricks, Spark, or cloud-based data platforms. Strong analytical, problem-solving, and data visualization skills. Dem…",https://www.adzuna.com/land/ad/5812952183?se=ipL76q6H8RGtf7n6Thp3UA&utm_medium=api&utm_source=e45342b0&v=3326AC1419645F80550DF6BAFD756551A08FE187
data analyst,Data Analyst,Techgene Solutions LLC,US,78989.71,78989.71,Accounting & Finance Jobs,2026-07-23 21:17:25+00:00,Job Description: We are looking for a Data Analyst with a background in Mortgage Sourcing or Mortgage Servicing to help modernize core applications and support daily business operations. Responsibilities Help upgrade and modernize legacy mortgage systems. Work with operational teams to improve business processes and run testing (UAT). Support daily (BAU) business operations in mortgage sourcing or servicing. Write clear business requirements and process flows for development teams. Requirements…,https://www.adzuna.com/land/ad/5813128756?se=ipL76q6H8RGtf7n6Thp3UA&utm_medium=api&utm_source=e45342b0&v=FC5B1FE95CDC507EEB0C3DD17F4C2E5E59CE2633
data analyst,Data Analyst,Robert Half,"Textile Finance, Los Angeles County",122603.29,122603.29,IT Jobs,2026-07-22 22:58:37+00:00,"Description Data Analyst Company Overview A leading global lifestyle and consumer products organization is seeking a Data Analyst to help drive data-informed decision-making across the business. Based in Los Angeles, CA, this company serves customers through a combination of retail, e-commerce, and wholesale channels, leveraging data to improve operations, customer experiences, and business performance. This is an opportunity to join a collaborative team at the intersection of business strategy…",https://www.adzuna.com/land/ad/5811792673?se=ipL76q6H8RGtf7n6Thp3UA&utm_medium=api&utm_source=e45342b0&v=F2594A58E857E0DC5044CE345B053BA8730813F4
data analyst,Data Analyst,Midasis Technologies LLC,"Richardson, Dallas",84059.9,84059.9,IT Jobs,2026-06-26 10:33:35+00:00,Position: Data Analyst Location: Richardson TX/Hybrid model Duration: long-term contract Required Skills & Qualifications 6 years of experience in Data Analytics / Business Intelligence Strong expertise in: SQL (advanced level) Snowflake PostgreSQL Hands-on experience with Power BI (PBI) : Dashboard & report development Data modeling DAX and performance tuning Experience working with Enterprise Data Platforms (EDP) and large-scale data ecosystems Strong understanding of commercial real estate (…,https://www.adzuna.com/land/ad/5777881357?se=ipL76q6H8RGtf7n6Thp3UA&utm_medium=api&utm_source=e45342b0&v=60AC0CF0460088672A9D16811D3699697482A434
data analyst,Data Analyst,Cliff Services Inc,"Northlake, DeKalb County",78824.31,78824.31,IT Jobs,2026-07-13 11:33:02+00:00,"Position: Data Analyst Duration: 12 Months Location: Atlanta, GA Role Summary: The Data Analyst is responsible for analyzing, sourcing, profiling, and validating data required for banking regulatory reporting solutions, including Axiom reporting platforms and reports such as Call Reports and FR Y-9C. This role works closely with Regulatory Reporting, Finance, Risk, Compliance, Business, and Technology teams to gather requirements, define data sourcing and mapping rules, and ensure accurate regu…",https://www.adzuna.com/land/ad/5798895565?se=ipL76q6H8RGtf7n6Thp3UA&utm_medium=api&utm_source=e45342b0&v=B191818711FC66E20DB49A8F2329296B0DDEAFC1
data analyst,DATA ANALYST,Arizona State University,"Tempe, Maricopa County",77067.55,77067.55,Healthcare & Nursing Jobs,2026-07-24 05:14:19+00:00,"Data Analyst Arizona State University Campus: Tempe JR123549 End Date: August 1, 2026 Apply before 11:59 PM Arizona time the day before the posted End Date. Minimum Qualifications: Bachelor's degree and five (5) years of experience appropriate to the area of assignment/field; OR, Any equivalent combination of experience and/or training from which comparable knowledge, skills and abilities have been achieved. Job Profile Summary: Defines systems requirements, makes recommendations for technology…",https://www.adzuna.com/land/ad/5813572870?se=ipL76q6H8RGtf7n6Thp3UA&utm_medium=api&utm_source=e45342b0&v=FE88A33456B18D250B98F00C694CD439F58A2E0B
data analyst,Data Analyst,GARGI TECHNOLOGIES INC,"Bloomfield, Allegheny County",91930.85,91930.85,IT Jobs,2026-07-23 17:03:55+00:00,"Key Responsibilities Collect, clean, and analyze large datasets. Develop dashboards and reports using Power BI or Tableau . Write and optimize SQL queries for data extraction and reporting. Use Python for data analysis, automation, and basic machine learning tasks. Build predictive models and perform statistical analysis using Machine Learning techniques. Collaborate with business stakeholders to understand reporting requirements. Ensure data accuracy, integrity, and quality. Required Skills St…",https://www.adzuna.com/land/ad/5812673893?se=ipL76q6H8RGtf7n6Thp3UA&utm_medium=api&utm_source=e45342b0&v=F8866535081AF1C74A993A89C3569A8C0C7019FF
data analyst,Data Analyst,Digital Minds Global Technologies Inc.,US,54894.79,54894.79,IT Jobs,2026-06-25 16:28:27+00:00,"Job Title : Data Analyst Job duties: • Analyze large and complex business datasets to identify trends, patterns, correlations, anomalies, and performance indicators that support operational, financial, and strategic decision-making. • Perform data extraction, cleaning, preprocessing, validation, reconciliation, and transformation activities to prepare accurate and reliable datasets for reporting, analytics, forecasting, and modeling. • Apply statistical methods, data mining techniques, predicti…",https://www.adzuna.com/land/ad/5776611537?se=ipL76q6H8RGtf7n6Thp3UA&utm_medium=api&utm_source=e45342b0&v=2D206BC860FACEDB2E359DD481E940967CD45347
data analyst,Data Analyst,Robert Half,"Alameda, Bernalillo County",103135.45,103135.45,IT Jobs,2026-07-08 22:47:43+00:00,"Description We are looking for a Data Analyst to join a financial institution in Albuquerque, New Mexico in an onsite contract role with the potential to become permanent. This position focuses on turning operational and member data into clear insights that support better decisions across the department. The ideal candidate will partner with business stakeholders to identify needs, improve reporting, and build dashboards that help leaders monitor performance and uncover opportunities for growth…",https://www.adzuna.com/land/ad/5793645576?se=ipL76q6H8RGtf7n6Thp3UA&utm_medium=api&utm_source=e45342b0&v=37E7606FEB6D21AF543CC7A1B6702794AD7C32DD
data analyst,Data Analyst,System One,"Pensacola, Escambia County",58906.04,58906.04,IT Jobs,2026-07-06 12:51:20+00:00,"Job Title: Data Analyst Location: Pensacola, FL Type: Contract Work Model: Hybrid – onsite and remote Responsibilities • Contribute to the development of technical requirements including data definitions, business rules, and data quality requirements; conduct data UAT, and data accuracy, validation, integrity research • Ensure compliance with deliverable reporting requirements by performing quality data audits and analysis • Identify and compile data sets using a variety of tools to help predic…",https://www.adzuna.com/land/ad/5790059221?se=ipL76q6H8RGtf7n6Thp3UA&utm_medium=api&utm_source=e45342b0&v=FE59B62F30AF7767924F7C492A40B08D38C7F62F
data analyst,Data Analyst,Dminds Solutions Inc.,"Phoenixville, Chester County",107844.5,107844.5,IT Jobs,2026-07-14 13:40:28+00:00,"Job Title: Data Analyst Location: Oaks, PA (Onsite/Hybrid) Duration: Long term contract Domain : Web & E-commerce applications Note: Basically, Client is doing some Data movement from one system to another and during that time, they need AI to augment the same. So, someone with Data movement/ETLs and using AI in that will be the perfect fit) Job Description: Must have 5 years of Strong Proficiency in SQL and Python. Big Data, Data Science & Analytics (Apache Hadoop HDFS, Base/Hive/Pig/Mahout/Fl…",https://www.adzuna.com/land/ad/5800168355?se=ipL76q6H8RGtf7n6Thp3UA&utm_medium=api&utm_source=e45342b0&v=D43CB9859FA0B8E507765D974224B13E6378DDDB
data analyst,Data Analyst,INSPYR Solutions,"Jacks Cabin, Gunnison County",119795.63,119795.63,IT Jobs,2026-07-16 09:46:29+00:00,"Title: Data Analyst Location: Orlando, FL (Hybrid 4/1) Duration: 12 month contract Compensation: $70.00 - $73.00/hr Work Requirements: , Holders or Authorized to Work in the U.S. Data Analyst The ideal candidate combines strong statistical fundamentals with hands-on experience with statistics, machine learning and AI; and is comfortable owning experiments end-to-end (design, instrumentation review, analysis, readout), and can clearly communicate methodology and results to both technical and non…",https://www.adzuna.com/land/ad/5802894734?se=ipL76q6H8RGtf7n6Thp3UA&utm_medium=api&utm_source=e45342b0&v=0255F77CFBC44DFE8E57693C34A581FF1666DC81
data analyst,Data Analyst,Apex Systems,"Birmingham, Jefferson County",83112.59,83112.59,IT Jobs,2026-07-07 09:11:35+00:00,"Job: 3041091 Job Description: Data Analyst I - Asset Data Management Position Overview We are seeking an entry-level Data Analyst to support enterprise asset data management initiatives. This role will focus on reviewing, validating, organizing, and maintaining asset information to improve data quality, consistency, and accessibility across business systems. The ideal candidate is highly detail-oriented, comfortable working with large datasets, and interested in data analytics, business process…",https://www.adzuna.com/land/ad/5790981739?se=ipL76q6H8RGtf7n6Thp3UA&utm_medium=api&utm_source=e45342b0&v=71F109ADACFD532DF521D383166CA27799CAA302
data analyst,Data Analyst,Saicon Consultants Inc.,US,95992.09,95992.09,IT Jobs,2026-07-17 15:54:48+00:00,"Job Description: We are seeking a detail-oriented Data Analyst to support our data consolidation initiatives. In this role, your primary focus will be mapping and analyzing complex data from disparate systems to build a reliable ""single source of truth.You will bridge the gap between raw data and business intelligence by ensuring our data architecture is clean, consolidated, and perfectly structured for downstream visualization in Tableau. Duties & Responsibilities Data Consolidation & Mapping:…",https://www.adzuna.com/land/ad/5805157281?se=ipL76q6H8RGtf7n6Thp3UA&utm_medium=api&utm_source=e45342b0&v=A2A4A963A82EA35903A5D96F83BDEA769E29A928
data analyst,Data Analyst,"Rezult Group, Inc","Northlake, DeKalb County",66643.06,66643.06,IT Jobs,2026-07-14 17:39:46+00:00,"Rezult Group continues to make great strides toward enhancing the technology services community nationwide. We are consistently looking for qualified professionals to join us in achieving success. Currently we are searching for a Data Analyst (Databricks / Power BI) to fulfill an immediate full-time vacancy. This position is a 5-month contract that sits hybrid in the Atlanta, GA area . No work-visa sponsorship available. Day to Day Responsibilities: Design, develop, and maintain Power BI dashbo…",https://www.adzuna.com/land/ad/5800322547?se=ipL76q6H8RGtf7n6Thp3UA&utm_medium=api&utm_source=e45342b0&v=7CC6D5929BB942537F2C670DF055D108F93B5340
data analyst,Data Analyst,INSPYR Solutions,"Pensacola, Escambia County",58546.93,58546.93,IT Jobs,2026-07-06 13:05:05+00:00,"Title: Data Analyst Location: Open to hybrid in Pensacola, FL, Winchester, VA, or Vienna VA. Duration: Initial 6 months plus extensions Work Requirements: or Authorized to work in the US Description Partner with business stakeholders and other analysts to understand business data needs, capture data requirements, and perform data collection, processing and cleaning. Provide inputs for data science and business intelligence projects and perform analysis on large data sets to support departmental…",https://www.adzuna.com/land/ad/5790059738?se=ipL76q6H8RGtf7n6Thp3UA&utm_medium=api&utm_source=e45342b0&v=B4C06B05F1421FC42DDA5782B694B0B355C4FA40
data analyst,Data Analyst,Collabera LLC,"Charlotte, Mecklenburg County",78980.3,78980.3,Accounting & Finance Jobs,2026-06-25 16:21:01+00:00,"Project Details: Client: Banking Position: Process Automation Engineer/ Data Analyst - Xceptor Location: Charlotte, NC 28202 : 3 day in office, 2 day remote weekly Schedule: Mon-Fri : Basic Business hours Duration: 6-month contract to start, potential to extend down the road Work Hours: 40 hrs/ wk Pay range: $50 -55/hr Note: Only looking for candidates local to Charlotte, NC. Must Haves: Xceptor 4 years of building out process improvement/automation solutions Capital Markets/Investment Banking …",https://www.adzuna.com/land/ad/5776610950?se=ipL76q6H8RGtf7n6Thp3UA&utm_medium=api&utm_source=e45342b0&v=D45BA679F6D319F4BA3CCC55BB6C055EF171275B
data analyst,Data Analyst,Robert Half,"Centreville, St. Joseph County",75950.19,75950.19,IT Jobs,2026-07-10 21:19:25+00:00,"Description We are looking for a Data Analyst to join a non-profit organization in a contract-to-permanent capacity. This position will focus on building and improving data integration processes that support reporting, analytics, and day-to-day business operations. The role is ideal for someone who can turn complex data needs into dependable technical solutions while helping maintain strong data quality, performance, and governance standards. Responsibilities: Develop and support data integrati…",https://www.adzuna.com/land/ad/5796377949?se=ipL76q6H8RGtf7n6Thp3UA&utm_medium=api&utm_source=e45342b0&v=A67D36E5413E521611A0E7F503EB86D672282A7F
data analyst,Data Analyst,Apex Systems,"Pineville, Mecklenburg County",76306.95,76306.95,IT Jobs,2026-07-07 09:11:35+00:00,"Job: 3040659 Job Description: Data Analyst Location: Remote Role Overview We are seeking a Data Governance and Application Inventory Analyst. This role supports a focused initiative to improve the completeness, accuracy, and governance of a Business Application Inventory (CMDB). The position involves partnering with Data Governance, CMDB, Enterprise Architecture, and Application SMEs to reconcile application inventories, improve data quality, and standardize application inventory definitions. K…",https://www.adzuna.com/land/ad/5790981738?se=ipL76q6H8RGtf7n6Thp3UA&utm_medium=api&utm_source=e45342b0&v=92D120C88580A4D3E23FCE89BE532AD98A5BE678
data analyst,Data Analyst,"The Computer Merchant, Ltd","Norfolk Downs, Norfolk County",94250.24,94250.24,IT Jobs,2026-07-24 05:24:21+00:00,"JOB TITLE: Data Analyst JOB LOCATION: Quincy MA WAGE RANGE*: $65-$68 JOB NUMBER: ITS77-EHS-FY27-DATA ANAL- QA – 002- 180 – 7/10/ JOB DESCRIPTION: DPH is executing large-scale data modernization across the agency as part of DMI. This includes creating a consolidated Enterprise Data Platform on modern cloud tools (including AWS & Snowflake,) and re-platforming existing business data applications from solutions such as SAS and legacy databases to the new platform. DPH data systems enable epidemiol…",https://www.adzuna.com/land/ad/5813616679?se=ipL76q6H8RGtf7n6Thp3UA&utm_medium=api&utm_source=e45342b0&v=1EF70570D26147C08661F1A3870F900BE0F3C974
data analyst,Data Analyst,Apex Systems,"Pensacola, Escambia County",58508.47,58508.47,IT Jobs,2026-07-07 09:01:06+00:00,"Job: 3041027 Job Description: Contractor - Human Resources Location: Open to hybrid in Pensacola, FL, Winchester, VA, or Vienna VA. Role Overview In this role, you will partner with business stakeholders and analysts to understand data needs, capture requirements, and perform data collection, processing, and cleaning. You will provide inputs for data science and business intelligence projects and conduct analysis on large data sets to support organizational objectives. This position involves so…",https://www.adzuna.com/land/ad/5790973758?se=ipL76q6H8RGtf7n6Thp3UA&utm_medium=api&utm_source=e45342b0&v=A02F34F02FD1B30BDBAC77FB2AFC5148903C8B9E
data analyst,Data Analyst,Dexian DISYS,"Centerdale, Providence County",69553.26,69553.26,IT Jobs,2026-07-22 22:53:28+00:00,"Job Description: Proven ability in a data analysis role (minimum 3-5 years experience) Strong analytical and communication skills, as well as a solid grasp of the organizational structure supporting implementation and ongoing projects Data Exchange knowledge and analysis skills to lead, execute, or assist on all assigned work throughout the project; examples of projects: implementation of a new client or Corporate Actions Defined Benefits knowledge required Excellent analysis skills, preferably…",https://www.adzuna.com/land/ad/5811785819?se=ipL76q6H8RGtf7n6Thp3UA&utm_medium=api&utm_source=e45342b0&v=A5E771D9FA61FC4E959A0569722C16648C17DB2A
data analyst,Data Analyst,"Digipulse Technologies, Inc","Centerdale, Providence County",67073.96,67073.96,IT Jobs,2026-07-08 14:34:21+00:00,"About Digipulse Digipulse Technologies, Inc (DTI) is a software solutions company offering focused IT services to fortune 1000 clients. We provide services in enterprise application development, system integration & support services for Insurance, Financial, Hospitality, Telecommunication, Pharmaceutical & Banking sectors. About the Role The Purpose of Your Role The Analyst will primarily be focused on supporting client corporate actions. They will lead the effort to update a client’s data duri…",https://www.adzuna.com/land/ad/5792955085?se=ipL76q6H8RGtf7n6Thp3UA&utm_medium=api&utm_source=e45342b0&v=1B7B51D9DA4679FE0D20BF955E949EE293024A58
data analyst,Data Analyst,Robert Half,"Lakeville, Plymouth County",72348.43,72348.43,IT Jobs,2026-06-27 22:58:49+00:00,"Description We are looking for a detail-oriented QA Analyst to join our team Massachusetts in a contract position with the potential to become permanent. This position will support the quality, stability, and effectiveness of business applications by evaluating system behavior, validating workflows, and identifying issues before release. The role partners with product, design, engineering, documentation, and business teams to improve user experience and strengthen operational reliability. This …",https://www.adzuna.com/land/ad/5779755210?se=ipL76q6H8RGtf7n6Thp3UA&utm_medium=api&utm_source=e45342b0&v=733F14299A9D2DEE9944111810064B60C6AA6117
data analyst,Data Analyst,"Motion Recruitment Partners, LLC","Sun Lakes, Maricopa County",97767.63,97767.63,IT Jobs,2026-07-16 21:44:56+00:00,"Job Title: Systems Operations Engineer / Power BI Analyst Location: Charlotte, NC | Chandler, AZ | Dallas (Las Colinas), TX Duration: 24 Months (W2 Contract) Work Arrangement: Onsite/Hybrid (as required by the client) Job Summary We are seeking a Systems Operations Engineer with strong Power BI and data analytics expertise to support a large enterprise technology organization. The ideal candidate will have experience building executive dashboards, analyzing large datasets, and creating meaningf…",https://www.adzuna.com/land/ad/5804140373?se=ipL76q6H8RGtf7n6Thp3UA&utm_medium=api&utm_source=e45342b0&v=D5D6030EBD0242B9FCC552077D1638DE9A9F43B5
data analyst,Data Analyst,CAROLINA PRG,"Charlotte, Clinton County",87172.38,87172.38,IT Jobs,2026-07-23 09:06:40+00:00,"Job Description We are seeking a Data Analyst to support utilizing cutting-edge technology and various other tools to assess performance across diverse areas of the company. This individual will focus on generating insights to guide strategic business decisions. We are seeking a candidate who is deeply enthusiastic about leveraging data analytics to enhance organizational value through visualization software, statistical tools, and other relevant applications. \n \n This is an excellent opportu…",https://www.adzuna.com/land/ad/5812332188?se=ipL76q6H8RGtf7n6Thp3UA&utm_medium=api&utm_source=e45342b0&v=BA7CA27ED059317258C4D5F9C425EA2146F57470
data analyst,Financial Data Analyst,Jobot,"Lawrenceville, Gwinnett County",81800.02,81800.02,Accounting & Finance Jobs,2026-07-21 01:13:01+00:00,"Hybrid Financial Data Analyst for Large Industrial Manufacturing Organization This Jobot Job is hosted by: Jade Greenlee Are you a fit? Easy Apply now by clicking the ""Quick Apply"" button and sending us your resume. Salary: $90,000 - $110,000 per year A bit about us: We are a world leader in the industrial space. Why join us? Hybrid Work Life Balance Retirement Match Employee Benefits Team Environment Job Details Job Details: We are seeking a dynamic and experienced Permanent Financial Data Ana…",https://www.adzuna.com/land/ad/5808890871?se=ipL76q6H8RGtf7n6Thp3UA&utm_medium=api&utm_source=e45342b0&v=AA9E6BDDA38105604F2024045D2EC0579D7485B1
data analyst,"Data Analyst, Fraud",Félix,"Fountainebleau, Miami-Dade County",237908.3,237908.3,IT Jobs,2026-07-21 10:26:34+00:00,"About Us At Félix, we are building the financial ecosystem for Latin immigrants in the U.S., starting with a revolution in remittances. Our core product is an AI‑powered chatbot built on WhatsApp, allowing our users to send money home as easily as sending a text message. We leverage cutting‑edge technology such as AI, blockchain, and stablecoins to make cross‑border payments faster, more affordable, and more accessible than ever before. We are a hyper‑growth Series B company, backed by over $10…",https://www.adzuna.com/land/ad/5809401012?se=ipL76q6H8RGtf7n6Thp3UA&utm_medium=api&utm_source=e45342b0&v=7DE39026E13C460B546B7A9D8AE6AD06E7AFBAB3
data analyst,"Data Analyst, Neurodiverse Solutions",CAI,US,76000.91,76000.91,IT Jobs,2026-07-24 06:21:37+00:00,"hackajob is collaborating with CAI to connect them with exceptional professionals for this role. Data Analyst, Neurodiverse Solutions Req number: R8159 Employment type: Full time Worksite flexibility: Remote Who we are CAI is a global services firm with over 9,000 associates worldwide and a yearly revenue of $1.3 billion. We have over 40 years of excellence in uniting talent and technology to power the possible for our clients, colleagues, and communities. As a privately held company, we have t…",https://www.adzuna.com/land/ad/5813679676?se=ipL76q6H8RGtf7n6Thp3UA&utm_medium=api&utm_source=e45342b0&v=B540BB0A82974D97D2560F6CD18D197B1F9EA65A
data analyst,Data Analyst /Data Analytics,"Rayomind Software Solutions LLC, DBA, Hire'in Solutions","Santa Clara, Santa Clara County",119774.95,119774.95,IT Jobs,2026-05-20 14:13:10+00:00,"Job Title: Data Analyst / Data Analytics Location: Santa Clara, CA (Onsite) Duration: C2C/W2 Job Description:- Need profiles with Strong SQL, Tableau & Data Analytics (Instead of Data Analyst), Databricks and AWS and Supply chain domain Strong in advance SQL Good at data analysis Should be able to build BI dashboards using Tableau & Power BI Experience in Databricks, AWS and Python Candidate should be able to assist business stakeholders to build their dashboards Supply chain domain knowledge S…",https://www.adzuna.com/land/ad/5735320963?se=ipL76q6H8RGtf7n6Thp3UA&utm_medium=api&utm_source=e45342b0&v=E2233E2F8DCAFBDE2C3B2EC7A94A2A0FCC082386
data analyst,Procurement Data Analyst,Kforce Technology Staffing,"Schiller Park, Cook County",158996.86,158996.86,IT Jobs,2026-06-29 17:04:01+00:00,"RESPONSIBILITIES: Kforce has a client in Chicago, IL that is seeking a Procurement Data Analyst. Summary: We are seeking a highly skilled and commercially focused Data Analyst to join our Procurement function within a leading commercial real estate organization. This is a pivotal role that sits at the intersection of data analytics, procurement analytics, and business intelligence, enabling smarter sourcing decisions, supplier performance management, and cost optimisation across our property po…",https://www.adzuna.com/land/ad/5781433834?se=ipL76q6H8RGtf7n6Thp3UA&utm_medium=api&utm_source=e45342b0&v=6CE75B3905E76D4BDFB5CBCE8C94AFF20C5CF71F
data analyst,Technical Data Analyst,Kforce Technology Staffing,"Mountain View, Santa Clara County",131957.3,131957.3,IT Jobs,2026-07-15 15:35:51+00:00,"RESPONSIBILITIES: Kforce has a client in Mountain View, CA that is seeking a Technical Data Analyst. Summary: This role will focus on building, enhancing, and maintaining a comprehensive feature engineering pipeline that empowers analysts and data scientists to easily analyze snapshotted metrics and build machine learning models. We are seeking a talented technical data analyst who can own this process end-to-end. A good candidate should be very comfortable manipulating large datasets with pysp…",https://www.adzuna.com/land/ad/5801518076?se=ipL76q6H8RGtf7n6Thp3UA&utm_medium=api&utm_source=e45342b0&v=45FDAA2E977342F66E8A1D881EFB6A33A4430A75
data analyst,"Data Analyst, Senior Specialist",Vanguard,"Charlotte, Clinton County",104330.68,104330.68,IT Jobs,2026-07-06 11:33:02+00:00,"hackajob is collaborating with Vanguard to connect them with exceptional professionals for this role. Analyzes data, assesses trends and develops actionable insights and recommendations in support of enterprise-wide strategic business initiatives. Develops the analytics community at Vanguard by coaching others internally and participating in external events. Vanguard’s Flagship & Distribution Analytics team is expanding! We are seeking an experienced data analyst to support the Flagship Client …",https://www.adzuna.com/land/ad/5789985215?se=ipL76q6H8RGtf7n6Thp3UA&utm_medium=api&utm_source=e45342b0&v=1A7BCE29ECD577729BFC42992B3F946912371D01
data analyst,Data Analyst II,Medasource,US,62688.41,62688.41,IT Jobs,2026-07-06 19:09:18+00:00,"Job Title: Data Analyst II Hourly/Salary Compensation Range: 31-37/hr (contract) Location: Remote, onsite as needed at Client (Northern California) Hours: 8:00 AM - 5:00 PM PST Start Date: 7/13/2026 Client Overview: Client Health Plan - integrated healthcare delivery; requires accurate provider network and operational data for member access, vendor publication, and internal operations. Job Description: Support provider network data management, reporting, and data quality workflows. Handle Sales…",https://www.adzuna.com/land/ad/5790373502?se=ipL76q6H8RGtf7n6Thp3UA&utm_medium=api&utm_source=e45342b0&v=AF4FDE08C03FE1F339453D5088469F07E70AE237
data analyst,Data Analyst II,Medasource,US,56587.72,56587.72,IT Jobs,2026-07-10 19:32:40+00:00,"Job Title: Data Analyst II Hourly/Salary Compensation Range: 52.50/hr Location: Remote, onsite as needed at Client Health Plan Hours: 8:00 AM - 5:00 PM Start Date: 7/20/26 Client Overview: Client Health Plan - managed care organization requiring accurate provider network data and operational reporting to support members, providers, vendors, and sales. Job Description (Summary / Duties): Support provider network data management, reporting, and data quality workflows Handle daily Salesforce servi…",https://www.adzuna.com/land/ad/5796297051?se=ipL76q6H8RGtf7n6Thp3UA&utm_medium=api&utm_source=e45342b0&v=90BFCE6D2A7DEF0C94315304F507E20ECBE41FE4
data analyst,"Data Analyst, Senior Specialist",Vanguard,"Dallas, Texas",92661.07,92661.07,IT Jobs,2026-07-06 11:32:54+00:00,"hackajob is collaborating with Vanguard to connect them with exceptional professionals for this role. Analyzes data, assesses trends and develops actionable insights and recommendations in support of enterprise-wide strategic business initiatives. Develops the analytics community at Vanguard by coaching others internally and participating in external events. USDI Analytics (Supporting CX Transformation Office) About the Team USDI Analytics is responsible for delivering insights that help Vangua…",https://www.adzuna.com/land/ad/5789984821?se=ipL76q6H8RGtf7n6Thp3UA&utm_medium=api&utm_source=e45342b0&v=10F904328C66A06507A3C534B24529471CC20F06
data analyst,"Data Analyst, Senior Specialist",Vanguard,"Frazer, Chester County",86034.12,86034.12,IT Jobs,2026-07-19 04:52:16+00:00,"hackajob is collaborating with Vanguard to connect them with exceptional professionals for this role. Analyzes data, assesses trends and develops actionable insights and recommendations in support of enterprise-wide strategic business initiatives. Develops the analytics community at Vanguard by coaching others internally and participating in external events. PW Growth Strategy Analytics is growing! We’re opening a new role to support some of the most important questions facing the Personal Weal…",https://www.adzuna.com/land/ad/5806988197?se=ipL76q6H8RGtf7n6Thp3UA&utm_medium=api&utm_source=e45342b0&v=8A7F163991F54D54A0FEDF6C1550D114ED9CA2D6
data analyst,Associate Director - Data Analyst,Moody's Corporation,"New York City, New York",171285.89,171285.89,IT Jobs,2026-07-19 04:52:16+00:00,"hackajob is collaborating with Moody's Corporation to connect them with exceptional professionals for this role. At Moody's, we unite the brightest minds to turn today’s risks into tomorrow’s opportunities. We do this by striving to create an inclusive environment where everyone feels welcome to be who they are—with the freedom to exchange ideas, think innovatively, and listen to each other and customers in meaningful ways. Moody’s is transforming how the world sees risk. As a global leader in …",https://www.adzuna.com/land/ad/5806988210?se=ipL76q6H8RGtf7n6Thp3UA&utm_medium=api&utm_source=e45342b0&v=7C850FB6FED30D0F74B9AD40F43C37CB682BE480
data analyst,Licensed Vocational Nurse Clinical Data Analyst II - Quality Management,CHRISTUS Health,"Kingsville, Rapides Parish",10903.67,10903.67,Healthcare & Nursing Jobs,2026-04-30 14:00:44+00:00,"Job Description Description \n \n \n CHRISTUS Spohn Hospital Kleberg is a premier medical facility found in a town known for its ranching history and rich in Texas culture in Kingsville, Texas. Licensed for 100 beds, the hospital is a Level IV Trauma Center general acute care facility offering complete Medical and Surgical Services including Pediatrics, Obstetrics and Skilled Nursing, as well as, Emergency, Intensive Care, Cardiac and Comprehensive Diagnostic Services serving the resident of Kl…",https://www.adzuna.com/land/ad/5714602127?se=ipL76q6H8RGtf7n6Thp3UA&utm_medium=api&utm_source=e45342b0&v=080B00B3E4E8C8C90F637D8583C71D30288C9489
data analyst,Lead Data Analyst,GovCIO,US,109374.95,109374.95,IT Jobs,2026-04-08 13:21:20+00:00,"GovCIO is currently hiring for a Data Analyst to lead development of data strategy. This position will be located in Fort Meaded, MD and will be an onsite position. Responsibilities The Data Analyst leads development of the data strategy that transforms autonomous pentesting outputs into structured, contextualized datasets suitable for AI training and advanced analytics. This role defines data taxonomies, metadata requirements, labeling approaches, and governance considerations to ensure collec…",https://www.adzuna.com/land/ad/5693336521?se=ipL76q6H8RGtf7n6Thp3UA&utm_medium=api&utm_source=e45342b0&v=895A146634E0AF4914D47293D279C1B51223C9FE
data analyst,Mid Data Analyst,Booz Allen Hamilton,"Triana, Madison County",52563.72,52563.72,IT Jobs,2026-07-22 07:03:49+00:00,"Job Number: R0245026 Data Analyst, Mid The Opportunity: As data analyst, you love diving into data and turning it into meaningful insights. With the abundance of structured and unstructured data, you understand the importance of transforming complex data sets into useful information to solve challenges. As a data analyst at Booz Allen, you can use your skills and experience to support a mission and use data for good. We need a data analyst like you to bring your knowledge. As a client-facing da…",https://www.adzuna.com/land/ad/5810829970?se=ipL76q6H8RGtf7n6Thp3UA&utm_medium=api&utm_source=e45342b0&v=6B18FECAE1B031D9F536AEBB474E6BD9841026D7
data analyst,Senior Data Analyst,Booz Allen Hamilton,"Haymount, Cumberland County",139454.98,139454.98,IT Jobs,2026-05-07 06:05:22+00:00,"Job Number: R0239478 Data Analyst, Senior The Opportunity: As data analyst, you love diving into data and turning it into meaningful insights. With the abundance of structured and unstructured data, you understand the importance of transforming complex data sets into useful information to solve challenges. As a data analyst at Booz Allen, you can use your skills and experience to support a mission and use data for good. We need a data analyst like you to bring your knowledge to empower our clie…",https://www.adzuna.com/land/ad/5721558726?se=ipL76q6H8RGtf7n6Thp3UA&utm_medium=api&utm_source=e45342b0&v=2FFA4D3F13F2D4BF541356AE2DEF11CC9585482C
data analyst,Senior Data Analyst,Booz Allen Hamilton,"Hurlburt Field, Okaloosa County",120606.3,120606.3,IT Jobs,2026-07-01 05:06:04+00:00,"Job Number: R0243434 Data Analyst, Senior The Opportunity: As data analyst, you love diving into data and turning it into meaningful insights. With the abundance of structured and unstructured data, you understand the importance of transforming complex data sets into useful information to solve challenges. As a data analyst at Booz Allen, you can use your skills and experience to support a mission and use data for good. We need a data analyst like you to bring your knowledge to empower our clie…",https://www.adzuna.com/land/ad/5783333855?se=ipL76q6H8RGtf7n6Thp3UA&utm_medium=api&utm_source=e45342b0&v=83A87010C9B68B2CF4849F4913EA5B65CA4A66C1
data analyst,GME Data Analyst,Ohio State University,US,44487.47,44487.47,Scientific & QA Jobs,2026-07-22 09:01:11+00:00,"Screen reader users may encounter difficulty with this site. For assistance with applying, please contact If you have questions while submitting an application, please review these frequently asked questions. Current Employees and Students: If you are currently employed or enrolled as a student at The Ohio State University, please log in to Workday to use the internal application process. Welcome to The Ohio State University's career site. We invite you to apply to positions of interest. In ord…",https://www.adzuna.com/land/ad/5810893370?se=ipL76q6H8RGtf7n6Thp3UA&utm_medium=api&utm_source=e45342b0&v=F0BE5F387616CA6B8FC9E273923B273FBDC03E5A
data analyst,Mid Data Analyst,Booz Allen Hamilton,"Fort Sam Houston, Bexar County",90416.48,90416.48,IT Jobs,2026-06-25 18:56:14+00:00,"Job Number: R0242987 Data Analyst, Mid The Opportunity: As data analyst, you love diving into data and turning it into meaningful insights. With the abundance of structured and unstructured data, you understand the importance of transforming complex data sets into useful information to solve challenges. As a data analyst at Booz Allen, you can use your skills and experience to support a mission and use data for good. We need a data analyst like you to bring your knowledge to bring modern analyt…",https://www.adzuna.com/land/ad/5776960759?se=ipL76q6H8RGtf7n6Thp3UA&utm_medium=api&utm_source=e45342b0&v=353C10136BBFB97353DEC01277A7C01DDB762AC3
data analyst,Business Data Analyst,Software Guidance & Assistance,"Blue Hills, Hartford County",93070.23,93070.23,IT Jobs,2026-04-27 20:31:38+00:00,"Software Guidance & Assistance, Inc., (SGA), is searching for a Junior Business Data Analyst for a CONTRACT assignment with one of our premier Insurance clients, working a hybrid schedule in Hartford, CT; Chicago, IL; Columbus, OH; and Charlotte, NC Our Clients Enterprise Data Office is currently looking for a Business Data Analyst to join the Corporate Data Services team. This role will be focused on providing business and data analysis support for several highly visible, business-critical app…",https://www.adzuna.com/land/ad/5712145516?se=Cina666H8RG3tOkLR0Zx3w&utm_medium=api&utm_source=e45342b0&v=D42E847718AC92D45191DA81530202187ABD4448
data analyst,Lead Data Analyst,Vistra Corp,"Irving, Dallas",104308.2,104308.2,IT Jobs,2026-03-27 10:11:25+00:00,"If you have what it takes to become part of the Vistra family and would like to start a promising career with a global leader, take a look at the exciting employment opportunities that are currently available and apply online. Job Summary As a Lead Data Analyst, you will be responsible for leading and driving data strategy and analytics initiatives that impact business decisions. The successful candidate will have extensive experience in statistical analysis and data modeling and be able to wor…",https://www.adzuna.com/land/ad/5680356732?se=Cina666H8RG3tOkLR0Zx3w&utm_medium=api&utm_source=e45342b0&v=B03E9CBA5B19D84025DF70AC1122520BD2C82ED6
data analyst,Senior Data Analyst,Gainwell Technologies LLC,"Enterprise, Clark County",108761.67,108761.67,IT Jobs,2026-06-18 22:44:33+00:00,"Be part of a team that unleashes the power of leading-edge technologies to help improve the health and well-being of those most vulnerable in our country and communities. Working at Gainwell carries its rewards. You'll have an incredible opportunity to grow your career in a company that values work flexibility, learning, and career development. You'll add to your technical credentials and certifications while enjoying a generous, flexible vacation policy and educational assistance. We also have…",https://www.adzuna.com/land/ad/5768882085?se=Cina666H8RG3tOkLR0Zx3w&utm_medium=api&utm_source=e45342b0&v=43506091651B216BD0DC673EB0D51756A8C1BB2B
data analyst,Senior Data Analyst,Hiring Dreams LLC,"Charlotte, Mecklenburg County",92145.29,92145.29,IT Jobs,2026-07-20 19:23:26+00:00,"Role - Senior Data Analyst Location - Charlotte, NC SUMMARY Demonstrated strong domain expertise in Property & Casualty (P&C) Insurance, with hands-on experience in interpreting ACORD policy formats, Broker Submission documents, and Statements of Values (SOVs). Led data sourcing, mapping, analysis, and remediation efforts as part of legacy system migration to Guidewire PolicyCenter, ensuring high data quality and alignment with business rules. Applied deep understanding of insurance data models…",https://www.adzuna.com/land/ad/5808567541?se=Cina666H8RG3tOkLR0Zx3w&utm_medium=api&utm_source=e45342b0&v=70C9ECB7A196D97B355CF6DB475DA735123E898C
data analyst,Procurement Data Analyst,Brooksource,"Ohio, US",72337.12,72337.12,Retail Jobs,2026-06-03 19:51:54+00:00,"Procurement Data Analyst Columbus, OH Hybrid role (4 days in office) $31.5 per hour ABOUT THE ROLE Our client is a team dedicated to building fulfilling careers and supporting work-life balance. As a Procurement Data Analyst, you will transform procurement data into actionable insights that drive strategic sourcing, operational efficiency, and supplier performance. You will play a crucial role in implementing reporting, auditing, and measurement for both Indirect and Direct Procurement, deliver…",https://www.adzuna.com/land/ad/5751281807?se=Cina666H8RG3tOkLR0Zx3w&utm_medium=api&utm_source=e45342b0&v=DEA1E5D0890C58EE989E1CCD5BC787EB1D2E36A3
data analyst,Business Data Analyst,Kforce Technology Staffing,"Altamonte Springs, Seminole County",110963.94,110963.94,IT Jobs,2026-07-17 13:49:54+00:00,"RESPONSIBILITIES: Kforce's client in Altamonte Springs, FL is seeking a Business Data Analyst to support multiple strategic initiatives across the organization. This is a newly created role designed for someone who can operate independently, bridge the gap between business and technology teams, and drive data-focused projects to completion. This individual will work cross-functionally with approximately 15 different teams to collect, analyze, and interpret data while partnering closely with dev…",https://www.adzuna.com/land/ad/5805094454?se=Cina666H8RG3tOkLR0Zx3w&utm_medium=api&utm_source=e45342b0&v=9BEA00399EC7253B065DB6B3ED4DDE6875257BCC
data analyst,Business / Data Analyst,Kforce Technology Staffing,"Phoenix, Maricopa County",103938.2,103938.2,IT Jobs,2026-07-23 10:52:11+00:00,"RESPONSIBILITIES: Kforce has a client that is seeking a Business/Data Analyst in Phoenix, AZ. Summary: This Business/Data Analyst role supports a transition from a managed-services model to an internally driven analytics function. The Analyst will partner with stakeholders to uncover insights, improve reporting, and deliver measurable business value. Curiosity, initiative, and the ability to connect technical data work to real business outcomes are essential. Key Duties: * Analyze data from mul…",https://www.adzuna.com/land/ad/5812413596?se=Cina666H8RG3tOkLR0Zx3w&utm_medium=api&utm_source=e45342b0&v=2DB11FEA7FDEC16D760F73EAF2DD6101A176B8E7
data analyst,Data Analyst: I,"Judge Group, Inc.","San Diego, San Diego County",101614.08,101614.08,IT Jobs,2026-07-07 23:10:58+00:00,"Location: San Diego, CA Salary: $30.00 USD Hourly - $35.00 USD Hourly Description: Data Analyst I Location: San Diego, CA (Hybrid - 4 days onsite, 1 day remote on Fridays) Duration: 1 year contract (July 27, 2026 - July 27, 2027) Employment Type: Contract About the Role We are seeking a Data Analyst I to support business operations through data collection, analysis, reporting, and solution adoption activities. This role serves as a bridge between technology and business teams, ensuring deployed…",https://www.adzuna.com/land/ad/5791926532?se=Cina666H8RG3tOkLR0Zx3w&utm_medium=api&utm_source=e45342b0&v=4147F22C77A257A3B3BBD999B47BF7C047147766
data analyst,Facilities Data Analyst,SAIC,"North Springfield, Fairfax County",135809.3,135809.3,Engineering Jobs,2026-06-12 02:56:41+00:00,"Job ID: 2613589 Location: Springfield, VA, US Date Posted: 2026-06-11 Category: Facilities Subcategory: Facilities Schedule: Full-Time Shift: Day Job Travel: Yes - 10% of the time Minimum Clearance Required: TS.SCI_wPoly Clearance Level Must Be Able to Obtain: None Potential for Remote Work: ORA_ON_SITE Description SAIC is seeking a top-notch Facilities Project Manager/Data Analyst to join our talented team in Springfield, VA. This role requires an active TS/SCI clearance with Polygraph. SAIC p…",https://www.adzuna.com/land/ad/5761086112?se=Cina666H8RG3tOkLR0Zx3w&utm_medium=api&utm_source=e45342b0&v=FB0F6291E2331F4DF9714525A7BE8E88F98865DD
data analyst,Lead Data Analyst,Horizontal Talent,"Draper, Salt Lake County",59530.81,59530.81,Customer Services Jobs,2026-07-23 21:12:18+00:00,"Join our team as a Lead Data Analyst in a fully remote role, where you'll transform customer experience insights into actionable business outcomes. This position offers the opportunity to lead the analysis of customer journeys and collaborate with cross-functional teams to drive impactful changes. Responsibilities Lead the analysis of customer experience journeys, connecting digital behaviors and experience metrics. Implement and scale transactional listening systems using platforms like Qualtr…",https://www.adzuna.com/land/ad/5813108092?se=Cina666H8RG3tOkLR0Zx3w&utm_medium=api&utm_source=e45342b0&v=F1A931B8365E01EE9B0848BBFE20DF142A6DAD5D
data analyst,AI/Data Analyst,Kforce Technology Staffing,"Riviera Beach, Palm Beach County",89764.2,89764.2,IT Jobs,2026-05-27 18:54:33+00:00,"RESPONSIBILITIES: Kforce has a client that is seeking an AI/Data Analyst in Riviera Beach, FL. Summary: The project that they are doing is taking global schedule (schedule of everything they have to build across the world) and they want to run it through AI to find the most efficient use of every machine they have and to build that. The candidate will likely run in parallel with human planners up until the point that it can run without human planners. REQUIREMENTS: * Data Science degree or Data…",https://www.adzuna.com/land/ad/5742773370?se=Cina666H8RG3tOkLR0Zx3w&utm_medium=api&utm_source=e45342b0&v=2DDF8C91ABB8177696C456CC296978196CF1D853
data analyst,Product/Data Analyst,Eliassen Group,"Greenwood Village, Arapahoe County",72068.64,72068.64,IT Jobs,2026-07-21 19:00:45+00:00,"Description: Hybrid 4 days onsite, 1 remote. in Greenwood Village, CO Our client seeks a Product/Data Analyst to enable data-informed decisions and real-time health monitoring for WiFi products and services. The role will translate complex product questions into actionable analytics, dashboards, and metrics while partnering with product, engineering, and data teams. The analyst will drive clarity in ambiguous domains, surface hidden needs, and guide stakeholders toward proactive, insight-led pr…",https://www.adzuna.com/land/ad/5809936641?se=Cina666H8RG3tOkLR0Zx3w&utm_medium=api&utm_source=e45342b0&v=4C57183718EBCCCE46E228A3C4D4748BAEEBDBF9
data analyst,Data Analyst II,"Judge Group, Inc.","Bridgewater, Somerset County",130423.67,130423.67,IT Jobs,2026-03-27 10:11:28+00:00,"Location: Bridgewater, NJ Salary: $40.00 USD Hourly - $42.00 USD Hourly Description: Our client is currently seeking a Data Analyst II The CX Insights and Engagement Team designs and implements a best-in-class Voice of the Customer (VOC) program to drive customer-centric decision-making. This role requires strong communication, interpersonal, presentation, financial/analytical, and problem-solving skills. The ideal candidate has a proven track record in leading data-driven customer experience p…",https://www.adzuna.com/land/ad/5680356924?se=Cina666H8RG3tOkLR0Zx3w&utm_medium=api&utm_source=e45342b0&v=EE54A4EC99390FFACDE318F19C8DEC552403AD1A
data analyst,Data Analyst Sr,Lockheed Martin Corporation,"Alabama, US",142301.0,142301.0,Engineering Jobs,2026-06-28 08:52:59+00:00,"Job Description You will be the Data Analyst Sr for the Production Planning & Control (PP&C) department. Our team is responsible for delivering data-driven insights that guide business decisions and improve operational performance. What You Will Be Doing As the Data Analyst Sr you will be responsible for collecting, processing, and analyzing production-planning data, turning insights into actionable recommendations, and supporting cross-functional decision-making. Your responsibilities will inc…",https://www.adzuna.com/land/ad/5780234086?se=Cina666H8RG3tOkLR0Zx3w&utm_medium=api&utm_source=e45342b0&v=9DF8F2A31AA202346CE53DF0E867C2A7D58A186A
data analyst,Data Analyst Senior,Lockheed Martin Corporation,"Lexington, Fayette County",164803.53,164803.53,IT Jobs,2026-07-17 08:19:54+00:00,"Job Description Lockheed Martin seeks a Data Analyst who will translate raw data into compelling, actionable stories that drive business and risk management decisions. The analyst will locate novel data sources, apply rigorous statistical methods, and deliver insights through dashboards, reports, and narrative visualizations while supporting the organization's data governance initiatives. Responsible for collecting, processing, and analyzing data to develop immersive stories that answer busines…",https://www.adzuna.com/land/ad/5804841497?se=Cina666H8RG3tOkLR0Zx3w&utm_medium=api&utm_source=e45342b0&v=9A5EA5872D970F6825D707D1068972AB53A0A9AA
data analyst,Product Data Analyst,Kforce Technology Staffing,"Westlake, Denton County",128150.12,128150.12,IT Jobs,2026-07-16 19:59:22+00:00,"RESPONSIBILITIES: Kforce has a client in Westlake, TX that is seeking a Product Data Analyst. Responsibilities: * Collaborate with business and technical teams to analyze current systems and identify inefficiencies * Recommend improvements based on data-driven insights and design-oriented modeling approaches * Derive and document business requirements, rules and workflows from systems such as Informatica, Python, and PL/SQL * Apply knowledge of dimensional, relational, and unstructured modeling…",https://www.adzuna.com/land/ad/5803995591?se=Cina666H8RG3tOkLR0Zx3w&utm_medium=api&utm_source=e45342b0&v=E9FB07493E569BE077C6348582FB65DDF5DC1867
data analyst,Product Data Analyst,Eliassen Group,"Westlake, Denton County",95601.9,95601.9,IT Jobs,2026-07-16 20:07:31+00:00,"Description: Hybrid Every Other Week onsite / 5 days in either Westlake, TX or Merrimack, NH or Durham, NC Our client has an opportunity for a Product Data Analyst to support Stock Plan Services Customer Solutions. The role blends business analysis, data analysis, systems analysis, and product management to interpret complex data, modernize reporting, and drive process improvement. The analyst will partner with stakeholders across product, technology, operations, and compliance to define, analy…",https://www.adzuna.com/land/ad/5803999581?se=Cina666H8RG3tOkLR0Zx3w&utm_medium=api&utm_source=e45342b0&v=3C981237D00C9752C5BFE0629F2CECF13D6A01C0
data analyst,Senior Data Analyst,Trans Union LLC,"Schiller Park, Cook County",92300.7,92300.7,IT Jobs,2026-06-05 11:43:11+00:00,"TransUnion's Job Applicant Privacy Notice Personal Information We Collect Your Privacy Choices Team Overview The Senior Data Analyst will report into a Senior Manager of Data Science & Analytics. As part of the Data Analytics Team, you will help with development of TransUnion's IP Geolocation technology. This position requires a understanding IP network topology. You will be working with other Data Analytics Team members as well as Engineers and Data Scientists to help improve automation algori…",https://www.adzuna.com/land/ad/5753308545?se=Cina666H8RG3tOkLR0Zx3w&utm_medium=api&utm_source=e45342b0&v=F72A49ABB89F74D6F7929583D61777D314E36099
data analyst,Sr Data Analyst,Randstad Digital,"Virginia, US",89712.52,89712.52,IT Jobs,2026-07-08 18:55:40+00:00,"job summary: Randstad Digital is hiring and we're looking for someone like YOU to join our team! If you are seeking a new opportunity, looking to grow in your career, or you know someone who is - we want to hear from you! Take a look at the below opportunity, or feel free to visit RandstadUSA.com to view and apply. location: Richmond, Virginia job type: Contract salary: $43.83 - 48.50 per hour work hours: 8am to 5pm education: Bachelors responsibilities: Key Responsibilities 1. Data Ingestion &…",https://www.adzuna.com/land/ad/5793393012?se=Cina666H8RG3tOkLR0Zx3w&utm_medium=api&utm_source=e45342b0&v=40ACAF34360D15261467D9EE40B31C19A2DDDBBE
data analyst,Sr. Data Analyst,FedEx Office,"Fountainebleau, Miami-Dade County",94141.19,94141.19,Accounting & Finance Jobs,2026-07-23 06:51:57+00:00,"Under general supervision, provides expertise and leadership to management in analysis of major projects and proposals related to revenue, strategy, capital, operations, and expense utilizing computer modeling techniques. Essential Duties Assists in developing financial models to be used in business decisions. Tests newly developed financial models and validates results. Consistently meets deadlines and demonstrates an ability to self-manage multiple projects simultaneously. Proactively anticip…",https://www.adzuna.com/land/ad/5812254914?se=Cina666H8RG3tOkLR0Zx3w&utm_medium=api&utm_source=e45342b0&v=D9502FD60274B19A6AFF9278F0EAB30464ED8F97
data analyst,Sr. Data Analyst,FedEx Office,"Cloverdale, Shelby County",124449.48,124449.48,Accounting & Finance Jobs,2026-07-23 07:01:52+00:00,"Under general supervision, provides expertise and leadership to management in analysis of major projects and proposals related to revenue, strategy, capital, operations, and expense utilizing computer modeling techniques. Job Title: Financial Planning & Analysis Advisor Job Profile Summary Provides technical direction, project leadership, and coordination of effort among financial work groups for analysis of diverse business proposals, development of business plan/strategic plan and on-going fi…",https://www.adzuna.com/land/ad/5812263405?se=Cina666H8RG3tOkLR0Zx3w&utm_medium=api&utm_source=e45342b0&v=50DB704FB8D21AB5C7A85374AACEC9374D581FD4
data analyst,Data Analyst I,BlueCross BlueShield Of South Carolina,"Pineridge, Lexington County",56762.89,56762.89,IT Jobs,2026-07-23 21:12:15+00:00,"Summary Why should you join the BlueCross BlueShield of South Carolina family of companies? Other companies come and go, but for more than seven decades we've been part of the national landscape, with our roots firmly embedded in the South Carolina community. We are the largest insurance company in South Carolina  and much more. We are one of the nation's leading administrators of government contracts. We operate one of the most sophisticated data processing centers in the Southeast. We also ha…",https://www.adzuna.com/land/ad/5813107791?se=Cina666H8RG3tOkLR0Zx3w&utm_medium=api&utm_source=e45342b0&v=DC2DDB76DACDCAF01F7D26D88F3A9F45E8DD0B1F
data analyst,Product Data Analyst,Randstad Digital,"Texas, US",89421.24,89421.24,IT Jobs,2026-07-13 19:31:49+00:00,"job summary: Experience with data governance, security best practices, and tools like Jira or Azure DevOps. Excellent communication, organizational, and time management skills. Ability to translate complex data into meaningful insights and influence decision-making. location: Westlake, Texas job type: Contract salary: $42 - 43 per hour work hours: 8am to 5pm education: Bachelors responsibilities: Data Interpretation and Reporting: Interpret and analyze data to create insightful, actionable repo…",https://www.adzuna.com/land/ad/5799241619?se=Cina666H8RG3tOkLR0Zx3w&utm_medium=api&utm_source=e45342b0&v=B9F90EA9D49A6957E472624B18F60C36651528BC
data analyst,Databricks Data Analyst,Rayven IT Solutions,"Bridgewater, Somerset County",117755.62,117755.62,IT Jobs,2026-07-09 15:08:25+00:00,"RAYVEN IT Solutions is a leading IT Consulting firm offers a comprehensive range of services that are domain specific with a strong focus on technology, business process & practices. Founded by top-notch profs with the vision of bridging the gap between people, process & technology. RAYVEN has the capability & resources to help clients realize their technology driven business transformation initiatives. We are specialized & provide solution-based services to our clients in the areas of SAP/ERP.…",https://www.adzuna.com/land/ad/5794407935?se=Cina666H8RG3tOkLR0Zx3w&utm_medium=api&utm_source=e45342b0&v=07353F19C2FE2A6520CBEB202BFEB7E63D9E57D3
data analyst,Senior Data Analyst,Business Enterprize Inc.,"Florin, Sacramento County",119067.59,119067.59,IT Jobs,2026-07-07 15:02:51+00:00,"Senior Data Analyst We are seeking an experienced Senior Data Analyst with a strong background in enterprise data platforms, business intelligence tools, and advanced analytics. This role supports large-scale data initiatives, reporting modernization, and cross-functional decisionmaking across the organization. Please submit your resume along with the expected rate per hour. Location: Sacramento, CA (Hybrid) Duration: 12 Months Job Responsibilities: Perform advanced quantitative analysis with 5…",https://www.adzuna.com/land/ad/5791215456?se=Cina666H8RG3tOkLR0Zx3w&utm_medium=api&utm_source=e45342b0&v=E669C9EB0A95FED84059FAF4DF883AA2A1C58D07
data analyst,Guidewire Data Analyst,Excelon Solutions LLC,"Hayes Valley, San Francisco",128820.13,128820.13,IT Jobs,2026-03-30 18:30:11+00:00,"Job Title: Guidewire Data Analyst Work Mode: Hybrid 3 days onsite Locations : San Fransisco, CA Job Overview We are seeking a highly skilled Guidewire Data Analyst to join our team. The ideal candidate will have a strong background in Property & Casualty insurance , hands-on experience with Guidewire , and solid expertise in SQL, ETL processes, and reporting . This role requires both technical and business acumen to analyze data, provide insights, and support decision-making within the organiza…",https://www.adzuna.com/land/ad/5683625494?se=Cina666H8RG3tOkLR0Zx3w&utm_medium=api&utm_source=e45342b0&v=9FBEC14E27D1636B6B9D92A5477406B3F9651A26
data analyst,Strategic Data Analyst,Rishabh Software Pvt. Ltd,"Hayes Valley, San Francisco",138556.98,138556.98,IT Jobs,2026-07-21 15:02:51+00:00,"Job Title: Strategic Data Analyst Location: San Francisco, CA Duration: 6 months OPT and H1B Holders, Please DO NOT APPLY. Description: We are looking for a Data Analyst with Finance M&A experience. Hybrid role (2 days onsite in a week) for the Sunnyvale and San Francisco locations. The Strategic Business Operations Team (SBO) is looking for a Data Analyst to work in an impactful, collaborative work environment. They will help drive business initiatives critical to the ongoing growth of the tea…",https://www.adzuna.com/land/ad/5809610502?se=Cina666H8RG3tOkLR0Zx3w&utm_medium=api&utm_source=e45342b0&v=1E3D90F5A67775BE20E14D056D28E2CBFA0FB558
data analyst,Junior Data Analyst,SynergisticIT,"Hillcrest Heights, Prince George's County",140239.19,140239.19,IT Jobs,2026-07-24 05:18:25+00:00,"Data Analyst / BI Analyst — Turn Analytical Thinking Into a Tech Career If you enjoy working with numbers, reports, dashboards, and business questions, a data analyst or BI analyst path can be a strong entry point into technology. Companies need people who can transform raw data into insights that support better decisions. But to stand out, candidates need SQL, visualization tools, business understanding, and communication skills. SynergisticIT is looking for candidates interested in SQL, Excel…",https://www.adzuna.com/land/ad/5813581642?se=Cina666H8RG3tOkLR0Zx3w&utm_medium=api&utm_source=e45342b0&v=69EB551B80F998E276D6B169B34373FB09EAB9CA
data analyst,Environmental Data Analyst,Sacrum Technologies LLC,"West Indianapolis, Marion County",66294.48,66294.48,Admin Jobs,2026-07-16 15:46:38+00:00,"Environmental Data Analyst Introduction: The Environmental Data Analyst will play a crucial role in updating databases, tracking waste profiles, ensuring regulatory compliance, and running reports efficiently. Attention to detail is a key requirement for this position, and candidates will need to demonstrate their data entry and typing skills during the application process. Attention to detail is a must for this role. All submissions must include a basic typing/data entry test result for review…",https://www.adzuna.com/land/ad/5803568224?se=Cina666H8RG3tOkLR0Zx3w&utm_medium=api&utm_source=e45342b0&v=4FFED4A7059C0B0838D263072B307C28C943256E
data analyst,Informatics Data Analyst,"Russell, Tobin & Associates","Alhambra, Los Angeles County",79605.37,79605.37,IT Jobs,2026-07-17 13:42:00+00:00,Apply today for consideration! Title: SAS Data Analyst Location: Alhambra CA Pay rate: $35.00 - 40/hour DOE Duration: 12Months (Possibility of extension) Skills Required: An Informatics Data Analyst works independently to document external data acquisition policies and procedures as well as interface with other business units to define and document data needs and ad-hoc analysis requirements. Identify business practice workflow and process issues and concerns; provide leadership and guidance to…,https://www.adzuna.com/land/ad/5805093675?se=Cina666H8RG3tOkLR0Zx3w&utm_medium=api&utm_source=e45342b0&v=7A7A0133BB58DACBD4BD17F742BAF82F9A0A8C4C
data analyst,Data Analyst - Salesforce,V-Soft Consulting Group Inc,"Park Ridge, Cook County",68721.04,68721.04,IT Jobs,2026-07-24 05:19:12+00:00,"Data Analyst - Salesforce (Remote) Primary Location: Remote V-Soft Consulting is currently hiring for a Data Analyst - Salesforce (Remote) for our premier client. Education and Experience » The selected partner should provide data analysts with experience in: Data profiling, cleansing, validation, and transformation. BI/reporting analysis using tools such as Power BI, Tableau, CRM Analytics, SQL-based reporting, or similar tools. Source-to-target mapping and migration readiness. SQL, Excel, str…",https://www.adzuna.com/land/ad/5813584357?se=Cina666H8RG3tOkLR0Zx3w&utm_medium=api&utm_source=e45342b0&v=4DA245677CB99B55569E6625E4A1E08D707C8C2A
data analyst,Senior Data Analyst,System One,"Phoenix, Maricopa County",131191.5,131191.5,IT Jobs,2026-06-24 12:25:07+00:00,"Position Title: Senior Data Analyst Position Location: Strongsville, OH; Pittsburgh, PA; Birmingham, AL; Dallas,TX; Phoenix, AZ . Hybrid 3 days onsite Duration – 6 Months [ Chances of Extension] Roles and Responsibilities: Integrating data into Transaction Data Hub Supporting existing data flow New Dev to bring in additional data sources to Trans Data Hub Coding and testing Technical Skills: SQL CA7 Python Flex Skills: Spark Hadoop Please apply to the job if you are interested and have the requ…",https://www.adzuna.com/land/ad/5774997121?se=Cina666H8RG3tOkLR0Zx3w&utm_medium=api&utm_source=e45342b0&v=C844D9B45522F811ECF4E02449766903C5DF2D23
data analyst,Senior Data Analyst,"iSpace, Inc","Textile Finance, Los Angeles County",100758.81,100758.81,IT Jobs,2026-03-30 18:40:49+00:00,"JOB DETAILS: Title: Senior Data Analyst Location: Century City, CA (Remote / Hybrid role 1-2 days onsite, 3-4 days remote work) Type: 06 - 12 plus months contract (long term - extendable) Job Description: As a Data Analyst specializing in KPI frameworks, you will leverage your experience to design, build and implement comprehensive KPI structures. You will collaborate with cross-functional teams to join various datasets, across various schemas in order to develop KPI frameworks that optimize bu…",https://www.adzuna.com/land/ad/5683639289?se=Cina666H8RG3tOkLR0Zx3w&utm_medium=api&utm_source=e45342b0&v=D1EE1F78799C32FA343094219CC4A4A804F53BBA
data analyst,Business Data Analyst,Global Soft Systems,US,102476.6,102476.6,IT Jobs,2026-06-15 18:17:41+00:00,"Role: Business Data Analyst Duration: 6 months Location: REMOTE The Business Data Analyst will be responsible for identifying a problem statement, gathering requirements, identifying the proper data solution, and documenting the decisions to support client's business stakeholders. This role supports data development and maintenance efforts of the Data & Analytics activities and initiatives in alignment with the Enterprise Data strategy, policies, and organizational goals. Duties and Responsibil…",https://www.adzuna.com/land/ad/5764758413?se=Cina666H8RG3tOkLR0Zx3w&utm_medium=api&utm_source=e45342b0&v=3D24C623825E6CDD351AB85AAF8227DDE2BD8500
data analyst,Data Analyst - Pharma,Aptino,"Arlington, Dutchess County",116441.58,116441.58,IT Jobs,2026-07-22 19:06:11+00:00,"Role: Data Analyst – Pharma Location: Titusville, NJ (Onsite) Duration: 12 Months Position Overview: We are seeking a detail-oriented Data Analyst with experience in the pharmaceutical, biotechnology, or life sciences industry to support data-driven initiatives across clinical, commercial, and research operations. The ideal candidate will have strong analytical and database skills, experience working with regulated datasets, and the ability to transform complex data into actionable business ins…",https://www.adzuna.com/land/ad/5811472137?se=Cina666H8RG3tOkLR0Zx3w&utm_medium=api&utm_source=e45342b0&v=29302F656A4B22EE4E6A7685BA5FF3044FA574F1
data analyst,Cyber Data Analyst,Apex Systems,"Trade, Alexandria City",108395.11,108395.11,IT Jobs,2026-06-26 12:34:03+00:00,"Job: 3039703 Job Description: - Cyber Data Analyst Hybrid on site 3x per week in Alexandria, VA W2 ONLY- NO C2C OR PERSONAL LLCs Apex Systems has an immediate need for a Cyber Data Analyst for a large government client of ours Please see the role overview below and apply here if interested! For immediate consideration please email your most up to date resume to Trevor Jones at Requirements: Active TS/SCI clearance or Top Secret clearance and have held a SCI in the past 2 years Bachelors Degree …",https://www.adzuna.com/land/ad/5777939350?se=Cina666H8RG3tOkLR0Zx3w&utm_medium=api&utm_source=e45342b0&v=0E022636B6C9081E03646160767D6F51105B8E2A
data analyst,Data Analyst Intermediate,BCForward,"Minerva Park, Franklin County",147542.1,147542.1,IT Jobs,2026-07-18 13:51:34+00:00,"Job Title: Data Analyst Intermediate Location: Columbus, OH 43240 - 100% on-site Duration: Contract - 11 months (potential extension; potential FTE) Pay Range: $34/hr (W2) About BCforward BCforward is a leading global IT consulting and workforce solutions firm providing services and support to Fortune 500 and government clients. Founded in 1998, BCforward has grown with our customers needs into a full-service business solutions provider. With delivery centers and offices across North America an…",https://www.adzuna.com/land/ad/5806307406?se=Cina666H8RG3tOkLR0Zx3w&utm_medium=api&utm_source=e45342b0&v=E546D181B6016F455C566BDE50A6C6BC8E0DEA9E
data analyst,Business Data Analyst,System One,"Plano, Collin County",111651.69,111651.69,IT Jobs,2026-06-24 18:46:19+00:00,"Job Title: Data Analyst Location: Plano, Texas Type: Contract Compensation: $42.00 per hour Work Model: Hybrid Hours: 40.0 System One is seeking a Data Analyst to join our team in Plano, TX for a contract opportunity. Responsibilities Take ownership of data analysis within your designated project scopes, delivering clear, accurate, and impactful insights in line with project requirements and deadlines. Work directly with business stakeholders and project teams to understand data needs, define m…",https://www.adzuna.com/land/ad/5775460370?se=Cina666H8RG3tOkLR0Zx3w&utm_medium=api&utm_source=e45342b0&v=A61736CD670B948F174381194FDD5609876D3262
data analyst,Senior Data Analyst,"Seneca Resources, LLC","Grand Central, Manhattan",149837.53,149837.53,IT Jobs,2026-07-24 15:05:46+00:00,"Position Title: Senior Data Analyst Location: New York, NY Clearance Requirements: Not Applicable, No Pay Rate: $70/hr on W2 Position Description: We are seeking a highly skilled Senior Data Analyst to turn complex data into strategic insights that empower business growth. The ideal candidate will excel in SAS programming and SQL, blending technical expertise with a keen business sense. You will develop automated reports, craft advanced queries, create dashboards, and uncover data-driven opport…",https://www.adzuna.com/land/ad/5814241896?se=Cina666H8RG3tOkLR0Zx3w&utm_medium=api&utm_source=e45342b0&v=FB17F13345D361E8D62330DC6735493D23F3FEDF
data analyst,Data Analyst Intermediate,BC Forward,"Columbus, Franklin County",83379.34,83379.34,IT Jobs,2026-07-24 05:14:26+00:00,"Job Title: Data Analyst Intermediate Location: Columbus, OH 43240 - 100% on-site Duration: Contract - 11 months (potential extension; potential FTE) Pay Range: $34/hr (W2) About BCforward BCforward is a leading global IT consulting and workforce solutions firm providing services and support to Fortune 500 and government clients. Founded in 1998, BCforward has grown with our customers needs into a full-service business solutions provider. With delivery centers and offices across North America an…",https://www.adzuna.com/land/ad/5813573232?se=Cina666H8RG3tOkLR0Zx3w&utm_medium=api&utm_source=e45342b0&v=599FC72F522BDC83FBADD5B33705DFFD9AE70A03
data analyst,Senior Data Analyst,Kani Solutions,US,105976.17,105976.17,IT Jobs,2026-07-09 19:31:51+00:00,"Employment Type: W2 only. Candidates must be authorized to work in the U.S. without current or future visa sponsorship. Visa-independent candidates only. No C2C: Corp-to-Corp (C2C), third-party vendors, and employer submissions will not be considered. Senior Data Analyst with strong expertise in Tableau, Databricks, SQL, AI-driven analytics, and Slack-based reporting . The ideal candidate will build enterprise analytics solutions, develop scalable data pipelines, create executive dashboards, an…",https://www.adzuna.com/land/ad/5794838788?se=Cina666H8RG3tOkLR0Zx3w&utm_medium=api&utm_source=e45342b0&v=3E9317811E0352793E4E4B953F2AE72978302B5E
data analyst,Data Analyst - Sr,Dexian DISYS,"Pimmit, Fairfax County",96039.25,96039.25,IT Jobs,2026-07-09 21:19:44+00:00,"Title : Sr Data Analyst Location: McLean, VA Duration: 12 Months Must Haves: * SQL * Regex / pattern matching * AWS * Data analysis on large datasets * Experience handling noisy/unstructured data * QA, validation, and anomaly detection * Snowflake experience * data mapping Dexian stands at the forefront of Talent  Technology solutions with a presence spanning more than 70 locations worldwide and a team exceeding 10,000 professionals. As one of the largest technology and professional staffing co…",https://www.adzuna.com/land/ad/5794924228?se=Cina666H8RG3tOkLR0Zx3w&utm_medium=api&utm_source=e45342b0&v=B62DC57C1200C3F5A55D976423DB8D42F592EFE3
data analyst,Junior Data Analyst,Dhalite Inc.,"Fountainebleau, Miami-Dade County",58488.5,58488.5,IT Jobs,2026-07-22 17:05:44+00:00,"Job description We are currently looking for a Junior Data Analyst who is passionate about data analysis, reporting, and deriving insights to support business decisions. Responsibilities Collect, organize, and analyze business data to support decision-making Prepare reports, dashboards, and data summaries for stakeholders Identify trends, patterns, and insights from datasets Assist in data cleaning, validation, and quality checks Support business teams by providing actionable data insights Extr…",https://www.adzuna.com/land/ad/5811201587?se=Cina666H8RG3tOkLR0Zx3w&utm_medium=api&utm_source=e45342b0&v=795B01F165427ADA958D73A1EE68A99DA798D79B
data analyst,Data Analyst II,Xoriant Corporation,US,71828.28,71828.28,IT Jobs,2026-04-08 22:42:13+00:00,"Job Title: Data Analyst II Duration: 5 Months Location: US Remote Xoriant reasonably expects the pay rate for this position to be within the following range: $50/hr/-$60/hr. Duties: Provide analytic data to support our annual sales planning including quota planning, go-to-market modeling, capacity modeling and optimization Convert raw data into well-presented and useful business information that drives business decisions Drive standards of performance and specific activities that align with the…",https://www.adzuna.com/land/ad/5694091131?se=Cina666H8RG3tOkLR0Zx3w&utm_medium=api&utm_source=e45342b0&v=9474F4736806E949F359F1C8B7C774F9D83445FF
data analyst,Data Analyst - DLP,Tandym Tech,"Charlotte, Mecklenburg County",100231.88,100231.88,IT Jobs,2026-07-02 13:12:49+00:00,"An organization focused on data security is seeking a Data Analyst in New York, NY to support Data Loss Prevention initiatives and help strengthen the protection of sensitive information. This role will monitor alerts, support incident validation, and deliver reporting and analysis that inform DLP operations and policy tuning. About the Opportunity: Shift: Day shift Schedule: Monday through Friday Hours: Standard business Setting: Hybrid Responsibilities: Monitor alerts generated by data loss p…",https://www.adzuna.com/land/ad/5785688149?se=Cina666H8RG3tOkLR0Zx3w&utm_medium=api&utm_source=e45342b0&v=20B22665189C580F83C8B8E056E4044BA06B6C4C
data analyst,Sr Data Analyst,HAYS,"Glendale, Denver",96142.71,96142.71,IT Jobs,2026-05-30 09:11:23+00:00,"Sr Data Analyst - Contract - Greenwood Village, CO - $70.00 - $80.00/hr. The final salary or hourly wage, as applicable, paid to each candidate/applicant for this position is ultimately dependent on a variety of factors, including, but not limited to, the candidate's/applicant's qualifications, skills, and level of experience as well as the geographical location of the position. Applicants must be legally authorized to work in the United States. Sponsorship not available. Our client is seeking …",https://www.adzuna.com/land/ad/5745631932?se=Cina666H8RG3tOkLR0Zx3w&utm_medium=api&utm_source=e45342b0&v=9F4512329D5A36BDA3DB2872EE14EC8D9FFD412F
data analyst,Consent Data Analyst,"Lorven Technologies, Inc.",US,116641.97,116641.97,IT Jobs,2026-06-25 14:39:08+00:00,"Role: Consent Data Analyst Location: Canada – Remote Full Time Job description: The Consent Data Analyst is responsible for analyzing, interpreting, and operationalizing consent and privacy-related data across the organization. This role bridges business, analytics, and engineering teams to ensure that consent data is accurately captured, governed, transformed, and made available for compliant analytics, marketing, and product use cases. The analyst plays a key role in supporting a customer pri…",https://www.adzuna.com/land/ad/5776564880?se=Cina666H8RG3tOkLR0Zx3w&utm_medium=api&utm_source=e45342b0&v=37A4323088F9F76D54A66CF9906369F700196668
data analyst,Data Analyst (HEDIS),BC Forward,"Indianapolis, Marion County",81875.95,81875.95,IT Jobs,2026-07-24 05:18:04+00:00,"Job Title: Data Analyst (HEDIS) Location: Remote Duration: Contract - 10 months Pay Range: $51/hr - $55/hr (W2) Job ID: 406936 About BCforward BCforward is a leading global IT consulting and workforce solutions firm providing services and support to Fortune 500 and government clients. Founded in 1998, BCforward has grown with our customers needs into a full-service business solutions provider. With delivery centers and offices across North America and India, we take pride in building long-term …",https://www.adzuna.com/land/ad/5813580816?se=Cina666H8RG3tOkLR0Zx3w&utm_medium=api&utm_source=e45342b0&v=BD911B110F3F269084DBA542A5BE96A271AFB1C8
data analyst,Junior Data Analyst,Global Alliant Inc,US,59437.84,59437.84,IT Jobs,2026-07-14 11:38:54+00:00,"Seeking a Junior Data Analyst with strong SQL skills and Python knowledge who is eager to use their skills to rapidly turn data into insights. You'll have an opportunity to work on projects that support Federal Health Agencies as we develop next-generation analytics and reporting systems that directly impacts healthcare quality. Need ship because of federal regulations and the sensitive nature of the work involved. Salary- $50,000-$60,000/year  Benefits Responsibilities: Code and validate large…",https://www.adzuna.com/land/ad/5800072246?se=Cina666H8RG3tOkLR0Zx3w&utm_medium=api&utm_source=e45342b0&v=2869279A09934DEAD812ED0470517E2BF55395BB
data analyst,Senior Data Analyst,Kani Solutions,US,116000.66,116000.66,IT Jobs,2026-07-10 19:22:42+00:00,"Role Title: Senior Data Analyst Contract Type: W2 Contract (12 Month) Location: Remote (USA) The client is seeking a highly analytical, business-focused, and technically skilled Senior Data Analyst to drive our organization''s data, analytics, and AI initiatives. In this role, you will lead the development of enterprise analytics solutions, enable self-service reporting, and help modernize decision-making through advanced analytics, AI-powered insights, and workflow automation. The ideal candid…",https://www.adzuna.com/land/ad/5796292927?se=Cina666H8RG3tOkLR0Zx3w&utm_medium=api&utm_source=e45342b0&v=58A25A52D4BB42AB8B81F8216C23ED9ADE297E3F
data scientist,Data Scientist - NYC,The Hollister Group,"Watertown, Middlesex County",182300.36,182300.36,Accounting & Finance Jobs,2026-07-22 17:01:34+00:00,"Our client is seeking a talented Data Scientist to join their team as an independent remote employee. Our team brings data science and machine learning to the private equity investment process, providing unparalleled access to alternative data sources and proprietary data from portfolio companies. You'll be at the forefront of high-value tactical workflows that drive all aspects of the investment process. As a Data Scientist with our client, you'll have the opportunity to own due diligence proc…",https://www.adzuna.com/land/ad/5811188959?se=jKSp7K6H8RGtf7n6Thp3UA&utm_medium=api&utm_source=e45342b0&v=463A2ACE3B08A00E5E6CA999CCD29945ED061373
data scientist,Data Scientist - NYC,The Hollister Group,"Harvard Square, Middlesex County",152612.53,152612.53,Accounting & Finance Jobs,2026-07-22 16:59:47+00:00,"Our client is seeking a talented Data Scientist to join their team as an independent remote employee. Our team brings data science and machine learning to the private equity investment process, providing unparalleled access to alternative data sources and proprietary data from portfolio companies. You'll be at the forefront of high-value tactical workflows that drive all aspects of the investment process. As a Data Scientist with our client, you'll have the opportunity to own due diligence proc…",https://www.adzuna.com/land/ad/5811185338?se=jKSp7K6H8RGtf7n6Thp3UA&utm_medium=api&utm_source=e45342b0&v=8B78BE5692A14C2780F9DAD4E9BB30DD80154842
data scientist,Data Scientist - NYC,The Hollister Group,"Wollaston, Norfolk County",248555.61,248555.61,Accounting & Finance Jobs,2026-07-22 17:01:20+00:00,"Our client is seeking a talented Data Scientist to join their team as an independent remote employee. Our team brings data science and machine learning to the private equity investment process, providing unparalleled access to alternative data sources and proprietary data from portfolio companies. You'll be at the forefront of high-value tactical workflows that drive all aspects of the investment process. As a Data Scientist with our client, you'll have the opportunity to own due diligence proc…",https://www.adzuna.com/land/ad/5811188769?se=jKSp7K6H8RGtf7n6Thp3UA&utm_medium=api&utm_source=e45342b0&v=03E377AED23F7A0988F5E6B6469B50C66A7EF0B1
data scientist,Data Scientist - NYC,The Hollister Group,"Lynn, Essex County",115849.76,115849.76,Accounting & Finance Jobs,2026-07-22 16:59:34+00:00,"Our client is seeking a talented Data Scientist to join their team as an independent remote employee. Our team brings data science and machine learning to the private equity investment process, providing unparalleled access to alternative data sources and proprietary data from portfolio companies. You'll be at the forefront of high-value tactical workflows that drive all aspects of the investment process. As a Data Scientist with our client, you'll have the opportunity to own due diligence proc…",https://www.adzuna.com/land/ad/5811185129?se=jKSp7K6H8RGtf7n6Thp3UA&utm_medium=api&utm_source=e45342b0&v=F4E31C6E9746E980AF52EA9B3ADAB49EF9ADD776
data scientist,Data Scientist - NYC,The Hollister Group,"Boston, Suffolk County",170635.36,170635.36,Accounting & Finance Jobs,2026-07-22 17:01:59+00:00,"Our client is seeking a talented Data Scientist to join their team as an independent remote employee. Our team brings data science and machine learning to the private equity investment process, providing unparalleled access to alternative data sources and proprietary data from portfolio companies. You'll be at the forefront of high-value tactical workflows that drive all aspects of the investment process. As a Data Scientist with our client, you'll have the opportunity to own due diligence proc…",https://www.adzuna.com/land/ad/5811189248?se=jKSp7K6H8RGtf7n6Thp3UA&utm_medium=api&utm_source=e45342b0&v=0D03977D2143A1CFA5C475702C38F865BC36AEF2
data scientist,Data Scientist - NYC,The Hollister Group,"Bedford, Middlesex County",198688.84,198688.84,Accounting & Finance Jobs,2026-07-22 16:57:53+00:00,"Our client is seeking a talented Data Scientist to join their team as an independent remote employee. Our team brings data science and machine learning to the private equity investment process, providing unparalleled access to alternative data sources and proprietary data from portfolio companies. You'll be at the forefront of high-value tactical workflows that drive all aspects of the investment process. As a Data Scientist with our client, you'll have the opportunity to own due diligence proc…",https://www.adzuna.com/land/ad/5811182327?se=jKSp7K6H8RGtf7n6Thp3UA&utm_medium=api&utm_source=e45342b0&v=24CE5F1DA31A5A3B28B044C6DA3D7ED37E8C153C
data scientist,Data Scientist,ManTech International,"West Springfield, Fairfax County",120000.0,160000.0,IT Jobs,2026-07-09 06:12:18+00:00,"At ManTech, we are dedicated to providing advanced technology and solutions to secure our national security. We are seeking a Data Scientist who will leverage data analytics, machine learning, and artificial intelligence to support critical missions across the U.S. intelligence community and federal agencies. The right candidate will contribute to the maintenance of our nation's security by transforming large amounts of complex data into actionable intelligence. Develop predictive models and al…",https://www.adzuna.com/land/ad/5794092616?se=jKSp7K6H8RGtf7n6Thp3UA&utm_medium=api&utm_source=e45342b0&v=1BA6FAD7D4830881380CD22B23C588757A807019
data scientist,Data Scientist,MANTECH,"Tampa, Hillsborough County",112013.98,112013.98,IT Jobs,2026-07-06 11:33:01+00:00,"hackajob is collaborating with MANTECH to connect them with exceptional professionals for this role. MANTECH seeks a motivated, career and customer-oriented Data Scientist to join our team in Tampa, FL . The Data Scientist will leverage their strong technical background and knowledge to interpret and analyze complex sets of data to produce actionable insights. This role requires a knowledge of programming, mathematical modeling, and statistics to carry out machine learning projects. Responsibil…",https://www.adzuna.com/land/ad/5789985191?se=jKSp7K6H8RGtf7n6Thp3UA&utm_medium=api&utm_source=e45342b0&v=ECDE68B23D3AC312E311C3894F422B9A35507C99
data scientist,Data Scientist,MANTECH,"Springfield, Effingham County",103764.39,103764.39,IT Jobs,2026-07-08 16:10:15+00:00,"hackajob is collaborating with MANTECH to connect them with exceptional professionals for this role. MANTECH seeks a motivated, career and customer-oriented Data Scientist to join our team in Springfield, VA . This is a full-time onsite position. The Data Scientist shall support the maintenance and implementation of the data architecture for all Program data. This position requires experience with databases, cloud architectures, and compliance with data standards. This position is responsible f…",https://www.adzuna.com/land/ad/5792991528?se=jKSp7K6H8RGtf7n6Thp3UA&utm_medium=api&utm_source=e45342b0&v=8153E7478DECFDC1171862ABD6C9D22DA42C2FBC
data scientist,Data Scientist,MANTECH,US,152608.02,152608.02,IT Jobs,2026-07-12 04:41:31+00:00,"hackajob is collaborating with MANTECH to connect them with exceptional professionals for this role. MANTECH seeks motivated, career, and customer-oriented Data Scientist for a new initiative within the National Capital Region. This effort supports the rapid design, deployment, operation, and sustainment of enterprise-scale AI, data, and mission platform capabilities across cloud, edge, and classified operational environment. This role supports mission analytics, AI-enabled workflows, predictiv…",https://www.adzuna.com/land/ad/5797755809?se=jKSp7K6H8RGtf7n6Thp3UA&utm_medium=api&utm_source=e45342b0&v=39EDD271F7A5A931A43872707392278BE60FE634
data scientist,Data Scientist,Solace,US,104705.46,104705.46,IT Jobs,2026-07-06 11:32:51+00:00,"hackajob is collaborating with Solace to connect them with exceptional professionals for this role. About Solace Healthcare in the U.S. is fundamentally broken. The system is so complex that 88% of U.S. adults do not have the health literacy necessary to navigate it without help. Solace cuts through the red tape of healthcare by pairing patients with expert advocates and giving them the tools to make better decisions—and get better outcomes. We're a Series C startup, founded in 2022 and backed …",https://www.adzuna.com/land/ad/5789984632?se=jKSp7K6H8RGtf7n6Thp3UA&utm_medium=api&utm_source=e45342b0&v=0BB1C5E8D5976B68C8109C6538AA80A51C5BDFCF
data scientist,Data Scientist,Planet Technologies,"Washington, Washington, D.C.",117302.47,117302.47,IT Jobs,2026-07-06 11:32:33+00:00,"hackajob is collaborating with Planet Technologies to connect them with exceptional professionals for this role. Key Duties: Builds, maintains, and improves dashboards, applications, and automations. Connects to APIs, system-to-system connections, and manual data transfers for ETL. Builds predictive risk models using statistical analysis. Applies AI/ML to extract insights from unstructured documentation. Develops and carries out full-service data calls, including data normalization and visualiz…",https://www.adzuna.com/land/ad/5789983699?se=jKSp7K6H8RGtf7n6Thp3UA&utm_medium=api&utm_source=e45342b0&v=8A8D5C840C43730F7EE4807D5828269EC2C96059
data scientist,Senior Data Scientist,Jobot,"Arlington, Arlington County",149080.11,149080.11,IT Jobs,2026-07-11 04:51:14+00:00,"Fintech firm hiring remote Senior Data Scientist / Generous pay  benefits /100% remote This Jobot Job is hosted by: Christine McNamara Are you a fit? Easy Apply now by clicking the ""Quick Apply"" button and sending us your resume. Salary: $130,000 - $170,000 per year A bit about us: We are seeking a Senior Data Scientist to drive advanced analytics and AI initiatives, with a strong emphasis on large language models (LLMs) and machine learning systems. This role will partner cross-functionally wi…",https://www.adzuna.com/land/ad/5796711096?se=jKSp7K6H8RGtf7n6Thp3UA&utm_medium=api&utm_source=e45342b0&v=4882C7D1B73D6E90A3B5315D08C83BFABE5B3B88
data scientist,Data Scientist,HackerEarth,US,105975.37,105975.37,IT Jobs,2026-07-21 17:01:50+00:00,"About the Role We are looking for a Data Scientist who can transform data into actionable insights and build intelligent models that drive business decisions. The ideal candidate should be comfortable working with large datasets, developing machine learning models, and leveraging Python and Generative AI tools to solve complex problems. Key Responsibilities Analyze large datasets to identify patterns, trends, and insights. Build and deploy machine learning models for prediction and optimization…",https://www.adzuna.com/land/ad/5809724333?se=jKSp7K6H8RGtf7n6Thp3UA&utm_medium=api&utm_source=e45342b0&v=ED099F51DC9CABD77D7BD0EC452E0376485BAAB6
data scientist,Data Scientist,"NasTech Global, Inc.",US,98922.63,98922.63,Scientific & QA Jobs,2026-07-22 17:05:49+00:00,"Job Title: Data Scientist Location: Remote Job Type: Contract W2 Clearance: with Active Top Secret Top Skills Strong background building and deploying machine learning models. Experience with: Predictive modeling Classification Clustering Statistical analysis Feature engineering Model evaluation Experience preparing, cleaning, and curating large datasets. Hands-on experience with Databricks preferred. Experience creating synthetic datasets is a plus. Comfortable taking models from concept throu…",https://www.adzuna.com/land/ad/5811201670?se=jKSp7K6H8RGtf7n6Thp3UA&utm_medium=api&utm_source=e45342b0&v=B2A01DD6BAF5B24C43099B5EB68A7E2E9CD584DB
data scientist,Senior GEOINT Data Scientist,ManTech International,"West Springfield, Fairfax County",140000.0,180000.0,IT Jobs,2026-07-13 19:06:09+00:00,"ManTech International seeks a Senior GEOINT Data Scientist to support critical U.S. national security missions. In this role, you will design and implement advanced geospatial analytics, fusing multi-INT data to deliver actionable insights for defense and intelligence customers. Responsibilities include building ML models, optimizing GEOINT workflows, and developing visualizations and decision-support tools. You will collaborate with mission, cyber, and engineering teams in a mission-focused, h…",https://www.adzuna.com/land/ad/5799204511?se=jKSp7K6H8RGtf7n6Thp3UA&utm_medium=api&utm_source=e45342b0&v=98E697DAA028C0E75853CE621A880653C6B8CF43
data scientist,Lead Data Scientist,LexisNexis,"Raleigh, Smith County",164090.44,164090.44,IT Jobs,2026-07-06 11:33:19+00:00,"hackajob is collaborating with LexisNexis to connect them with exceptional professionals for this role. About Us : LexisNexis, a part of RELX, is a leading global provider of legal, regulatory, and business information. We help customers increase productivity and improve decision-making and outcomes. Our 10,500 experts and innovative tools help us shape a better world for our customers and communities. About the Role : Are you looking to develop your Data Scientist career? Do you enjoy coaching…",https://www.adzuna.com/land/ad/5789986069?se=jKSp7K6H8RGtf7n6Thp3UA&utm_medium=api&utm_source=e45342b0&v=F22439E3495F86E1B7EF099DAA5CADD187385603
data scientist,Staff Data Scientist,Stord,US,144468.31,144468.31,IT Jobs,2026-07-09 04:47:53+00:00,"hackajob is collaborating with Stord to connect them with exceptional professionals for this role. Stord is The Consumer Experience Company, powering seamless checkout through delivery for today's leading brands. Stord is rapidly growing and is on track to double our revenue in the next 18 months. To meet and exceed this target, Stord is strategically scaling teams across the entire company, and seeking energetic experts to help us achieve our mission. By combining comprehensive commerce-enable…",https://www.adzuna.com/land/ad/5793895772?se=jKSp7K6H8RGtf7n6Thp3UA&utm_medium=api&utm_source=e45342b0&v=5DCC8CF8DC63E1DEA3000FB9A0532AA3FEC954E3
data scientist,Data Scientist Manager,Solace,US,128307.76,128307.76,IT Jobs,2026-07-15 16:24:37+00:00,"hackajob is collaborating with Solace to connect them with exceptional professionals for this role. About Solace Healthcare in the U.S. is fundamentally broken. The system is so complex that 88% of U.S. adults do not have the health literacy necessary to navigate it without help. Solace cuts through the red tape of healthcare by pairing patients with expert advocates and giving them the tools to make better decisions—and get better outcomes. We're a Series C startup, founded in 2022 and backed …",https://www.adzuna.com/land/ad/5801527242?se=jKSp7K6H8RGtf7n6Thp3UA&utm_medium=api&utm_source=e45342b0&v=6AEF8980D29120348B5C8E907F93AA06C476A988
data scientist,Lead Data Scientist,Stord,"Atlanta, Fulton County",189073.45,189073.45,IT Jobs,2026-07-09 04:47:53+00:00,"hackajob is collaborating with Stord to connect them with exceptional professionals for this role. Stord is The Consumer Experience Company, powering seamless checkout through delivery for today's leading brands. Stord is rapidly growing and is on track to double our revenue in the next 18 months. To meet and exceed this target, Stord is strategically scaling teams across the entire company, and seeking energetic experts to help us achieve our mission. By combining comprehensive commerce-enable…",https://www.adzuna.com/land/ad/5793895798?se=jKSp7K6H8RGtf7n6Thp3UA&utm_medium=api&utm_source=e45342b0&v=ADB8ACA0700EED98B9CB8308DFB0058FBCDDB305
data scientist,"Data Scientist, Specialist",Vanguard,"Dallas, Texas",125665.01,125665.01,IT Jobs,2026-07-08 16:10:38+00:00,hackajob is collaborating with Vanguard to connect them with exceptional professionals for this role. We're the AI Center of Excellence within the Chief Data and Analytics Office. We work on projects that enable AI practitioners build AI products quickly and confidently. We work on many open problems around AI safety and evaluations. One way that we do so is by finding vulnerabilities in Gen AI applications with an automated adversarial testing service. We're looking for people who are technica…,https://www.adzuna.com/land/ad/5792991883?se=jKSp7K6H8RGtf7n6Thp3UA&utm_medium=api&utm_source=e45342b0&v=0416309F459F9B86EA55AD828C1092C72BAC8079
data scientist,"Data Scientist, Specialist",Vanguard,"Dallas, Texas",130819.06,130819.06,IT Jobs,2026-07-06 11:33:00+00:00,"hackajob is collaborating with Vanguard to connect them with exceptional professionals for this role. Vanguard is one of the world's largest and most respected investment management companies, known for its client-centric approach, low-cost investment products, and commitment to long-term, data-driven investment strategies. Our Center for Analytics and Insights (CAI) team is actively working on advancing AI innovation and building AI driven products for our business lines. The team aims to ulti…",https://www.adzuna.com/land/ad/5789985107?se=jKSp7K6H8RGtf7n6Thp3UA&utm_medium=api&utm_source=e45342b0&v=5514BF467BE47F1F61826351FC0070F90D7506A6
data scientist,Senior Data Scientist,MANTECH,"Springfield, Effingham County",146846.95,146846.95,IT Jobs,2026-07-06 11:33:09+00:00,"hackajob is collaborating with MANTECH to connect them with exceptional professionals for this role. MANTECH seeks a motivated, career and customer-oriented Senior Data Scientist to join our team in Springfield, VA. This role is 100% on-site. The Senior Data Scientist leads the integration and application of advanced data analytics to solve complex business challenges and enhance mission security. The contractor will serve as a subject matter expert (SME), responsible for the entire lifecycle o…",https://www.adzuna.com/land/ad/5789985559?se=jKSp7K6H8RGtf7n6Thp3UA&utm_medium=api&utm_source=e45342b0&v=6767EEB99D746792453F16776F758A608EEC4591
data scientist,"Data Scientist, Specialist",Vanguard,"Frazer, Chester County",114263.69,114263.69,IT Jobs,2026-07-06 11:33:28+00:00,"hackajob is collaborating with Vanguard to connect them with exceptional professionals for this role. Performs deep dive diagnostic, predictive, and prescriptive analytics to support data-driven business decision making. Role Summary As a Data Scientist, you will help turn data into decisions by combining strong technical execution with growing business awareness and communication skills. Working alongside more senior data scientists and cross-functional partners, you will contribute to solving…",https://www.adzuna.com/land/ad/5789986556?se=jKSp7K6H8RGtf7n6Thp3UA&utm_medium=api&utm_source=e45342b0&v=351F54C520F3A0AC6F7BBE3D55753F475CC89D84
data scientist,Senior Data Scientist,MANTECH,"Springfield, Effingham County",121887.36,121887.36,IT Jobs,2026-07-06 11:32:52+00:00,"hackajob is collaborating with MANTECH to connect them with exceptional professionals for this role. MANTECH seeks a motivated, career and customer-oriented Senior Data Scientist to join our team in Springfield, VA . This is a full-time onsite position. Responsibilities include but are not limited to: Assist in the creation of the necessary data pipelines to store and process data related to emergent sensors and platforms. This includes creation of any database tables and schemas, establishing …",https://www.adzuna.com/land/ad/5789984701?se=jKSp7K6H8RGtf7n6Thp3UA&utm_medium=api&utm_source=e45342b0&v=82A6CC617E95E2AA10560F344FA7C52908019875
data scientist,Data Scientist - Insurance,Transunion,"Chicago, Cook County",96016.45,96016.45,Accounting & Finance Jobs,2026-07-09 04:47:54+00:00,"hackajob is collaborating with TransUnion to connect them with exceptional professionals for this role. TransUnion's Job Applicant Privacy Notice Personal Information We Collect Your Privacy Choices Team Overview The Data Scientist is responsible for supporting the development of analytic solutions through consulting engagements for TransUnion’s clients across a broad array of credit, fraud, insurance and marketing business applications. This position requires a general understanding of US fina…",https://www.adzuna.com/land/ad/5793895829?se=jKSp7K6H8RGtf7n6Thp3UA&utm_medium=api&utm_source=e45342b0&v=ECCE72941903CFACFAFE894003FAB37E1005C0BC
data scientist,Lead Data Scientist,Transunion,"Chicago, Cook County",131525.47,131525.47,Accounting & Finance Jobs,2026-07-09 04:47:54+00:00,"hackajob is collaborating with TransUnion to connect them with exceptional professionals for this role. TransUnion's Job Applicant Privacy Notice Personal Information We Collect Your Privacy Choices Team Overview This role reports into a Director of Data Science & Analytics. The Financial Services Analytics team is an industry recognized, client-facing department that rewards an entrepreneurial spirit. We have deep technical expertise and an established reputation as an analytic solutions provi…",https://www.adzuna.com/land/ad/5793895892?se=jKSp7K6H8RGtf7n6Thp3UA&utm_medium=api&utm_source=e45342b0&v=5E88022C2EC9CB96ECC4FF4B5C9AB180D5CD6024
data scientist,Data Scientist,"Judge Group, Inc.","Fort Sam Houston, Bexar County",231958.75,231958.75,IT Jobs,2026-04-22 14:02:04+00:00,"Location: San Antonio, TX Salary: $130,000.00 USD Annually - $150,000.00 USD Annually Description: Data Scientist Location: San Antonio, TX Full-Time About the Role We are seeking an experienced Data Scientist to join a collaborative, mission-driven technical team focused on solving complex problems through advanced analytics and innovation. This role supports data-driven decision-making in a defense-focused environment. Key Responsibilities Design and maintain scalable data pipelines and analy…",https://www.adzuna.com/land/ad/5707332846?se=jKSp7K6H8RGtf7n6Thp3UA&utm_medium=api&utm_source=e45342b0&v=CFE68C13F685BB3F998AD11FEA6ABBD2F5E784D6
data scientist,Data Scientist,GovCIO,US,135406.19,135406.19,IT Jobs,2026-04-08 13:21:20+00:00,"GovCIO is currently hiring for a Data Scientist to define the characteristics of high-quality training data . This position will be located in Fort Meade, MD and will be an onsite position. Responsibilities The Data Scientist defines the characteristics of high-quality training data required to support future AI-powered cyber models. This role focuses on feature relevance, representativeness, bias, and generalization considerations rather than model training. Early data science input during IOC…",https://www.adzuna.com/land/ad/5693336505?se=jKSp7K6H8RGtf7n6Thp3UA&utm_medium=api&utm_source=e45342b0&v=B635DF88CF1E5FF84F2E4363199242CA4E7B2166
data scientist,Data Scientist,Booz Allen Hamilton,"Oakwood, Montgomery County",159984.0,159984.0,IT Jobs,2026-07-10 17:26:03+00:00,"Job Number: R0244150 Data Scientist The Opportunity: As a data scientist, you're excited at the prospect of unlocking the secrets held by a data set, and you're fascinated by the possibilities presented by IoT, machine learning, and artificial intelligence. In an increasingly connected world, massive amounts of structured and unstructured data open new opportunities. As a data scientist at Booz Allen, you can help turn these complex data sets into useful information to solve global challenges. …",https://www.adzuna.com/land/ad/5795987155?se=jKSp7K6H8RGtf7n6Thp3UA&utm_medium=api&utm_source=e45342b0&v=C3F15EE43FEFC3FA9A8F2DC9BC1E98A4971AA89D
data scientist,Data Scientist,SAIC,"Chantilly, Fairfax County",158680.72,158680.72,"Energy, Oil & Gas Jobs",2026-03-27 10:13:38+00:00,"Job ID: T2601217 Location: Chantilly, VA, US Date Posted: 2026-03-05 Category: Engineering and Sciences Subcategory: Modeling/Sim Engr Schedule: Full-Time Shift: Day Job Travel: No Minimum Clearance Required: TS.SCI_wPoly Clearance Level Must Be Able to Obtain: None Potential for Remote Work: ORA_ON_SITE Description ? SAIC is hiring a Data Scientist to deliver Systems Engineering Technical Advisor (SETA) support a program based in Chantilly, VA. This role will contribute to the National Reconna…",https://www.adzuna.com/land/ad/5680364313?se=jKSp7K6H8RGtf7n6Thp3UA&utm_medium=api&utm_source=e45342b0&v=C3904E88DFB492166A3348CB3DB5D8F3D5C28CB3
data scientist,Data Scientist,Booz Allen Hamilton,"Haymount, Cumberland County",170316.22,170316.22,IT Jobs,2026-07-23 19:15:01+00:00,"Job Number: R0245188 Data Scientist The Opportunity: Ever-expanding technologies like IoT, machine learning, and artifi cia l intelligence are generating more structured and unstructured data than ever before. As a data scientist, you know that within this data are the patterns, trends, and insights that can drive smarter decisions and meaningful mission outcomes. We need a skilled data scientist like you to help our clients transform complex data into actionable insight that supports missions.…",https://www.adzuna.com/land/ad/5812958413?se=jKSp7K6H8RGtf7n6Thp3UA&utm_medium=api&utm_source=e45342b0&v=19CAFDECF1CA7959DBE005A1EA827FD008C34FC3
data scientist,Data Scientist,Booz Allen Hamilton,"Haymount, Cumberland County",173536.98,173536.98,IT Jobs,2026-05-04 17:57:38+00:00,"Job Number: R0239248 Data Scientist The Opportunity: Ever-expanding technologies like IoT, machine learning, and artifi cia l intelligence are generating more structured and unstructured data than ever before. As a data scientist, you know that within this data are the patterns, trends, and insights that can drive smarter decisions and meaningful mission outcomes. We need a skilled data scientist like you to help our clients transform complex data into actionable insight that supports critical …",https://www.adzuna.com/land/ad/5718880865?se=jKSp7K6H8RGtf7n6Thp3UA&utm_medium=api&utm_source=e45342b0&v=2B9DEDB3BB0DB1F9DAF22108A80BD06A59239B1B
data scientist,Data Scientist,Booz Allen Hamilton,"Haymount, Cumberland County",177921.55,177921.55,IT Jobs,2026-07-13 17:33:40+00:00,"Job Number: R0244243 Data Scientist The Opportunity: Ever-expanding technologies like IoT, machine learning, and artifi cia l intelligence are generating more structured and unstructured data than ever before. As a data scientist, you know that within this data are the patterns, trends, and insights that can drive smarter decisions and meaningful mission outcomes. We need a skilled data scientist like you to help our clients transform complex data into actionable insight that supports critical …",https://www.adzuna.com/land/ad/5799135004?se=jKSp7K6H8RGtf7n6Thp3UA&utm_medium=api&utm_source=e45342b0&v=A5FF12AE995557DC8E7D57300C6D2E9966BF6E8C
data scientist,Data Scientist,Booz Allen Hamilton,"Haymount, Cumberland County",174708.67,174708.67,IT Jobs,2026-07-06 19:13:12+00:00,"Job Number: R0243800 Data Scientist The Opportunity: Ever-expanding technologies like IoT, machine learning, and artifi cia l intelligence are generating more structured and unstructured data than ever before. As a data scientist, you know that within this data are the patterns, trends, and insights that can drive smarter decisions and meaningful mission outcomes. We need a skilled data scientist like you to help our clients transform complex data into actionable insight that supports critical …",https://www.adzuna.com/land/ad/5790376081?se=jKSp7K6H8RGtf7n6Thp3UA&utm_medium=api&utm_source=e45342b0&v=A5FA02B1CFA377B72F08C3D29AA1EDF1FCD269FF
data scientist,Data Scientist,Booz Allen Hamilton,"Trade, Alexandria City",181057.73,181057.73,IT Jobs,2026-06-05 06:11:06+00:00,"Job Number: R0241573 Data Scientist The Opportunity: In this role, you will apply data science techniques and met hods and leverage a suite of data-driven tools to aid the client's service leadership and subject matter experts to increase decision space, understand strategic risk, and develop courses of action. Employ expert judgment, adaptable met hodologies, repeatable analytic processes, and enterprise-wide collaboration to provide routine, spe cia l interest, and alert-triggered campaign as…",https://www.adzuna.com/land/ad/5753069215?se=jKSp7K6H8RGtf7n6Thp3UA&utm_medium=api&utm_source=e45342b0&v=028D0F39A8EA182765ED453304E6627667B7DF9A
data scientist,Data Scientist,SAIC,"Pimmit, Fairfax County",180540.45,180540.45,IT Jobs,2026-07-10 03:15:42+00:00,"Job ID: 2614424 Location: McLean, VA, US Date Posted: 2026-07-09 Category: Information Technology Subcategory: Data Scientist Schedule: Full-Time Shift: Day Job Travel: No Minimum Clearance Required: TS.SCI_wPoly Clearance Level Must Be Able to Obtain: None Potential for Remote Work: ORA_ON_SITE Description SAIC is seeking a Data Scientist to join our team to provide Subject Matter expertise and support specializing in natural language(NLP) processing and associated data preparation. The ideal …",https://www.adzuna.com/land/ad/5795192584?se=jKSp7K6H8RGtf7n6Thp3UA&utm_medium=api&utm_source=e45342b0&v=F6B10CD796B7080FBBC0C368804C3BDB0265F628
data scientist,Data Scientist,SAIC,"Pimmit, Fairfax County",181304.12,181304.12,IT Jobs,2026-07-10 03:15:42+00:00,"Job ID: 2614430 Location: McLean, VA, US Date Posted: 2026-07-09 Category: Information Technology Subcategory: Data Scientist Schedule: Full-Time Shift: Day Job Travel: No Minimum Clearance Required: TS.SCI_wPoly Clearance Level Must Be Able to Obtain: None Potential for Remote Work: ORA_ON_SITE Description SAIC is seeking a Data Scientist to join our team to provide support specializing in natural language(NLP) processing and associated data preparation. The ideal candidate will have experienc…",https://www.adzuna.com/land/ad/5795192583?se=jKSp7K6H8RGtf7n6Thp3UA&utm_medium=api&utm_source=e45342b0&v=C30C935131DE34EC96EA78DCCF9C1D4AC277DA9E
data scientist,Data Scientist,SAIC,"Pimmit, Fairfax County",217248.55,217248.55,IT Jobs,2026-03-27 10:10:32+00:00,"Job ID: T2600315 Location: McLean, VA, US Date Posted: 2026-03-05 Category: Information Technology Subcategory: Data Scientist Schedule: Full-Time Shift: Day Job Travel: No Minimum Clearance Required: TS.SCI_wPoly Clearance Level Must Be Able to Obtain: None Potential for Remote Work: ORA_ON_SITE Description ? SAIC is seeking a Data Scientist to provide specialized support across multiple projects from a Team of Systems Integrators and Data Scientists. In this role you would work on an IT Resou…",https://www.adzuna.com/land/ad/5680354238?se=jKSp7K6H8RGtf7n6Thp3UA&utm_medium=api&utm_source=e45342b0&v=513A6410CC21648E55AF23785C30C497DFF13462
data scientist,Data Scientist,SAIC,"Haymount, Cumberland County",113347.77,113347.77,IT Jobs,2026-06-30 02:54:06+00:00,"Job ID: 2614080 Location: Fayetteville, NC, US Date Posted: 2026-07-13 Category: Information Technology Subcategory: Data Scientist Schedule: Full-Time Shift: Day Job Travel: Yes - 25% of the time Minimum Clearance Required: Interim_Secret Clearance Level Must Be Able to Obtain: Secret Potential for Remote Work: ORA_ON_SITE Description SAIC is seeking a Data Scientist to join our team at Fort Bragg, North Carolina to support our Advanced Analytics Team to utilize the Army Vantage Data Analytics…",https://www.adzuna.com/land/ad/5781884848?se=jKSp7K6H8RGtf7n6Thp3UA&utm_medium=api&utm_source=e45342b0&v=4FA9F6AD91B79E045312E39534EF7B076C76EE0B
data scientist,Data Scientist,Booz Allen Hamilton,"State Farm, Arlington County",154526.1,154526.1,IT Jobs,2026-06-11 19:01:32+00:00,"Job Number: R0242009 Data Scientist The Opportunity: As a data scientist, you're excited at the prospect of unlocking the secrets held by a data set, and you're fascinated by the possibilities presented by IoT, machine learning, and artifi cia l intelligence. In an increasingly connected world, massive amounts of structured and unstructured data open new opportunities. As a data scientist at Booz Allen, you can help turn these complex data sets into useful information to solve global challenges…",https://www.adzuna.com/land/ad/5760666257?se=jKSp7K6H8RGtf7n6Thp3UA&utm_medium=api&utm_source=e45342b0&v=C4AC872F4C554D4FF0A899329581CE520AFB81E6
data scientist,Data Scientist,Booz Allen Hamilton,"Trade, Alexandria City",153264.64,153264.64,IT Jobs,2026-06-05 06:21:26+00:00,"Job Number: R0241528 Data Scientist The Opportunity: As a data scientist, you're excited at the prospect of unlocking the secrets held by a data set, and you're fascinated by the possibilities presented by IoT, machine learning, and artificial intelligence. In an increasingly connected world, massive amounts of structured and unstructured data open new opportunities. As a data scientist at Booz Allen, you can help turn these complex data sets into useful information to solve global challenges. …",https://www.adzuna.com/land/ad/5753094282?se=jKSp7K6H8RGtf7n6Thp3UA&utm_medium=api&utm_source=e45342b0&v=343793F57E8A6D15761EAD3334BAB87A37BFC08B
data scientist,Data Scientist,Booz Allen Hamilton,"Pimmit, Fairfax County",147514.8,147514.8,IT Jobs,2026-05-05 17:57:47+00:00,"Job Number: R0236797 Data Scientist The Opportunity: As a data scientist, you're excited at the prospect of unlocking the secrets held by a data set, and you're fascinated by the possibilities presented by IoT, machine learning, and artifi cia l intelligence. In an increasingly connected world, massive amounts of structured and unstructured data open new opportunities. As a data scientist at Booz Allen, you can help turn these complex data sets into useful information to solve global challenges…",https://www.adzuna.com/land/ad/5719863015?se=jKSp7K6H8RGtf7n6Thp3UA&utm_medium=api&utm_source=e45342b0&v=442249194130B83FB183FAC982D80DFF8D12CD67
data scientist,Data Scientist,Booz Allen Hamilton,"Hampton Roads, Hampton City",168076.9,168076.9,IT Jobs,2026-06-22 17:22:47+00:00,"Job Number: R0242661 Data Scientist The Opportunity: As a data scientist, you're excited at the prospect of unlocking the secrets held by a data set, and you're fascinated by the possibilities presented by IoT, machine learning, and artifi cia l intelligence. In an increasingly connected world, massive amounts of structured and unstructured data open new opportunities. As a data scientist at Booz Allen, you can help turn these complex data sets into useful information to solve global challenges…",https://www.adzuna.com/land/ad/5772875144?se=jKSp7K6H8RGtf7n6Thp3UA&utm_medium=api&utm_source=e45342b0&v=835A5457EE0156F5B4BBF5EB99A76813EB5A6EFC
data scientist,Data Scientist,Booz Allen Hamilton,"Fort George G Meade, Anne Arundel County",117651.91,117651.91,IT Jobs,2026-03-27 10:13:49+00:00,"Job Number: R0234832 Data Scientist The Opportunity: As a data scientist, you're excited at the prospect of unlocking the secrets held by a data set, and you're fascinated by the possibilities presented by IoT, machine learning, and artifi cia l intelligence. In an increasingly connected world, massive amounts of structured and unstructured data open new opportunities. As a data scientist at Booz Allen, you can help turn these complex data sets into useful information to solve global challenges…",https://www.adzuna.com/land/ad/5680364973?se=jKSp7K6H8RGtf7n6Thp3UA&utm_medium=api&utm_source=e45342b0&v=C62EFB187C2682B14DAF4C293DA7F2EBFF33AF57
data scientist,Data Scientist,Booz Allen Hamilton,"Trade, Alexandria City",172155.64,172155.64,IT Jobs,2026-06-02 18:07:18+00:00,"Job Number: R0241418 Data Scientist The Opportunity: As a data scientist, you're excited at the prospect of unlocking the secrets held by a data set, and you're fascinated by the possibilities presented by IoT, machine learning, and artificial intelligence. In an increasingly connected world, massive amounts of structured and unstructured data open new opportunities. As a data scientist at Booz Allen, you can help turn these complex data sets into useful information to solve global challenges. …",https://www.adzuna.com/land/ad/5749750406?se=jKSp7K6H8RGtf7n6Thp3UA&utm_medium=api&utm_source=e45342b0&v=597F48069FAEF24AD3C4C0D986FADB19E5411304
data scientist,Data Scientist,Booz Allen Hamilton,"Seaside, Monterey County",142397.66,142397.66,IT Jobs,2026-07-16 17:53:05+00:00,"Job Number: R0243945 Data Scientist The Opportunity: As a data scientist, you're excited at the prospect of unlocking the secrets held by a data set, and you're fascinated by the possibilities presented by IoT, machine learning, and artificial intelligence. In an increasingly connected world, massive amounts of structured and unstructured data open new opportunities. As a data scientist at Booz Allen, you can help turn these complex data sets into useful information to solve global challenges. …",https://www.adzuna.com/land/ad/5803828065?se=jKSp7K6H8RGtf7n6Thp3UA&utm_medium=api&utm_source=e45342b0&v=5D815EB0AA0B808D492C348D3E6221D4F7BAFE36
data scientist,Data Scientist,Booz Allen Hamilton,"Fort George G Meade, Anne Arundel County",119380.84,119380.84,IT Jobs,2026-03-27 10:10:37+00:00,"Job Number: R0234833 Data Scientist The Opportunity: As a data scientist, you're excited at the prospect of unlocking the secrets held by a data set, and you're fascinated by the possibilities presented by IoT, machine learning, and artifi cia l intelligence. In an increasingly connected world, massive amounts of structured and unstructured data open new opportunities. As a data scientist at Booz Allen, you can help turn these complex data sets into useful information to solve global challenges…",https://www.adzuna.com/land/ad/5680354480?se=jKSp7K6H8RGtf7n6Thp3UA&utm_medium=api&utm_source=e45342b0&v=9BC57FBAF6A8109E2AFEEB82DAD1592330F321D9
data scientist,Data Scientist,Booz Allen Hamilton,"State Farm, Arlington County",162148.4,162148.4,IT Jobs,2026-07-22 07:03:49+00:00,"Job Number: R0245016 Data Scientist The Opportunity: As a data scientist, you're excited at the prospect of unlocking the secrets held by a data set, and you're fascinated by the possibilities presented by IoT, machine learning, and artifi cia l intelligence (AI). In an increasingly connected world, massive amounts of structured and unstructured data open new opportunities. As a data scientist at Booz Allen, you can help turn these complex data sets into useful information to solve global chall…",https://www.adzuna.com/land/ad/5810829959?se=jKSp7K6H8RGtf7n6Thp3UA&utm_medium=api&utm_source=e45342b0&v=CF6ACF040841D06B5626AD12A3BEC52543ED595F
data scientist,Data Scientist,Booz Allen Hamilton,"Pimmit, Fairfax County",148077.19,148077.19,IT Jobs,2026-07-14 17:39:53+00:00,"Job Number: R0229817 Data Scientist The Opportunity: As a data scientist, you're excited at the prospect of unlocking the secrets held by a data set, and you're fascinated by the possibilities presented by IoT, machine learning, and artifi cia l intelligence. In an increasingly connected world, massive amounts of structured and unstructured data open new opportunities. As a data scientist at Booz Allen, you can help turn these complex data sets into useful information to solve global challenges…",https://www.adzuna.com/land/ad/5800323557?se=jKSp7K6H8RGtf7n6Thp3UA&utm_medium=api&utm_source=e45342b0&v=046FCBDF023D306D8CD6D948C3E7D3A4E4EF1E11
data scientist,Data Scientist,Booz Allen Hamilton,"Stafford, Stafford County",146773.03,146773.03,IT Jobs,2026-05-15 19:47:16+00:00,"Job Number: R0240206 Data Scientist The Opportunity: As a data scientist, you're excited at the prospect of unlocking the secrets held by a data set, and you're fascinated by the possibilities presented by IoT, machine learning, and artificial intelligence. In an increasingly connected world, massive amounts of structured and unstructured data open new opportunities. As a data scientist at Booz Allen, you can help turn these complex data sets into useful information to solve global challenges. …",https://www.adzuna.com/land/ad/5730842577?se=NAR-7a6H8RG3tOkLR0Zx3w&utm_medium=api&utm_source=e45342b0&v=777602D0ED46CF2281E15087D583015D4615D540
data scientist,Data Scientist,Booz Allen Hamilton,"Chantilly, Fairfax County",129330.0,129330.0,IT Jobs,2026-07-10 17:26:03+00:00,"Job Number: R0244172 Data Scientist The Opportunity: As a data scientist, you're excited at the prospect of unlocking the secrets held by a data set, and you're fascinated by the possibilities presented by IoT, machine learning, and artifi cia l intelligence. In an increasingly connected world, massive amounts of structured and unstructured data open new opportunities. As a data scientist at Booz Allen, you can help turn these complex data sets into useful information to solve global challenges…",https://www.adzuna.com/land/ad/5795987150?se=NAR-7a6H8RG3tOkLR0Zx3w&utm_medium=api&utm_source=e45342b0&v=0501171CFD359817C30E3C66E69579D61894A23D
data scientist,Data Scientist,Booz Allen Hamilton,"Trade, Alexandria City",135972.33,135972.33,IT Jobs,2026-06-09 06:45:42+00:00,"Job Number: R0241357 Data Scientist The Opportunity: As a data scientist, you're excited at the prospect of unlocking the secrets held by a data set, and you're fascinated by the possibilities presented by IoT, machine learning, and artificial intelligence. In an increasingly connected world, massive amounts of structured and unstructured data open new opportunities. As a data scientist at Booz Allen, you can help turn these complex data sets into useful information to solve global challenges. …",https://www.adzuna.com/land/ad/5757106432?se=NAR-7a6H8RG3tOkLR0Zx3w&utm_medium=api&utm_source=e45342b0&v=F730055AC46A14C4FDD766254B7C0402C65DA35D
data scientist,Data Scientist,Booz Allen Hamilton,"Stafford, Stafford County",135720.08,135720.08,IT Jobs,2026-06-29 19:00:20+00:00,"Job Number: R0237900 Data Scientist The Opportunity: As a data scientist, you're excited at the prospect of unlocking the secrets held by a data set, and you're fascinated by the possibilities presented by IoT, machine learning, and artificial intelligence. In an increasingly connected world, massive amounts of structured and unstructured data open new opportunities. As a data scientist at Booz Allen, you can help turn these complex data sets into useful information to solve global challenges. …",https://www.adzuna.com/land/ad/5781499894?se=NAR-7a6H8RG3tOkLR0Zx3w&utm_medium=api&utm_source=e45342b0&v=ECCD61647DDB2198CE5E734E09D3E9449F743A73
data scientist,Data Scientist,Booz Allen Hamilton,"State Farm, Arlington County",160921.55,160921.55,IT Jobs,2026-06-11 18:56:56+00:00,"Job Number: R0242010 Data Scientist The Opportunity: As a data scientist, you're excited at the prospect of unlocking the secrets held by a data set, and you're fascinated by the possibilities presented by IoT, machine learning, and artifi cia l intelligence. In an increasingly connected world, massive amounts of structured and unstructured data open new opportunities. As a data scientist at Booz Allen, you can help turn these complex data sets into useful information to solve global challenges…",https://www.adzuna.com/land/ad/5760650278?se=NAR-7a6H8RG3tOkLR0Zx3w&utm_medium=api&utm_source=e45342b0&v=B934FC5E46055B5BA8C06CF83E1F5A7ACFE01667
data scientist,Data Scientist,Booz Allen Hamilton,"Chantilly, Fairfax County",114549.33,114549.33,IT Jobs,2026-07-03 07:13:11+00:00,"Job Number: R0243682 Data Scientist The Opportunity: As a data scientist, you're excited at the prospect of unlocking the secrets held by a data set, and you're fascinated by the possibilities presented by IoT, machine learning, and artifi cia l intelligence. In an increasingly connected world, massive amounts of structured and unstructured data open new opportunities. As a data scientist at Booz Allen, you can help turn these complex data sets into useful information to solve global challenges…",https://www.adzuna.com/land/ad/5786753167?se=NAR-7a6H8RG3tOkLR0Zx3w&utm_medium=api&utm_source=e45342b0&v=5899B765BD45E2B826E7DEFCDAB9ACED03C03043
data scientist,Data Scientist,Booz Allen Hamilton,"Mount Rainier, Prince George's County",157725.69,157725.69,IT Jobs,2026-07-03 07:24:20+00:00,"Job Number: R0243614 Data Scientist The Opportunity: As a data scientist, you're excited at the prospect of unlocking the secrets held by a data set, and you're fascinated by the possibilities presented by IoT, machine learning, and artificial intelligence. In an increasingly connected world, massive amounts of structured and unstructured data open new opportunities. As a data scientist at Booz Allen, you can help turn these complex data sets into useful information to solve global challenges. …",https://www.adzuna.com/land/ad/5786761794?se=NAR-7a6H8RG3tOkLR0Zx3w&utm_medium=api&utm_source=e45342b0&v=F67C839EB4152D4A6F19CF7A0949F9C92C86A9FD
data scientist,Data Scientist,Booz Allen Hamilton,"Mount Rainier, Prince George's County",171923.66,171923.66,IT Jobs,2026-06-23 19:19:08+00:00,"Job Number: R0242769 Data Scientist The Opportunity: As a data scientist, you're excited at the prospect of unlocking the secrets held by a data set, and you're fascinated by the possibilities presented by IoT, machine learning, and artifi cia l intelligence. In an increasingly connected world, massive amounts of structured and unstructured data open new opportunities. As a data scientist at Booz Allen, you can help turn these complex data sets into useful information to solve global challenges…",https://www.adzuna.com/land/ad/5774147220?se=NAR-7a6H8RG3tOkLR0Zx3w&utm_medium=api&utm_source=e45342b0&v=B8CA296B191E5870F629D4336CE3993EE5B3E5F0
data scientist,Data Scientist,SAIC,"Mount Rainier, Prince George's County",175655.28,175655.28,IT Jobs,2026-07-16 03:42:23+00:00,"Job ID: 2614568 Location: Washington, DC, US Date Posted: 2026-07-14 Category: Information Technology Subcategory: Data Scientist Schedule: Full-Time Shift: Day Job Travel: No Minimum Clearance Required: Secret Clearance Level Must Be Able to Obtain: None Potential for Remote Work: ORA_HYBRID Description We are seeking a Data Scientist - Enterprise Data and AI Solutions to join our Hyperautomation team. This role is designed for an analytically curious, technically versatile data scientist who …",https://www.adzuna.com/land/ad/5802434730?se=NAR-7a6H8RG3tOkLR0Zx3w&utm_medium=api&utm_source=e45342b0&v=DA6EDF08A2C40AD6D4DCFD513CE3A3E06AC946EF
data scientist,Data Scientist,Booz Allen Hamilton,"State Farm, Arlington County",150719.22,150719.22,IT Jobs,2026-06-02 05:35:16+00:00,"Job Number: R0241242 Data Scientist The Opportunity: As a data scientist, you're excited at the prospect of unlocking the secrets held by a data set, and you're fascinated by the possibilities presented by IoT, machine learning, and artifi cia l intelligence ( AI ) . In an increasingly connected world, massive amounts of structured and unstructured data open new opportunities. As a Data Scientist at Booz Allen, you can help turn these complex data sets into useful information to solve global ch…",https://www.adzuna.com/land/ad/5748984635?se=NAR-7a6H8RG3tOkLR0Zx3w&utm_medium=api&utm_source=e45342b0&v=6EAB38DA92F49E6DF2889165505B7ED5DF092313
data scientist,Data Scientist,9th Way Insignia,"Mount Rainier, Prince George's County",189589.86,189589.86,IT Jobs,2026-05-15 19:47:28+00:00,"9th Way Insignia is a service-disabled, veteran-owned small business bringing transformative technology to our government customers so they can achieve their missions. Our specialties include cybersecurity, cloud modernization, software development, data analytics, enterprise architecture, enterprise IT, analytics, process automation, and artificial intelligence. Learn more about 9th Way Insignia at Application password: Niner 9th Way Insignia is seeking a Data Scientist to support a government…",https://www.adzuna.com/land/ad/5730842668?se=NAR-7a6H8RG3tOkLR0Zx3w&utm_medium=api&utm_source=e45342b0&v=4C401301A94A6CF59148196B60CBE5BE3041CCDC
data scientist,Data Scientist,SAIC,"Chantilly, Fairfax County",165303.62,165303.62,Engineering Jobs,2026-06-30 02:54:07+00:00,"Job ID: 2614085 Location: Chantilly, VA, US Date Posted: 2026-07-07 Category: Engineering and Sciences Subcategory: Modeling/Sim Engr Schedule: Full-Time Shift: Day Job Travel: No Minimum Clearance Required: TS.SCI_wPoly Clearance Level Must Be Able to Obtain: None Potential for Remote Work: ORA_ON_SITE Description SAIC is seeking a Data Scientist to provide Systems Engineer Technical Advisor (SETA) services for a critical position on SAIC's Prime Program, Landmark AOS. Landmark AOS is a large …",https://www.adzuna.com/land/ad/5781884951?se=NAR-7a6H8RG3tOkLR0Zx3w&utm_medium=api&utm_source=e45342b0&v=09D37B8462AAD2B727813670B55F8EC303350B11
data scientist,Data Scientist,SAIC,"North Springfield, Fairfax County",106482.11,106482.11,IT Jobs,2026-05-08 04:11:16+00:00,"Job ID: 2612195 Location: Springfield, VA, US Date Posted: 2026-05-07 Category: Information Technology Subcategory: Data Scientist Schedule: Full-Time Shift: Day Job Travel: No Minimum Clearance Required: TS.SCI Clearance Level Must Be Able to Obtain: TS/SCI with Poly Potential for Remote Work: ORA_ON_SITE Description The Data Scientist will apply their technical and analytical capabilities to support key business and security objectives. This role involves collaborating with stakeholders to cl…",https://www.adzuna.com/land/ad/5722742507?se=NAR-7a6H8RG3tOkLR0Zx3w&utm_medium=api&utm_source=e45342b0&v=375969B1D4CCCF3FEF0A029F6EA7C9501E3A48D1
data scientist,Data Scientist,QinetiQ US,"Mount Rainier, Prince George's County",161210.64,161210.64,IT Jobs,2026-07-09 19:31:44+00:00,"Company Overview We are a world-class team of professionals who deliver next generation technology and products in robotic and autonomous platforms, ground, soldier, and maritime systems in 50 locations world-wide. Much of our work contributes to innovative research in the fields of sensor science, signal processing, data fusion, artificial intelligence (AI), machine learning (ML), and augmented reality (AR). QinetiQ US's dedicated experts in defense, aerospace, security, and related fields all…",https://www.adzuna.com/land/ad/5794838585?se=NAR-7a6H8RG3tOkLR0Zx3w&utm_medium=api&utm_source=e45342b0&v=23527E3E0C57E0B1984287FFEC72569D20335671
data scientist,Data Scientist,Randstad Digital,"Milton, Fulton County",103083.53,103083.53,IT Jobs,2026-07-10 19:22:14+00:00,"job summary: Are you a hands-on technical professional passionate about leveraging machine learning to drive environmental sustainability and resource efficiency? A premier utility intelligence organization is seeking a Data Scientist to join their team in a direct-hire capacity. In this hybrid role located in Duluth, Georgia, you will dive deep into large-scale IoT data, building predictive models and analytical solutions that optimize utility operations. We offer a comprehensive benefits pack…",https://www.adzuna.com/land/ad/5796292848?se=NAR-7a6H8RG3tOkLR0Zx3w&utm_medium=api&utm_source=e45342b0&v=C6438360D581C92725C9B6E8156FF26E7097E3B5
data scientist,Data Scientist,Penske Truck Leasing,"Wyomissing Hills, Berks County",93575.66,93575.66,IT Jobs,2026-06-05 14:19:30+00:00,"Position Summary: Supports Penske's Procurement & Fleet Planning team by developing and delivering advanced analytics, reporting, and data science solutions that support fleet planning, vehicle acquisition, replacement planning, lifecycle analysis, procurement strategy, supplier performance, residual value analysis, and operational efficiency. The incumbent will be responsible for converting raw data from multiple sources into actionable business intelligence through data evaluation, ETL develo…",https://www.adzuna.com/land/ad/5753357272?se=NAR-7a6H8RG3tOkLR0Zx3w&utm_medium=api&utm_source=e45342b0&v=80DCC63A8CC011772EEBDF9E5FFAA03E1F02342C
data scientist,Data Scientist,LinTech Global Inc.,"State Farm, Arlington County",105915.95,105915.95,IT Jobs,2026-06-05 19:55:53+00:00,"Dexian Government Solutions is recruiting for a Data Scientist to support our contract at the USPSOIG in Arlington, Virginia. Position Description Works independently and within teams to use the necessary data extraction, manipulation, and aggregation techniques to prepare, clean, normalize, and validate data to complete varied projects and tasks. Researches, designs, and develops visualization solutions using a range of methods which support investigative and audit products. Designs experiment…",https://www.adzuna.com/land/ad/5753742988?se=NAR-7a6H8RG3tOkLR0Zx3w&utm_medium=api&utm_source=e45342b0&v=E8A4298037C8021AF14EAE3400B350478D1B8CAD
data scientist,Data Scientist,LinTech Global Inc.,"State Farm, Arlington County",122364.53,122364.53,IT Jobs,2026-06-30 18:59:41+00:00,"Dexian Government Solutions is recruiting for a Data Scientist to support our contract at the USPSOIG in Arlington, Virginia. Position Description Works independently and within teams to use the necessary data extraction, manipulation, and aggregation techniques to prepare, clean, normalize, and validate data to complete varied projects and tasks. Researches, designs, and develops visualization solutions using a range of methods which support investigative and audit products. Designs experiment…",https://www.adzuna.com/land/ad/5782614970?se=NAR-7a6H8RG3tOkLR0Zx3w&utm_medium=api&utm_source=e45342b0&v=339DB2B35CBA132A24018373CAF78C6BB0E24667
data scientist,Data Scientist,SAIC,"Pimmit, Fairfax County",116046.7,116046.7,IT Jobs,2026-07-10 03:20:50+00:00,"Job ID: 2614421 Location: McLean, VA, US Date Posted: 2026-07-09 Category: Information Technology Subcategory: Data Scientist Schedule: Full-Time Shift: Day Job Travel: No Minimum Clearance Required: TS.SCI_wPoly Clearance Level Must Be Able to Obtain: None Potential for Remote Work: ORA_ON_SITE Description SAIC is seeking a Lead Data Scientist to join our Data Modeling Team. This position is located in Mclean, VA and requires a TS/SCI with polygraph. Qualifications Bachelors and fourteen (14) …",https://www.adzuna.com/land/ad/5795200467?se=NAR-7a6H8RG3tOkLR0Zx3w&utm_medium=api&utm_source=e45342b0&v=E38727F7610250C99B8E6681732756A0E05D49D7
data scientist,Data Scientist,Software Technology Inc,"Times Square, King County",130451.04,130451.04,IT Jobs,2026-07-21 16:58:52+00:00,"We are seeking an experienced Data Scientist with expertise in Agentic AI and Microsoft AI technologies to join our team. If you're interested please share updated resume Job Title: Data Scientist Agentic AI Location: Remote work Duration: Contract (C2C) Microsoft Fabric , Data scientist, Agentic AI Experience15 Years Start Date: ASAP Job Description ideal candidate will have strong experience building AI-driven solutions, developing machine learning models, and leveraging Microsoft's AI ecosys…",https://www.adzuna.com/land/ad/5809712375?se=NAR-7a6H8RG3tOkLR0Zx3w&utm_medium=api&utm_source=e45342b0&v=833353EC068ED2902C04351847254DB0BF220791
data scientist,Data Scientist,TechYantram Solutions,"South Boston, Suffolk County",114080.33,114080.33,IT Jobs,2026-07-02 19:20:32+00:00,"Data Scientist Introduction: As a Data Scientist, you will be responsible for analyzing complex data sets to inform business decisions and drive strategy. You will work closely with cross-functional teams to identify trends, build predictive models, and develop data-driven solutions. Responsibilities: Utilize advanced statistical and machine learning techniques to analyze and interpret data. Develop and implement algorithms to extract insights from large data sets. Build predictive models to fo…",https://www.adzuna.com/land/ad/5786127884?se=NAR-7a6H8RG3tOkLR0Zx3w&utm_medium=api&utm_source=e45342b0&v=F7295563A1CFD49759A7A301FC2B7595394757E9
data scientist,Data Scientist,Aivra Health LLC,"Schiller Park, Cook County",134519.62,134519.62,IT Jobs,2026-07-14 13:33:07+00:00,"Data Scientist Location: New York, NY, USA (Hybrid/On-site/Remote) Job Type: Full-Time About the Role We are seeking a talented Data Scientist to analyze complex datasets, build predictive models, and generate actionable business insights. You will collaborate with cross-functional teams to develop data-driven solutions that improve products and business performance. Key Responsibilities Analyze structured and unstructured datasets. Build predictive and statistical models. Develop machine learn…",https://www.adzuna.com/land/ad/5800166886?se=NAR-7a6H8RG3tOkLR0Zx3w&utm_medium=api&utm_source=e45342b0&v=1FD6628A4D117EC76EB44FF08F65BA88FC6BC9E9
data scientist,Data Scientist,"DatamanUSA, LLC","Wake Island, Honolulu",136577.03,136577.03,IT Jobs,2026-07-16 13:37:24+00:00,"DatamanUSA is looking for a Data Scientist for our direct client based in HI. This is a great opportunity for someone who is a quick learner with excellent people skills. Job Details: Job Title: Data Scientist Location: Honolulu, HI Duration: 12 months Key Responsibilities: *) Analyze Google CES CCaaS / CCAIP interaction data in BigQuery to optimize call routing, channel strategy, and service outcomes using historical patterns, time-of-day trends, and customer profiles. *) Analyze unstructured …",https://www.adzuna.com/land/ad/5803518583?se=NAR-7a6H8RG3tOkLR0Zx3w&utm_medium=api&utm_source=e45342b0&v=40A9AE0AF90DBB082416180B7464D17F15D1D909
data scientist,Data Scientist,"ADG Tech Consulting, LLC.",US,121764.09,121764.09,IT Jobs,2026-07-20 13:17:52+00:00,"Job Title: Data Scientist Location: Remote Customer: USCIS Clearance Requirement: U.S. Citizenship Required; Active Public Trust or ability to obtain DHS suitability Overview: We are seeking a highly skilled Data Scientist to join our team and drive data-driven decision-making through advanced analytics, automation, and intelligent solutions. The ideal candidate will have strong expertise in Python , Databricks , and automation frameworks , with hands-on experience in UiPath for process optimiz…",https://www.adzuna.com/land/ad/5808315380?se=NAR-7a6H8RG3tOkLR0Zx3w&utm_medium=api&utm_source=e45342b0&v=B04486EEF966970F6471904A77CCB987581654A7
data scientist,Data Scientist,Wise Equation Solutions Inc.,"Newark, Essex County",134041.84,134041.84,IT Jobs,2026-07-16 15:42:07+00:00,"Role Overview We are looking for a skilled Data Scientist to join our team. You will work on large-scale datasets, build and deploy predictive models, and contribute to data engineering activities. The ideal candidate has a strong foundation in mathematics and statistics, hands-on experience with distributed computing, and the ability to communicate insights to non-technical stakeholders. Must-Have Requirements 3–5 years of experience as a Data Scientist or similar role Strong hands-on experien…",https://www.adzuna.com/land/ad/5803567221?se=NAR-7a6H8RG3tOkLR0Zx3w&utm_medium=api&utm_source=e45342b0&v=3204305F8199BB1FD00D3DE6F21C961678D9EB57
data scientist,Data Scientist,"Maxonic, Inc.","Santa Clara, Santa Clara County",148428.39,148428.39,IT Jobs,2026-06-26 20:29:47+00:00,"Maxonic maintains a close and long-term relationship with our direct client. In support of their needs, we are looking for a Data Scientist Job Title: Data Scientist Job Type: Fulltime Job Location: Santa Clara, CA Work Schedule: Hybrid 4 days onsite We are seeking a talented and motivated Data Scientist to join our Machine Learning team. In this role, you will contribute to a wide range of data-driven projects, from exploratory data analysis to building and deploying machine learning models fo…",https://www.adzuna.com/land/ad/5778383004?se=NAR-7a6H8RG3tOkLR0Zx3w&utm_medium=api&utm_source=e45342b0&v=DD2B8B5956F9C2251A6C6C8C6F3194A5AF334DFA
data scientist,Data Scientist,SPECTRAFORCE TECHNOLOGIES Inc.,"San Ramon, Contra Costa County",213713.23,213713.23,IT Jobs,2026-06-23 15:14:12+00:00,"Data Scientist San Ramon, CA(Hybrid : 1-2 days in a week) 12 months In-person Interview is required *LOCAL CANDIDATES ONLY will need to be able to travel to our local bay area office locations. The role is Hybrid - 20% will be once a week reporting but not limited to Dublin innovation or Bay Area office. Interview Readiness :Please only submit candidates that are avaliable for interviews in-person within 2 weeks from when application is submitted. All interviews will be in-person no exceptions.…",https://www.adzuna.com/land/ad/5773844533?se=NAR-7a6H8RG3tOkLR0Zx3w&utm_medium=api&utm_source=e45342b0&v=415A19F9EE3C14FBB745D27DC4B9125AEBF86539
data scientist,Data Scientist,"Lorven Technologies, Inc.","Charlotte, Mecklenburg County",179295.8,179295.8,IT Jobs,2026-07-23 15:04:59+00:00,"Hi Our client is looking for a Data Scientist project in Charlotte, NC below is the detailed requirement. Job Title : Data Scientist Location : Charlotte, NC Required Skills : Amazon SageMaker, Python, Machine Learning (ML), AWS Glue, MLOps Job description: Design, develop, and implement end-to-end Machine Learning (ML) pipelines on AWS using Amazon SageMaker, AWS Glue, AWS Lambda, and Amazon S3 for scalable data processing, model training, deployment, and monitoring. Perform data collection, c…",https://www.adzuna.com/land/ad/5812602056?se=NAR-7a6H8RG3tOkLR0Zx3w&utm_medium=api&utm_source=e45342b0&v=7EE9398446B46ADB5291AC4964D0A4D19832FC8D
data scientist,Data Scientists,4 Consulting Inc,"Irving, Dallas",76297.79,76297.79,IT Jobs,2026-07-23 15:01:54+00:00,"Job Title: Data Scientists Location: Irving, TX Employer: 4Consulting, Inc Position Type: Full Time Worksite: Onsite Position Summary 4Consulting, Inc is seeking a qualified Data Scientists to support technology consulting, application development, systems analysis, testing, data management, cybersecurity, infrastructure, or project delivery services for client projects. The selected candidate will perform duties consistent with the client’s project requirements and company delivery standards. …",https://www.adzuna.com/land/ad/5812593586?se=NAR-7a6H8RG3tOkLR0Zx3w&utm_medium=api&utm_source=e45342b0&v=C14DDDBEF69F4A1EC3C1D748248789DC273E3179
data scientist,Data Scientists,4 Consulting Inc,US,95673.31,95673.31,IT Jobs,2026-07-24 11:03:34+00:00,"Job Title: Data Scientists Location: McKinney, TX Employer: 4Consulting, Inc Position Type: Full Time Worksite: Remote Position Summary 4Consulting, Inc is seeking a qualified Data Scientists to support technology consulting, application development, systems analysis, testing, data management, cybersecurity, infrastructure, or project delivery services for client projects. The selected candidate will perform duties consistent with the client’s project requirements and company delivery standards…",https://www.adzuna.com/land/ad/5813928693?se=NAR-7a6H8RG3tOkLR0Zx3w&utm_medium=api&utm_source=e45342b0&v=CE3D9A5D56ECF571BBDC443C6E0E1F049E44BF4C
data scientist,Data Scientist,Cynet Systems,"Charlotte, Mecklenburg County",126625.12,126625.12,IT Jobs,2026-07-23 14:58:05+00:00,"We are looking for Data Scientist for our client in Charlotte, NC . Job Title: Data Scientist Job Location: Charlotte, NC Job Type: Contract Job Overview: Pay Range $60hr - $65hr Requirement/Must Have: 1 years of experience in data science or related field. Strong verbal and written communication skills. Experience with machine learning frameworks and tools. Responsibilities: Design and implement end-to-end machine learning (ML) pipelines using services such as Amazon SageMaker, AWS Glue, AWS L…",https://www.adzuna.com/land/ad/5812592807?se=NAR-7a6H8RG3tOkLR0Zx3w&utm_medium=api&utm_source=e45342b0&v=F18BA1828DA0E4DD4CFF6C63F9F0FD002C75B679
data scientist,Data Scientist,BCForward,"Menlo Park, San Mateo County",174519.84,174519.84,IT Jobs,2026-06-30 23:03:35+00:00,"Job Title: Data Analytics & Engineering - Data Scientist V Location: (City, State) Duration: Contract - 6 months Pay Range: $70/hr $80/hr (W2) Job ID: 406521 About BCforward BCforward is a leading global IT consulting and workforce solutions firm providing services and support to Fortune 500 and government clients. Founded in 1998, BCforward has grown with our customers needs into a full-service business solutions provider. With delivery centers and offices across North America and India, we ta…",https://www.adzuna.com/land/ad/5782796867?se=NAR-7a6H8RG3tOkLR0Zx3w&utm_medium=api&utm_source=e45342b0&v=F2446D21FEE3B5C6BE558455C9AF5072410D4753
data scientist,Data Scientist,System One,"Lauderdale, Ramsey County",184960.27,184960.27,IT Jobs,2026-07-22 13:02:30+00:00,"Job Title: Data Scientist Location: Minneapolis, MN Job Summary: System One is seeking a Data Scientist with 5 years of hands-on experience to design, build, and deploy production-grade machine learning models. In this role, you will bridge the gap between traditional data science and software engineering by writing clean, modular Python code to build robust AI capabilities embedded directly into our enterprise products and systems. Responsibilities Design, train, and validate traditional predi…",https://www.adzuna.com/land/ad/5811089523?se=NAR-7a6H8RG3tOkLR0Zx3w&utm_medium=api&utm_source=e45342b0&v=E63B88E7B98869BB6D9729734CF1D701A9E8773A
data scientist,Data Scientist,V-Soft Consulting Group Inc,"Knoxville, Knox County",79293.12,79293.12,IT Jobs,2026-07-24 05:23:55+00:00,"Data Scientist (Hybrid) Primary Location: Knoxville, Tennessee V-Soft Consulting is currently hiring for a Data Scientist for our premier client in Knoxville, Tennessee. Education and Experience » 5 years of experience in data analytics/data science. 5 years in SQL and experience working with relational databases. 3 years of Python (pandas, NumPy, scikit-learn, etc.). 3 years building dashboards and visualizations using Tableau. Demonstrated experience in strategic data modeling and analysis. S…",https://www.adzuna.com/land/ad/5813612645?se=NAR-7a6H8RG3tOkLR0Zx3w&utm_medium=api&utm_source=e45342b0&v=D25E83711CDA50BE4973FA209559E0B8F75127B3
data scientist,Data Scientist,Purplejack Technologies LLC,"Vets Row, Peoria County",134389.36,134389.36,IT Jobs,2026-07-24 13:13:02+00:00,Position:- Data Scientist Must-Have Skills Business Analysis Cloud PowerBI Python Snowflake SQL Validation Description Required Education • BS Degree (Bachelor of Science) required • Master''s Degree is acceptable as an alternative • Associate Degree  5 years of experience accepted in lieu of BS • Internships do not count toward experience • Minimum 2 years of experience required (with BS Degree) Required Skills • Python (expertise required) • SQL (advanced querying and data manipulation) • ETL…,https://www.adzuna.com/land/ad/5814163997?se=NAR-7a6H8RG3tOkLR0Zx3w&utm_medium=api&utm_source=e45342b0&v=9F227B0F409B397E6B98E9FF7D2557BCDC71108E
data scientist,Data Scientist,Vaco by Highspring,"Pennsylvania, US",149916.44,149916.44,IT Jobs,2026-05-13 11:32:39+00:00,"Work Authorization Candidates must currently reside in the Pittsburgh area and be available for a hybrid schedule. This opportunity is for direct hire only and is not available for C2C, third-party submissions, or visa sponsorship Data Scientist We are seeking a versatile Data Scientist to join our team in Pittsburgh, PA. This is a direct hire position offering a hybrid work schedule for candidates who currently reside in the Pittsburgh area. This role is not open to C2C, visa sponsorship, or t…",https://www.adzuna.com/land/ad/5728131415?se=NAR-7a6H8RG3tOkLR0Zx3w&utm_medium=api&utm_source=e45342b0&v=A4FEFBA034A0AF479BFD2CE9427BA740EBF20D75
data scientist,Data Scientist,"Sun Technologies,Inc.",US,135234.55,135234.55,IT Jobs,2026-07-06 16:51:55+00:00,"Job Title : Data Scientist Duration : Expected to be 12 months of a contract with possible of extension. Location: Remote Pay Range : $60 - $65 hr, the pay rate may differ depending on your skills, education, experience, and other qualifications. Featured Benefits: Medical Insurance in compliance with the ACA 401(k) Sick leave in compliance with applicable state, federal, and local laws  of Positions: 0 1 Job Description: Top 5 Skills Required: Statistical programming languages such as Python o…",https://www.adzuna.com/land/ad/5790230654?se=NAR-7a6H8RG3tOkLR0Zx3w&utm_medium=api&utm_source=e45342b0&v=90BCFC0D1475CC7AE923C20076995FFFA2878DBF
data scientist,Data Scientist,Adtech,"Sterling, Loudoun County",124487.7,124487.7,Engineering Jobs,2026-07-13 11:43:51+00:00,"Each day U.S. Customs and Border Protection (CBP) oversees the massive flow of people, capital, and products that enter and depart the United States via air, land, sea, and cyberspace. The volume and complexity of both physical and virtual border crossings require the application of “big data” solutions to promote efficient trade and travel. Further, effective “big data” solutions help CBP ensure the movement of people, capital, and products is legal, safe, and secure. In response to this chall…",https://www.adzuna.com/land/ad/5798901074?se=NAR-7a6H8RG3tOkLR0Zx3w&utm_medium=api&utm_source=e45342b0&v=ACCEF117B86D009B58B06E26444BE97CC9E48FBC
data scientist,Data Scientist,Talentrupt,"Newark, Essex County",159847.81,159847.81,IT Jobs,2026-06-18 18:30:51+00:00,"Title: Data Scientist Location: Newark, NJ/Hybrid (3 days onsite) Duration: 12 months Contract on W2 Job Description Are you interested in building capabilities that enable the organization with innovation, speed, agility, scalability and efficiency? The Global Technology team takes great pride in our culture where digital transformation is built into our DNA! When you join our organization at client, you’ll unlock an exciting and impactful career – all while growing your skills and advancing y…",https://www.adzuna.com/land/ad/5768689042?se=NAR-7a6H8RG3tOkLR0Zx3w&utm_medium=api&utm_source=e45342b0&v=AD8379FBA9D4679D7207F78D7D2AE34048262568
data scientist,Data Scientist,"Pyramid Systems, Inc.",US,146833.23,146833.23,IT Jobs,2026-07-07 13:07:02+00:00,"Overview The Senior Data Scientist is a senior technical leader responsible for executing and advancing the advanced analytics, machine learning, and AI strategy across the organization. This role focuses on applied data science at enterprise scale, including model development, experimentation, and operationalization. The role emphasizes deep Python-based modeling expertise, leadership of end-to-end ML lifecycle and MLOps, and delivery of scalable AI solutions (including large language models) …",https://www.adzuna.com/land/ad/5791193683?se=NAR-7a6H8RG3tOkLR0Zx3w&utm_medium=api&utm_source=e45342b0&v=D2F2A3BBF6BCC285D896CB2DB10FA3EDD33854F2
data scientist,Data Scientist,"Innova Solutions, Inc","Bee Cave, Travis County",57923.19,57923.19,IT Jobs,2026-07-21 18:57:38+00:00,"A client of Innova Solutions is immediately hiring for a “ Data Scientist"" Position type: Full-time Contract (W2) Role: “Data Scientist” Duration: 6  months Contract Location : Austin, TX (Onsite role) Must have required skills - SQL, R, Python, Tableau Primary Skill for the Role: 10 years of demonstrated experience in an Analytics role. Details: 10 years of demonstrated experience in an Analytics role. Proven experience being a thought partner to cross-functional business teams offering action…",https://www.adzuna.com/land/ad/5809933465?se=NAR-7a6H8RG3tOkLR0Zx3w&utm_medium=api&utm_source=e45342b0&v=2E4FBEE84B3889E5C218ACD5648E9EBFB1CF84AA
data scientist,Data Scientist,Apex Systems,"Creve Coeur, Saint Louis County",114597.95,114597.95,IT Jobs,2026-06-11 04:59:29+00:00,"Job: 3037837 Job Description: Data Scientist - Revenue Forecasting & Optimization (St. Louis or Surrounding Areas) Description As a Data Scientist focused on revenue management, you will design and deploy advanced deep learning models to forecast demand. These models will support branch-level decision-making and help maximize revenue by leveraging historical trends and predictive analytics. In this role, you will collaborate closely with cross-functional teams to develop and implement analytica…",https://www.adzuna.com/land/ad/5759744297?se=NAR-7a6H8RG3tOkLR0Zx3w&utm_medium=api&utm_source=e45342b0&v=AFA3F343B33113F5FA525D39654D0A518817BDBE
data scientist,Data Scientist,Purplejack Technologies LLC,"Vets Row, Peoria County",148270.08,148270.08,IT Jobs,2026-07-24 13:18:12+00:00,"Role: Data Scientist Location: Peoria, IL Must-Have Skills Business Analysis Cloud PowerBI Python Snowflake SQL Validation Description Required Education • BS Degree (Bachelor of Science) required • Master''s Degree is acceptable as an alternative • Associate Degree  5 years of experience accepted in lieu of BS • Internships do not count toward experience • Minimum 2 years of experience required (with BS Degree) Required Skills • Python (expertise required) • SQL (advanced querying and data man…",https://www.adzuna.com/land/ad/5814192773?se=NAR-7a6H8RG3tOkLR0Zx3w&utm_medium=api&utm_source=e45342b0&v=D6D0214F40FC84D8537479D50307846CDD33FEF9
data scientist,Data Scientist,Patriot Talent Solutions,"Alcoa, Blount County",64685.88,64685.88,IT Jobs,2026-06-29 11:07:52+00:00,"Overview We’re partnering with a client to add a contract Data Scientist (12 months) to support stakeholders through dashboards, analytics, and data-driven insights. The focus is on building tech-facing reporting that leaders can use to make decisions—starting with initiatives like contractor spend visibility , employee engagement survey analytics , software licensing insights , and network traffic trend/pattern analysis . What You''ll Be Doing Analytics, Modeling & Business Insight Build analy…",https://www.adzuna.com/land/ad/5781214286?se=NAR-7a6H8RG3tOkLR0Zx3w&utm_medium=api&utm_source=e45342b0&v=C244DF113D12AC26141417486D4D11238E70C255
data scientist,Data Scientist,QUANTUM TECHNOLOGIES LLC,"Scottsdale, Maricopa County",116812.73,116812.73,IT Jobs,2026-07-22 19:13:12+00:00,"Job Title: Data Scientist Location: Scottsdale AZ Duration: 6 Months  Extension Bill Rate: $73/hour Job Type: C2C/1099 Contract Client: To Be Discussed Later Work Authorization: US-Citizen, H-1B, OPT-EAD, GC-EAD Job Description: Experienced data science, engineering, mathematics, or related work experience is required. Experience developing data science pipelines & workflows in Python, R or equivalent programming language. Experience in writing and tuning SQL. Experience handling terabyte size …",https://www.adzuna.com/land/ad/5811474431?se=NAR-7a6H8RG3tOkLR0Zx3w&utm_medium=api&utm_source=e45342b0&v=8A8F62AF79D5ADC62E060A885F7E26659DFF7BD1
data scientist,Data Scientist,Zenotis Technologies INC,"Phoenix, Maricopa County",145775.34,145775.34,IT Jobs,2026-07-15 13:42:00+00:00,We are seeking a highly analytical and hands-on Data Scientist to join a team building data-driven personalization solutions while helping drive the organization''s transition into Generative AI and Agentic AI . This role requires someone who can work across the complete data science lifecycle—from understanding and validating large-scale datasets to building production-ready machine learning solutions and contributing to next-generation AI initiatives. The ideal candidate has strong expertise …,https://www.adzuna.com/land/ad/5801458659?se=NAR-7a6H8RG3tOkLR0Zx3w&utm_medium=api&utm_source=e45342b0&v=07A2E6537C314F491E0B5D2FE0ADAEBCB771C370
data scientist,Data Scientist,Prudent Technologies and Consulting,"Grand Central, Manhattan",203178.44,203178.44,IT Jobs,2026-06-29 14:51:21+00:00,"Title: Data Scientist location: NYC, NY (Hybrid) Full Time Technical Responsibilities: Design and Execute Experiments: Lead end-to-end A/B testing initiatives and Geo Experiments, from hypothesis formation and experimental design to statistical analysis and business recommendations Advanced Statistical & Causal Inference: Apply deep knowledge of experimental design, regression, classification, causal inference (difference-in-differences, propensity scores, instrumental variables), and ensure pr…",https://www.adzuna.com/land/ad/5781282400?se=NAR-7a6H8RG3tOkLR0Zx3w&utm_medium=api&utm_source=e45342b0&v=A786B2ECBA84D595278C061EA944A4CF6AEE917A
data scientist,Data Scientist,Aditi Consulting,US,171050.98,171050.98,IT Jobs,2026-07-23 17:06:46+00:00,"Payrate: $41.00 - $43.00/hr. Summary: In this role, you will help build and scale the Neural Nexus Platform, an enterprise data and AI capability that transforms complex information into trusted, actionable business insights. You will build data pipelines that integrate structured and unstructured data into executive dashboards and analytical products. You will also prototype and productionize AI agents that synthesize information, identify trends, answer business questions, and support executi…",https://www.adzuna.com/land/ad/5812678749?se=NAR-7a6H8RG3tOkLR0Zx3w&utm_medium=api&utm_source=e45342b0&v=C0295E5FD680BD0220FBA7CAE863DD76C558EB8D
data scientist,Data Scientist,"MetaSense, Inc.","Glendale, Los Angeles County",129795.82,129795.82,IT Jobs,2026-07-20 22:42:09+00:00,"JD: Technical Responsibilities: · Design and Execute Experiments: Lead end-to-end A/B testing initiatives and Geo Experiments, from hypothesis formation and experimental design to statistical analysis and business recommendations. · Advanced Statistical & Causal Inference: Apply deep knowledge of experimental design, regression, classification, causal inference (difference-in-differences, propensity scores, instrumental variables), and ensure proper assumptions. · Build Scalable Solutions: Deve…",https://www.adzuna.com/land/ad/5808782336?se=NAR-7a6H8RG3tOkLR0Zx3w&utm_medium=api&utm_source=e45342b0&v=0214E5B5BD528B313CEEBE7DBC03A4F515556835
data scientist,Data Scientist,LOGICEXCELL LLC,US,102600.79,102600.79,IT Jobs,2026-06-25 12:21:11+00:00,"Contract - 12 Months ( contract to hire ) Skills: Python, Pysprak, SQL, Azure databrick Working on a pyspark project",https://www.adzuna.com/land/ad/5776452540?se=NAR-7a6H8RG3tOkLR0Zx3w&utm_medium=api&utm_source=e45342b0&v=514692A4F7662422DC3458FB2955AF5871C14846
data scientist,Data Scientist,Alliance Sourcing Network,"Vets Row, Peoria County",149074.28,149074.28,IT Jobs,2026-07-24 11:07:54+00:00,"W2 - Client does not sponsor visa Onsite in Peoria, IL Must have Skills/Attributes Business Analysis, Cloud, PowerBI, Python, Snowflake, SQL, Validation Required Education BS Degree (Bachelor of Science) required Master's Degree is acceptable as an alternative Associate Degree  5 years of experience accepted in lieu of BS Internships do not count toward experience Minimum 2 years of experience required (with BS Degree) Required Skills Python (expertise required) SQL (advanced querying and data …",https://www.adzuna.com/land/ad/5813930335?se=OKhr7q6H8RGtf7n6Thp3UA&utm_medium=api&utm_source=e45342b0&v=50141A954A05C8F4FA1333E9D3941E22A2EA2590
data scientist,Data Scientist,"KnackHook, LLC","Vets Row, Peoria County",142870.75,142870.75,IT Jobs,2026-07-24 11:03:32+00:00,Required Education • BS Degree (Bachelor of Science) required • Master''s Degree is acceptable as an alternative • Associate Degree  5 years of experience accepted in lieu of BS • Internships do not count toward experience • Minimum 2 years of experience required (with BS Degree) Required Skills • Python (expertise required) • SQL (advanced querying and data manipulation) • ETL/ELT development • Data pipeline design and implementation • Data warehousing concepts and implementation • Data qualit…,https://www.adzuna.com/land/ad/5813928558?se=OKhr7q6H8RGtf7n6Thp3UA&utm_medium=api&utm_source=e45342b0&v=64F095603B2B955DE50813620E2CB2E2A6ED3C46
data scientist,Data Scientist,Intelliswift - An LTTS Company,"Plano, Madison County",150477.08,150477.08,IT Jobs,2026-07-23 09:06:40+00:00,"Job Description Pay rate range- $75/hr. - $80/hr \n Fully Onsite \n \n Job Description: \n Top skills: \n -Data Modeling \n -Machine Learning \n -Artificial Intelligence \n \n KEY RESPONSIBILITES/REQUIREMENTS: \n As a Performance Assurance Machine Learning Engineer, you will work under the coaching of Senior and Lead engineers of the Data Science & Tools Team to analyze Client's deployed network elements. You will utilize skills to query databases to extract data, use skills in Python or R to a…",https://www.adzuna.com/land/ad/5812332207?se=OKhr7q6H8RGtf7n6Thp3UA&utm_medium=api&utm_source=e45342b0&v=32435194CCF3201C71B20FBD9F6767C4E405197B
data scientist,Data Scientist,Howmet Aerospace,"Whitehall, Muskegon County",72593.92,72593.92,Engineering Jobs,2026-07-24 06:36:07+00:00,"Job Description Job Description As a data scientist you will be working on a cross-functional team environment supporting Howmet’s casting, core, and rings facilities. This position involves: Up to 50% travel to support plants in France, UK and Germany Constructing and manipulating large datasets using tools like SAS, SQL, Python, R, MiniTab, PowerBI, and more to extract multi-factor interactions and drive change Solving manufacturing, quality, and engineering problems using data analytics and …",https://www.adzuna.com/land/ad/5813751718?se=OKhr7q6H8RGtf7n6Thp3UA&utm_medium=api&utm_source=e45342b0&v=21A9E8DCCD42D310184602ACDB782FF03ADCB3FE
data scientist,Lead Data Scientist,DoorDash,"Hayes Valley, San Francisco",146812.94,146812.94,"Energy, Oil & Gas Jobs",2026-07-21 10:27:44+00:00,"Lead Data Scientist at DoorDash About The Team The Analytics team is looking for Data Scientists to guide measurement, strategy, and tactical decision‑making using Advanced Analytics approaches, as we expand our platform across the globe. Data Scientists at DoorDash work to uncover insights and turn them into actionable recommendations, helping drive decisions for the entire organisation. Analytics is very integral to all operational areas at DoorDash. About The Role Data Science at DoorDash in…",https://www.adzuna.com/land/ad/5809407359?se=OKhr7q6H8RGtf7n6Thp3UA&utm_medium=api&utm_source=e45342b0&v=A82A0739176215E4022A42B375AA6198823950EB
data scientist,"Director, Data Scientist",Capital One,"Pimmit, Fairfax County",176517.08,176517.08,IT Jobs,2026-07-21 10:28:06+00:00,"Director, Data Scientist Lead the Generative AI Systems (Genesis) team within Card Data Science at Capital One. You will build state‑of‑the‑art generative AI solutions for dialogue, text summarization, reading comprehension, speech recognition, image/document processing, and time‑series sequencing. The team delivers internal applications that drive business efficiency and enhances customer‑facing products. Responsibilities Partner with cross‑functional teams of data scientists, software enginee…",https://www.adzuna.com/land/ad/5809409240?se=OKhr7q6H8RGtf7n6Thp3UA&utm_medium=api&utm_source=e45342b0&v=309358C23192BF1DF9717BA82D5959F45451CA61
data scientist,"Director, Data Scientist",Hobbsnews,"Pimmit, Fairfax County",180868.92,180868.92,IT Jobs,2026-07-21 10:28:06+00:00,"Director, Data Scientist Data is at the center of everything we do. As a startup, we disrupted the credit card industry by individually personalizing every credit card offer using statistical modeling and the relational database, cutting edge technology in 1988! Fast-forward a few years, and this little innovation and our passion for data has skyrocketed us to a Fortune 200 company and a leader in the world of data-driven decision-making. As a Data Scientist at Capital One, you’ll be part of a …",https://www.adzuna.com/land/ad/5809409273?se=OKhr7q6H8RGtf7n6Thp3UA&utm_medium=api&utm_source=e45342b0&v=AC3CE877988BFD7BABBE0C0B56A4F66698B7A40B
data scientist,Lead Data Scientist,DoorDash USA,"Grand Central, Manhattan",166806.78,166806.78,IT Jobs,2026-07-21 10:27:51+00:00,"About the Team The Analytics team is looking for Data Scientists to guide measurement, strategy, and tactical decision-making using Advanced Analytics approaches, as we expand our platform across the globe. Data Scientists at DoorDash work to uncover insights and turn them into actionable recommendations, helping drive decisions for the entire organisation. Analytics is very integral to all operational areas at DoorDash. About the Role Data Science at DoorDash involves diving deeper into our da…",https://www.adzuna.com/land/ad/5809408062?se=OKhr7q6H8RGtf7n6Thp3UA&utm_medium=api&utm_source=e45342b0&v=7F3DD7A2B63AB85B7D1AA7EE56F5DC12816AAB85
data scientist,Data Scientist / Senior Data Scientist (Seattle),DoorDash,"Seattle, King County",124100.0,182500.0,IT Jobs,2026-07-24 11:44:41+00:00,"Join to apply for the Data Scientist / Senior Data Scientist role at DoorDash . Overview The Analytics team is looking for experienced Data Scientists and Senior Data Scientists to guide measurement, strategy, and tactical decision-making across the company across a variety of teams and levels. Data Scientists at DoorDash work to uncover insights and turn them into relevant recommendations, driving decisions for the entire organization. Analytics is integral to all operational areas at DoorDash…",https://www.adzuna.com/land/ad/5814047304?se=OKhr7q6H8RGtf7n6Thp3UA&utm_medium=api&utm_source=e45342b0&v=6A0BE5E4C1DFEB9F3688498071424210643538DB
data scientist,Principal Data Scientist I,LexisNexis,"Raleigh, Smith County",174875.2,174875.2,IT Jobs,2026-07-06 11:32:57+00:00,"hackajob is collaborating with LexisNexis to connect them with exceptional professionals for this role. Principal Data Scientist I Are you looking to develop your Data Scientist career? Would you like to be part of a team that innovates using technology? Responsibilities Acting as a leader for analytic project and result sharing Leading code reviews, acting as a final approver of models before reaching customers Evaluating and creating new frameworks and defining methodologies and governance Ma…",https://www.adzuna.com/land/ad/5789984960?se=OKhr7q6H8RGtf7n6Thp3UA&utm_medium=api&utm_source=e45342b0&v=23BDDC1515DB3EE7E98EB63513C334EE2829E273
data scientist,Senior Data Scientist III,LexisNexis,"Raleigh, Smith County",157376.95,157376.95,IT Jobs,2026-07-06 11:32:55+00:00,"hackajob is collaborating with LexisNexis to connect them with exceptional professionals for this role. Job Description Do you want to help us build further data science capabilities? And are you eager to work on the quality of data sources serving our end-user products? About our Team LexisNexis Legal & Professional, which serves customers in more than 150 countries with 11,300 employees worldwide, is apart of RELX, a global provider of information-based analytics and decision tools for profes…",https://www.adzuna.com/land/ad/5789984881?se=OKhr7q6H8RGtf7n6Thp3UA&utm_medium=api&utm_source=e45342b0&v=6A02DC1737071A0AD2DDAD9DEBF04A27756086ED
data scientist,Senior Data Scientist II,LexisNexis,"Raleigh, Smith County",171042.17,171042.17,IT Jobs,2026-07-06 11:32:50+00:00,"hackajob is collaborating with LexisNexis to connect them with exceptional professionals for this role. About the Team: LexisNexis Legal & Professional, which serves customers in more than 150 countries with 11,800 employees worldwide, is part of RELX ( www.relx.com ), a global provider of information-based analytics and decision tools for professional and business customers. Our company has been a long-time leader in deploying AI and advanced technologies to the legal market to improve product…",https://www.adzuna.com/land/ad/5789984573?se=OKhr7q6H8RGtf7n6Thp3UA&utm_medium=api&utm_source=e45342b0&v=493CB17076224ABD7ED62600F97928EAAF6D290D
data scientist,"Data Scientist, Mid level",Planet Technologies,"Washington, Washington, D.C.",163667.67,163667.67,IT Jobs,2026-07-10 16:15:51+00:00,"hackajob is collaborating with Planet Technologies to connect them with exceptional professionals for this role. Planet Technologies, the Nation’s leading Microsoft services provider to the public sector, is looking for a highly motivated individual to join our growing team as Mid level Data Scientist . In this role, you will be supporting impactful projects that make a difference for our country. Responsibilities Builds, maintains, and improves dashboards, applications, and automations. Connec…",https://www.adzuna.com/land/ad/5795942243?se=OKhr7q6H8RGtf7n6Thp3UA&utm_medium=api&utm_source=e45342b0&v=1FFA6EB1E21899C90A121CBDA0BF70349CB39454
data scientist,Data Scientist - Workforce Analytics,MANTECH,"Springfield, Effingham County",158484.72,158484.72,IT Jobs,2026-07-17 16:31:20+00:00,"hackajob is collaborating with MANTECH to connect them with exceptional professionals for this role. MANTECH seeks a motivated, career and customer-oriented Workforce Analytics/Data Scientist to join our team in Springfield, VA. The Workforce Analytics/Data Scientist will support the Equal Employment Opportunity (EEO) office by delivering comprehensive oversight and compliance capabilities. You will apply deep subject matter expertise to develop policies, strategic implementation plans, and tai…",https://www.adzuna.com/land/ad/5805158491?se=OKhr7q6H8RGtf7n6Thp3UA&utm_medium=api&utm_source=e45342b0&v=1356D54CFC94651FAC8B65FB5F1C6361AF208332
data scientist,Senior GEOINT Data Scientist,MANTECH,"Springfield, Effingham County",96762.23,96762.23,IT Jobs,2026-07-11 04:33:36+00:00,"hackajob is collaborating with MANTECH to connect them with exceptional professionals for this role. MANTECH seeks a motivated, career and customer-oriented Senior GEOINT Data Scientist to join our team in Springfield, VA ! The Senior GEOINT Data Scientist will leverage their strong technical background and knowledge to support critical data environments, to include creating streamlined processes, evaluating unique datasets, and solving challenging intelligence issues. Responsibilities include …",https://www.adzuna.com/land/ad/5796684022?se=OKhr7q6H8RGtf7n6Thp3UA&utm_medium=api&utm_source=e45342b0&v=2C095EE9376BFD4904243B634067BF865511D63D
data scientist,Senior Data Scientist II,LexisNexis,US,188372.27,188372.27,IT Jobs,2026-07-06 11:33:28+00:00,"hackajob is collaborating with LexisNexis to connect them with exceptional professionals for this role. Are you excited to solve complex data science problems using NLP, machine learning, and large-scale data? Do you enjoy collaborating with others to build impactful data products that power real-world applications? About our Team LexisNexis Legal & Professional, which serves customers in more than 150 countries with 11,800 employees worldwide, is part of RELX ( http://www.relx.com ), a global …",https://www.adzuna.com/land/ad/5789986561?se=OKhr7q6H8RGtf7n6Thp3UA&utm_medium=api&utm_source=e45342b0&v=BFC01FECB8048BB59819453A25E37DA12AC362A4
data scientist,WFP Senior Data Scientist,J.P. Morgan,"Columbus, Hempstead County",93932.59,93932.59,IT Jobs,2026-07-06 11:32:56+00:00,"hackajob is collaborating with J.P. Morgan to connect them with exceptional professionals for this role. JOB DESCRIPTION If you like turning real-world problems into models that actually move the needle, you'll fit right in. Our Workforce Planning (WFP) Data Science team builds AI/ML solutions that help forecast demand, optimize capacity, and sharpen scheduling - at the scale of Chase call centers, back office operations, and ~5,200 branches. The work is complex, high-impact, and rarely ""plug-a…",https://www.adzuna.com/land/ad/5789984935?se=OKhr7q6H8RGtf7n6Thp3UA&utm_medium=api&utm_source=e45342b0&v=DA13B5D12ABF44CD646C9D922DC2006D1FF946A3
data scientist,Sr. Data Scientist,Brooksource,US,121052.72,121052.72,IT Jobs,2026-07-13 15:33:20+00:00,"Geospatial Data Scientist Remote This is a Remote role. Compensation: $80 - $88 per hour ABOUT THE ROLE Our client is seeking a Geospatial Data Scientist to transform complex spatial data into actionable insights and support product and business decision-making. In this role, you will work across the full geospatial data pipeline-from data ingestion and processing to analysis, modeling, and visualization-and collaborate closely with engineering and product teams to embed spatial intelligence in…",https://www.adzuna.com/land/ad/5799029584?se=OKhr7q6H8RGtf7n6Thp3UA&utm_medium=api&utm_source=e45342b0&v=85842E77DBE757D0A5775B2A5C00FBE47F724D5A
data scientist,Senior Data Scientist,Booz Allen Hamilton,US,178680.27,178680.27,IT Jobs,2026-07-09 17:07:51+00:00,"Job Number: R0244051 Data Scientist, Senior The Opportunity: As a data scientist, you're excited at the prospect of unlocking the secrets held by a data set, and you're fascinated by the possibilities presented by IoT, machine learning, and artificial intelligence. In an increasingly connected world, massive amounts of structured and unstructured data open new opportunities. As a data scientist at Booz Allen, you can help turn these complex data sets into useful information to solve global chal…",https://www.adzuna.com/land/ad/5794497803?se=OKhr7q6H8RGtf7n6Thp3UA&utm_medium=api&utm_source=e45342b0&v=12A27F4E99ED457CBF9C73C4D84C62DACF72A1D7
data scientist,Senior Data Scientist,Redhorse Corporation,US,173023.88,173023.88,IT Jobs,2026-06-27 02:42:27+00:00,"About the Organization Now is a great time to join Redhorse Corporation. We are a solution-driven company delivering data insights and technology solutions to customers with missions critical to U.S. national interests. We're looking for thoughtful, skilled professionals who thrive as trusted partners building technology-agnostic solutions and want to apply their talents supporting customers with difficult and important mission sets. About the Role Redhorse Corporation is seeking a Senior Data …",https://www.adzuna.com/land/ad/5778763225?se=OKhr7q6H8RGtf7n6Thp3UA&utm_medium=api&utm_source=e45342b0&v=4EC66023DD6C55B3507CE26F38589E9507CD05E4
data scientist,Data Scientist-Vice President,J.P. Morgan,"Plano, Madison County",141856.7,141856.7,Accounting & Finance Jobs,2026-07-14 04:34:33+00:00,"hackajob is collaborating with J.P. Morgan to connect them with exceptional professionals for this role. JOB DESCRIPTION As a Data Scientist Vice President within the Fraud Strategy team, you will shape and execute fraud risk strategies, leveraging advanced analytics and cross-functional collaboration to protect our business, customers, and communities. You will lead complex projects, drive strategic conversations with stakeholders across multiple functions, and deliver impactful solutions that…",https://www.adzuna.com/land/ad/5799678748?se=OKhr7q6H8RGtf7n6Thp3UA&utm_medium=api&utm_source=e45342b0&v=27863A77B6EA879D2C126BC0184B6651A030A9F9
data scientist,Senior Data Scientist II,LexisNexis,"Raleigh, Smith County",185641.69,185641.69,IT Jobs,2026-07-06 11:32:57+00:00,"hackajob is collaborating with LexisNexis to connect them with exceptional professionals for this role. About our Team: LexisNexis Legal & Professional, serving customers in over 150 countries with 11,800 employees worldwide, is part of RELX, a global provider of information-based analytics and decision tools for professional and business customers. Our company is a leader in deploying AI and advanced technologies to improve productivity and transform the legal market. We prioritize using the b…",https://www.adzuna.com/land/ad/5789984936?se=OKhr7q6H8RGtf7n6Thp3UA&utm_medium=api&utm_source=e45342b0&v=A5D9D5C33A987B2822A1AEAE4CF53C36EFB6DED3
data scientist,"Data Scientist, Analytics and Modelling",Barclays,"New York City, New York",142118.31,142118.31,Accounting & Finance Jobs,2026-07-16 16:26:07+00:00,"hackajob is collaborating with Barclays to connect them with exceptional professionals for this role. What will you be doing? Barclays Bank Delaware seeks Data Scientist, Analytics and Modelling in New York, New York (multiple positions available): Deliver strategic data initiatives within a large multinational bank, including cloud migration, data platform modernization, and enterprise-wide data transformation programs. Define and execute product maps for data assets that support critical fina…",https://www.adzuna.com/land/ad/5803589286?se=OKhr7q6H8RGtf7n6Thp3UA&utm_medium=api&utm_source=e45342b0&v=2E5A955683DFF3149606F530E4A9D5AA8C655BA2
data scientist,Asst Dir-Data Scientist,Moody's Corporation,"King of Prussia, Montgomery County",115004.79,115004.79,IT Jobs,2026-07-06 11:32:53+00:00,"hackajob is collaborating with Moody's Corporation to connect them with exceptional professionals for this role. At Moody's, we unite the brightest minds to turn today’s risks into tomorrow’s opportunities. We do this by striving to create an inclusive environment where everyone feels welcome to be who they are—with the freedom to exchange ideas, think innovatively, and listen to each other and customers in meaningful ways. Moody’s is transforming how the world sees risk. As a global leader in …",https://www.adzuna.com/land/ad/5789984730?se=OKhr7q6H8RGtf7n6Thp3UA&utm_medium=api&utm_source=e45342b0&v=D1C5600FE13DF2945AE50F052FA733EC3F6DEFF0
data scientist,Sr. Data Scientist,Resolution Technologies,"Northlake, DeKalb County",167387.8,167387.8,IT Jobs,2026-07-07 23:18:27+00:00,"Job Description Senior Data Scientist About the Role Our client is looking for a Senior Data Scientist for a long-term engagement with a pharmaceutical client. This is a hands-on, end-to-end role embedded directly within the client's data and AI team. The data scientist builds machine learning models and predictive analytics solutions and owns the data engineering behind them-including transformation, cleanup, and automated ingestion of new data-as well as the full MLOps lifecycle. The client i…",https://www.adzuna.com/land/ad/5791938418?se=OKhr7q6H8RGtf7n6Thp3UA&utm_medium=api&utm_source=e45342b0&v=49A044A622DB8ECFF86586545977D666592BDBD8
data scientist,Lead Data Scientist,Brooksource,"Pennsylvania, US",163802.6,163802.6,IT Jobs,2026-04-27 18:32:01+00:00,"Senior Data Scientist Philadelphia, PA Hybrid Role Compensation: $163,000 - $173,000 We are seeking a highly skilled and experienced Lead or Principal Data Scientist to join our dynamic Data Science team. This is a senior, hands-on role responsible for providing technical leadership, scientific oversight, and mentorship to a team of talented data scientists. You will be instrumental in driving the scientific rigor of our machine learning projects, from ideation to deployment, ensuring they alig…",https://www.adzuna.com/land/ad/5712045057?se=OKhr7q6H8RGtf7n6Thp3UA&utm_medium=api&utm_source=e45342b0&v=95EE0234D822FD1C159155C51A2C772D011D37E0
data scientist,Staff Data Scientist,Penske Truck Leasing,"Beachwood, Cuyahoga County",182995.55,182995.55,IT Jobs,2026-03-30 15:04:00+00:00,"Staff Data Scientist ? Location: Beachwood, OH Shift: Monday - Friday 8am - 5pm (Onsite 4 days a week) (Possible remote for the right candidate) ? Position Summary: The Staff Data Scientist will be a key role in the Data Science and Analytics team tasked with providing technical leadership for the establishment of enterprise wide capabilities in data science, AI and predictive analytics. The Staff Data Scientist will typically work on 3-5 large projects concurrently that have organization-wide …",https://www.adzuna.com/land/ad/5683306213?se=OKhr7q6H8RGtf7n6Thp3UA&utm_medium=api&utm_source=e45342b0&v=A87BEF34B856E36EB5AD3516694C1DB503DF011C
data scientist,Senior Data Scientist,W3Global,"Trammells, Harris County",134898.61,134898.61,IT Jobs,2026-06-19 16:41:52+00:00,"Role: Senior Data Scientist - GenAI / RAG Location: Houston, TX (Onsite - 5 Days) Type: Full-Time Job Description: We are looking for a Senior Data Scientist with a strong traditional ML/DS background and hands-on experience in GenAI (LLMs, RAGs, Agentic workflows). The candidate should not be purely academic or junior; we need someone with practical implementation experience and the ability to interact confidently with customers. Strong communication and product-facing exposure are equally imp…",https://www.adzuna.com/land/ad/5769613631?se=OKhr7q6H8RGtf7n6Thp3UA&utm_medium=api&utm_source=e45342b0&v=68FE90B487A3DF2353D6835FA4B4830DD191E6A9
data scientist,DATA SCIENTIST - IV,"Judge Group, Inc.","Irving, Dallas",128145.97,128145.97,IT Jobs,2026-03-27 10:10:20+00:00,"Location: Irving, TX Salary: Negotiable Description: Our client is currently seeking a DATA SCIENTIST - IV in Irving, TX Job description: Responsibilities: Support the various AI/ML models that need to be deployed to production Troubleshoot various activities and rectify any problems that arise in the end-to-end model pipeline Test and validate AI Models. Deploy and manage models throughout the end to end lifecycle. Industrialize the model pipeline which includes Testing & validation of the mod…",https://www.adzuna.com/land/ad/5680353467?se=OKhr7q6H8RGtf7n6Thp3UA&utm_medium=api&utm_source=e45342b0&v=14DD892073D8C18993A58E5AC5511CB7648C3262
data scientist,Data Scientist - Mid,Cherokee Federal,"Mount Rainier, Prince George's County",126375.77,126375.77,IT Jobs,2026-07-03 19:20:28+00:00,"Job Description Data Scientist - Mid This position requires an active TS/SCI with the ability to obtain a Counterintelligence Polygraph. Cherokee Strategic Edge is seeking a Data Scientist to design, implement, and operate data management systems for intelligence needs. Compensation & Benefits: Estimated starting salary range: $140,000-$155,000. Pay commensurate with experience. Full time benefits include Medical, Dental, Vision, 401K and other possible benefits as provided. Benefits are subjec…",https://www.adzuna.com/land/ad/5787353063?se=OKhr7q6H8RGtf7n6Thp3UA&utm_medium=api&utm_source=e45342b0&v=2BFAA9C560F5C958853C8A7C8087BEB193CCD254
data scientist,Senior Data Scientist,GovCIO,US,103379.07,103379.07,IT Jobs,2026-06-29 20:56:34+00:00,"GovCIO is seeking a Senior Data Scientist to support a critical government computer system for the U.S. Coast Guard (USCG) Data & AI Integration Team. This role is primarily responsible for integrating AI/ML models, developing robust data pipelines, and implementing enterprise-level data management within the Data & AI Governance framework. This position will be located in Kearneysville, WV, and will be a hybrid position. Responsibilities As a Senior Data Scientist, you will serve as a primary …",https://www.adzuna.com/land/ad/5781564502?se=OKhr7q6H8RGtf7n6Thp3UA&utm_medium=api&utm_source=e45342b0&v=640640EA86944D5D6925E3C35DAF6BD72ABF1DB6
data scientist,Senior Data Scientist,Booz Allen Hamilton,"Newcomb Hall, Charlottesville City",198231.39,198231.39,IT Jobs,2026-05-29 19:00:33+00:00,"Job Number: R0241149 Data Scientist, Senior The Opportunity: Work as a Data Scientist supporting an intelligence client's foreign ground force reporting requirements. Work as part of a diverse contract team performing in-depth technical analysis of foreign conventional and irregular warfare threats to US ground force systems, combat support systems, and US operations. Finished all-source intelligence products adhere to client and IC standards using a multi-discipline approach including HUMINT, …",https://www.adzuna.com/land/ad/5745022165?se=OKhr7q6H8RGtf7n6Thp3UA&utm_medium=api&utm_source=e45342b0&v=A26794427E1B383EDEE4F10F96A07E5C844AC8D3
data scientist,Data Scientist - IV,"Judge Group, Inc.","Highland Park, Dallas",191346.17,191346.17,IT Jobs,2026-03-27 10:11:18+00:00,"Location: Dallas, TX Salary: Negotiable Description: Our client is currently seeking a Data Scientist - IV [ Additional Description ] Title: Data Scientist - IV Location: Irving, TX (Hybrid) Duration: Long term contract JOB DESCRIPTION Responsibilities: Independently work on data science projects and deliver innovative technical solutions to solve problems and improve business outcomes Be involved in the design and development of machine learning/statistical models and ensure best performance W…",https://www.adzuna.com/land/ad/5680356360?se=OKhr7q6H8RGtf7n6Thp3UA&utm_medium=api&utm_source=e45342b0&v=94251C963ADAE80ABDD63C026A19887A3EE1233E
data scientist,Senior Data Scientist,Chenega MIOS,"State Farm, Arlington County",112979.12,112979.12,IT Jobs,2026-07-09 08:56:37+00:00,"Req ID: 41275 Summary Senior Data Scientist Arlington, VA Are you ready to enhance your skills and build your career in a rapidly evolving business climate? Are you looking for a career where professional development is embedded in your employers core culture? If so, Chenega Military, Intelligence & Operations Support (MIOS) could be the place for you! Join our team of professionals who support large-scale government operations by leveraging cutting-edge technology and take your career to the n…",https://www.adzuna.com/land/ad/5794204334?se=OKhr7q6H8RGtf7n6Thp3UA&utm_medium=api&utm_source=e45342b0&v=840C1851ABAEA6F2D6C72C4F73B3D182F7D90D37
data scientist,Senior Data Scientist,Booz Allen Hamilton,"El Segundo, Los Angeles County",195459.66,195459.66,IT Jobs,2026-03-27 10:11:51+00:00,"Job Number: R0232952 Data Scientist, Senior The Opportunity: As a Data Scientist, you're driven by curiosity and inspired by the challenge of uncovering insights from complex, messy data, and you're fascinated by the possibilities presented by IoT, machine learning, and artifi cia l intelligence. You're passionate about solving real-world problems, and you're excited by the transformative potential of working with powerful tools like Palantir Foundry. In an increasingly connected world, massive…",https://www.adzuna.com/land/ad/5680358119?se=OKhr7q6H8RGtf7n6Thp3UA&utm_medium=api&utm_source=e45342b0&v=37541FA1B324DF10DEBCE3F9972CF73FF179D39A
data scientist,Lead Data Scientist,"Galaxy i Technologies, Inc.","Cary, Wake County",138377.39,138377.39,IT Jobs,2026-07-06 14:58:58+00:00,"Hi , Hope you are doing well. My name is Vishal Singh and I am a Staffing Specialist at “ Galaxy I Tech ”. I am reaching out to you on an exciting job opportunity with one of our clients. Job Title : Lead Data Scientist Location : Cary NC (Only LOcal) JD : Local to Cary NC only! Role Value Proposition: The position sits within the newly consolidated Data and Analytics (D&A) organization supporting the U.S. Business of MetLife. U.S. D&A assists all business lines of MetLife's U.S. business (abou…",https://www.adzuna.com/land/ad/5790075613?se=OKhr7q6H8RGtf7n6Thp3UA&utm_medium=api&utm_source=e45342b0&v=E6D1309F7B638E82A4B52AE73351410F6A725CE7
data scientist,Mid Data Scientist,Booz Allen Hamilton,"North Springfield, Fairfax County",91123.8,91123.8,IT Jobs,2026-07-22 19:10:33+00:00,"Job Number: R0245099 Data Scientist, Mid The Opportunity: As a mid-level data scientist supporting a Space Force program, you will contribute to analytic development and mission-focused modernization across space-based GEOINT environments. You will work within a multi-disciplinary team of data engineers, mission analysts, and cloud engineers to design, build, validate, and deploy analytic models that enhance decision advantage for operational users. You will help build end-to-end analytic workf…",https://www.adzuna.com/land/ad/5811473755?se=OKhr7q6H8RGtf7n6Thp3UA&utm_medium=api&utm_source=e45342b0&v=82F8169415256D82FF34FED673EB19A2A7915C45
data scientist,Mid Data Scientist,Booz Allen Hamilton,"North Springfield, Fairfax County",94572.3,94572.3,IT Jobs,2026-06-11 19:01:34+00:00,"Job Number: R0240176 Data Scientist, Mid The Opportunity: As a mid-level data scientist supporting a Space Force program, you will contribute to analytic development and mission-focused modernization across space-based GEOINT environments. You will work within a multi-disciplinary team of data engineers, mission analysts, and cloud engineers to design, build, validate, and deploy analytic models that enhance decision advantage for operational users. You will help build end-to-end analytic workf…",https://www.adzuna.com/land/ad/5760666342?se=OKhr7q6H8RGtf7n6Thp3UA&utm_medium=api&utm_source=e45342b0&v=3D9A76B30F4DF2E2499507D48CA0F967BAA47F4E
data scientist,Ontology Data Scientist,Booz Allen Hamilton,"State Farm, Arlington County",152854.33,152854.33,IT Jobs,2026-07-22 19:10:32+00:00,"Job Number: R0245035 Ontology Data Scientist The Opportunity: As an Ontology Data Scientist, you're excited at the prospect of unlocking the secrets held by a data set, and you're fascinated by the possibilities presented by IoT, machine learning, and artifi cia l intelligence. In an increasingly connected world, massive amounts of structured and unstructured data open new opportunities. As a data scientist at Booz Allen, you can help turn these complex data sets into useful information to solv…",https://www.adzuna.com/land/ad/5811473735?se=OKhr7q6H8RGtf7n6Thp3UA&utm_medium=api&utm_source=e45342b0&v=79A6A68A5BA19F6A07AC32080CF69D016CB5638C
data scientist,OSINT Data Scientist,Booz Allen Hamilton,"Wake Island, Honolulu",165545.31,165545.31,IT Jobs,2026-07-08 06:02:32+00:00,"Job Number: R0243913 OSINT Data Scientist The Opportunity: As a data scientist, you're excited at the prospect of unlocking the secrets held by a data set, and you're fascinated by the possibilities presented by IoT, machine learning, and artifi cia l intelligence (AI). In an increasingly connected world, massive amounts of structured and unstructured data open new opportunities. As a data scientist at Booz Allen, you can help turn these complex data sets into useful information to solve global…",https://www.adzuna.com/land/ad/5792321882?se=OKhr7q6H8RGtf7n6Thp3UA&utm_medium=api&utm_source=e45342b0&v=0B8128A27D03DE48C346C26C03732D8FFA24B6C0
data scientist,Mid Data Scientist,Booz Allen Hamilton,"Fort George G Meade, Anne Arundel County",106639.12,106639.12,IT Jobs,2026-04-29 18:45:09+00:00,"Job Number: R0230755 Data Scientist, Mid The Opportunity: As a data scientist, you're excited at the prospect of unlocking the secrets held by a data set, and you're fascinated by the possibilities presented by IoT, machine learning, and artifi cia l intelligence. In an increasingly connected world, massive amounts of structured and unstructured data open new opportunities. As a data scientist at Booz Allen, you can help turn these complex data sets into useful information to solve global chall…",https://www.adzuna.com/land/ad/5713967588?se=OKhr7q6H8RGtf7n6Thp3UA&utm_medium=api&utm_source=e45342b0&v=B3C438468D292E03FEB11321808700AC247417A0
data scientist,Senior Data Scientist,Booz Allen Hamilton,"Trade, Alexandria City",192156.64,192156.64,IT Jobs,2026-07-08 18:54:31+00:00,"Job Number: R0243946 Data Scientist, Senior The Opportunity: As a data scientist, you're excited at the prospect of unlocking the secrets held by a data set, and you're fascinated by the possibilities presented by IoT, machine learning, and artificial intelligence. In an increasingly connected world, massive amounts of structured and unstructured data open new opportunities. As a data scientist at Booz Allen, you can help turn these complex data sets into useful information to solve global chal…",https://www.adzuna.com/land/ad/5793392386?se=OKhr7q6H8RGtf7n6Thp3UA&utm_medium=api&utm_source=e45342b0&v=A0C73A34ADF710343CDB7D836DDBE3D48A234E9B
data scientist,Mid Data Scientist,Booz Allen Hamilton,"Mount Rainier, Prince George's County",144535.98,144535.98,IT Jobs,2026-06-18 06:31:48+00:00,"Job Number: R0242531 Data Scientist, Mid The Opportunity: As a data scientist, you're excited at the prospect of unlocking the secrets held by a data set, and you're fascinated by the possibilities presented by IoT, machine learning, and artifi cia l intelligence. In an increasingly connected world, massive amounts of structured and unstructured data open new opportunities. As a data scientist at Booz Allen, you can help turn these complex data sets into useful information to solve global chall…",https://www.adzuna.com/land/ad/5768022853?se=OKhr7q6H8RGtf7n6Thp3UA&utm_medium=api&utm_source=e45342b0&v=C0C53729C8715B9A50FE46EF4DD6A3040A2F41A7
data scientist,Applied Data Scientist,Booz Allen Hamilton,"State Farm, Arlington County",199831.3,199831.3,IT Jobs,2026-06-23 19:15:26+00:00,"Job Number: R0242962 Applied Data Scientist The Opportunity: As a data scientist, you're excited about building intelligent systems, not just analyzing data. You're motivated to design, develop , and deploy machine learning and AI-driven capabilities that operate in real-world environments. In an increasingly connected world, massive amounts of structured and unstructured data open new opportunities. As a data scientist, you'll transform these data into operational systems by develop ing algori…",https://www.adzuna.com/land/ad/5774146666?se=OKhr7q6H8RGtf7n6Thp3UA&utm_medium=api&utm_source=e45342b0&v=81D9F6C634D4CF1DE0F4EE7124467FF1D5E9647C
data scientist,Senior Data Scientist,Booz Allen Hamilton,"North Springfield, Fairfax County",137281.67,137281.67,IT Jobs,2026-05-15 19:45:58+00:00,"Job Number: R0240165 Data Scientist, Senior The Opportunity: As a data scientist, you're excited at the prospect of unlocking the secrets held by a data set, and you're fascinated by the possibilities presented by IoT, machine learning, and artifi cia l intelligence. In an increasingly connected world, massive amounts of structured and unstructured data open new opportunities. As a data scientist at Booz Allen, you can help turn these complex data sets into useful information to solve global ch…",https://www.adzuna.com/land/ad/5730841571?se=OKhr7q6H8RGtf7n6Thp3UA&utm_medium=api&utm_source=e45342b0&v=D0C2ADD03B78D979DB42A8FE51C8CAD0AC1BBC04
data scientist,Mid Data Scientist,Booz Allen Hamilton,"Mount Rainier, Prince George's County",146977.39,146977.39,IT Jobs,2026-07-14 05:29:53+00:00,"Job Number: R0244337 Data Scientist, Mid The Opportunity: As a data scientist, you're excited at the prospect of unlocking the secrets held by a data set, and you're fascinated by the possibilities presented by IoT, machine learning, and artifi cia l intelligence. In an increasingly connected world, massive amounts of structured and unstructured data open new opportunities. As a data scientist at Booz Allen, you can help turn these complex data sets into useful information to solve global chall…",https://www.adzuna.com/land/ad/5799797686?se=OKhr7q6H8RGtf7n6Thp3UA&utm_medium=api&utm_source=e45342b0&v=088EA7D2F7BE0DBBB6FC756010F80E2F5C359D35
data scientist,Mid Data Scientist,Booz Allen Hamilton,"State Farm, Arlington County",143450.72,143450.72,IT Jobs,2026-06-10 06:57:52+00:00,"Job Number: R0241792 Data Scientist, Mid The Opportunity: As a data scientist, you're excited at the prospect of unlocking the secrets held by a data set, and you're fascinated by the possibilities presented by IoT, machine learning, and artifi cia l intelligence. In an increasingly connected world, massive amounts of structured and unstructured data open new opportunities. As a data scientist at Booz Allen, you can help turn these complex data sets into useful information to solve global chall…",https://www.adzuna.com/land/ad/5758375897?se=OKhr7q6H8RGtf7n6Thp3UA&utm_medium=api&utm_source=e45342b0&v=9BD168944A3DD89F18E29E543CF066ABE9397BB0
data scientist,Senior Data Scientist,Booz Allen Hamilton,"Edgewood, Harford County",177275.9,177275.9,IT Jobs,2026-06-15 18:17:42+00:00,"Job Number: R0241997 Data Scientist, Senior The Opportunity: As a data scientist, you're excited at the prospect of unlocking the secrets held by a data set, and you're fascinated by the possibilities presented by IoT, machine learning, and artificial intelligence. In an increasingly connected world, massive amounts of structured and unstructured data open new opportunities. Your deep analytics expertise, coupled with an original approach to your work, will guide clients and stakeholders as the…",https://www.adzuna.com/land/ad/5764758434?se=OKhr7q6H8RGtf7n6Thp3UA&utm_medium=api&utm_source=e45342b0&v=59ED589D2FEB963EE0F7896F419E1113158B7E58
data scientist,Mid Data Scientist,Booz Allen Hamilton,"State Farm, Arlington County",142310.22,142310.22,IT Jobs,2026-05-06 18:04:50+00:00,"Job Number: R0239679 Data Scientist, Mid The Opportunity: As a data scientist, you're excited at the prospect of unlocking the secrets held by a data set, and you're fascinated by the possibilities presented by IoT, machine learning, and artifi cia l intelligence. In an increasingly connected world, massive amounts of structured and unstructured data open new opportunities. As a data scientist at Booz Allen, you can help turn these complex data sets into useful information to solve global chall…",https://www.adzuna.com/land/ad/5720937898?se=OKhr7q6H8RGtf7n6Thp3UA&utm_medium=api&utm_source=e45342b0&v=2769BDEB713042BF037F1F1E81710B4C9642B3BE
data scientist,Senior Data Scientist,Booz Allen Hamilton,"Trade, Alexandria City",178246.95,178246.95,IT Jobs,2026-07-08 18:54:30+00:00,"Job Number: R0243954 Data Scientist, Senior The Opportunity: As a data scientist, you're excited at the prospect of unlocking the secrets held by a data set, and you're fascinated by the possibilities presented by IoT, machine learning, and artificial intelligence. In an increasingly connected world, massive amounts of structured and unstructured data open new opportunities. As a data scientist at Booz Allen, you can help turn these complex data sets into useful information to solve global chal…",https://www.adzuna.com/land/ad/5793392356?se=OKhr7q6H8RGtf7n6Thp3UA&utm_medium=api&utm_source=e45342b0&v=2F7E35137A88BC77162534496374C903BC46D6F3
